# {"fell": false, "fall_time": null, "duration": 10.0, "label": "cma-es", "gains": [0.7301658711001224, 0.2299853606594764, 0.05724669986164053, 0.25232718798097314], "start_pitch": 0.10000736613927509, "seed": 100}
t,x,x_dot,theta,theta_dot,torque,pitch_reference,velocity_goal
0,0,0,0.10000736613927509,0,0,-0.0014622653360506443,0
0.0025000000000000001,-4.433636440817969e-06,-0.0035471932433703592,0.10006026873295047,0.042325577147496726,0,-0.0014622653360506443,0
0.0050000000000000001,-1.7738807446616197e-05,-0.0070977959565019129,0.10021902905222681,0.084693187515085616,0,-0.0036139252033231773,0
0.0074999999999999997,-3.9928298740458011e-05,-0.010655217833056589,0.10048380473716845,0.12714488083168957,0,-0.0036139252033231773,0
0.01,-7.1023420768283877e-05,-0.014222868986320608,0.10085485858980683,0.16972273962666784,0.078256880006793136,-0.0019843201279207178,0
0.012500000000000001,-8.8673923629910601e-05,0.00010029424576299406,0.10115327445260915,0.069034354224652247,0.078256880006793136,-0.0019843201279207178,0
0.014999999999999999,-7.0528231282849846e-05,0.014415918518704177,0.10120010092012686,-0.031569348671399183,0.084848800653484532,-0.012490350271582015,0
0.017500000000000002,-1.4706244731551184e-05,0.030243306431676976,0.10098029345100637,-0.1442948902168234,0.084848800653484532,-0.012490350271582015,0
0.02,8.07017201067278e-05,0.046086797536069271,0.10047847662154416,-0.25720025350883924,0.093242541928998446,-0.011528920393805705,0
0.022499999999999999,0.00021815298914922303,0.063880351834464666,0.099674787871516152,-0.38581878515497892,0.093242541928998446,-0.011528920393805705,0
0.025000000000000001,0.00040014025142099362,0.081718032818838757,0.098548974698312225,-0.51492692873330215,0.077764940691196105,-0.013526910107325093,0
0.0275,0.00062236095124054485,0.096068745745711059,0.097135111491364445,-0.61627869687991277,0.077764940691196105,-0.013526910107325093,0
0.029999999999999999,0.00088053958641678,0.11048618884727765,0.095466954844789897,-0.71838215161358321,0.067785171567614627,-0.024834737738341647,0
0.032500000000000001,0.0011719964846081965,0.12269256196092834,0.093565389810036093,-0.80302050964979621,0.067785171567614627,-0.024834737738341647,0
0.035000000000000003,0.0014940721520743405,0.13498264670900054,0.091451057854891771,-0.88861226308741814,0.052054093604670906,-0.034260846983441652,0
0.037499999999999999,0.0018424728853379494,0.14375301722413986,0.089157627540277076,-0.94630653921199304,0.052054093604670906,-0.034260846983441652,0
0.040000000000000001,0.002212914938146726,0.15261663458039099,0.086718625355012166,-1.0050806670678898,0.053984964662055678,-0.040446651741569868,0
0.042500000000000003,0.0026061932223506151,0.16202307868197241,0.084126822186621111,-1.0685595782177102,0.053984964662055678,-0.040446651741569868,0
0.044999999999999998,0.0030231182756067054,0.17153506264822546,0.081374809368868956,-1.1332602958652318,0.041295096490617571,-0.041781213515504859,0
0.047500000000000001,0.0034603103399562913,0.17823680235995609,0.078488718983319924,-1.1758256271727749,0.041295096490617571,-0.041781213515504859,0
0.050000000000000003,0.003914394986317812,0.18504978920132867,0.075494593773264757,-1.2196960161808676,0.038664731010072957,-0.043486070941306923,0
0.052499999999999998,0.0043848974101854173,0.19137151327243265,0.072395190200122986,-1.2600547151880293,0.038664731010072957,-0.043486070941306923,0
0.055,0.0048713508882058058,0.19781124869153599,0.069193162663500618,-1.3018025655279331,0.02259107903203364,-0.05045523517389678,0
0.057500000000000002,0.0053694171169127638,0.20066124178477179,0.06592218815089014,-1.315210026238637,0.02259107903203364,-0.05045523517389678,0
0.059999999999999998,0.0058747551997784444,0.20362896723428414,0.062615941080809895,-1.3300233434456143,0.021389093910305353,-0.048749433002693361,0
0.0625,0.0063873139868857011,0.20643797961621047,0.059273672307765167,-1.3440296419312179,0.021389093910305353,-0.048749433002693361,0
0.065000000000000002,0.0069070452555219401,0.20936719043080815,0.055894596351160564,-1.3594718804751591,0.020375776935813633,-0.048141343740975007,0
0.067500000000000004,0.0074339581984823981,0.21218351268912974,0.052477454351204794,-1.3744849338262823,0.020375776935813633,-0.048141343740975007,0
0.070000000000000007,0.0079680651522484845,0.215122644168594,0.049020948634959934,-1.3909657610361126,0.013909107516895695,-0.049629264384700826,0
0.072499999999999995,0.0085078023343872385,0.21668760496815143,0.045536419071510334,-1.3969039200562898,0.013909107516895695,-0.049629264384700826,0
0.074999999999999997,0.0090516059832006796,0.21837594232854621,0.042035195661726615,-1.4043222439205338,0.0055089404975051607,-0.055011029330032858,0
0.077499999999999999,0.0095973506033369248,0.21824011639746763,0.038533114600027611,-1.3975878958147099,0.0055089404975051607,-0.055011029330032858,0
0.080000000000000002,0.010142908265939384,0.21822634020561243,0.035046031604605975,-1.3923231553526578,-0.0076444093181478323,-0.060956126111986628,0
0.082500000000000004,0.010684768154402554,0.21528132684103557,0.031600913896213084,-1.364010050446586,-0.0076444093181478323,-0.060956126111986628,0
0.085000000000000006,0.011219412905778103,0.21245392757213122,0.028224796539559498,-1.3371188218973733,0.00020373130320692785,-0.051551003413679797,0
0.087500000000000008,0.011749412414851007,0.21156511383263699,0.024895861517991474,-1.3262629481830304,0.00020373130320692785,-0.051551003413679797,0
0.089999999999999997,0.012277335363447437,0.21079257482286989,0.02159231688616442,-1.3168050788565819,-0.0085644094436195285,-0.050403833843449,0
0.092499999999999999,0.012800925329452829,0.20809837945234091,0.018331126982224309,-1.2923753545352463,-0.0085644094436195285,-0.050403833843449,0
0.095000000000000001,0.013317921447125819,0.20551721552149921,0.015129306935810237,-1.2693055457432085,-0.017902951379496022,-0.046984593688080806,0
0.097500000000000003,0.01382589132685386,0.20087689790084079,0.012005271637585413,-1.2301417698377597,-0.017902951379496022,-0.046984593688080806,0
0.10000000000000001,0.014322395770703931,0.19634438765338139,0.0089775181988948939,-1.1922739500156769,-0.017778577468357846,-0.040097719079878809,0
0.10250000000000001,0.014807736858215311,0.19194574281176061,0.0060425619704176361,-1.1558980499059461,-0.017778577468357846,-0.040097719079878809,0
0.105,0.015282209616114166,0.18764926225842049,0.0031970076002939443,-1.1207466587609669,-0.022709627448498061,-0.038757059358760726,0
0.1075,0.01574463314268152,0.18230583231237932,0.00044934528046634923,-1.0775778936948208,-0.022709627448498061,-0.038757059358760726,0
0.11,0.016193818708413167,0.17705832524195197,-0.002191837496717875,-1.0355559654777948,-0.024978104754265179,-0.036751016233680871,0
0.1125,0.016629342711568795,0.17137599477961055,-0.0047240610304244363,-0.99040322998353447,-0.024978104754265179,-0.036751016233680871,0
0.115,0.017050772722063172,0.16578251767671703,-0.0071447364530223614,-0.9463099395708825,-0.030263330205516831,-0.042382134698142164,0
0.11750000000000001,0.017456790680831179,0.15904569923256828,-0.0094441228515744595,-0.89336392357544525,-0.030263330205516831,-0.042382134698142164,0
0.12,0.017846068601687578,0.15238974574712957,-0.011612357069642289,-0.84137917402705109,-0.028356394299271667,-0.045098121098024802,0
0.1225,0.018219357069123584,0.14625341310346118,-0.013656224006274781,-0.79386138237406567,-0.028356394299271667,-0.045098121098024802,0
0.125,0.018577395878015879,0.14018933830212721,-0.015582378319669172,-0.74720086171329558,-0.029123961816807563,-0.035386488319046373,0
0.1275,0.018920137641201398,0.13401509671540793,-0.017391111354128724,-0.69991616094750475,-0.029123961816807563,-0.035386488319046373,0
0.13,0.019247524746737688,0.12790492179316112,-0.019082591255451191,-0.65339007668019855,-0.020622876335797544,-0.033126276049612068,0
0.13250000000000001,0.019562180879159577,0.12382968565491069,-0.020678478415325281,-0.62343465054964831,-0.020622876335797544,-0.033126276049612068,0
0.13500000000000001,0.019866720571707523,0.11981133025745752,-0.022200326220924334,-0.59415333769029,-0.021765855095291747,-0.027653789728569696,0
0.13750000000000001,0.020160950901379593,0.11558175715759617,-0.023647115854550368,-0.56338284707375152,-0.021765855095291747,-0.027653789728569696,0
0.14000000000000001,0.0204446723248768,0.11140374923007304,-0.025017749123262961,-0.53322280983506098,-0.021799680170446548,-0.026066808873948313,0
0.14250000000000002,0.020718000534657485,0.10726673722293403,-0.026313632785238454,-0.50357781629707754,-0.021799680170446548,-0.026066808873948313,0
0.14499999999999999,0.02098104448762993,0.10317590112299005,-0.027536093408580854,-0.47447911546595029,-0.024948248471129957,-0.019071445216445014,0
0.14749999999999999,0.021233002558139185,0.098397576156566163,-0.028679119875180313,-0.44002499172425041,-0.024948248471129957,-0.019071445216445014,0
0.14999999999999999,0.021473066164457173,0.093659809876887296,-0.029736617520365154,-0.40604989395517915,-0.026571179573311954,-0.024535611991344682,0
0.1525,0.021700861909711416,0.088582761824285539,-0.030705956545638253,-0.36949182760651861,-0.026571179573311954,-0.024535611991344682,0
0.155,0.021916008453223969,0.083539892258866877,-0.031584412626580197,-0.33333695889645232,-0.02364404792263685,-0.012643210680357361,0
0.1575,0.02211943627307484,0.079207254585734535,-0.032379763234611177,-0.30300127256340603,-0.02364404792263685,-0.012643210680357361,0
0.16,0.022312068020131099,0.074902572177549059,-0.033099693986159091,-0.27299561249169119,-0.026642940526795372,-0.019857189026459988,0
0.16250000000000001,0.022493100246692807,0.06992715368959411,-0.033738004485629615,-0.23769928627742273,-0.026642940526795372,-0.019857189026459988,0
0.16500000000000001,0.022661722152277304,0.064973773608049429,-0.034288406871415419,-0.20266272870368573,-0.029610238252973133,-0.016599216803677628,0
0.16750000000000001,0.022817124157443927,0.059350663649921802,-0.034744592597806802,-0.16231919718571364,-0.029610238252973133,-0.016599216803677628,0
0.17000000000000001,0.0229584880723274,0.053742677232351065,-0.035100151165596866,-0.1221536525394931,-0.026472548069683022,-0.019861735001229661,0
0.17250000000000001,0.023086757002764108,0.048874091882156516,-0.035362778777592016,-0.087967581964083108,-0.026472548069683022,-0.019861735001229661,0
0.17500000000000002,0.023202865334075642,0.044013670163115581,-0.035540069226225296,-0.05387770235861606,-0.019302535699849053,-0.013630999506437614,0
0.17749999999999999,0.023308908844542994,0.040821804766737274,-0.03564891141039158,-0.033203923661678042,-0.019302535699849053,-0.013630999506437614,0
0.17999999999999999,0.023406976899313436,0.037632989411344443,-0.035706118883767179,-0.012566196280596423,-0.010209377917014775,-0.015730298725110545,0
0.1825,0.023499711763405286,0.036555063850643089,-0.035732926420926854,-0.0088817561112039742,-0.010209377917014775,-0.015730298725110545,0
0.185,0.023589752889337165,0.035477943301964208,-0.035750535625800876,-0.0052068707515058703,-0.018264715676117895,-0.0083671243224077586,0
0.1875,0.023674765838826998,0.03253235317374939,-0.035740209341882205,0.01346864426034973,-0.018264715676117895,-0.0083671243224077586,0
0.19,0.023752413625787262,0.029585527708904356,-0.035683180231173367,0.032158767670081863,-0.010334077210491956,-0.0076261067000936546,0
0.1925,0.023824990925290373,0.028475796206105103,-0.035597852486013305,0.036109548852388471,-0.010334077210491956,-0.0076261067000936546,0
0.19500000000000001,0.023894789879081276,0.02736279114069198,-0.035502600113131354,0.040099181875008633,-0.019662974775126608,-0.0084822157586352444,0
0.19750000000000001,0.023959096388229052,0.024081638072384792,-0.035375598264229494,0.061511492991491584,-0.019662974775126608,-0.0084822157586352444,0
0.20000000000000001,0.024015193358904476,0.020794831943284523,-0.035194986978010948,0.082990613241963412,-0.019861104947617947,-0.0077616244479367493,0
0.20250000000000001,0.024063006730861577,0.017454426287958649,-0.034960108721688504,0.10492900120708429,-0.019861104947617947,-0.0077616244479367493,0
0.20500000000000002,0.024102457453539405,0.014104375702623188,-0.034670246995390959,0.12698137018975306,-0.01029809108821771,0.0021724801456127164,0
0.20750000000000002,0.024136292542936776,0.0129617441040813,-0.034347357179778513,0.13135364556829499,-0.01029809108821771,0.0021724801456127164,0
0.20999999999999999,0.024167256249807888,0.011807202349537365,-0.034013360986352839,0.13586727087686545,-0.010097616528364474,-0.0091134175525114762,0
0.21249999999999999,0.024195376438227011,0.010686863231954074,-0.033668365889896919,0.14015355405627766,-0.010097616528364474,-0.0091134175525114762,0
0.215,0.024220679977708263,0.0095538170778513096,-0.033312467550550312,0.14459064920553319,-0.019693479687660581,0.0015009138830679497,0
0.2175,0.024240351002581387,0.0061806170128143548,-0.032922932432138841,0.16706564535995347,-0.019693479687660581,0.0015009138830679497,0
0.22,0.024251570274056184,0.0027920692296559005,-0.032476988159490641,0.18972205367351894,-0.0046851661287209342,-0.004646049986750409,0
0.2225,0.024258650889767738,0.002869615128873446,-0.032009111432420821,0.18461273105029832,-0.0046851661287209342,-0.004646049986750409,0
0.22500000000000001,0.024265904498432123,0.0029305380214088455,-0.031553759753566078,0.17970112696615489,-0.014231362556465649,-0.0011296416885309879,0
0.22750000000000001,0.02427052039727454,0.00075935047224183483,-0.031088205806686676,0.19277556431447665,-0.014231362556465649,-0.0011296416885309879,0
0.23000000000000001,0.024269686601080365,-0.0014294182547438163,-0.030589708376288213,0.20605828658448549,-0.0097819079041095991,0.0016193266714816775,0
0.23250000000000001,0.02426464872123666,-0.002604039313393364,-0.030068095846358087,0.21126916487671582,-0.0097819079041095991,0.0016193266714816775,0
0.23500000000000001,0.024256650438188913,-0.0037978216594456993,-0.029533173069121538,0.21670744266185932,-0.0089636050608072667,-0.0061114339774191234,0
0.23750000000000002,0.024245880700051885,-0.0048212729053826141,-0.02898627107941976,0.22085337084758547,-0.0089636050608072667,-0.0061114339774191234,0
0.23999999999999999,0.024232527395711752,-0.0058647394682204562,-0.028428708238098212,0.22523689227130145,0.00040972878482358008,0.0087676041857430737,0
0.24249999999999999,0.024219260345196829,-0.0047521702248195519,-0.027881729126512888,0.21238533668595919,0.00040972878482358008,0.0087676041857430737,0
0.245,0.024208750674902652,-0.003658646282991423,-0.02736659254778873,0.19976060961950945,0.0013492038100888881,-0.0013175937025752963,0
0.2475,0.024201224862124657,-0.0023648820690527366,-0.026884937916609526,0.18559737837110998,0.0013492038100888881,-0.0013175937025752963,0
0.25,0.024196912400207,-0.0010877565478120341,-0.026438440520492892,0.17163232743979712,-0.011960315969183555,-0.0010137834830640799,0
0.2525,0.024191909903218067,-0.0029169278819371901,-0.025995599982776198,0.18267195474031925,-0.011960315969183555,-0.0010137834830640799,0
0.255,0.024182313907995454,-0.0047627240219413796,-0.025524916523333274,0.19390866733657688,-0.0072077759807374743,0.0050251392539940225,0
0.25750000000000001,0.024169461203713244,-0.005522385197913939,-0.02503696114886227,0.19649060902693341,-0.0072077759807374743,0.0050251392539940225,0
0.26000000000000001,0.024154687154721848,-0.0062998406971216661,-0.024542287429957298,0.19928382740203096,-0.011773100423373487,0.0034151410200717997,0
0.26250000000000001,0.024136621580173333,-0.0081557282337132511,-0.024029720090864012,0.21080690691318277,-0.011773100423373487,0.0034151410200717997,0
0.26500000000000001,0.024113892530439867,-0.010030797172159416,-0.023488063401482649,0.2225573989188277,-0.0075364737317931713,0.0020082012895017726,0
0.26750000000000002,0.024087680775862277,-0.010941998226113792,-0.022926611024255136,0.22664476709093379,-0.0075364737317931713,0.0020082012895017726,0
0.27000000000000002,0.024059165425491452,-0.011873737682549431,-0.022354636405738745,0.23097594924393311,-0.010936728183877933,-0.0079088087338483447,0
0.27250000000000002,0.024027307340751231,-0.013616312276297862,-0.021763595550462131,0.24189921696323938,-0.010936728183877933,-0.0079088087338483447,0
0.27500000000000002,0.023991065539883723,-0.01538087785672114,-0.021144923005864548,0.2530832855375727,-0.0066762353642757632,0.0071446322836358524,0
0.27750000000000002,0.02395162096960685,-0.016178624739204252,-0.020507887298136275,0.25659095040099011,-0.0066762353642757632,0.0071446322836358524,0
0.28000000000000003,0.023910153050991284,-0.016999611918460895,-0.0198617383250786,0.26037455430361456,0.0068980969758899099,0.0053187565735067326,0
0.28250000000000003,0.023870545376082235,-0.014690256816758313,-0.019237439717547329,0.23910875633388232,0.0068980969758899099,0.0053187565735067326,0
0.28500000000000003,0.023836683911504661,-0.01240233004318717,-0.018665981837464311,0.21809822805714402,-0.0081757101873508077,0.0087208717938282131,0
0.28750000000000003,0.02380413955703017,-0.013636506843996797,-0.018111596080076082,0.22545017044020654,-0.0081757101873508077,0.0087208717938282131,0
0.28999999999999998,0.023768484332812721,-0.014891138808148692,-0.017538528723439868,0.23304484837285236,-0.0020308393786984849,0.0012345994270462589,0
0.29249999999999998,0.023731451009961414,-0.014739000445027434,-0.016960496244593268,0.22942249946301338,-0.0020308393786984849,0.0012345994270462589,0
0.29499999999999998,0.023694772060370226,-0.014607588195692628,-0.016391211008820836,0.22604643339575334,-0.0026276740135555091,0.010892026860876159,0
0.29749999999999999,0.023658222690004949,-0.014635298417838739,-0.015828669585853217,0.22402698264488585,-0.0026276740135555091,0.010892026860876159,0
0.29999999999999999,0.023621578691446283,-0.014683262651873114,-0.015270875600453447,0.22224814761098927,0.0022780071458933125,0.008639476098802867,0
0.30249999999999999,0.023586214637937294,-0.013611238910166292,-0.01472867439115518,0.21155156772643285,0.0022780071458933125,0.008639476098802867,0
0.30499999999999999,0.023553506602624497,-0.012558289999717705,-0.014212928781907733,0.20108178418387623,-0.0087172852116182298,0.0021680614099506067,0
0.3075,0.023520214005323555,-0.01407890756180784,-0.013697433488434657,0.21135146512075267,-0.0087172852116182298,0.0021680614099506067,0
0.31,0.023483096078395244,-0.015618710491321252,-0.013155981779160233,0.2218487784355955,-0.005894609905080863,0.0035114033158237684,0
0.3125,0.023442923683229196,-0.016522597477040959,-0.012594576241997188,0.22731591606620294,-0.005894609905080863,0.0035114033158237684,0
0.315,0.023400465925449067,-0.017447084951848674,-0.012019198424212198,0.23302760483031504,0.00038077346200437881,0.0052904836491222797,0
0.3175,0.023357493790181181,-0.01693408856144268,-0.01144387150358068,0.22727510821172536,0.00038077346200437881,0.0052904836491222797,0
0.32000000000000001,0.023315778371046671,-0.016441627925689831,-0.010882619560585494,0.22176662062036445,0.0081954755193068551,0.012913067477015179,0
0.32250000000000001,0.023277539370282659,-0.014152752511225311,-0.010353074632968742,0.20190714168815183,0.0081954755193068551,0.012913067477015179,0
0.32500000000000001,0.023244999451635162,-0.011882066931302697,-0.0098729035923089351,0.18226399406753396,0.0023350122287096888,-0.006157205016633833,0
0.32750000000000001,0.023216412646200425,-0.010990057815703664,-0.0094279167441943118,0.17375733295784918,0.0023350122287096888,-0.006157205016633833,0
0.33000000000000002,0.023190036079681547,-0.01011374956897162,-0.0090039614813316061,0.1654372242105159,-0.0026749782793843548,0.010519894207826596,0
0.33250000000000002,0.023164375799047704,-0.010416980534008174,-0.0085888916582090146,0.16664838555583172,-0.0026749782793843548,0.010519894207826596,0
0.33500000000000002,0.02313793860314127,-0.01073530148771017,-0.0081705702529343872,0.16803872361616848,0.01165195673216007,0.0067178656237004836,0
0.33750000000000002,0.02311484935974701,-0.0077384280828540677,-0.0077819806205253151,0.14286074660798526,0.01165195673216007,0.0067178656237004836,0
0.34000000000000002,0.023099235732205906,-0.0047544324567225862,-0.0074561389285700405,0.11783589330004529,-0.0076634537227268928,0.00077144101031376123,0
0.34250000000000003,0.023085456090615457,-0.0062711465518753935,-0.0071476209200407141,0.12900065435654814,-0.0076634537227268928,0.00077144101031376123,0
0.34500000000000003,0.023067870249136382,-0.007799562010245808,-0.0068110199472737071,0.14030427864520878,0.0038028081995990239,0.0066252329913818993,0
0.34750000000000003,0.023049779344861594,-0.0066752004066840719,-0.0064727321347404047,0.13035019357473662,0.0038028081995990239,0.0066252329913818993,0
0.35000000000000003,0.023034484426476085,-0.0055626246337763183,-0.0061591523183623176,0.12053611462636216,-0.00057186322329201675,-0.0054088164562759201,0
0.35249999999999998,0.023020686007590732,-0.005477917610157498,-0.0058597344987555144,0.11901959972726396,-0.00057186322329201675,-0.0054088164562759201,0
0.35499999999999998,0.023007085859791356,-0.0054039859169316253,-0.0055639477044053583,0.1176310347335988,0.0022384592796742702,-0.0093474886933868125,0
0.35749999999999998,0.022994473797179744,-0.0046873888613883702,-0.0052780324848236753,0.1111216241207816,0.0022384592796742702,-0.0093474886933868125,0
0.35999999999999999,0.022983640537151483,-0.0039808467253901426,-0.0050082400802786316,0.10473162868836688,0.0025733636482666343,0.002246893666069874,0
0.36249999999999999,0.022974658980158439,-0.0032059262143511536,-0.0047550621391692777,0.097828863094456084,0.0025733636482666343,0.002246893666069874,0
0.36499999999999999,0.0229676035293906,-0.0024398585448252917,-0.0045190081596412851,0.091031233396826228,0.0088681939621547863,0.0050723951433539463,0
0.36749999999999999,0.022964281934999581,-0.00021864938107005096,-0.0043145151473214889,0.072577817275791115,0.0088681939621547863,0.0050723951433539463,0
0.37,0.022966504815250127,0.0019959984645816025,-0.0041560541250766202,0.05420234663697468,-0.00021940684762570281,0.006656540603803337,0
0.3725,0.022971617215415723,0.0020931138445205639,-0.0040222464189649115,0.052853409703304023,-0.00021940684762570281,0.006656540603803337,0
0.375,0.022976966396237638,0.0021854429083449571,-0.0038917397235352694,0.051561301553555081,0.0060481574190387665,-0.0059836272262233838,0
0.3775,0.0229843617418015,0.0037301536822776067,-0.0037790209053356087,0.03862182756923465,0.0060481574190387665,-0.0059836272262233838,0
0.38,0.022995614253122864,0.0052713702664173882,-0.0036985960063907111,0.02572385302722217,-0.0053540007768662278,0.0016679169589293677,0
0.38250000000000001,0.023007403456425355,0.0041595402558746025,-0.0036237682878291965,0.034143688500975072,-0.0053540007768662278,0.0016679169589293677,0
0.38500000000000001,0.023016409375801915,0.0030446156836866686,-0.0035278469556940663,0.042600256676699109,0.0053795940054003665,0.0024307846254961194,0
0.38750000000000001,0.023025742253397874,0.0044211309603797745,-0.0034357789096446309,0.031060776452448292,0.0053795940054003665,0.0024307846254961194,0
0.39000000000000001,0.023038512688562555,0.0057948354935003334,-0.0033725152596472008,0.019554676279687794,0.0019947307829402149,-0.0033882149508137811,0
0.39250000000000002,0.023053731391830878,0.0063798710310656688,-0.003330088402907304,0.014389849918309699,0.0019947307829402149,-0.0033882149508137811,0
0.39500000000000002,0.023070410958136715,0.0069636037340306675,-0.003300553119915858,0.0092404933555923253,-0.0032645298816821244,-0.0043073427455479927,0
0.39750000000000002,0.023087020490444834,0.0063238472546137134,-0.0032716035543668607,0.013921234864732452,-0.0032645298816821244,-0.0043073427455479927,0
0.40000000000000002,0.023102029143383961,0.0056828294503799117,-0.0032309344685944466,0.018616949885949731,-0.0031248081230227016,-0.0011894317275811842,0
0.40250000000000002,0.023115473832205715,0.0050726068841887738,-0.0031788282035768588,0.023071798315621395,-0.0031248081230227016,-0.0011894317275811842,0
0.40500000000000003,0.023127390435991615,0.0044602939731199446,-0.0031155547993046975,0.027551462006092521,0.0039837687132141704,-0.0021477050868315751,0
0.40750000000000003,0.023139838819190277,0.0054980630616769744,-0.0030576362950679018,0.018787491907472913,0.0039837687132141704,-0.0021477050868315751,0
0.41000000000000003,0.023154879334267655,0.0065341315251209366,-0.0030216005128622611,0.010043716313401795,-0.0074045289438742085,-0.0028502171326259566,0
0.41250000000000003,0.023169199526676398,0.0049217760332027462,-0.0029808305321398841,0.02257519251553429,-0.0074045289438742085,-0.0028502171326259566,0
0.41500000000000004,0.023179486509199109,0.0033073741303290332,-0.0029087043100884773,0.035130958502558242,-0.0033241350080667072,0.0032503235745408384,0
0.41749999999999998,0.023186919419636059,0.0026383862352817307,-0.0028146671457783116,0.04010551571988967,-0.0033241350080667072,0.0032503235745408384,0
0.41999999999999998,0.023192675412650025,0.0019657647649818128,-0.0027081407880157411,0.04512320872525756,0.0046966934012420448,-0.002864516224223864,0
0.42249999999999999,0.02319907552362413,0.0031537180630619587,-0.0026077298661426511,0.035212724315067091,0.0046966934012420448,-0.002864516224223864,0
0.42499999999999999,0.023208441347015083,0.0043384838988166415,-0.0025320456277837518,0.025340090131495165,0.0054586726330637155,0.0079206331972133011,0
0.42749999999999999,0.023220987447404293,0.0056980991374447577,-0.002482785047030798,0.014071904570143047,0.0054586726330637155,0.0079206331972133011,0
0.42999999999999999,0.023236930781375967,0.0070564406265329008,-0.0024616735018721746,0.0028188445646376657,0.005748702656630955,-0.0037114602140604375,0
0.4325,0.023256353714795279,0.0084819525073421363,-0.0024693651801690752,-0.0089727381787350416,0.005748702656630955,-0.0037114602140604375,0
0.435,0.02327934122069901,0.0099082765553668833,-0.0025065452295429734,-0.020773965340436934,-0.004683288443945899,-0.0042713568406130041,0
0.4375,0.023302865341620068,0.0089112760948591354,-0.0025489071552339702,-0.013118613135983434,-0.004683288443945899,-0.0042713568406130041,0
0.44,0.023323898591661243,0.00791546435685761,-0.0025721500531944714,-0.0054773721261968762,0.0019274606365793159,-0.0076489954481060284,0
0.4425,0.023344364024568652,0.0084570001431973144,-0.0025917272609433193,-0.010185797213422682,0.0019274606365793159,-0.0076489954481060284,0
0.44500000000000001,0.023366184360922075,0.0089994582466131484,-0.002623088164585717,-0.014905173441797087,0.0004870698003823675,-0.0028098337239608716,0
0.44750000000000001,0.023388943892736651,0.0092084075967247981,-0.0026629048624534795,-0.016951039012202372,0.0004870698003823675,-0.0028098337239608716,0
0.45000000000000001,0.023412227678074941,0.0094188920790586675,-0.0027078585471774783,-0.019015131153127956,0.0066767781596003498,0.007372474180866632,0
0.45250000000000001,0.023437838387385789,0.011070065001313481,-0.0027724432324021668,-0.032657244152963075,0.0066767781596003498,0.007372474180866632,0
0.45500000000000002,0.023467580465694256,0.012724193261859664,-0.0028711740132298627,-0.04633445393436756,-0.0026141344824671207,-0.011460028828876824,0
0.45750000000000002,0.023498763108333921,0.012222593051685904,-0.0029824737037054331,-0.042713278664186727,-0.0026141344824671207,-0.011460028828876824,0
0.46000000000000002,0.023528696655263217,0.011724862375213908,-0.0030847786847262985,-0.03913804149280007,0.00089349195448018234,0.0026519028921748937,0
0.46250000000000002,0.023558409613442452,0.012046117544840876,-0.003186385125769933,-0.042154394211743017,0.00089349195448018234,0.0026519028921748937,0
0.46500000000000002,0.023588930423674815,0.012371189868498366,-0.0032955884214683241,-0.045216069661201092,0.0052385695965662584,-0.0020138776569685736,0
0.46750000000000003,0.023621531555080139,0.013710481771767598,-0.0034226465487928724,-0.056439535205984409,0.0052385695965662584,-0.0020138776569685736,0
0.47000000000000003,0.023657487088256903,0.015054880946979085,-0.003577836638198429,-0.067723654420878659,-0.0065593146897992846,0.0015308281273903803,0
0.47250000000000003,0.023693382881505864,0.013662696124135315,-0.0037337916057226818,-0.057051506335314153,-0.0065593146897992846,0.0015308281273903803,0
0.47500000000000003,0.023725804878182377,0.012275682968576652,-0.003863145319053849,-0.046440743240009144,0.002052485570099009,-0.0073480637334503076,0
0.47750000000000004,0.023757267181220516,0.012894901704430774,-0.0039861350758412708,-0.051959875950689606,0.002052485570099009,-0.0073480637334503076,0
0.47999999999999998,0.023790283306071455,0.013518824077456025,-0.0041229912395776133,-0.057534862306536524,-0.011862950787578198,-0.010669395129413823,0
0.48249999999999998,0.023820822172810913,0.010912985561272195,-0.0042413853731396939,-0.037188943303118088,-0.011862950787578198,-0.010669395129413823,0
0.48499999999999999,0.023844851045809436,0.0083105217349047234,-0.0043089693211882012,-0.016883066882516885,0.00022969659785136774,0.0022412076437738297,0
0.48749999999999999,0.023865889865515185,0.0085208060927223529,-0.0043540373618488363,-0.019174595960565879,0.00022969659785136774,0.0022412076437738297,0
0.48999999999999999,0.023887456523058279,0.0087328267388949981,-0.0044048594792758192,-0.021486740715512331,0.0016549727671387011,0.00052649883673720527,0
0.49249999999999999,0.023909969767808587,0.0092781309018771414,-0.0044648165816363735,-0.026483237827295926,0.0016549727671387011,0.00052649883673720527,0
0.495,0.023933849175254446,0.0098258324825976455,-0.0045372993898850815,-0.031508203008799876,-0.0025019834917075255,-0.0079963235186907861,0
0.4975,0.02395789340846383,0.0094100093934252824,-0.0046126844627654697,-0.028805260541638931,-0.0025019834917075255,-0.0079963235186907861,0
0.5,0.023980901396716856,0.008996795943356839,-0.0046813515073457108,-0.026133298683502677,-0.003435906932598706,-0.0079207732779917432,0
0.50250000000000006,0.02400260798874005,0.0083688391861368432,-0.0047411948241482954,-0.021745646222157924,-0.003435906932598706,-0.0079207732779917432,0
0.505,0.024022747234519106,0.0077428528689755562,-0.0047900992289471025,-0.017381384655740198,0.0018736399711680254,0.00066970239157734617,0
0.50750000000000006,0.024042866370166806,0.008352759834003614,-0.0048405085078371971,-0.022949650601588802,0.0018736399711680254,0.00066970239157734617,0
0.51000000000000001,0.024064512764647952,0.008964744112168882,-0.0049048680368561307,-0.028542584362623552,-0.00036443115488844552,-0.003057581355455309,0
0.51249999999999996,0.024087041924449978,0.0090590253735072738,-0.0049780238963825964,-0.029987347006392589,-0.00036443115488844552,-0.003057581355455309,0
0.51500000000000001,0.024109810154249036,0.0091560221523678351,-0.00505483163791327,-0.031464351698085612,0.0011738387462459734,0.00016944418459636238,0
0.51749999999999996,0.024133271385226591,0.0096134703580243487,-0.0051389637702885628,-0.035847383239174455,0.0011738387462459734,0.00016944418459636238,0
0.52000000000000002,0.024157880210006456,0.01007416359631695,-0.0052341006625578161,-0.040268948151065069,0.0015897181015539024,-0.003842883080237865,0
0.52249999999999996,0.024183766082511968,0.010635181349640753,-0.0053413151312236493,-0.045510309237998987,0.0015897181015539024,-0.003842883080237865,0
0.52500000000000002,0.02421105954912052,0.011200318287905161,-0.0054616929684132261,-0.050800586038101316,-0.0016705649451658868,-0.0025355125725788847,0
0.52749999999999997,0.024238824170118474,0.011012139719352776,-0.0055877549606974369,-0.05005804521594056,-0.0016705649451658868,-0.0025355125725788847,0
0.53000000000000003,0.024266124025721751,0.010828495165412722,-0.0057120280487610638,-0.04936933437450227,0.0022296396889884195,-0.0011406750018479231,0
0.53249999999999997,0.024294103642941909,0.0115559932106548,-0.0058437478197924837,-0.0560159191381224,0.0022296396889884195,-0.0011406750018479231,0
0.53500000000000003,0.024323908215332687,0.012288559948686165,-0.0059921578038645935,-0.06272270024117009,-0.0017556025495664548,0.0014615318041539033,0
0.53749999999999998,0.024354393198179863,0.012100368038821994,-0.0061481171415440515,-0.062055950446899981,-0.0017556025495664548,0.0014615318041539033,0
0.54000000000000004,0.024384414738887476,0.011917796668000242,-0.0063024931598455484,-0.061455931159044172,-0.0065393241410667668,-0.0011656755421724535,0
0.54249999999999998,0.024412596843797207,0.010628744534654929,-0.0064442881896195486,-0.051990266732518262,-0.0065393241410667668,-0.0011656755421724535,0
0.54500000000000004,0.024437562390262756,0.0093444073016484101,-0.0065624911187753161,-0.042580558075604687,-0.0073787938556474138,-0.0016092369075008557,0
0.54749999999999999,0.024459078179742154,0.0078687853794389157,-0.0066552701244487833,-0.031649304913346117,-0.0073787938556474138,-0.0016092369075008557,0
0.55000000000000004,0.024476908709434267,0.0063960344855621964,-0.0067207660319348762,-0.020752121624423719,-0.0055656177584953639,0.005263667092192773,0
0.55249999999999999,0.024491586760134233,0.0053466630711374065,-0.006763280682830065,-0.013262649273395438,-0.0055656177584953639,0.005263667092192773,0
0.55500000000000005,0.024503643026780309,0.0042984941829158976,-0.0067870911704730587,-0.0057874491651744697,0.0019641278459479271,-0.00035395968592866114,0
0.5575,0.024515267521004629,0.0050012381324673564,-0.0068097949602426268,-0.012377208962413431,0.0019641278459479271,-0.00035395968592866114,0
0.56000000000000005,0.024528650150588791,0.0057051019302166812,-0.0068489882977586149,-0.018980268595681828,-0.0085180271359057234,-0.0061336798528477208,0
0.5625,0.024540748758336253,0.0039739734230055043,-0.0068802515938824358,-0.0060326127053374687,-0.0085180271359057234,-0.0061336798528477208,0
0.56500000000000006,0.024548520473824584,0.0022433923616684464,-0.006879156773330437,0.0069085475293519296,-0.0081744551417183529,-0.015214741662727713,0
0.5675,0.024552065026300696,0.00059205211419472597,-0.0068465044351029977,0.019215666599795206,-0.0081744551417183529,-0.015214741662727713,0
0.57000000000000006,0.02455147928149265,-0.0010610317209973903,-0.0067830612004932565,0.031543474721695941,0.0047938059750221081,-0.0040436871776395721,0
0.57250000000000001,0.024550525563126056,0.00029767104869153497,-0.0067190222783845496,0.019692248166820733,0.0047938059750221081,-0.0040436871776395721,0
0.57500000000000007,0.024552966153321927,0.0016545935172537476,-0.00668458233766184,0.0078621704460457385,0.0064400504625959027,-0.00076413024319447304,0
0.57750000000000001,0.024559276274580731,0.0033934972273617758,-0.0066835461711287833,-0.0070331628159567561,0.0064400504625959027,-0.00076413024319447304,0
0.57999999999999996,0.024569934169095479,0.0051330364963175085,-0.0067197544443514841,-0.021936047155009984,-0.00098228135911150789,0.0022936967181587621,0
0.58250000000000002,0.024582786464900315,0.0051491392384411918,-0.0067759248404945099,-0.023004295904657822,-0.00098228135911150789,0.0022936967181587621,0
0.58499999999999996,0.024595681601048452,0.0051673250756772739,-0.006834796533195308,-0.024097278002540825,2.8037750848086034e-05,-0.0066995377383600964,0
0.58750000000000002,0.024608918467622139,0.0054225543836318203,-0.0068987905524568226,-0.027102523336797402,2.8037750848086034e-05,-0.0066995377383600964,0
0.58999999999999997,0.024622796417329899,0.0056802371346377318,-0.0069703334256892516,-0.030136902104062897,-0.013548182697105579,-0.001311120679861286,0
0.59250000000000003,0.024633377220806295,0.0027846933895747886,-0.0070178199872553996,-0.0078557597564467008,-0.013548182697105579,-0.001311120679861286,0
0.59499999999999997,0.024636720479114031,-0.00011013640051499296,-0.0070096192791477621,0.0144169151685711,-0.00077431910921037586,0.004478508992445048,0
0.59750000000000003,0.024636537023008057,-3.6834248021222775e-05,-0.006975532137490751,0.012855241325293552,-0.00077431910921037586,0.004478508992445048,0
0.59999999999999998,0.024636535337980898,3.5303922316278795e-05,-0.0069453315563531336,0.011307388196469592,-0.0059283069137100889,-0.0041810973126287024,0
0.60250000000000004,0.024635215144164432,-0.0010916909505756234,-0.0069069574674275758,0.019394636051495023,-0.0059283069137100889,-0.0041810973126287024,0
0.60499999999999998,0.024631075417738131,-0.0022204445353882912,-0.0068483409834643018,0.027502756539775554,-0.0036746801042229415,-0.00024641077010118011,0
0.60750000000000004,0.024624765660131307,-0.0028278065708108365,-0.0067746782119452835,0.031432743324681982,-0.0036746801042229415,-0.00024641077010118011,0
0.60999999999999999,0.024616934011366567,-0.0034380170664380853,-0.0066911490918183337,0.035396542976843283,0.0015041202101605587,4.987413419756722e-05,0
0.61250000000000004,0.024609077666246825,-0.002847550097284286,-0.0066097493585437848,0.029729075521230483,0.0015041202101605587,4.987413419756722e-05,0
0.61499999999999999,0.024602694019242925,-0.0022597733553378894,-0.0065424770928263999,0.024093556851702298,-0.00075842478619308671,0.0049208589341093413,0
0.61750000000000005,0.024597119570667882,-0.0022001386324784632,-0.0064839799586324,0.022708343361294098,-0.00075842478619308671,0.0049208589341093413,0
0.62,0.024591691612707231,-0.0021425601472885854,-0.0064289150323305292,0.021347544551124861,0.002202833203808382,0.0039707235104680131,0
0.62250000000000005,0.024587265593387583,-0.0013985254361783229,-0.0063841337371799995,0.014480699704435043,0.002202833203808382,0.0039707235104680131,0
0.625,0.024584697893804925,-0.0006558009350370054,-0.0063564985681561848,0.0076294153571531643,-0.0040346503561384042,-0.0029351789729919111,0
0.62750000000000006,0.024582173625161793,-0.0013637654771083241,-0.0063314235256791722,0.012432416927660627,-0.0040346503561384042,-0.0029351789729919111,0
0.63,0.024577878127525571,-0.0020728567731240666,-0.0062943253386808715,0.017248793269028794,-0.0043492961877644601,0.0024488912604369241,0
0.63250000000000006,0.024571716613767062,-0.0028566557195195907,-0.0062444298123210239,0.022671206424568161,-0.0043492961877644601,0.0024488912604369241,0
0.63500000000000001,0.024563593136686379,-0.0036425095176611166,-0.0061809489824064577,0.02811801048448722,0.0029010173026643668,-0.0034532277280772618,0
0.63750000000000007,0.024555608631618545,-0.0027454577130868996,-0.0061207345593696444,0.020057841328655984,0.0029010173026643668,-0.0034532277280772618,0
0.64000000000000001,0.024549864336106716,-0.0018502205191114358,-0.0060806418178924659,0.012019223922459008,-0.0029424800188838822,0.0035849702192474893,0
0.64249999999999996,0.024544658703478588,-0.0023144888424353059,-0.0060469907267929916,0.014904061892301826,-0.0029424800188838822,0.0035849702192474893,0
0.64500000000000002,0.024538290766672043,-0.0027801075420494465,-0.0060061081506518595,0.017804930494630621,-0.00014388794704637197,-0.009820992367170208,0
0.64749999999999996,0.024531569997559517,-0.0025967590149432685,-0.0059644811948607731,0.01549961763804774,-0.00014388794704637197,-0.009820992367170208,0
0.65000000000000002,0.024525305802243592,-0.0024148138472281631,-0.0059285961777752281,0.013210968007603343,-0.006626253799184364,0.0037999366032948792,0
0.65249999999999997,0.024517611373221761,-0.0037410032891114432,-0.0058832865900247822,0.023039953028641331,-0.006626253799184364,0.0037999366032948792,0
0.65500000000000003,0.02450659904474892,-0.0050692821357380497,-0.0058133757500241582,0.032893734916306649,0.0053358972822763594,-0.0017864709761524617,0
0.65749999999999997,0.024495738286644496,-0.0036197262728536825,-0.0057467046334100545,0.020447932708737009,0.0053358972822763594,-0.0017864709761524617,0
0.66000000000000003,0.024488498872733817,-0.0021720194033247211,-0.0057111177856926003,0.0080240939831365075,0.0013041593490410012,-0.0047851670843071029,0
0.66249999999999998,0.024483706092812731,-0.0016622887161827729,-0.0056971680547429314,0.0031366904416447808,0.0013041593490410012,-0.0047851670843071029,0
0.66500000000000004,0.024480187192596013,-0.0011528419424560749,-0.0056954315243830968,-0.0017473416418267822,-0.00077177238385955026,-0.0024321719957346097,0
0.66749999999999998,0.02447733881644424,-0.0011258249896915439,-0.0057010616944719967,-0.0027571979879388495,-0.00077177238385955026,-0.0024321719957346097,0
0.67000000000000004,0.024474558275705254,-0.0010985583494234538,-0.0057092199846168323,-0.0037700189037884729,0.0010173205500864958,-0.0032562293512047201,0
0.67249999999999999,0.02447236616142515,-0.0006550433429614636,-0.0057240903987931394,-0.0081273779751666834,0.0010173205500864958,-0.0032562293512047201,0
0.67500000000000004,0.024471283672021494,-0.00021079265125028521,-0.0057498641540632547,-0.012493473102084087,0.0023006952325069774,-0.0066942684749881709,0
0.67749999999999999,0.024471686047080356,0.00053293218627315344,-0.0057895639809438194,-0.019269232538484331,0.0023006952325069774,-0.0066942684749881709,0
0.68000000000000005,0.024473949785904218,0.0012784006929516712,-0.0058462275719075247,-0.026065699676164705,0.0030364615919905801,-0.0031176280814318854,0
0.6825,0.024478293805007992,0.0021972693779990357,-0.0059216328824427157,-0.034263950140150864,0.0030364615919905801,-0.0031176280814318854,0
0.68500000000000005,0.024484938715795056,0.0031192379054864406,-0.0060175780003285878,-0.04249901674745156,0.00054497078825559457,-0.015870300822798309,0
0.6875,0.024493169257086854,0.0034658636214108299,-0.0061283516343056486,-0.046127828546669962,0.00054497078825559457,-0.015870300822798309,0
0.69000000000000006,0.024502271513223751,0.0038166648815421331,-0.006248258458874994,-0.049806223579565823,-0.00061772139574935029,-0.006130684252269405,0
0.6925,0.02451191850159485,0.0039016891465435619,-0.0063747140067349313,-0.051367278257683675,-0.00061772139574935029,-0.006130684252269405,0
0.69500000000000006,0.02452178383448355,0.0039913644539593396,-0.0065051408670538362,-0.052983558073131036,0.0094086972520217617,-0.0040958620167703521,0
0.69750000000000001,0.024534792622317357,0.0064166164713094932,-0.0066630775976474557,-0.073377124162678303,0.0094086972520217617,-0.0040958620167703521,0
0.70000000000000007,0.024553872437133379,0.0088484933169741455,-0.0068720920933191751,-0.09384942259157536,-0.0017781116654241509,0.0013182124714440008,0
0.70250000000000001,0.024575791711804535,0.0086883404347455531,-0.0071063025868662892,-0.093535761074746385,-0.0017781116654241509,0.0013182124714440008,0
0.70499999999999996,0.024597321197474549,0.0085366581131644335,-0.0073398547017114336,-0.09332267220226069,0.0032395964413624058,-0.0046349272875028848,0
0.70750000000000002,0.024619939972870371,0.0095598380744561749,-0.0075847089568123367,-0.10257826400775304,0.0032395964413624058,-0.0046349272875028848,0
0.70999999999999996,0.024645128115544045,0.010592292052922492,-0.0078528378220085807,-0.1119440254429126,-0.0047480755520737453,0.007242957021638542,0
0.71250000000000002,0.024670589024969547,0.0097780854056795131,-0.0081258893939739254,-0.10651681676184638,-0.0047480755520737453,0.007242957021638542,0
0.71499999999999997,0.024694026587248112,0.0089735332547862309,-0.008385517396229605,-0.10120420709519343,-0.00053228027870018792,0.00075021265888747582,0
0.71750000000000003,0.024716689229561863,0.0091581271341732266,-0.0086418388967338354,-0.10387135920077735,-0.00053228027870018792,0.00075021265888747582,0
0.71999999999999997,0.024739825055998345,0.0093521215374731993,-0.0089049672146600655,-0.10665014806838628,-0.011697830924100249,-0.0013509865192493239,0
0.72250000000000003,0.024760213788049622,0.0069603433956469908,-0.0091491302934745399,-0.08869785970955249,-0.011697830924100249,-0.0013509865192493239,0
0.72499999999999998,0.024774633489918135,0.0045766263584090319,-0.0093485361760072584,-0.070841175992141653,-0.008904470095906853,0.0036992470304957419,0
0.72750000000000004,0.024783913872271936,0.0028486563912837153,-0.0095099180347741879,-0.058275900057127426,-0.008904470095906853,0.0036992470304957419,0
0.72999999999999998,0.024788881180861359,0.0011259777280027057,-0.0096399679817764112,-0.045773396894826054,-0.013834896113339245,0.00057939177330599081,0
0.73250000000000004,0.024788114741423312,-0.0017385994040745433,-0.0097273211889630489,-0.024115450942424253,-0.013834896113339245,0.00057939177330599081,0
0.73499999999999999,0.024780190012061266,-0.0046009823954006254,-0.009760566911342276,-0.0024835181303581103,-0.017561878764744191,-0.006512539060207866,0
0.73750000000000004,0.024764027183902155,-0.0083294594405826979,-0.0097310442891894253,0.026103740677832304,-0.017561878764744191,-0.006512539060207866,0
0.73999999999999999,0.02473854073275281,-0.012060315092188583,-0.0096300247196388147,0.054719186479114681,-0.0043924101427014021,0.0099042725389997671,0
0.74250000000000005,0.024707547723732255,-0.012734949501749625,-0.0094881296277312434,0.058807064100422086,-0.0043924101427014021,0.0099042725389997671,0
0.745,0.024674861543955536,-0.013414913918520087,-0.0093359366810952943,0.062958208844534375,-0.0017126765890443621,-0.0061480917597680831,0
0.74750000000000005,0.024641246978458309,-0.013477682537780363,-0.0091795352740816159,0.062174126356273098,-0.0017126765890443621,-0.0061480917597680831,0
0.75,0.024607468440505788,-0.013546080577182276,-0.0090250103522185373,0.061456886405308629,-0.012952433491180162,0.0065086090412417013,0
0.75250000000000006,0.024570246271341335,-0.016232740007117132,-0.0088459676584191956,0.081790137878547955,-0.012952433491180162,0.0065086090412417013,0
0.755,0.024526298544086184,-0.018926835655775128,-0.008615986182880753,0.10221157201446163,-0.0019357417986621752,0.00012349186075888443,0
0.75750000000000006,0.024478805249275266,-0.019069342313043802,-0.0083605259670228461,0.10217491122510068,-0.0019357417986621752,0.00012349186075888443,0
0.76000000000000001,0.024430944123194884,-0.019221100989939295,-0.0081050200895154256,0.10224810496143519,-0.0029073928836118824,-0.0017382850954038803,0
0.76250000000000007,0.024382409712478396,-0.019607986182099517,-0.0078469264081797718,0.10424534417160775,-0.0029073928836118824,-0.0017382850954038803,0
0.76500000000000001,0.02433289632385878,-0.020004314322534932,-0.0075836999528934258,0.10635469224442448,0.0026312101866920656,0.0034663789684885506,0
0.76750000000000007,0.024283989395030299,-0.019122770389004569,-0.0073279826270227456,0.098237480963648025,0.0026312101866920656,0.0034663789684885506,0
0.77000000000000002,0.024237275069230638,-0.018250110494421001,-0.0070924246164924074,0.090225797347978906,0.0027916972377934916,0.010686206623398961,0
0.77249999999999996,0.02419277867418744,-0.017348303552676046,-0.0068771473953870626,0.082011397343832435,0.0027916972377934916,0.010686206623398961,0
0.77500000000000002,0.024150527370772161,-0.016453914135014052,-0.0066822942163576923,0.073885101662492611,-0.00011570015552048196,-0.0007628995660986811,0
0.77749999999999997,0.024109658753459096,-0.016242074627632892,-0.0065008708405465895,0.071266600522358073,-0.00011570015552048196,-0.0007628995660986811,0
0.78000000000000003,0.024069311621775034,-0.016036686738380216,-0.0063258973784271538,0.068724708743801446,-0.012990076365664637,0.0042613772572021062,0
0.78249999999999997,0.024025729294175388,-0.018830378884108139,-0.0061271409461019543,0.090294713577141542,-0.012990076365664637,0.0042613772572021062,0
0.78500000000000003,0.023975152893606338,-0.021632272139683481,-0.0058743427464729376,0.11196200270260222,-0.0029001258202926441,0.0094973545698917028,0
0.78749999999999998,0.023920491275326985,-0.0220987349775623,-0.0055907775005688883,0.11491052497355372,-0.0029001258202926441,0.0094973545698917028,0
0.79000000000000004,0.023864650544971562,-0.022575607231386855,-0.0052996871455553984,0.11798262942700652,0.0029552697337080461,0.0064506625423159927,0
0.79249999999999998,0.023809305739141966,-0.021701958024778454,-0.0050144236068602813,0.11024863668710562,0.0029552697337080461,0.0064506625423159927,0
0.79500000000000004,0.023756132443105236,-0.020838283824923962,-0.0047483452466197656,0.10263311345869885,-0.0024932837306818325,0.0084631010138842191,0
0.79749999999999999,0.023703523379880995,-0.021250536216417707,-0.0044884505006494869,0.10530131644252394,-0.0024932837306818325,0.0084631010138842191,0
0.80000000000000004,0.023649871814022928,-0.021672327051051574,-0.0042217443031923839,0.10808276289526858,-0.00062169311799007798,0.0033321409489239576,0
0.80249999999999999,0.023595697424218225,-0.021668811338237524,-0.003952307720726184,0.10748581595102551,-0.00062169311799007798,0.0033321409489239576,0
0.80500000000000005,0.023541519647052762,-0.021675028833699594,-0.0036842189259098088,0.10700443641479386,-0.0034465218771921663,0.0006691627355781115,0
0.8075,0.02348649337608523,-0.022347640480708929,-0.0034105970827977942,0.1119126568841038,-0.0034465218771921663,0.0006691627355781115,0
0.81000000000000005,0.023429772996785666,-0.023030390449755217,-0.0031245553486172833,0.11694123932755879,-0.0049560674676654617,0.0080512198780589468,0
0.8125,0.023370893955118707,-0.024074668775179438,-0.0028222630860686468,0.12491424686975075,-0.0049560674676654617,0.0080512198780589468,0
0.81500000000000006,0.023309390222746765,-0.025130264270148781,-0.0024998721622271985,0.13302160845655089,0.0047893879371380173,0.011355258855142698,0
0.8175,0.023248064427706779,-0.023932303123371013,-0.0021797800818275847,0.12307499183320461,0.0047893879371380173,0.011355258855142698,0
0.82000000000000006,0.023189719424951731,-0.022745481614726216,-0.001884386974292785,0.11326066195109422,-0.0035640320215362441,0.0084752547969181059,0
0.82250000000000001,0.023131901130333615,-0.02351090830946435,-0.0015938797681236058,0.11916593016251978,-0.0035640320215362441,0.0084752547969181059,0
0.82500000000000007,0.023072155889583786,-0.024287128527389037,-0.0012884505429233194,0.12519934620334172,-0.0039891245610763071,0.0046650399734118261,0
0.82750000000000001,0.023010332514836786,-0.025173513502320541,-0.00096677875260359496,0.13216114607739879,-0.0039891245610763071,0.0046650399734118261,0
0.83000000000000007,0.022946278348508948,-0.026071867789880521,-0.00062752639542756157,0.13926505882164111,0.0014092291607200815,-0.00033116834468475568,0
0.83250000000000002,0.022881531333587581,-0.025727824330503815,-0.0002829276482229279,0.13643863876574583,0.0014092291607200815,-0.00033116834468475568,0
0.83499999999999996,0.022817628932420158,-0.025396135310255908,5.4789032476930887e-05,0.13375891285774513,-0.0030764430341697572,0.0027521541359404691,0
0.83750000000000002,0.022753237106974116,-0.026119387526810586,0.00039645565473948007,0.13959887453069264,-0.0030764430341697572,0.0027521541359404691,0
0.83999999999999997,0.022687021462383005,-0.026855279729165602,0.00075290846679541921,0.14558892331426196,0.014038483242815016,0.0050243488324339539,0
0.84250000000000003,0.022623923014442087,-0.023625481997730222,0.0010845870212677633,0.11977770375421082,0.014038483242815016,0.0050243488324339539,0
0.84499999999999997,0.022568885008845435,-0.020406537526548724,0.0013519043430103603,0.094095325326429113,0.0066314083259592944,0.0055485671967939933,0
0.84750000000000003,0.022519730862269102,-0.018918111749203558,0.0015724349611853762,0.082344982330547795,0.0066314083259592944,0.0055485671967939933,0
0.84999999999999998,0.022474288233429129,-0.017437146681939866,0.0017637030553279034,0.070683208553998497,0.0031326591837769584,0.003456350113006248,0
0.85250000000000004,0.022431523122722102,-0.016775970826009699,0.0019340798738469688,0.065630461881752492,0.0031326591837769584,0.003456350113006248,0
0.85499999999999998,0.02239040342527665,-0.016120740348759471,0.002091914178722982,0.060648298549947716,0.0087868204716535173,0.00316489797760665,0
0.85750000000000004,0.022352557830667925,-0.014156534583087103,0.0022241798435388462,0.045173720267464572,0.0087868204716535173,0.00316489797760665,0
0.85999999999999999,0.022319617340551698,-0.012196423408916825,0.00231782327750807,0.029747743949027981,0.013117445448960242,0.010787663050233504,0
0.86250000000000004,0.022292831859513796,-0.0092322335993272487,0.0023628382873481231,0.0062674941219971747,0.013117445448960242,0.010787663050233504,0
0.86499999999999999,0.022273455699031136,-0.0062686121616019174,0.0023491663678619828,-0.017206010299936701,0.0039427731115721119,0.00016533782530564109,0
0.86750000000000005,0.022258824122376911,-0.0054363413503238523,0.0022982049417980548,-0.023566784669203915,0.0039427731115721119,0.00016533782530564109,0
0.87,0.022246275771500075,-0.0046019353096246026,0.0022313113228410219,-0.029952907007483372,-0.0013389232221952244,-0.00060052840819069481,0
0.87250000000000005,0.022234281950276002,-0.0049926956118437867,0.0021607401627247195,-0.02650907973756049,-0.0013389232221952244,-0.00060052840819069481,0
0.875,0.022221314293771856,-0.0053810552881947381,0.0020987421739441969,-0.023093755435006039,0.0003828520732390248,-0.0046098076023330528,0
0.87750000000000006,0.022207878730831326,-0.0053670478073722582,0.002041232354160451,-0.02291822321328077,0.0003828520732390248,-0.0046098076023330528,0
0.88,0.022194480784395256,-0.0053509645475386227,0.0019841305224213624,-0.022767335755887966,0.002981662988771846,0.0014614310246622482,0
0.88250000000000006,0.022181880790764809,-0.0047286509587820946,0.0019213100717243145,-0.027493528920918352,0.002981662988771846,0.0014614310246622482,0
0.88500000000000001,0.022170839605013364,-0.0041038466720934776,0.001846638239002933,-0.03224929108071134,0.0061876882618607763,0.0014808169911216475,0
0.88750000000000007,0.022162295601847386,-0.0027307875200718906,0.0017525523645438254,-0.043026155236656469,0.0061876882618607763,0.0014808169911216475,0
0.89000000000000001,0.022157188916014214,-0.0013538297454800132,0.0016314688985668386,-0.053849300089228856,-0.00037937326726151751,-0.0035971384644650529,0
0.89250000000000007,0.022153622252867638,-0.0014986984391939032,0.001498584096791023,-0.052468067295957717,-0.00037937326726151751,-0.0035971384644650529,0
0.89500000000000002,0.022149699383366545,-0.0016388152437988752,0.0013690815510812378,-0.051143252829447657,-0.0065368264081324626,0.0023853305913889302,0
0.89749999999999996,0.022143642792997995,-0.0032057816835150375,0.0012571925613437899,-0.038375958267327363,-0.0065368264081324626,0.0023853305913889302,0
0.90000000000000002,0.022133673370129846,-0.0047692735493718424,0.0011771673826718213,-0.025649920454509555,0.0034050416659711586,0.015444860243297618,0
0.90249999999999997,0.022122687287086957,-0.0040191613926323731,0.0011057171673214841,-0.031515374484865355,0.0034050416659711586,0.015444860243297618,0
0.90500000000000003,0.022113579942041911,-0.0032661943545845757,0.0010195622682699964,-0.037414721635151915,-0.0057112439048816813,9.6219262242202029e-05,0
0.90749999999999997,0.022103710110510922,-0.0046291898669276292,0.00093988607510406318,-0.026331944054615239,-0.0057112439048816813,9.6219262242202029e-05,0
0.91000000000000003,0.022090435979524283,-0.0059898009434754028,0.00088787895778514453,-0.015277477773417305,-0.0042068230590228918,0.0050500976803247808,0
0.91249999999999998,0.022074199416329671,-0.0069992811281311866,0.00085997390561182358,-0.0070485643866885443,-0.0042068230590228918,0.0050500976803247808,0
0.91500000000000004,0.022055440105744215,-0.0080081229899768708,0.00085262982104668814,0.001172770162295101,0.0059547821319065868,0.0042136042763676962,0
0.91749999999999998,0.02203711149378115,-0.0066547031391184126,0.00084212313516159867,-0.0095788720272527925,0.0059547821319065868,0.0042136042763676962,0
0.92000000000000004,0.022022167313171737,-0.0053004155074241515,0.00080472687619922729,-0.020340816267357169,0.001358817018545315,0.0029519551007165267,0
0.92249999999999999,0.022009275446084199,-0.0050127545013456086,0.00075112712516467645,-0.02254282717763334,0.001358817018545315,0.0029519551007165267,0
0.92500000000000004,0.021997105242088914,-0.0047230516126502749,0.00069199254041111646,-0.024769080033207793,0.0013785649725473342,0.001523460421966175,0
0.92749999999999999,0.021985667795869159,-0.0044265141979201389,0.00062721344148207003,-0.027058843169548513,0.0013785649725473342,0.001523460421966175,0
0.93000000000000005,0.021974974713353211,-0.0041275258683234877,0.00055667407814411537,-0.029377704504988424,-0.0082378574222608022,0.00094235803374000159,0
0.9325,0.021962238021185864,-0.0060615022456817179,0.00050274191060535828,-0.013771895666661775,-0.0082378574222608022,0.00094235803374000159,0
0.93500000000000005,0.021944668241285607,-0.0079942314582712812,0.0004878022617261179,0.0018191054169724233,-0.0040639616799418203,-0.0024571355810369083,0
0.9375,0.021923479587020338,-0.0089567782574388466,0.0005020978088729175,0.0096183569623331123,-0.0040639616799418203,-0.0024571355810369083,0
0.94000000000000006,0.021899883624114259,-0.0099201961634122759,0.0005359026648035218,0.017427950973004029,-0.0011267757080054488,0.00326687055795559,0
0.9425,0.021874730785285144,-0.010202355643601562,0.00058239821972443941,0.019771826116969107,-0.0011267757080054488,0.00326687055795559,0
0.94500000000000006,0.021848870353710869,-0.010486305897075275,0.00063477951149627429,0.022136962381598339,0.003515340530717271,0.00045913560456439535,0
0.94750000000000001,0.021823646501761745,-0.0096930624529975654,0.00068226885369574222,0.015857916196667814,0.003515340530717271,0.00045913560456439535,0
0.95000000000000007,0.021800403844519142,-0.0089012554746369255,0.00071408330253335873,0.0095959239025031375,0.0091442200793772598,0.0099998502245150795,0
0.95250000000000001,0.021780775152483171,-0.0068017165189640395,0.00071712010075829008,-0.007166267305173446,0.0091442200793772598,0.0099998502245150795,0
0.95500000000000007,0.021766395802981262,-0.0047015283067076401,0.00067824554286491259,-0.023936166152150287,0.006486514810150678,0.0040743331547430685,0
0.95750000000000002,0.021756497035889489,-0.0032170347001847961,0.00060362050964424122,-0.035769210686610868,0.006486514810150678,0.0040743331547430685,0
0.95999999999999996,0.021750313329494599,-0.0017293008389608223,0.00049936743498906486,-0.047640723392463835,-0.005037411729636853,-0.00097889565437336303,0
0.96250000000000002,0.021744505477567653,-0.0029163340727530922,0.00039226935509110951,-0.038045417918526878,-0.005037411729636853,-0.00097889565437336303,0
0.96499999999999997,0.021735734530183255,-0.004099921699415243,0.00030910625777900823,-0.028491021686345968,0.0031435724998029949,0.0026752419043172271,0
0.96750000000000003,0.021726385269494202,-0.0033790133779762546,0.00023069549807697327,-0.034243207341177237,0.0031435724998029949,0.0026752419043172271,0
0.96999999999999997,0.021718842047771358,-0.0026550034294809135,0.00013785953706129051,-0.040032216824075074,-0.0042595980325386895,-0.0074070807227918437,0
0.97250000000000003,0.021710962042142217,-0.0036484571287444655,4.7776462771115683e-05,-0.032040700651151943,-0.0042595980325386895,-0.0074070807227918437,0
0.97499999999999998,0.021700602180239954,-0.0046390088027426155,-2.2372675363967437e-05,-0.024083638938435351,-0.00089714577727422395,0.009532857333123531,0
0.97750000000000004,0.021688745885418935,-0.00484567599535161,-8.0510784515915081e-05,-0.022431016320523672,-0.00089714577727422395,0.009532857333123531,0
0.97999999999999998,0.021676375493179044,-0.0050503115002508096,-0.00013454785606418538,-0.020802514860214175,0.0016230006586223284,0.00084005963878318931,0
0.98250000000000004,0.021664228208269166,-0.0046671790401881892,-0.00019042365253649435,-0.023902127958887364,0.0016230006586223284,0.00084005963878318931,0
0.98499999999999999,0.021653041401907047,-0.0042818816842244232,-0.00025407991307382124,-0.027027443867669521,-0.0085269313101930377,-0.0037250393868562526,0
0.98750000000000004,0.02163987144775624,-0.0062537928541786282,-0.00030189663268347658,-0.01122936027613371,-0.0085269313101930377,-0.0037250393868562526,0
0.98999999999999999,0.021621773285178964,-0.0082246868201580284,-0.00031023677654562661,0.0045566469834482336,-0.0018257537527197106,0.0068328616128086441,0
0.99250000000000005,0.021600694914112862,-0.0086381035517017739,-0.00029474888208391931,0.0078347788778482929,-0.0018257537527197106,0.0068328616128086441,0
0.995,0.021578582176085548,-0.0090522299353435094,-0.0002710558616071362,0.011121336027744655,0.0040359053101353248,0.00049146676438256655,0
0.99750000000000005,0.021557136220238953,-0.0081046449071669677,-0.00025281249186817341,0.0034746677134035887,0.0040359053101353248,0.00049146676438256655,0
1,0.021538058689344684,-0.0071573745840544205,-0.00025367940998135928,-0.0041682642287729742,-0.0022382340947837975,0.0061074375505285258,0
1.0024999999999999,0.021519526507203426,-0.0076683389067885464,-0.00025901462400686561,-0.00010028954487379966,-0.0022382340947837975,0.0061074375505285258,0
1.0050000000000001,0.021499717002366275,-0.0081792941455607528,-0.00025418094740776754,0.0039675772909270983,0.0034973998463435864,0.00059496791548002389,0
1.0075000000000001,0.021480296411517424,-0.0073571883341296777,-0.00025255931348014599,-0.0026701537902266209,0.0034973998463435864,0.00059496791548002389,0
1.01,0.021462931262234038,-0.006534840681988445,-0.00026753410914192802,-0.0093107561475918345,-0.003257688657614605,-0.001011982050896609,0
1.0125,0.021445660000766434,-0.0072820729421100155,-0.00028335604839148495,-0.0033479296517332675,-0.003257688657614605,-0.001011982050896609,0
1.0150000000000001,0.021426521150189885,-0.0080290019512922819,-0.00028427675713488948,0.0026112965539350228,0.0023526977698011412,0.007516478188643887,0
1.0175000000000001,0.021407145073637165,-0.007471864645067279,-0.00028339104697980066,-0.0019026648620195244,0.0023526977698011412,0.007516478188643887,0
1.02,0.021389161970574857,-0.0069145550093866661,-0.00029379178646649729,-0.0064186722693352696,0.0094851864312097914,-0.0035675304049115021,0
1.0225,0.021374645358862548,-0.0046985028765185004,-0.00033213634475873173,-0.024259722757958201,0.0094851864312097914,-0.0035675304049115021,0
1.0249999999999999,0.021365671286933976,-0.0024802537366266425,-0.00041511213664377548,-0.042126858330805969,0.00093794089165438375,-0.0053553202247821948,0
1.0275000000000001,0.021359763590309052,-0.0022452529748679347,-0.00052286036436248776,-0.04407944805593754,0.00093794089165438375,-0.0053553202247821948,0
1.03,0.021354448348688333,-0.0020062599091164317,-0.00063554887288984688,-0.046079437091832293,0.0055604050074690749,0.0086703905906304005,0
1.0325,0.02135107897422972,-0.00068846367369791847,-0.00076408698442960302,-0.056760265597220305,0.0055604050074690749,0.0086703905906304005,0
1.0349999999999999,0.021351010313212744,0.00063447244380973621,-0.00091940105319568714,-0.067502121788168196,0.0090795037957502132,-0.0017931975689500152,0
1.0375000000000001,0.021355279016210316,0.0027816395035027836,-0.0011098711141457943,-0.084887577090936167,0.0090795037957502132,-0.0017931975689500152,0
1.04,0.021364924914011017,0.004936491092135919,-0.0013439149748564745,-0.10236428297597189,-0.013026119106198152,-0.0028459978030161903,0
1.0425,0.021373545709086436,0.0019615122334633501,-0.0015701931243380326,-0.078674466293522177,-0.013026119106198152,-0.0028459978030161903,0
1.0449999999999999,0.021374738417208751,-0.0010063354946349269,-0.0017373578372866655,-0.055069295174008992,-0.00069400326171420901,0.0032276907735284892,0
1.0475000000000001,0.021372101669238357,-0.0011022355751432711,-0.0018743701594621954,-0.054550384844435175,-0.00069400326171420901,0.0032276907735284892,0
1.05,0.021369231356277035,-0.0011931948781383212,-0.0020101586403352533,-0.054090134386872206,-0.003819186820480353,0.0049261338385386058,0
1.0525,0.021365231659817324,-0.0020057927043499822,-0.002137575633610958,-0.047852596429520375,-0.003819186820480353,0.0049261338385386058,0
1.0549999999999999,0.021359206005219795,-0.0028140551608981427,-0.0022494645079871602,-0.041666525978032866,0.00073375483477485729,0.0052288036420196273,0
1.0575000000000001,0.021352487523342935,-0.0025600836960835583,-0.0023565714031782408,-0.044026667822257698,0.00073375483477485729,0.0052288036420196273,0
1.0600000000000001,0.02134640890901476,-0.0023021251535531016,-0.0024696372927442041,-0.046434148565924413,-0.0011784250820135811,-9.2136892890558474e-05,0
1.0625,0.021340424761212829,-0.0024845005704796793,-0.0025843210520523508,-0.045321080724962486,-0.0011784250820135811,-9.2136892890558474e-05,0
1.0649999999999999,0.021333989826735178,-0.0026627709277349258,-0.0026962833067691364,-0.044256749784401292,-0.0058936493254645303,0.0050545775915164662,0
1.0675000000000001,0.021325744101868591,-0.003933214703127505,-0.0027946399655768089,-0.034435631376621957,-0.0058936493254645303,0.0050545775915164662,0
1.0700000000000001,0.021314326353644119,-0.0052005376522502962,-0.0028684923315085062,-0.024651558168413662,0.0031330173742457343,0.0015882763779893959,0
1.0725,0.021302366231291472,-0.0043671347783656445,-0.0029389864518461701,-0.031748790024529253,0.0031330173742457343,0.0015882763779893959,0
1.075,0.02129249307474964,-0.0035308576808113033,-0.0030272647205586765,-0.038880151294722776,-0.01051224339215388,0.0048612405306948476,0
1.0775000000000001,0.021280749861878893,-0.0058632633207651502,-0.0031015765403500099,-0.020574636740909719,-0.01051224339215388,0.0048612405306948476,0
1.0800000000000001,0.02126317831283495,-0.0081938030982505548,-0.0031301563550907327,-0.0022912660007358386,-0.0072104808004334019,0.0083990355271582606,0
1.0825,0.021240740439061399,-0.0097565528068635742,-0.0031207406191448442,0.0098245299620150998,-0.0072104808004334019,0.0083990355271582606,0
1.085,0.021214394806664039,-0.011320193108795592,-0.0030810248965719477,0.021950896729223471,-0.0069855292990146558,-0.0087864108937926871,0
1.0875000000000001,0.021184203181454867,-0.01283352723397102,-0.0030114914501439168,0.033680847728600367,-0.0069855292990146558,-0.0087864108937926871,0
1.0900000000000001,0.021150224626546459,-0.014349914318449859,-0.0029125904621357616,0.045447036331798155,-0.0069953007314617283,0.014080023713145224,0
1.0925,0.021112447337967605,-0.015872692383090116,-0.0027841927203315314,0.057280366230227538,-0.0069953007314617283,0.014080023713145224,0
1.095,0.021070856838566347,-0.017400662135540947,-0.0026261372806237089,0.069175321460372946,0.011881837131618039,0.002681739819554196,0
1.0974999999999999,0.021030924113884606,-0.014546384913403716,-0.0024823100722320868,0.045896746786873124,0.011881837131618039,0.002681739819554196,0
1.1000000000000001,0.020998121454760463,-0.011696259219088369,-0.0023966124597830317,0.022667481741505648,-0.0073336937708370457,0.0055845467560141793,0
1.1025,0.020966857461982961,-0.013315373084970231,-0.0023241065851952124,0.035342417991964602,-0.0073336937708370457,0.0055845467560141793,0
1.105,0.020931541920224783,-0.014937690114426803,-0.0022198686871236677,0.048055376239728526,0.0055717419263990528,0.0020825321123360955,0
1.1074999999999999,0.020895915448723212,-0.013564126570372575,-0.0021139057759124924,0.036722546364848188,0.0055717419263990528,0.0020825321123360955,0
1.1100000000000001,0.020863718517423725,-0.012193887304211658,-0.0020362230633832979,0.025429190832728252,0.00049091100751150348,0.0013612835308962898,0
1.1125,0.020833467702955671,-0.01200713465319299,-0.0019748792138083158,0.023650286313767692,0.00049091100751150348,0.0013612835308962898,0
1.115,0.020803681059379381,-0.011822523935252733,-0.0019179504414981448,0.021896812537777647,0.00092372335965410814,-0.00473925596806672,0
1.1174999999999999,0.02077447919779914,-0.011539276661603599,-0.0018663856461326549,0.019358720175415851,0.00092372335965410814,-0.00473925596806672,0
1.1200000000000001,0.020745983215196662,-0.011257782604823362,-0.0018211394958214801,0.016841443558623961,-0.0085048747197483815,0.002132235438025743,0
1.1225000000000001,0.020715449242345391,-0.013169764097848275,-0.0017601584958258046,0.03194772970387269,-0.0085048747197483815,0.002132235438025743,0
1.125,0.020680131982095361,-0.015084640916839708,-0.0016613722087657273,0.047088384393256383,0.0046207399023738003,0.0087893462895575064,0
1.1274999999999999,0.020643836540473852,-0.013952352615077594,-0.0015553074925413169,0.03777099062543321,0.0046207399023738003,0.0087893462895575064,0
1.1300000000000001,0.020610367369368721,-0.012823484235616406,-0.0014724834195536422,0.028494204219674746,-0.00071648099224254857,0.0037606699690850712,0
1.1325000000000001,0.020578166071644373,-0.012937989484992264,-0.0014003546972793839,0.029213944532642942,-0.00071648099224254857,0.0037606699690850712,0
1.135,0.020545675217070829,-0.013055140816046201,-0.0013263875196814667,0.029965100276511742,0.0027251033465443162,0.0098984005657698788,0
1.1375,0.02051388816750032,-0.012374908496352506,-0.0012585344771290517,0.024322197657866119,0.0027251033465443162,0.0098984005657698788,0
1.1400000000000001,0.020483798839259028,-0.011696878792130721,-0.0012047547403580881,0.01870544688860341,-0.0016418343434041133,-0.0012317128031482528,0
1.1425000000000001,0.020454133409257322,-0.012035766875873165,-0.001154798714250645,0.021262955454585404,-0.0016418343434041133,-0.0012317128031482528,0
1.145,0.020423618400006834,-0.012376580969100586,-0.0010984209096453659,0.023843330073173085,-0.0020030454527886006,0.0061990316060746512,0
1.1475,0.020392143743355802,-0.012803529035687522,-0.0010347176859818918,0.027123815906776726,-0.0020030454527886006,0.0061990316060746512,0
1.1500000000000001,0.020359598707580168,-0.013232934006734139,-0.00096277752472137936,0.030433470662202901,0.0045243739709638292,-0.0023477202370269408,0
1.1525000000000001,0.020327873527439946,-0.012147602657159258,-0.00089775708269232098,0.021587543799726855,0.0045243739709638292,-0.0023477202370269408,0
1.155,0.020298859065358121,-0.011064226240440945,-0.00085482046512444369,0.012764828147740605,-0.005110899056621954,0.0063130619872052238,0
1.1575,0.020269751594680273,-0.012222012314291236,-0.00081143421306365991,0.021947284071311402,-0.005110899056621954,0.0063130619872052238,0
1.1599999999999999,0.020237747347074026,-0.013381786582481698,-0.00074506437648741148,0.031153343590780206,0.0020141839891493866,0.0021637536490476364,0
1.1625000000000001,0.020204910732851744,-0.012887944334309565,-0.00067226846675458307,0.027088602731464829,0.0020141839891493866,0.0021637536490476364,0
1.165,0.020173305581114995,-0.01239655546696883,-0.00060959709155975785,0.023052990198624029,-0.00030030978899801635,0.0085354171304506312,0
1.1675,0.020142253664801681,-0.012445327902478452,-0.00055158117277281698,0.02336390398143887,-0.00030030978899801635,0.0085354171304506312,0
1.1699999999999999,0.02011107717827303,-0.012496216521824262,-0.00049275663656858084,0.023699942101230029,0.002554293859419284,0.0068393454326167117,0
1.1725000000000001,0.020080600291006001,-0.011885613518951444,-0.00043972245194042186,0.018731207553779081,0.002554293859419284,0.0068393454326167117,0
1.175,0.020051647697077669,-0.011276707008513066,-0.00039908381560600938,0.013782614879257488,-0.0012825593769439877,0.0076890187801797105,0
1.1775,0.020023100793783978,-0.011561040503959105,-0.00036184237499154814,0.016013207447027455,-0.0012825593769439877,0.0076890187801797105,0
1.1799999999999999,0.019993841285973663,-0.011846824421298169,-0.00031900342957497281,0.01826102000482744,-0.00069732238642479397,0.001009089991635333,0
1.1825000000000001,0.019964035353033885,-0.011998206436774734,-0.00027188676958051671,0.019435685775624059,-0.00069732238642479397,0.001009089991635333,0
1.1850000000000001,0.019933848786920273,-0.012151348848617722,-0.0002218075853634878,0.020631251762396313,0.0068522463890072277,-0.0015177036864680023,0
1.1875,0.019905470823893448,-0.010551235793419779,-0.00018633161498577661,0.0077520679129390088,0.0068522463890072277,-0.0015177036864680023,0
1.1899999999999999,0.019881092022960394,-0.0089518248434887482,-0.00018304030037891809,-0.005118780074939008,0.0041856995744018058,0.0029143899233526772,0
1.1925000000000001,0.019859937234320255,-0.0079718692159959931,-0.0002057067715941698,-0.013016021691423962,0.0041856995744018058,0.0029143899233526772,0
1.1950000000000001,0.01984123365922226,-0.0069907347054916592,-0.00024813207178616775,-0.020927259715531152,0.0060349571692374822,-4.8861896045871303e-05,0
1.1975,0.019825522501938957,-0.0055777893434292673,-0.0003146777183869121,-0.032314027777938958,0.0060349571692374822,-4.8861896045871303e-05,0
1.2,0.01981334715113359,-0.0041619174152836393,-0.00040973116408370445,-0.043735542462452974,0.00075873394132635978,0.0039095101591062704,0
1.2025000000000001,0.019803183037913518,-0.0039687008257729764,-0.00052108068670237177,-0.045352058030346885,0.00075873394132635978,0.0039095101591062704,0
1.2050000000000001,0.019793507069682692,-0.0037713766614090667,-0.00063653209053927821,-0.047017341453129011,0.0045492939346758474,0.0025640087154698457,0
1.2075,0.019785431172306633,-0.0026885653149036357,-0.00076505612795253763,-0.05581110114290487,0.0045492939346758474,0.0025640087154698457,0
1.21,0.019780068454518431,-0.0016006998633850713,-0.00091563759929654421,-0.064664869402089778,-0.0040286061472127339,-0.0065782482054786567,0
1.2125000000000001,0.019774939969041304,-0.0025011658673275046,-0.0010684188790560654,-0.057571108238681161,-0.0040286061472127339,-0.0065782482054786567,0
1.2150000000000001,0.019767566970717711,-0.0033964167347542949,-0.0012035447309612533,-0.050539261509796748,-0.0072448192279183608,0.00058441589437815652,0
1.2175,0.019757027127531857,-0.0050347926934427118,-0.0013136543267513426,-0.037556310928758621,-0.0072448192279183608,0.00058441589437815652,0
1.22,0.019742395842689497,-0.0066697657734914977,-0.0013913599455384466,-0.024613756468533123,0.0031276148977378991,-0.015610544432886468,0
1.2224999999999999,0.019726694194787557,-0.0058911324229603415,-0.0014609528273257445,-0.031065537223201933,0.0031276148977378991,-0.015610544432886468,0
1.2250000000000001,0.019712942524657863,-0.0051096859481523258,-0.0015467154636872524,-0.037550719088064309,-0.0035164163459810061,-0.0049868990587109375,0
1.2275,0.019699217967323306,-0.0058694373844586948,-0.0016332339378978241,-0.031670263697739516,-0.0035164163459810061,-0.0049868990587109375,0
1.23,0.019683597728420165,-0.0066263197192145797,-0.0017050951637682301,-0.025823869546588628,0.0080255815857107216,-0.0088580394322122728,0
1.2324999999999999,0.01966944220409076,-0.0046975915487123404,-0.0017893136166423622,-0.041556927487990197,0.0080255815857107216,-0.0088580394322122728,0
1.2350000000000001,0.019660112905061557,-0.0027651018535694996,-0.0019129170218228481,-0.057334653328791917,0.0019035674610307807,-0.0031824530362670931,0
1.2375,0.01965384208038452,-0.002250659413165245,-0.0020617504503436632,-0.06174275747849578,0.0019035674610307807,-0.0031824530362670931,0
1.24,0.019648864266655797,-0.0017306260992221263,-0.0022216861238007523,-0.066217244853454121,0.0035604312427261566,0.0008496457040293512,0
1.2424999999999999,0.019645675397421916,-0.00081941262469026669,-0.0023967628367040027,-0.073856672585955435,0.0035604312427261566,0.0008496457040293512,0
1.2450000000000001,0.019644772774927086,9.8487086505338558e-05,-0.002591035643629495,-0.081575495302144849,-0.0014014343346244365,0.0088678865134892756,0
1.2475000000000001,0.019644732172022148,-0.00012974909465570604,-0.0027931332676220384,-0.080117092235220566,-0.0014014343346244365,0.0088678865134892756,0
1.25,0.01964413007599165,-0.00035072877464675117,-0.0029916928929981587,-0.078744842786445349,-0.0042962786521885113,-0.0054738034810556018,0
1.2524999999999999,0.019642143293070364,-0.0012375590364301177,-0.0031801720153965727,-0.072051970788606257,-0.0042962786521885113,-0.0054738034810556018,0
1.2550000000000001,0.0196379477208076,-0.0021178606909089551,-0.0033520173257976242,-0.065436600666297515,-0.018578673394937687,0.0011229210517804569,0
1.2575000000000001,0.019627408794561648,-0.00631254137018393,-0.0034740813643169095,-0.032223396391827877,-0.018578673394937687,0.0011229210517804569,0
1.26,0.019606387451983138,-0.010504296052752212,-0.0035131632303399486,0.00095509631843850723,0.0017107582516707092,0.00024995319712055119,0
1.2625,0.019580782881230423,-0.0099793394702318537,-0.0035166565349283364,-0.0037499902811878915,0.0017107582516707092,0.00024995319712055119,0
1.2650000000000001,0.019556491037558636,-0.0094540433645030463,-0.0035319165411874394,-0.0084591083443748931,-0.0018933569013799066,-0.0030891882212914497,0
1.2675000000000001,0.019532466030705294,-0.0097658495945243447,-0.0035505483691509123,-0.0064476899000778989,-0.0018933569013799066,-0.0030891882212914497,0
1.27,0.019507662276269985,-0.010077071743281136,-0.0035641607685690749,-0.0044432056315313623,-0.006626481688687561,0.0032513010208409534,0
1.2725,0.019480705671861845,-0.011488226505800093,-0.0035617222133413839,0.0063942245607062024,-0.006626481688687561,0.0032513010208409534,0
1.2750000000000001,0.019450220660710244,-0.01289996091254187,-0.003532183912510649,0.01723853474834704,0.002170685586806621,0.00088083766175430563,0
1.2775000000000001,0.019418760818349357,-0.012268131102884095,-0.0034960449272724921,0.011675243513073228,0.002170685586806621,0.00088083766175430563,0
1.28,0.019388879124456568,-0.011637358297152815,-0.0034737972369224025,0.0061245032940787317,-0.0012067626862989911,0.0074816326868221532,0
1.2825,0.019359592156183197,-0.011792314523581605,-0.0034575346267689132,0.0068867507132042245,-0.0012067626862989911,0.0074816326868221532,0
1.2849999999999999,0.01932991703205518,-0.011947894542992166,-0.0034393573123289193,0.0076564039921983348,0.00036528692608835958,-0.0003542991212448607,0
1.2875000000000001,0.019300308907194409,-0.011738704616905559,-0.0034229146016176745,0.0054989432381231402,0.00036528692608835958,-0.0003542991212448607,0
1.29,0.019271223094035232,-0.011530012666653579,-0.0034118576695554227,0.003347395016842337,-0.010545017468596787,0.0020228334630293314,0
1.2925,0.019239488305847752,-0.013858006182388517,-0.0033807121079663209,0.021571288877378872,-0.010545017468596787,0.0020228334630293314,0
1.2949999999999999,0.019201931432824622,-0.016187956151575415,-0.0033039818776561453,0.039818400906709447,0.00058208392275498793,0.01045925846744135,0
1.2975000000000001,0.019161778803349759,-0.015934729575135278,-0.0032075529242761281,0.037331673792637063,0.00058208392275498793,0.01045925846744135,0
1.3,0.019122254968042526,-0.015684883598999947,-0.0031172900628252975,0.034885085432756799,-0.001780846679698825,0.00090547291884026803,0
1.3025,0.019082665136942952,-0.015987523024927529,-0.0030275816024976808,0.036888114462985282,-0.001780846679698825,0.00090547291884026803,0
1.3049999999999999,0.019042314568585191,-0.016293503941300708,-0.0029328164346609565,0.038930813970205896,-0.0068608073220667648,0.0084491834629145494,0
1.3075000000000001,0.018999718550264943,-0.0177839861362169,-0.0028210369380634909,0.050500800480133563,-0.0068608073220667648,0.0084491834629145494,0
1.3100000000000001,0.01895339082384611,-0.019279045558101053,-0.0026802671595041526,0.0621251185639611,-0.004721975481482836,0.01163261706156707,0
1.3125,0.0189039401313232,-0.020282504665120073,-0.0025153473141365963,0.069822583812727865,-0.004721975481482836,0.01163261706156707,0
1.3149999999999999,0.018851973028937794,-0.021292290203443667,-0.0023310916603490398,0.077595151502632437,-0.0065197130731247102,0.0027298258540079125,0
1.3175000000000001,0.018796950435075212,-0.02272704132478208,-0.0021231063923567465,0.08880797793154073,-0.0065197130731247102,0.0027298258540079125,0
1.3200000000000001,0.018738331116942168,-0.024169839557456704,-0.0018869721709120731,0.10011633203598812,0.0022581654838617509,0.0074020538562933041,0
1.3225,0.018678644364525061,-0.023581035549729342,-0.0016429211763745405,0.095141955840073233,0.0022581654838617509,0.0074020538562933041,0
1.325,0.018620418760863455,-0.023000846326971164,-0.0014111771579346079,0.090269869555917967,0.0030941472875802524,0.0035199146913231865,0
1.3275000000000001,0.018563876242905064,-0.022234482420120046,-0.0011934420109213212,0.08393385456975884,0.0030941472875802524,0.0035199146913231865,0
1.3300000000000001,0.018509240015796586,-0.021475718775591575,-0.00099143269018305805,0.077688081826917041,0.00066481269747896226,0.0042184216604576105,0
1.3325,0.018455785865839056,-0.021288761447545546,-0.00079926229583012951,0.076062009367592831,0.00066481269747896226,0.0042184216604576105,0
1.335,0.018402790468608814,-0.02110869268284889,-0.00061105449316348084,0.07451772452853804,0.0027661521807959407,0.0038460075778760025,0
1.3375000000000001,0.018350847391129563,-0.020446853305225502,-0.00043151112361372915,0.069129841541903533,0.0027661521807959407,0.0038460075778760025,0
1.3400000000000001,0.018300550985318721,-0.019791274624997614,-0.00026534334695876036,0.063816291652128765,-0.0027020305894148527,0.0072588794341812094,0
1.3425,0.018250297244094462,-0.020412719057991625,-9.9610546483781733e-05,0.068781829759218011,-0.0027020305894148527,0.0072588794341812094,0
1.345,0.018198482199160787,-0.021040393068734283,7.8627431639714156e-05,0.073821330002575208,-0.00095340550431731441,0.0042955222234359507,0
1.3474999999999999,0.018145597827484154,-0.02126823246065981,0.00026548121197060093,0.075675089082797437,-0.00095340550431731441,0.0042955222234359507,0
1.3500000000000001,0.018092135325986223,-0.021502925504109233,0.0004570706815806519,0.077610220792567977,0.0038441543215444818,0.0062232915295854516,0
1.3525,0.018039471429139503,-0.020629311103514722,0.00064240505584957711,0.070670565513268696,0.0038441543215444818,0.0062232915295854516,0
1.355,0.017988983436657259,-0.019762097874995475,0.00081048683445532647,0.063806907722157885,0.0016961973052226588,-0.0071379968263070304,0
1.3574999999999999,0.017940031965981647,-0.019400020789152494,0.00096650978165605851,0.061022635418316304,0.0016961973052226588,-0.0071379968263070304,0
1.3600000000000001,0.017891978727160703,-0.019043470870296807,0.0011156546909105547,0.058303984360861733,0.0030635296589779518,-0.00022051617859454698,0
1.3625,0.017845207533100132,-0.018374325218629924,0.0012548908013833163,0.053094886610439207,0.0030635296589779518,-0.00022051617859454698,0
1.365,0.017800103093464789,-0.017709989141079498,0.0013811767026867977,0.047942888686270647,0.011634691600346247,0.0012854467888646565,0
1.3674999999999999,0.017759144589699006,-0.015057378657500693,0.0014746444422434938,0.026838007008511564,0.011634691600346247,0.0012854467888646565,0
1.3700000000000001,0.01772481417334263,-0.012407200668107328,0.0015153907961693511,0.0057619989776469364,0.0089356029372923956,0.0025186962961223727,0
1.3725000000000001,0.017696323846220802,-0.010385027025117064,0.0015097588546528369,-0.01026795583677468,0.0089356029372923956,0.0025186962961223727,0
1.375,0.017672889813634376,-0.0083619228654368861,0.0014640418124117027,-0.026308956338233585,-0.0019156077698573638,0.0023827947353199583,0
1.3774999999999999,0.017651363056912381,-0.0088591170809086111,0.00140351553913311,-0.022116401049831338,-0.0019156077698573638,0.0023827947353199583,0
1.3800000000000001,0.017628595897162733,-0.0093543083808622189,0.0013534399919536422,-0.017947626341386344,-0.0036168181225098924,0.0016141848048904579,0
1.3825000000000001,0.017604098528838111,-0.010243370698048589,0.0013177316910677225,-0.010621574019492847,-0.0036168181225098924,0.0016141848048904579,0
1.385,0.017577379845109212,-0.01113147117585685,0.001300322606182875,-0.0033069418770456833,-0.001081102610717569,0.0033221115024053127,0
1.3875,0.017549178254976493,-0.011429770456290633,0.0012952760474807209,-0.00073066689476763026,-0.001081102610717569,0.0033221115024053127,0
1.3900000000000001,0.017520231047960147,-0.011728003561480852,0.0012966686171367709,0.0018448224063192767,-0.0016431962512294188,-0.00086132790394009763,0
1.3925000000000001,0.017490374763816877,-0.012157078963199114,0.0013058136530509148,0.0054718618258696441,-0.0016431962512294188,-0.00086132790394009763,0
1.395,0.017459445240201082,-0.012586649926204126,0.0013240328290790087,0.0091047849726980361,0.00072159345311611773,0.0070226688338025558,0
1.3975,0.017428127991569592,-0.012467280581521736,0.0013458266796908501,0.0083318579519887984,0.00072159345311611773,0.0070226688338025558,0
1.4000000000000001,0.017397108208456601,-0.012348665911843869,0.0013656995846285692,0.0075678907188946026,0.010677242368972552,0.012504393541437911,0
1.4025000000000001,0.017369277019307891,-0.0099162536431725984,0.0013604379622360126,-0.011777565680003097,0.010677242368972552,0.012504393541437911,0
1.405,0.017347527829705518,-0.0074827740037390648,0.0013068011980086008,-0.0311356921141034,-0.0032975771788435792,-0.00052583176637357575,0
1.4075,0.017327804672944921,-0.0082953320905479935,0.0012373466872002412,-0.024432895141779626,-0.0032975771788435792,-0.00052583176637357575,0
1.4099999999999999,0.017306053012883078,-0.0091056775967024127,0.0011846148325327032,-0.017756368557506157,-0.0010089358668538702,0.0090217712287548948,0
1.4125000000000001,0.017282942662448258,-0.009382352733420328,0.0011432075944512042,-0.015372390294709756,-0.0010089358668538702,0.0090217712287548948,0
1.415,0.017259142409326168,-0.0096576356035899518,0.0011077391074209666,-0.013004941992890135,-0.0017082757130703944,0.001199274013489211,0
1.4175,0.01723445225035862,-0.01009432289545084,0.0010798033856823412,-0.0093456380419170409,-0.0017082757130703944,0.001199274013489211,0
1.4199999999999999,0.017208671500112165,-0.010530163780858338,0.0010610025437693949,-0.0056963832969695333,-0.0080743104316245377,-0.00098912573868032523,0
1.4225000000000001,0.017179952006516279,-0.012445462288694397,0.0010661737311389869,0.0098337035711376451,-0.0080743104316245377,-0.00098912573868032523,0
1.425,0.017146443446719502,-0.01436165114997465,0.0011101798714146939,0.02537436236751452,0.0020050256451542253,0.0053604179960640872,0
1.4275,0.017111070708559273,-0.013936897874084295,0.0011695446313756339,0.022121701731949408,0.0020050256451542253,0.0053604179960640872,0
1.4299999999999999,0.017076757287650637,-0.013514148428889166,0.0012208082030306993,0.018892830930869419,0.0014376318565423882,0.0066571210849451466,0
1.4325000000000001,0.017043333666138506,-0.013225017756566924,0.001265349926223111,0.01674374097281045,0.0014376318565423882,0.0066571210849451466,0
1.4350000000000001,0.01701063093511242,-0.012937403735271778,0.0013045419115194114,0.014612657080917871,-0.0029581158786324193,0.0049475393441811887,0
1.4375,0.016977368220894202,-0.013673034134330507,0.0013486853064092999,0.020705222966738341,-0.0029581158786324193,0.0049475393441811887,0
1.4399999999999999,0.016942264202044494,-0.014410539551374734,0.0014080865769540575,0.026820051268408841,-0.010294610890179513,0.0045169526526646891,0
1.4425000000000001,0.016903181649744827,-0.016856056484424221,0.0014999318338766441,0.046662735321724755,-0.010294610890179513,0.0045169526526646891,0
1.4450000000000001,0.016857980400279252,-0.019305796908743556,0.0016414420461117315,0.066555573827632719,-0.0026013195244626143,0.011671703984541636,0
1.4475,0.016808883170624192,-0.019973033386869316,0.0018148143893230019,0.072154727314489409,-0.0026013195244626143,0.011671703984541636,0
1.45,0.016758109789303404,-0.020646803274662073,0.0020022803234746294,0.077831456408465907,0.0037428631846761437,0.008820702332810312,0
1.4525000000000001,0.016707486777140609,-0.019852735585338063,0.0021892351208757828,0.071745786321502761,0.0037428631846761437,0.008820702332810312,0
1.4550000000000001,0.016658840695398032,-0.019065167675230671,0.0023610735521633315,0.065737279921866884,-0.0062743819571275923,0.0058902972924369038,0
1.4575,0.016609245168565906,-0.020612341545105075,0.0025413589629645016,0.078503966284589319,-0.0062743819571275923,0.0058902972924369038,0
1.46,0.016555773067640705,-0.02216662002398399,0.0027536636876231775,0.091355024325915288,0.0040303729081005964,0.0022278292813344195,0
1.4625000000000001,0.016501399521000871,-0.021333549138216081,0.0029741664664318119,0.085063009839817211,0.0040303729081005964,0.0022278292813344195,0
1.4650000000000001,0.016449098900144312,-0.020508185132086729,0.0031790549730565981,0.078862487314796698,-0.0035288365257977812,0.0050282157215435757,0
1.4675,0.016396656105782836,-0.021447300227030858,0.0033861913241226707,0.086861435949116994,-0.0035288365257977812,0.0050282157215435757,0
1.47,0.016341855848160031,-0.022394277005869111,0.0036134399460935169,0.094953744456363842,0.0143080919776783,0.0055328306404008529,0
1.4724999999999999,0.016289860542681379,-0.019203213616168342,0.0038194173664482358,0.069842978823336357,0.0143080919776783,0.0055328306404008529,0
1.4750000000000001,0.016245834498184879,-0.01601848913063823,0.0039627175098030975,0.04480742435247969,0.0053460582279486234,-0.0020459354381580858,0
1.4775,0.016207160564743486,-0.014921272112462258,0.0040644101574071221,0.036553987676729419,0.0053460582279486234,-0.0020459354381580858,0
1.48,0.016171225376895186,-0.013827368295721527,0.0041455202176693857,0.02833987828856345,0.0063563895379294974,0.003467230646309165,0
1.4824999999999999,0.016138315159326535,-0.012501157865266144,0.0042037770644625782,0.018269778332776744,0.0063563895379294974,0.003467230646309165,0
1.4850000000000001,0.016108718207481585,-0.011176603727438107,0.0042368854897024385,0.0082193370565883071,0.010013276263365001,-0.002286402007477829,0
1.4875,0.016083494116881019,-0.0090026655177207551,0.0042363467595333435,-0.0086503595838314691,0.010013276263365001,-0.002286402007477829,0
1.49,0.016063705533835761,-0.0068279425769379237,0.0041936259316647856,-0.025529368371591254,-0.003272662748943098,0.0088784506624181008,0
1.4924999999999999,0.016045495777455746,-0.0077395370447329763,0.004139683482159714,-0.017628456437385226,-0.003272662748943098,0.0088784506624181008,0
1.4950000000000001,0.016025009178033303,-0.0086495360334160921,0.0041054678622257073,-0.0097464912730314841,0.013075489966161211,0.011628819699737326,0
1.4975000000000001,0.016006999194056164,-0.0057581324416654794,0.0040527892596400016,-0.032400172233392185,0.013075489966161211,0.011628819699737326,0
1.5,0.015996220966130598,-0.002863788326263654,0.0039434379280660903,-0.055088742706992613,-0.011989015716670765,0.0090942218026961296,0
1.5024999999999999,0.015985401282440314,-0.0057913099813760114,0.0038357914205055343,-0.031036169525536551,-0.011989015716670765,0.0090942218026961296,0
1.5050000000000001,0.015967266753589587,-0.0087160264672689683,0.0037882293118790375,-0.0070169226112847018,-0.0016444939303542493,0.0009738877491918276,0
1.5075000000000001,0.015944827547172791,-0.009235268217470732,0.0037765585595312345,-0.0023205157753170081,-0.0016444939303542493,0.0009738877491918276,0
1.51,0.015921090587547985,-0.0097542998749653876,0.0037766246545085096,0.0023733964187571642,-0.00067364344914712967,0.0020299858645905244,0
1.5125,0.015896337974492199,-0.010047848139551684,0.0037861619038441212,0.0052570866022496505,-0.00067364344914712967,0.0020299858645905244,0
1.5150000000000001,0.01587085095018129,-0.01034187243774699,0.0038029147973452295,0.0081464289432585414,0.0084819611200963613,0.0053420996488390835,0
1.5175000000000001,0.015847288394853391,-0.0085081876785702767,0.0038055340696350188,-0.0060508229549901798,0.0084819611200963613,0.0053420996488390835,0
1.52,0.015828310469047056,-0.0066739542185557613,0.0037726552557899372,-0.020254586880939649,0.003122931798570463,0.0024012739090455513,0
1.5225,0.015812362948445839,-0.0060837245829780794,0.0037167498442207065,-0.024473751054518437,0.003122931798570463,0.0024012739090455513,0
1.5250000000000001,0.015797893693833942,-0.0054912775239459918,0.0036502645659491095,-0.028719238863719819,-0.0018621412103006882,-0.0091376109052846398,0
1.5275000000000001,0.015783460183833246,-0.0060551351165259648,0.0035847620664061185,-0.023687455309002341,-0.0018621412103006882,-0.0091376109052846398,0
1.53,0.015767619805215228,-0.0066168481406291861,0.0035318060708950027,-0.018681136482787068,0.0019546398009579117,-0.0033397851064443404,0
1.5325,0.015751486420650263,-0.0062895613344322414,0.0034824320401754785,-0.020821628027439202,0.0019546398009579117,-0.0033397851064443404,0
1.5350000000000001,0.015736173570233845,-0.0059603883389997541,0.0034276792717538381,-0.022984512280107984,0.011168366126676635,0.0053954593644609614,0
1.5375000000000001,0.015724363513051311,-0.003487163433239647,0.0033459858396021444,-0.042376095509886323,0.011168366126676635,0.0053954593644609614,0
1.54,0.01571874095585607,-0.0010100949297507946,0.0032157607858057657,-0.061813291862539241,-0.0012377772536679254,-0.0013022478373459297,0
1.5425,0.015715712756817934,-0.0014115591808677758,0.0030658175549283405,-0.058152039969430851,-0.0012377772536679254,-0.0013022478373459297,0
1.5449999999999999,0.015711687547449945,-0.0018077579486667499,0.0029249484902931695,-0.054553308643395415,-0.0030698804824248649,-0.0042940430122005678,0
1.5475000000000001,0.015706145712818694,-0.0026249392103235517,0.0027972779374318408,-0.047592283362335827,-0.0030698804824248649,-0.0042940430122005678,0
1.55,0.015698566441565077,-0.0034378118603083908,0.0026869444429033665,-0.040682419672574903,0.00028768216855069037,-0.00036008812358761632,0
1.5525,0.015689935360800863,-0.0034664432154707043,0.0025859934350458392,-0.040085623466850621,0.00028768216855069037,-0.00036008812358761632,0
1.5549999999999999,0.015681237250648419,-0.0034914440501566334,0.0024864804086746524,-0.03953193142476373,0.0016086211099392549,-0.0053009937794171484,0
1.5575000000000001,0.015672864962100134,-0.0032057752734601015,0.0023852155114767442,-0.041487246363965516,0.0016086211099392549,-0.0053009937794171484,0
1.5600000000000001,0.015665211505662021,-0.0029163485109952579,0.0022790070004395824,-0.043487176904220159,0.0027174375032383612,0.00060599257905478055,0
1.5625,0.015658608702005559,-0.002365206813999998,0.0021651528659971065,-0.047604293745637662,0.0027174375032383612,0.00060599257905478055,0
1.5649999999999999,0.015653389065001945,-0.0018097526560421082,0.0020409428711393608,-0.051772607657748181,0.0045267341856782273,-0.0051044627514914946,0
1.5675000000000001,0.015650089593476583,-0.00082898547603306146,0.0019020208273247637,-0.059374988583706087,0.0045267341856782273,-0.0051044627514914946,0
1.5700000000000001,0.015649248620032249,0.00015716104464803338,0.0017440147152215869,-0.067041230441368213,-0.0023616769255872666,-0.0053532751888427411,0
1.5725,0.015648878816536822,-0.0004520307985043544,0.0015828310600407198,-0.061917247083314739,-0.0023616769255872666,-0.0053532751888427411,0
1.575,0.015646993137960728,-0.0010556158152252868,0.0014343730082315297,-0.056859835809700908,0.0052850495132796436,-0.0013375459112434625,0
1.5775000000000001,0.015645827026291279,0.00012365500155066809,0.0012806346549223094,-0.066141869951487825,0.0052850495132796436,-0.0013375459112434625,0
1.5800000000000001,0.015647616405901593,0.0013089178319706002,0.0011036043834882253,-0.0754950399619915,0.0037879930245635833,-0.0086970447715315653,0
1.5825,0.015651942296405312,0.0021529842995339429,0.0009065857056218137,-0.082134027183052905,0.0037879930245635833,-0.0086970447715315653,0
1.585,0.015658387526521631,0.003004490349937528,0.00069286064899004096,-0.088861340269573819,-0.0030347458212550277,-0.0025059593608789659,0
1.5875000000000001,0.015664988887349521,0.002277894745520682,0.00047812264766591226,-0.082944453661965609,-0.0030347458212550277,-0.0025059593608789659,0
1.5900000000000001,0.015669783259250759,0.0015588106367338964,0.00027806406655736261,-0.077116752252305965,0.0063299807108141287,-0.0078733791494371985,0
1.5925,0.015675509985251575,0.0030238227383084415,7.0613887592619191e-05,-0.088858262431296686,0.0063299807108141287,-0.0078733791494371985,0
1.595,0.015684909078704755,0.004496882415957474,-0.00016630686265543709,-0.10069532097741529,-0.0030071918628791225,-0.00034084792881064235,0
1.5975000000000001,0.015695288777543014,0.0038083550281129584,-0.00041116134060697085,-0.095205814083787532,-0.0030071918628791225,-0.00034084792881064235,0
1.6000000000000001,0.015703958038680639,0.0031284502343331237,-0.00064242123784738795,-0.089818682330204125,0.00077240172324437209,0.0060755586133567933,0
1.6025,0.015712036089804204,0.0033353595641366566,-0.00086915624242341549,-0.091585574455001928,0.00077240172324437209,0.0060755586133567933,0
1.605,0.015720641747626857,0.0035505629796815964,-0.0011004311670459457,-0.09345094361933326,-0.0067331029533067915,0.0050934033455567792,0
1.6074999999999999,0.015727614993846818,0.0020293539565892915,-0.0013189779842164464,-0.081402180396326546,-0.0067331029533067915,0.0050934033455567792,0
1.6100000000000001,0.015730794662569218,0.00051551982352554451,-0.0015075150219754712,-0.069440969051297138,-0.0095313069589772585,0.0011860948422942196,0
1.6125,0.01572938472985156,-0.0016425464373016818,-0.001659714496437735,-0.052329526142795214,-0.0095313069589772585,0.0011860948422942196,0
1.615,0.015722585882090134,-0.0037958701688108852,-0.0017692095607219848,-0.035274378634071915,-0.0061196185744965227,0.00018517508856012651,0
1.6174999999999999,0.015711399414589763,-0.0051528515348923934,-0.0018440803455615623,-0.024627618423271061,-0.0061196185744965227,0.00018517508856012651,0
1.6200000000000001,0.015696823483876993,-0.0065076013066519356,-0.0018923697263041515,-0.014007349239542459,-0.0042503389415623006,-0.0032805168700293973,0
1.6225000000000001,0.015679405642425818,-0.0074265140611037995,-0.0019184922432457909,-0.0068925375329179518,-0.0042503389415623006,-0.0032805168700293973,0
1.625,0.015659691433900263,-0.0083448023364608541,-0.0019268385909722607,0.00021486076452964346,-0.0013740724079250725,0.00041753241411796808,0
1.6274999999999999,0.015638517402256573,-0.0085944393297477887,-0.0019241304875722623,0.0019518160807531692,-0.0013740724079250725,0.00041753241411796808,0
1.6300000000000001,0.015616719089926836,-0.0088442531214519889,-0.0019170777615011387,0.0036908703821766022,0.0028319198314204152,0.0051978845362180117,0
1.6325000000000001,0.015595518038622974,-0.0081165975212262216,-0.00191548893472125,-0.0024196949781195216,0.0028319198314204152,0.0051978845362180117,0
1.635,0.015576136284913155,-0.0073887228153223274,-0.0019291784043926686,-0.0085328618774840551,0.0013125463745800518,-0.0023184835001686713,0
1.6375,0.015558133567741441,-0.0070132973549595157,-0.0019546149173514421,-0.01181817179268429,0.0013125463745800518,-0.0023184835001686713,0
1.6400000000000001,0.015541070689962274,-0.0066368016234877401,-0.0019882798519945261,-0.01511618905305378,-0.00055433375229303435,-0.0048163616544303102,0
1.6425000000000001,0.015524408221154204,-0.0066929465468764503,-0.0020258524125299953,-0.014944552952636353,-0.00055433375229303435,-0.0048163616544303102,0
1.645,0.015507607085129214,-0.0067477378666940787,-0.0020630160077225223,-0.014788987458257036,0.006873698754239578,0.0044808027313126544,0
1.6475,0.015492829089075314,-0.0050743323510863778,-0.002117146406844335,-0.028519210478817465,0.006873698754239578,0.0044808027313126544,0
1.6500000000000001,0.015482237574394387,-0.0033983454407411065,-0.0022056376033818105,-0.042280087458882995,-0.0022792316922482471,0.0074985609569577045,0
1.6525000000000001,0.015473180891360948,-0.0038463874894924931,-0.0023072233088586866,-0.038995760340804667,-0.0022792316922482471,0.0074985609569577045,0
1.655,0.01546300858045295,-0.0042908970014494882,-0.002400651350279219,-0.035753371368740322,0.0025598250909659634,0.0025132394919788114,0
1.6575,0.01545313523674597,-0.003607194483357546,-0.002497315733298114,-0.041585063163875842,0.0025598250909659634,0.0025132394919788114,0
1.6600000000000001,0.015444975745452083,-0.002919726754162869,-0.0026086139192042427,-0.047461462396972243,-0.008483003567020515,0.0018202960924536781,0
1.6625000000000001,0.015435331367754481,-0.0047951693532411058,-0.0027088935490246439,-0.032769434901096364,-0.008483003567020515,0.0018202960924536781,0
1.665,0.015421002373954778,-0.0066676413099477395,-0.0027724904733861374,-0.01811266683751326,-0.0014666135753123382,0.0058746819672540187,0
1.6675,0.015404033344161124,-0.0069073206936617945,-0.0028158481189210693,-0.016576558093858797,-0.0014666135753123382,0.0058746819672540187,0
1.6699999999999999,0.015386467021656159,-0.0071454985329747339,-0.0028553881179409595,-0.01505827592418592,-0.0057915493250222652,-0.0078071684728079401,0
1.6725000000000001,0.015367050253957465,-0.008387760508182171,-0.0028810593756733579,-0.0054805715461592203,-0.0057915493250222652,-0.0078071684728079401,0
1.675,0.015344528632964639,-0.0096295257811374775,-0.0028827958881555201,0.0040912368644781989,-0.0094095917888915581,0.0016716233386802686,0
1.6775,0.015317850989948849,-0.011712773816380424,-0.002852155667310707,0.020423137703701383,-0.0094095917888915581,0.0016716233386802686,0
1.6799999999999999,0.015285963220868297,-0.013797873563782814,-0.0027806618860899968,0.036777015944663156,0.0022128331709654107,0.002102626591767603,0
1.6825000000000001,0.015252236077435883,-0.013184356075706748,-0.0026953622871984636,0.03146877690060472,0.0022128331709654107,0.002102626591767603,0
1.6850000000000001,0.015220039066297344,-0.012573687894287752,-0.0026232898110359146,0.026194369796147941,0.0025517396785993303,0.006407475890744847,0
1.6875,0.015189464140930774,-0.011886603301262825,-0.0025651579210573257,0.020315308727028122,0.0025517396785993303,0.006407475890744847,0
1.6899999999999999,0.015160604517103726,-0.011201358120843042,-0.0025216950686318771,0.014458088414104793,-0.0020249006141616213,0.00023177883574839272,0
1.6925000000000001,0.015132126381183792,-0.011581389289674551,-0.0024821734387780068,0.017162048999956665,-0.0020249006141616213,0.00023177883574839272,0
1.6950000000000001,0.015102696275205199,-0.011962975126953886,-0.0024358694441144776,0.019884466530022661,-0.0023112483671200255,0.00065470305892646437,0
1.6975,0.01507222679772525,-0.012412931794769272,-0.0023820650001942219,0.023162946222329298,-0.0023112483671200255,0.00065470305892646437,0
1.7,0.01504062986777569,-0.012864986783933214,-0.0023200339555625848,0.026466336915955284,-0.0018154716421494399,-0.0033882788478294037,0
1.7025000000000001,0.015008043928856791,-0.013204182047523811,-0.0022508666574903476,0.028872460465144412,-0.0018154716421494399,-0.0033882788478294037,0
1.7050000000000001,0.014974606778228461,-0.013545992707130125,-0.0021756457802868143,0.031309634219981355,-0.0014033275370267991,-0.0011466857815897067,0
1.7075,0.01494043136306498,-0.013794824893988797,-0.0020952523057825119,0.033010909006992196,-0.0014033275370267991,-0.0011466857815897067,0
1.71,0.01490563016218914,-0.01404664722506321,-0.002010561654711987,0.03474768354038496,0.0014143364483988684,0.0044380578894590694,0
1.7125000000000001,0.014871014263129083,-0.013646570121968902,-0.0019280587217463871,0.031260576819256557,0.0014143364483988684,0.0044380578894590694,0
1.7150000000000001,0.014837394952673714,-0.013249323972898547,-0.0018542307631098322,0.02780708228099904,0.00085836469229456263,0.0059198550305862791,0
1.7175,0.014804603990125335,-0.012983847754814449,-0.001787700847648333,0.025421619292580779,0.00085836469229456263,0.0059198550305862791,0
1.72,0.014772473795480825,-0.012720673855085504,-0.0017270998895212535,0.023063491417574977,-0.00086537554924528265,0.01375765787278928,0
1.7225000000000001,0.014740497993931213,-0.012860322205056108,-0.001668339789055006,0.023948801518583751,-0.00086537554924528265,0.01375765787278928,0
1.7250000000000001,0.01470817037693577,-0.01300213976952207,-0.0016073344223648419,0.024859865360708021,0.0041363264144350393,0.0039634861527788499,0
1.7275,0.01467693882007221,-0.01198341747572877,-0.0015556913761078566,0.016458273290474799,0.0041363264144350393,0.0039634861527788499,0
1.73,0.014648252047809307,-0.010966185445718927,-0.0015250283119369401,0.0080743759714280508,-0.015225002176760866,0.0013768292893001481,0
1.7324999999999999,0.014616481241035373,-0.014450791759692541,-0.0014701259343906296,0.03585146405885338,-0.015225002176760866,0.0013768292893001481,0
1.7350000000000001,0.014575995380721716,-0.017938648173172974,-0.001345738846409673,0.063667128342519752,0.0037121981355116795,0.0055632288169520172,0
1.7375,0.014532285996561933,-0.01702976352358606,-0.0011959297499242931,0.056190886865367211,0.0037121981355116795,0.0055632288169520172,0
1.74,0.014490842323302958,-0.016125967117890584,-0.0010647340711659116,0.048775060235446713,-0.0011392857731929219,0.012294872784220765,0
1.7424999999999999,0.01445024272658061,-0.016354459291809592,-0.00094068811551262753,0.05047059715562166,-0.0011392857731929219,0.012294872784220765,0
1.7450000000000001,0.014409066217695126,-0.016587522846806896,-0.00081233586128403213,0.052220407780264766,0.0020426928706259776,0.0064531767030466406,0
1.7475000000000001,0.014368225797601183,-0.01608557018371249,-0.00068696555131934358,0.048084827433983054,0.0020426928706259776,0.0064531767030466406,0
1.75,0.014328634738053661,-0.015587972394172093,-0.00057186864084602502,0.044000951834261545,-0.004911991377945242,0.0065898291686364808,0
1.7524999999999999,0.014288261706509819,-0.016711184597077891,-0.00045069015677755894,0.05295052300191859,-0.004911991377945242,0.0065898291686364808,0
1.7550000000000001,0.014245074818525204,-0.017839193041013002,-0.00030706857762960893,0.061957036656996589,-0.0025475331927152303,0.005695196766347721,0
1.7575000000000001,0.014199748135235363,-0.018423123918201043,-0.00014636775626535939,0.066615140788820429,-0.0025475331927152303,0.005695196766347721,0
1.76,0.014152954171541186,-0.019013088187119987,2.6066815041153374e-05,0.071344877574252188,-0.0034339461726493499,0.0148506592766206,0
1.7625,0.014104419734045866,-0.019815587375920186,0.0002124893156018211,0.077806486613353723,-0.0034339461726493499,0.0148506592766206,0
1.7650000000000001,0.014053870363072768,-0.020625133072927116,0.00041516896138513778,0.084351758742428007,-0.0041944245633796229,0.0015293015610829172,0
1.7675000000000001,0.014001066721879195,-0.021619113644907418,0.00063609852936347762,0.092407731863859713,-0.0041944245633796229,0.0015293015610829172,0
1.77,0.01394576782223402,-0.022621462064413497,0.00087729040983671,0.1005630604062336,0.0043474567945025779,0.0095557682041008465,0
1.7725,0.01389043394072804,-0.021647103143366875,0.0011190684569709237,0.09287671113727955,0.0043474567945025779,0.0095557682041008465,0
1.7750000000000001,0.01383752529644126,-0.020681157093078419,0.0013417571915754624,0.085290242409492775,-0.0028171593613045675,0.0042122143404469256,0
1.7775000000000001,0.013784939812885588,-0.021388561154353877,0.0015623172020669282,0.091173574671950627,-0.0028171593613045675,0.0042122143404469256,0
1.78,0.013730575611818147,-0.022104220549035339,0.0017977067430872162,0.097154929184158814,-0.0042204240938541176,-0.0010314061010561831,0
1.7825,0.013674003618770804,-0.023154905280529912,0.0020514538738160898,0.1058609600202073,-0.0042204240938541176,-0.0010314061010561831,0
1.7850000000000001,0.013614793100342998,-0.024215172912766675,0.0023271063638553189,0.11468078535718555,0.00025544945174867171,0.0076398836633150306,0
1.7875000000000001,0.01355421970189304,-0.024245280914122837,0.002614514599335472,0.11526640437468526,0.00025544945174867171,0.0076398836633150306,0
1.79,0.013493557998406319,-0.024285826686393713,0.0029035416543160609,0.1159759567631137,0.0083532878512977381,0.0024414511138693001,0
1.7925,0.01343513487195353,-0.022454318563355155,0.0031755994399395074,0.10168978661174538,0.0083532878512977381,0.0024414511138693001,0
1.7949999999999999,0.013381278724380758,-0.020632028756636289,0.0034120817594168792,0.087513033264263018,0.01020080267146246,0.010335244295318768,0
1.7975000000000001,0.013332504961887898,-0.018388171411360732,0.0036089313415278374,0.069980757244341718,0.01020080267146246,0.010335244295318768,0
1.8,0.013289332578805409,-0.016150660909658929,0.0037620483079546427,0.052523803456130974,0.014840514608240903,0.0081939316877438113,0
1.8025,0.013253095875450866,-0.012839299215789607,0.0038607693464797958,0.026460115679764053,0.014840514608240903,0.0081939316877438113,0
1.8049999999999999,0.013225134081396516,-0.0095303394230899299,0.0038943726307411417,0.00042492485737543814,0.0015330677764307215,0.0087753920006254614,0
1.8075000000000001,0.013201577327470355,-0.0093150611740929687,0.0038939511324925075,-0.00076215365602238399,0.0015330677764307215,0.0087753920006254614,0
1.8100000000000001,0.013178558833056242,-0.0090997138874980704,0.0038905611794536193,-0.0019500517945658324,0.0061375097555803398,0.0021814180017351889,0
1.8125,0.013157416843544054,-0.0078137743473128511,0.0038734533269015985,-0.011737457245427012,0.0061375097555803398,0.0021814180017351889,0
1.8149999999999999,0.013139490847935139,-0.0065267708138368897,0.0038318633696215274,-0.021537491675612162,-0.00084080668371283021,0.0066198138844075129,0
1.8175000000000001,0.013122756885864853,-0.00686009803315288,0.0037820325014975534,-0.018330774504310806,-0.00084080668371283021,0.0066198138844075129,0
1.8200000000000001,0.013105191740815279,-0.0071917654359417047,0.0037401930754226843,-0.015143765263661138,0.0010482371388208112,0.0030087678415431905,0
1.8225,0.013087348112349689,-0.0070829060578892758,0.0037018914674656627,-0.015500266943167919,0.0010482371388208112,0.0030087678415431905,0
1.825,0.013069778380376514,-0.006972642734662339,0.0036626778517305763,-0.015873436870602366,0.0064991712413813192,-0.0046941296147027765,0
1.8275000000000001,0.01305407000966209,-0.0055937342228563527,0.0036097886824658413,-0.026441692161493419,0.0064991712413813192,-0.0046941296147027765,0
1.8300000000000001,0.0130418117065589,-0.0042124287855405205,0.0035304456841729389,-0.037038397574687763,0.00077501637919797544,0.0029665174150452882,0
1.8325,0.01303134735576679,-0.0041584931857176011,0.003437922535599579,-0.036986754076617265,0.00077501637919797544,0.0029665174150452882,0
1.835,0.013021022031999122,-0.004101207642986964,0.0033454787729213496,-0.036974883186662991,0.0038459066027131334,0.00027359587350668095,0
1.8375000000000001,0.013011736439766254,-0.0033266643158187639,0.0032458481214048987,-0.042736782351623925,0.0038459066027131334,0.00027359587350668095,0
1.8400000000000001,0.013004391937106488,-0.0025482486423410848,0.0031317565568951006,-0.048544650472114335,-0.0028106057780449018,0.007968571744113636,0
1.8425,0.012997064624225405,-0.0033129188135857298,0.0030186164223849907,-0.041975565503601125,-0.0028106057780449018,0.007968571744113636,0
1.845,0.012987830509492032,-0.0040737888757030501,0.0029218411300729343,-0.035451604042011073,0.0013908715453336499,0.00074830902864447444,0
1.8475000000000001,0.012977919214096708,-0.0038547020288928948,0.0028315211589890268,-0.036810848096605703,0.0013908715453336499,0.00074830902864447444,0
1.8500000000000001,0.012968559777714089,-0.0036322808490396544,0.0027377539040811683,-0.03820967824307888,0.00141248129890022,0.0064105830279255335,0
1.8525,0.012959766973139258,-0.0034013748515379504,0.0026403880954688568,-0.039689949056404251,0.00141248129890022,0.0064105830279255335,0
1.855,0.012951555899128466,-0.0031668737314789054,0.0025392685933688505,-0.041212902138920905,0.0013256129805177908,0.0086604063713553916,0
1.8574999999999999,0.012943910472927967,-0.002948834510282538,0.0024344893903977547,-0.042617972074578493,0.0013256129805177908,0.0086604063713553916,0
1.8600000000000001,0.012936814943206105,-0.0027269349940963763,0.0023261405441408838,-0.044068872674783939,-0.006622122018778512,-0.00070797374749280678,0
1.8625,0.012927969670162315,-0.0043487193200103524,0.002232654217899417,-0.030726887310698656,-0.006622122018778512,-0.00070797374749280678,0
1.865,0.012915073664002543,-0.0059677224725225835,0.0021724785884647845,-0.017417928450404081,0.00095214498062171896,-0.0066903531261580575,0
1.8674999999999999,0.012900333304655939,-0.005824295647230777,0.0021278718916231481,-0.018270626928851338,0.00095214498062171896,-0.0066903531261580575,0
1.8700000000000001,0.012885953564741221,-0.0056792139073147015,0.0020811090821528824,-0.019142973127917746,0.0021865409489433656,0.0029151348433925231,0
1.8725000000000001,0.012872297371393256,-0.0052454276444215409,0.0020292589947239416,-0.022340814242030497,0.0021865409489433656,0.0029151348433925231,0
1.875,0.012859728112871839,-0.0048096175900510987,0.0019693849906154458,-0.025562681746533401,0.010696382337537936,-0.0013492664399223479,0
1.8774999999999999,0.012850724009385523,-0.0023931344956565491,0.0018815620846963021,-0.044701942178860379,0.010696382337537936,-0.0013492664399223479,0
1.8800000000000001,0.012847765816821526,2.7400582652613997e-05,0.0017458352027363917,-0.063889298263829913,-0.0079040601189069599,0.0039210339260462848,0
1.8825000000000001,0.012845460897860142,-0.001870488683604309,0.0016054688204707958,-0.048413866344447512,-0.0079040601189069599,0.0039210339260462848,0
1.885,0.012838417025099774,-0.0037639954706343206,0.001503722508246499,-0.032990475062018312,-7.427454259342325e-05,-0.0056558176211057931,0
1.8875,0.012828918599823051,-0.0038342525904557965,0.001422213389917953,-0.032222662836892589,-7.427454259342325e-05,-0.0056558176211057931,0
1.8900000000000001,0.012819248193972293,-0.0039015912559555469,0.0013425803219276457,-0.031489500314294115,0.00045058382667209271,-0.0026151945089927151,0
1.8925000000000001,0.012809565534285944,-0.0038440590597279911,0.0012635127339805188,-0.031770238370360929,0.00045058382667209271,-0.0026151945089927151,0
1.895,0.012800030296437968,-0.0037836492896378324,0.0011837006626262414,-0.032085140413501488,0.0037868139821188003,0.0017848256792523372,0
1.8975,0.012791619157425382,-0.0029447278872420943,0.0010952720261581362,-0.038664108761877765,0.0037868139821188003,0.0017848256792523372,0
1.9000000000000001,0.012785309575508852,-0.0021023039907129937,0.00099034547040962369,-0.045284658596127535,0.0018606948434904671,0.002433747850943396,0
1.9025000000000001,0.012780551359918743,-0.0017035617222695559,0.00087330342656335525,-0.048357367385396192,0.0018606948434904671,0.002433747850943396,0
1.905,0.012776795416660262,-0.0013004393589718991,0.00074851530207114712,-0.051482078376474942,-0.00055748255522796992,-0.00030225327848295127,0
1.9075,0.012773350369203414,-0.001454831629107562,0.00062149057225873729,-0.050146811570449312,-0.00055748255522796992,-0.00030225327848295127,0
1.9100000000000001,0.012769525043015605,-0.0016046820859937771,0.00049773631200441604,-0.048865468316335439,4.2725342431468457e-05,0.0043754237733711517,0
1.9125000000000001,0.012765505056441294,-0.0016105704136206572,0.00037571864918420041,-0.048757409208246193,4.2725342431468457e-05,0.0043754237733711517,0
1.915,0.012761475870669709,-0.0016120426785459199,0.00025390557803262059,-0.048701780319312021,0.0012100674288570224,0.0057019535432587913,0
1.9175,0.012757787727703824,-0.0013377201598998149,0.00012944170353342281,-0.050878241935082648,0.0012100674288570224,0.0057019535432587913,0
1.9199999999999999,0.012754791109675518,-0.001058789471128438,-5.3122013211185141e-07,-0.053109414532944155,-0.011014924924015804,-0.00023938811953376406,0
1.9225000000000001,0.012748945420100785,-0.0036171155130861319,-0.0001076216083748421,-0.032570573711114895,-0.011014924924015804,-0.00023938811953376406,0
1.925,0.012736707990301683,-0.0061724913905759123,-0.00016341327321725427,-0.012066758350308293,-0.0023909579619121389,0.005993751815965568,0
1.9275,0.012720589847338913,-0.0067218739446420935,-0.00018809329174789856,-0.0076790258761622911,-0.0023909579619121389,0.005993751815965568,0
1.9299999999999999,0.012703099200130279,-0.0072705609565472465,-0.00020181528326072712,-0.0032995511474686583,0.000544722827202426,-0.0050584451313970009,0
1.9325000000000001,0.01268509034888503,-0.0071364618910696662,-0.00021144545401686961,-0.0044052758247010125,0.000544722827202426,-0.0050584451313970009,0
1.9350000000000001,0.012667417223154752,-0.0070019638185465785,-0.00022384560974095019,-0.0055157377011499087,-0.0051660024300167785,-0.003138042373974297,0
1.9375,0.012648421509577682,-0.0081945958256340289,-0.0002257010866141167,0.0040312230256870588,-0.0051660024300167785,-0.003138042373974297,0
1.9399999999999999,0.012626443939732836,-0.0093875929788428125,-0.00020368588195321163,0.013582518869432798,0.0048685278066882068,0.0076432960316985873,0
1.9425000000000001,0.01260439837791634,-0.0082489922864150498,-0.00018119544909658592,0.0044114398584672414,0.0048685278066882068,0.0076432960316985873,0
1.9450000000000001,0.012585198645401398,-0.0071107911458812151,-0.00018162473028265441,-0.0047548954345286252,0.0054851998011165538,0.0021799971103078513,0
1.9475,0.012569023975128006,-0.0058287954109254268,-0.00020641340948927218,-0.015077824810273633,0.0054851998011165538,0.0021799971103078513,0
1.95,0.0125560558062861,-0.0045454340698628448,-0.00025702736468499412,-0.025416967550424045,-0.0018957403193527707,-0.0062705753230364461,0
1.9525000000000001,0.012544153951480603,-0.0049756918860866441,-0.00031629498678289103,-0.022001379125344698,-0.0018957403193527707,-0.0062705753230364461,0
1.9550000000000001,0.012531179007374911,-0.0054039568870313838,-0.00036705397465099001,-0.018609450190092885,-0.0013812245152614309,-0.006951132321344815,0
1.9575,0.012517285080805636,-0.0057109216577133828,-0.00041055971725497396,-0.016198262897549151,-0.0013812245152614309,-0.006951132321344815,0
1.96,0.012502625621626297,-0.0060164192392848856,-0.00044805980360576575,-0.01380449464178707,0.0055038841219884546,0.00082603433465367967,0
1.9625000000000001,0.012489204717634567,-0.0047200165543902833,-0.00049566339247854156,-0.024281788720631071,0.0055038841219884546,0.00082603433465367967,0
1.9650000000000001,0.012479027371269789,-0.0034214148190711896,-0.00056949050334284979,-0.034785191974278928,0.0034766774201171681,-0.0023608385578527311,0
1.9675,0.012471511198154385,-0.0025909476967255428,-0.00066488931740628387,-0.041540697786973738,0.0034766774201171681,-0.0023608385578527311,0
1.97,0.012466075767598783,-0.0017567184915237011,-0.00077723121173858649,-0.048340870614053039,0.0014100910256449038,-0.0032069453264655119,0
1.9725000000000001,0.012462130740507284,-0.0013985509814715539,-0.00090181387723714881,-0.051334192532130382,0.0014100910256449038,-0.0032069453264655119,0
1.9750000000000001,0.012459086886641336,-0.0010357343277060125,-0.0010339481692710406,-0.054382713093240206,0.0015426734693823746,0.0041456137965351653,0
1.9775,0.012456994698868825,-0.00063716980550379727,-0.0011740855958873517,-0.057737273747797593,0.0015426734693823746,0.0041456137965351653,0
1.98,0.012455905394603946,-0.00023337644111996454,-0.0013226862686281189,-0.061153916538119642,0.0037118978608590265,0.00045092314817374746,0
1.9825000000000002,0.012456462767925586,0.00068025473599267038,-0.0014849726042270727,-0.068686783793726391,0.0037118978608590265,0.00045092314817374746,0
1.9850000000000001,0.012459311850606215,0.0016001052221879587,-0.0016661817210486547,-0.076293497410775221,-0.012496269369622056,0.00055669247816273739,0
1.9875,0.012459759264591679,-0.0012411919752771672,-0.0018286811579781733,-0.053717708679478324,-0.012496269369622056,0.00055669247816273739,0
1.99,0.01245310994839505,-0.0040776194716626822,-0.0019348184260037336,-0.031199719889765491,-0.00011295442709771003,0.0014150321842077418,0
1.9924999999999999,0.012442971876112889,-0.0040323626167169573,-0.0020136083754212801,-0.03183788790495725,-0.00011295442709771003,0.0014150321842077418,0
1.9950000000000001,0.012432950538080927,-0.0039842221826843086,-0.0020940363927749498,-0.032510291652291551,-0.0041658563386117644,-0.0032604782389044733,0
1.9975000000000001,0.012421875525025649,-0.0048753491669707725,-0.0021667301609424369,-0.025649935516044657,-0.0041658563386117644,-0.0032604782389044733,0
2,0.012408575728698671,-0.0057641521730324692,-0.0022223090585574705,-0.018817168017850321,-3.8111138936214816e-05,0.20339825035101514,0.80000000000000004
2.0024999999999999,0.012394255625577676,-0.0056916395514756803,-0.0022704663314783943,-0.019712102562620029,-3.8111138936214816e-05,0.20339825035101514,0.80000000000000004
2.0049999999999999,0.012380119018579111,-0.0056173416082390092,-0.0023208872336134409,-0.020628233654660752,-0.0021536246009248956,0.20872327528956103,0.80000000000000004
2.0074999999999998,0.012365555748561904,-0.0060329857177808741,-0.0023686887330102865,-0.017616393141283115,-0.0021536246009248956,0.20872327528956103,0.80000000000000004
2.0100000000000002,0.012349955419728408,-0.0064470339863583939,-0.0024089849858590796,-0.014623498317056614,-0.14505599250539664,0.20172930560463359,0.80000000000000004
2.0125000000000002,0.012291797111445263,-0.040081451725682803,-0.0021083093648657327,0.25518574207580313,-0.14505599250539664,0.20172930560463359,0.80000000000000004
2.0150000000000001,0.012149528688662476,-0.073739219599875255,-0.0011328258500519696,0.52527136609082681,-0.15472699290770547,0.21927686305125429,0.80000000000000004
2.0175000000000001,0.011920251063883244,-0.10969293852273393,0.00054108969512835529,0.81398074255766839,-0.15472699290770547,0.21927686305125429,0.80000000000000004
2.02,0.011601003417392982,-0.14571929144092105,0.0029378009072928194,1.1035573234555436,-0.15082062402182614,0.24164196707616048,0.80000000000000004
2.0225,0.011192709515136198,-0.18093366567917268,0.0060507247751199495,1.3869975427716161,-0.15082062402182614,0.24164196707616048,0.80000000000000004
2.0249999999999999,0.010696237427918597,-0.21626513224325586,0.0098739772901578933,1.6718634163764921,-0.12767098287358233,0.25366033932233278,0.80000000000000004
2.0274999999999999,0.010117995907696003,-0.24635210559293644,0.014357426000643832,1.9151934173489149,-0.12767098287358233,0.25366033932233278,0.80000000000000004
2.0300000000000002,0.009464351461170294,-0.27658950110459618,0.01945151275225885,2.1604047077668111,-0.11721262920057068,0.2729600898411414,0.80000000000000004
2.0325000000000002,0.0087379503454107724,-0.30455923562136433,0.025136778879265059,2.3881655785897848,-0.11721262920057068,0.2729600898411414,0.80000000000000004
2.0350000000000001,0.0079414132861783185,-0.33269924774220505,0.031394184289265097,2.6181379600231547,-0.085259338461735196,0.28081234433859986,0.80000000000000004
2.0375000000000001,0.0070835744130059294,-0.35360282063768755,0.038155009819105593,2.7909313277905388,-0.085259338461735196,0.28081234433859986,0.80000000000000004
2.04,0.0061732439049550494,-0.37469264387702672,0.045350915230711594,2.9662132815521485,-0.061934916804847001,0.29857254884114426,0.80000000000000004
2.0425,0.005216706762102283,-0.39056988625694022,0.052934013144723402,3.1007093032356896,-0.061934916804847001,0.29857254884114426,0.80000000000000004
2.0449999999999999,0.0042202313096530442,-0.40664286508088671,0.060856696606219091,3.2378867648988199,-0.045089290671172677,0.30544732892687559,0.80000000000000004
2.0474999999999999,0.0031881931713274711,-0.4190214923047258,0.069086696981120868,3.3465825187807869,-0.045089290671172677,0.30544732892687559,0.80000000000000004
2.0499999999999998,0.0021249563589646214,-0.43160105926359849,0.077591957231320077,3.4580956265744867,-0.010493156763157695,0.30672263762175794,0.80000000000000004
2.0525000000000002,0.001039968108447465,-0.43642762803407514,0.086299785742501439,3.5086830169504744,-0.010493156763157695,0.30672263762175794,0.80000000000000004
2.0550000000000002,-5.7370617905567155e-05,-0.44148078423055559,0.095137946636010537,3.5623595559773116,0.010416410618847571,0.30944620564397779,0.80000000000000004
2.0575000000000001,-0.0011616417809697033,-0.44197725177663072,0.10406623431091051,3.5808167372371233,0.010416410618847571,0.30944620564397779,0.80000000000000004
2.0600000000000001,-0.0022674608646286983,-0.44271849773854816,0.11304475152017195,3.6025394021672366,0.028278937811572723,0.32501723134465743,0.80000000000000004
2.0625,-0.0033703579985144439,-0.43964344422139157,0.12204099009946132,3.5950248500425301,0.028278937811572723,0.32501723134465743,0.80000000000000004
2.0649999999999999,-0.004465897690278115,-0.43683191410707067,0.13102272864788359,3.5909338416472218,0.042899700589544773,0.31414563071505802,0.80000000000000004
2.0674999999999999,-0.0055506073716985061,-0.43098285158956467,0.13996548712778975,3.5638675498633146,0.042899700589544773,0.31414563071505802,0.80000000000000004
2.0699999999999998,-0.0066210452941495501,-0.42541380510815496,0.1488450206281533,3.540346454525217,0.053016902946882098,0.3073852509571946,0.80000000000000004
2.0725000000000002,-0.0076750729231262202,-0.41785696829847119,0.15764751016518463,3.5022494471479457,0.053016902946882098,0.3073852509571946,0.80000000000000004
2.0750000000000002,-0.0087105714412399442,-0.41058970188046601,0.16635926626869038,3.4677506695462128,0.066505280699247563,0.30685969231350568,0.80000000000000004
2.0775000000000001,-0.0097245132934291028,-0.40061518702960147,0.1749593488644646,3.4129365296474612,0.066505280699247563,0.30685969231350568,0.80000000000000004
2.0800000000000001,-0.010713901908909296,-0.39094611806908119,0.18342702514545742,3.3618140384507433,0.085674681526481167,0.30245177703617859,0.80000000000000004
2.0825,-0.011674218412195592,-0.37736295926905383,0.19172943534798662,3.2807636364232544,0.085674681526481167,0.30245177703617859,0.80000000000000004
2.085,-0.012600992661773303,-0.36411095837888213,0.19983404988976872,3.2035613186006251,0.09193761540188336,0.2886946964908309,0.80000000000000004
2.0874999999999999,-0.013493334843345325,-0.34981805975973174,0.20773679388711211,3.1192680485167443,0.09193761540188336,0.2886946964908309,0.80000000000000004
2.0899999999999999,-0.014350355452280767,-0.3358521663374277,0.21543351590869556,3.0387259578343646,0.10059140810264938,0.29170079305039737,0.80000000000000004
2.0925000000000002,-0.015170523284884638,-0.32033723246847856,0.22291491210062064,2.9470130988127909,0.10059140810264938,0.29170079305039737,0.80000000000000004
2.0950000000000002,-0.015952312802878069,-0.30514774425735186,0.2301716409512802,2.8589719817313313,0.11645974932275718,0.27954504247622503,0.80000000000000004
2.0975000000000001,-0.016692278619506142,-0.28688174640147535,0.2371790928082799,2.7476132247566207,0.11645974932275718,0.27954504247622503,0.80000000000000004
2.1000000000000001,-0.017386999959723752,-0.26894988268477821,0.24391276141334664,2.6399199985888306,0.10854711233699627,0.27279580074018578,0.80000000000000004
2.1025,-0.018039393059329278,-0.25301441791454132,0.25039821556142483,2.5489971460734036,0.10854711233699627,0.27279580074018578,0.80000000000000004
2.105,-0.018652316282143103,-0.23737205908334896,0.2566604626580884,2.4613332345950223,0.12531659041982912,0.25929644920251421,0.80000000000000004
2.1074999999999999,-0.01922208088421868,-0.2184906689748374,0.26267269087769307,2.3490011820988763,0.12531659041982912,0.25929644920251421,0.80000000000000004
2.1099999999999999,-0.019745018553903215,-0.19990802166784766,0.26840815948668395,2.2398985909375777,0.12497889497755536,0.24847888765108994,0.80000000000000004
2.1124999999999998,-0.020221945612916802,-0.18167965090705726,0.27387543562227984,2.1344202060525062,0.12497889497755536,0.24847888765108994,0.80000000000000004
2.1150000000000002,-0.02065364095359622,-0.1637202851660875,0.27908268559164684,2.0318522599356386,0.13227633985228157,0.24754182421804627,0.80000000000000004
2.1175000000000002,-0.021038872355085315,-0.14450805002817457,0.28402214066387321,1.9201741349023409,0.13227633985228157,0.24754182421804627,0.80000000000000004
2.1200000000000001,-0.021376390783207778,-0.1255473417959902,0.28868579878188777,1.8111873771026055,0.13668616357676905,0.23258506449550806,0.80000000000000004
2.1225000000000001,-0.021665673683653908,-0.10591812878377317,0.29307128424290319,1.697617245356561,0.13668616357676905,0.23258506449550806,0.80000000000000004
2.125,-0.021906170499546986,-0.086515833300563755,0.29717589554760288,1.5864600918289744,0.13645893320536945,0.23639585511649461,0.80000000000000004
2.1274999999999999,-0.02209848686397577,-0.067371149409717918,0.30100591244009767,1.4779141308013835,0.13645893320536945,0.23639585511649461,0.80000000000000004
2.1299999999999999,-0.022243189392149143,-0.048422268001443537,0.30456720293577544,1.3714525472682835,0.14342436740624481,0.21259856102583188,0.80000000000000004
2.1324999999999998,-0.022338981938237121,-0.028241910736546579,0.30785092418653859,1.2558421114566469,0.14342436740624481,0.21259856102583188,0.80000000000000004
2.1350000000000002,-0.022384542794647612,-0.0082341979756981945,0.31084792970250968,1.1420514002173587,0.13037770305410037,0.21092762612821936,0.80000000000000004
2.1375000000000002,-0.022383577345096845,0.0089836082292038301,0.31358836144456959,1.0505411945915788,0.13037770305410037,0.21092762612821936,0.80000000000000004
2.1400000000000001,-0.022339734506658802,0.02606969104370508,0.31610181825117167,0.96045028526091225,0.13820552964104527,0.19075519885151221,0.80000000000000004
2.1425000000000001,-0.022251360557687918,0.044609528796894088,0.31837628422134157,0.85933467658227836,0.13820552964104527,0.19075519885151221,0.80000000000000004
2.145,-0.022116780884339032,0.06303652292337425,0.32039949237401527,0.75942013926707397,0.13280314390265369,0.18463701981764841,0.80000000000000004
2.1475,-0.021937614787533009,0.080281345892616235,0.32218485776442457,0.66903349320488825,0.13280314390265369,0.18463701981764841,0.80000000000000004
2.1499999999999999,-0.02171544435844313,0.097441911442755824,0.32374541458581424,0.57955267864853199,0.14126762101084597,0.17435087237621602,0.80000000000000004
2.1524999999999999,-0.02144834987173775,0.11622197171895164,0.32506673184674101,0.47762526459117066,0.14126762101084597,0.17435087237621602,0.80000000000000004
2.1550000000000002,-0.021134387341811646,0.13493861119720088,0.32613410131944814,0.37637045155647414,0.14639142889662365,0.17398928562533986,0.80000000000000004
2.1575000000000002,-0.020772419683874489,0.15462816407158622,0.32693903296344834,0.26765222225066887,0.14639142889662365,0.17398928562533986,0.80000000000000004
2.1600000000000001,-0.02036127705674776,0.17428106817857913,0.32747268378333133,0.15931968286724796,0.13688867910519364,0.14958132473711366,0.80000000000000004
2.1625000000000001,-0.019903402101670749,0.19201648340703129,0.32775433510954427,0.066027164755291565,0.13688867910519364,0.14958132473711366,0.80000000000000004
2.165,-0.019401201706410444,0.2097434168470062,0.32780289514269473,-0.027174691762284375,0.129125512743408,0.13888937742943547,0.80000000000000004
2.1675,-0.0188566178918721,0.2259250081145803,0.32763355318525178,-0.10831375980526917,0.129125512743408,0.13888937742943547,0.80000000000000004
2.1699999999999999,-0.018271565683648627,0.24211977964179943,0.32726120730959229,-0.18959568479546507,0.13536540544476725,0.13694867124183882,0.80000000000000004
2.1724999999999999,-0.01764444273006105,0.25958357209533295,0.3266732013606069,-0.28086253008314094,0.13536540544476725,0.13694867124183882,0.80000000000000004
2.1750000000000003,-0.016973618023706446,0.27708312901583804,0.32585657538351187,-0.37251255772744335,0.13511420867421814,0.1321143207462524,0.80000000000000004
2.1775000000000002,-0.016259050284508789,0.29457994268361309,0.3248107052298147,-0.46427871989648228,0.13511420867421814,0.1321143207462524,0.80000000000000004
2.1800000000000002,-0.015500668997056214,0.31213594089491131,0.32353465345562565,-0.55667896441532361,0.1232461535333127,0.12299728422094079,0.80000000000000004
2.1825000000000001,-0.014701283622993448,0.32738399051800626,0.32204991318191661,-0.63124057832209179,0.1232461535333127,0.12299728422094079,0.80000000000000004
2.1850000000000001,-0.013863687149145387,0.34270632496218667,0.3203777732536387,-0.70661507256100564,0.11300703640452725,0.11013009861539017,0.80000000000000004
2.1875,-0.012990254124480698,0.35605351654408979,0.31853619349711332,-0.76679865639422917,0.11300703640452725,0.11013009861539017,0.80000000000000004
2.1899999999999999,-0.012083349585162835,0.36948469680528412,0.31654299860941337,-0.82791999222396306,0.11020510759820708,0.10874487334619275,0.80000000000000004
2.1924999999999999,-0.011143460862011732,0.38244166821345438,0.3144012739647023,-0.88563236362400066,0.11020510759820708,0.10874487334619275,0.80000000000000004
2.1949999999999998,-0.010171061546582653,0.39549428911149898,0.31211394303135276,-0.94441737889120803,0.11025097307364126,0.10736225185048494,0.80000000000000004
2.1975000000000002,-0.0091658924442974913,0.40865865621146064,0.30967813983611803,-1.0044229241667975,0.11025097307364126,0.10736225185048494,0.80000000000000004
2.2000000000000002,-0.0081276770130105196,0.42193254056689283,0.3070908073804921,-1.065653856438171,0.11167370017063502,0.095982536186798584,0.80000000000000004
2.2025000000000001,-0.0070557710370484153,0.43561255966041695,0.30434594996445974,-1.1304583526782435,0.11167370017063502,0.095982536186798584,0.80000000000000004
2.2050000000000001,-0.0059495093618219669,0.44941841859047343,0.30143734861907573,-1.1966634204278104,0.093849370022846379,0.085728746995730562,0.80000000000000004
2.2075,-0.0048131167351501119,0.45971536779483463,0.29839708853506891,-1.2357727628066701,0.093849370022846379,0.085728746995730562,0.80000000000000004
2.21,-0.0036508321651070874,0.47013276003685966,0.29525732294949381,-1.2762764834595699,0.095768317744591325,0.074612934756492069,0.80000000000000004
2.2124999999999999,-0.0024618563332131399,0.48106957009895124,0.29201063415122452,-1.3213234360077641,0.095768317744591325,0.074612934756492069,0.80000000000000004
2.2149999999999999,-0.001245373738293942,0.49213908713820298,0.28864943661310277,-1.3678935452411589,0.088533844227666275,0.068332081161407057,0.80000000000000004
2.2175000000000002,-2.9111539586088551e-06,0.50185303713466611,0.28518451225000169,-1.404303134398583,0.088533844227666275,0.068332081161407057,0.80000000000000004
2.2200000000000002,0.0012640036142742197,0.51170160204090775,0.28162661446113568,-1.4422806636123668,0.087615299758820472,0.070694048811501903,0.80000000000000004
2.2225000000000001,0.0025554747887640067,0.52149877030871428,0.27797363394779817,-1.4803764627333722,0.087615299758820472,0.070694048811501903,0.80000000000000004
2.2250000000000001,0.0038716166184071081,0.53143893709382006,0.2742233469076526,-1.5201347229649378,0.080756345964555915,0.069136559948410586,0.80000000000000004
2.2275,0.0052110042949447301,0.54009479340750755,0.27038562033825864,-1.5503248994470944,0.080756345964555915,0.069136559948410586,0.80000000000000004
2.23,0.0065722102100667342,0.54889421372262015,0.26647031255799108,-1.5822070651979754,0.073140388166854295,0.047369083085390583,0.80000000000000004
2.2324999999999999,0.0079536011258618117,0.55624181612591861,0.26248889068885906,-1.6032098730535183,0.073140388166854295,0.047369083085390583,0.80000000000000004
2.2349999999999999,0.0093535371201743482,0.56373082695181576,0.25845285200069651,-1.625906266276594,0.066434825926790439,0.064664969574768222,0.80000000000000004
2.2375000000000003,0.010770607042826419,0.56994803765890056,0.25437188492747814,-1.639146234087637,0.066434825926790439,0.064664969574768222,0.80000000000000004
2.2400000000000002,0.012203393025270785,0.57630412025979028,0.25025571587188267,-1.6540722959928806,0.072106412505074852,0.058789464037865689,0.80000000000000004
2.2425000000000002,0.01365375045074515,0.58400692919228359,0.24608820137635834,-1.6802378376631493,0.072106412505074852,0.058789464037865689,0.80000000000000004
2.2450000000000001,0.015123554766117826,0.59186226616310489,0.24185301756763533,-1.7082144861931134,0.052960132617840452,0.053222268148528713,0.80000000000000004
2.2475000000000001,0.016608082587523252,0.59578209350472078,0.23758601483015568,-1.7056643508768827,0.052960132617840452,0.053222268148528713,0.80000000000000004
2.25,0.018102576382710119,0.59983530857025091,0.23332330776976035,-1.7047799880168057,0.0526491880057137,0.050576174696904001,0.80000000000000004
2.2524999999999999,0.019607288178793116,0.60395670408030711,0.22906137711185057,-1.7050449240642978,0.0526491880057137,0.050576174696904001,0.80000000000000004
2.2549999999999999,0.021122473475528956,0.60821439594911575,0.22479667552934879,-1.706999130088108,0.050076040296478164,0.045782001843241889,0.80000000000000004
2.2574999999999998,0.022647780800473732,0.61205408039658227,0.22053046705723742,-1.7062484969976144,0.050076040296478164,0.045782001843241889,0.80000000000000004
2.2600000000000002,0.024182857607846286,0.61603025054461891,0.21626402361699068,-1.7071893013882939,0.037467593447416313,0.046913980755771925,0.80000000000000004
2.2625000000000002,0.025724626383252434,0.61740532855091901,0.21202024855398036,-1.6880944473313784,0.037467593447416313,0.046913980755771925,0.80000000000000004
2.2650000000000001,0.027269987220406716,0.61890397586803636,0.20782223423586579,-1.6705802580753955,0.037893114302809776,0.04609874747542439,0.80000000000000004
2.2675000000000001,0.028819365654070239,0.62061956893008563,0.20366511030636822,-1.6553825119040761,0.037893114302809776,0.04609874747542439,0.80000000000000004
2.27,0.030373189266529821,0.62246021023133213,0.1995440040179059,-1.6417660545895394,0.028377649958865377,0.044922585962397163,0.80000000000000004
2.2725,0.031929164111278906,0.62233886588546972,0.19547569192508696,-1.6131322428159105,0.028377649958865377,0.044922585962397163,0.80000000000000004
2.2749999999999999,0.033484979472595031,0.62233257720233615,0.19147710485865471,-1.585984039161527,0.024874300860307456,0.040794774581206332,0.80000000000000004
2.2774999999999999,0.035039958377663598,0.6216690365343388,0.18755221625113205,-1.5541663780597121,0.024874300860307456,0.040794774581206332,0.80000000000000004
2.2800000000000002,0.03659341684250992,0.62111612372852576,0.18370508204108135,-1.5237778977011169,0.029464403082390345,0.050603118229949132,0.80000000000000004
2.2825000000000002,0.038146899335133259,0.62168891032204487,0.17992204641710607,-1.5028913157715176,0.029464403082390345,0.050603118229949132,0.80000000000000004
2.2850000000000001,0.039701956498243339,0.62237582739558206,0.17618942567311077,-1.4834445676579364,0.017414984117622781,0.04434028773193411,0.80000000000000004
2.2875000000000001,0.041255530001003619,0.62050007838413479,0.17253027269890439,-1.4440999489722075,0.017414984117622781,0.04434028773193411,0.80000000000000004
2.29,0.042804541863079068,0.61872629881257901,0.16896782534546667,-1.4060760846707268,0.0079609503312144947,0.036803149303528238,0.80000000000000004
2.2925,0.044346612683887836,0.61494567845528059,0.16551980348437723,-1.3525441887951344,0.0079609503312144947,0.036803149303528238,0.80000000000000004
2.2949999999999999,0.045879345962334804,0.61125590560252818,0.16220410546750091,-1.300211043074663,0.014046962412309353,0.045600236708553822,0.80000000000000004
2.2974999999999999,0.04740466632243321,0.60901574868520736,0.15900421457870489,-1.259899116547232,0.014046962412309353,0.045600236708553822,0.80000000000000004
2.3000000000000003,0.048924500779230731,0.60686688208227679,0.15590363457695239,-1.2207576115187966,0.024243018506472088,0.056225394918789244,0.80000000000000004
2.3025000000000002,0.050441932053939521,0.60709411057262841,0.15287667148742354,-1.2010112817810663,0.024243018506472088,0.056225394918789244,0.80000000000000004
2.3050000000000002,0.05196005087160372,0.60741679202322663,0.14989759151433518,-1.1824490157406664,0.019735810663038908,0.04714242635857125,0.80000000000000004
2.3075000000000001,0.053477828683565674,0.60682067903040493,0.14697356227087238,-1.1569643445530966,0.019735810663038908,0.04714242635857125,0.80000000000000004
2.3100000000000001,0.054994229862173012,0.60631528526051792,0.14411182775943601,-1.1326101830583284,0.0028270739698628231,0.046240722358796574,0.80000000000000004
2.3125,0.056504717478620146,0.60208787169795397,0.14134763170818199,-1.0789154262906535,0.0028270739698628231,0.046240722358796574,0.80000000000000004
2.3149999999999999,0.058004733315338688,0.59793737201233799,0.1387164244014352,-1.0262121734526666,0.0055677736396605119,0.049850801489546639,0.80000000000000004
2.3174999999999999,0.059495239562131978,0.59447995175916835,0.13620959673452124,-0.97940686560724954,0.0055677736396605119,0.049850801489546639,0.80000000000000004
2.3199999999999998,0.060977193544150911,0.59109509708437757,0.13381862165085237,-0.93352370494471204,0.0080229809540107513,0.047635124967251571,0.80000000000000004
2.3225000000000002,0.06245146755492028,0.58833570996647633,0.13153569016769953,-0.89296737764536793,0.0080229809540107513,0.047635124967251571,0.80000000000000004
2.3250000000000002,0.063918929011872447,0.58564462675131512,0.12935306977602673,-0.85326907935627028,0.0029502165937798186,0.063689059921668498,0.80000000000000004
2.3275000000000001,0.06537830835520686,0.58186921110641121,0.12728015187819461,-0.80519631957154991,0.0029502165937798186,0.063689059921668498,0.80000000000000004
2.3300000000000001,0.066828325567092076,0.57815439655979395,0.12532645029457712,-0.75788905493949454,0.015212573310617565,0.063685005916451626,0.80000000000000004
2.3325,0.068272607299842469,0.57728111704882645,0.12346227191611889,-0.73357808731557583,0.015212573310617565,0.063685005916451626,0.80000000000000004
2.335,0.069714781079603341,0.57646775402875372,0.12165794687170665,-0.71000275513568645,-0.0013108945272998235,0.059676922700270994,0.80000000000000004
2.3374999999999999,0.07115030024965241,0.57195613343027485,0.1199492250912059,-0.65708276359273932,-0.0013108945272998235,0.059676922700270994,0.80000000000000004
2.3399999999999999,0.072574602976529165,0.56749398951388319,0.1183720124888868,-0.60478747653075327,0.0083884488575757549,0.057173360331884096,0.80000000000000004
2.3425000000000002,0.073990567091090531,0.56528514273808883,0.11690272843681715,-0.57073666868616346,0.0083884488575757549,0.057173360331884096,0.80000000000000004
2.3450000000000002,0.075401066835173711,0.56312207235536937,0.11551785804241342,-0.53725122100027423,0.012420503283012658,0.057465620984003381,0.80000000000000004
2.3475000000000001,0.076807361434705734,0.56192080338223294,0.11420683914019529,-0.51165198962125469,0.012420503283012658,0.057465620984003381,0.80000000000000004
2.3500000000000001,0.078210706009656503,0.56076172625435883,0.11295916795644415,-0.48656896111480358,0.016995647442295404,0.053770062312299291,0.80000000000000004
2.3525,0.079612507281307948,0.56068604347528972,0.11176314765670682,-0.4703291651756894,0.016995647442295404,0.053770062312299291,0.80000000000000004
2.355,0.081014169456049667,0.56065023853032647,0.11060711932354438,-0.45457277605850405,0.013046152534570143,0.060106007920186992,0.80000000000000004
2.3574999999999999,0.082414664378007388,0.55975186872315119,0.10949891172284214,-0.43206846859640857,0.013046152534570143,0.060106007920186992,0.80000000000000004
2.3599999999999999,0.083812958901905127,0.55888962414472187,0.10844641040317894,-0.41000408742878464,0.015886214974408362,0.068563360124629089,0.80000000000000004
2.3625000000000003,0.085209951603537129,0.55871022930806735,0.10744205287729497,-0.39355087175933717,0.015886214974408362,0.068563360124629089,0.80000000000000004
2.3650000000000002,0.086606537953838381,0.55856432350884933,0.10647831818839697,-0.37750311582333584,0.015751472418972554,0.06710019558137828,0.80000000000000004
2.3675000000000002,0.088002761563435589,0.55841981644744265,0.10555452094373979,-0.3615982239050346,0.015751472418972554,0.06710019558137828,0.80000000000000004
2.3700000000000001,0.089398662755010933,0.55830617450361641,0.10467001600289194,-0.34606664140708981,0.012194823855261692,0.056774804671412077,0.80000000000000004
2.3725000000000001,0.090793300909686916,0.55740905461407253,0.10383202862279108,-0.32438042213759216,0.012194823855261692,0.056774804671412077,0.80000000000000004
2.375,0.092185730813848815,0.55653927964842709,0.10304783717967048,-0.30302628389673369,0.014020568243910035,0.067240695460773867,0.80000000000000004
2.3774999999999999,0.09357654052638166,0.55611266681227334,0.10231245802201314,-0.28532758650133616,0.014020568243910035,0.067240695460773867,0.80000000000000004
2.3799999999999999,0.094966314416177061,0.55571037777923282,0.10162095401334141,-0.26792319356928324,0.022108888718581084,0.05558071025047779,0.80000000000000004
2.3824999999999998,0.096357424555930396,0.55718166429853366,0.10095408239516956,-0.26562110115127308,0.022108888718581084,0.05558071025047779,0.80000000000000004
2.3850000000000002,0.09775224231328776,0.5586764436052466,0.10029261444650203,-0.26359990662083566,0.0074581781940854623,0.069363673229135364,0.80000000000000004
2.3875000000000002,0.099146634721944182,0.55684094095689973,0.099669429115328598,-0.23499052557648445,0.0074581781940854623,0.069363673229135364,0.80000000000000004
2.3900000000000001,0.10053646332559629,0.5550250086841223,0.099117462990139446,-0.20661975683628647,0.021221693994501377,0.061694753310395305,0.80000000000000004
2.3925000000000001,0.10192571309914672,0.55637783288569809,0.098604597787202666,-0.20370855185787132,0.021221693994501377,0.061694753310395305,0.80000000000000004
2.395,0.10331836750171533,0.5577486726877865,0.098098740738213161,-0.20101275693996046,0.012847810650237681,0.058903507472849559,0.80000000000000004
2.3975,0.10471207402819857,0.5572192866984409,0.097618563692960514,-0.1831619728960481,0.012847810650237681,0.058903507472849559,0.80000000000000004
2.3999999999999999,0.10610447699573304,0.55670557458913716,0.097182773048775581,-0.16550059456739871,0.021407894104122971,0.059617882824317042,0.80000000000000004
2.4024999999999999,0.1074980649061142,0.55816718739180471,0.096771278115151099,-0.16372442263148734,0.021407894104122971,0.059617882824317042,0.80000000000000004
2.4050000000000002,0.10889532503868221,0.55964332865989219,0.096364006341564584,-0.16212177886333695,0.022756606320256851,0.057545251126066892,0.80000000000000004
2.4075000000000002,0.1102966798439884,0.56144293559044545,0.095957430673403551,-0.16316760437910863,0.022756606320256851,0.057545251126066892,0.80000000000000004
2.4100000000000001,0.1117025518585678,0.5632571141329038,0.095548023587499933,-0.16438712388480639,0.024849078501471812,0.06210014758737642,0.80000000000000004
2.4125000000000001,0.11311357712926964,0.56556561008776085,0.095130545570901393,-0.16962509754921257,0.024849078501471812,0.06210014758737642,0.80000000000000004
2.415,0.11453039264681492,0.56788939277991157,0.094699746697497908,-0.17504477008846503,0.026251668240049368,0.064000218413749074,0.80000000000000004
2.4175,0.11595343917685988,0.57055053797432875,0.094251944597161533,-0.18322902182622416,0.026251668240049368,0.064000218413749074,0.80000000000000004
2.4199999999999999,0.11738315918248826,0.57322829962423827,0.093783437336508804,-0.1916103933823578,0.016310357200496901,0.060402062750166616,0.80000000000000004
2.4224999999999999,0.11881674555197402,0.57364351448057938,0.093316556761372987,-0.18192670284286175,0.016310357200496901,0.060402062750166616,0.80000000000000004
2.4250000000000003,0.12025138999974462,0.57407462451031921,0.092873644834539193,-0.17243381410269568,0.018573830968334037,0.059208914500063638,0.80000000000000004
2.4275000000000002,0.1216877802090085,0.57504004042791723,0.092449036027699924,-0.16728311762845696,0.018573830968334037,0.059208914500063638,0.80000000000000004
2.4300000000000002,0.12312660250371742,0.57602021982949747,0.092037082052016245,-0.16230906990848931,0.01424247448893968,0.049955980565652987,0.80000000000000004
2.4325000000000001,0.12456665109533356,0.5760209108152945,0.091647302905087227,-0.14954139452899548,0.01424247448893968,0.049955980565652987,0.80000000000000004
2.4350000000000001,0.12600671788573242,0.5760345964216359,0.091289244875949763,-0.13692997674828813,0.014209997965579394,0.061385386898842223,0.80000000000000004
2.4375,0.12744682468248864,0.57605273463812179,0.090962608412142126,-0.12440195961630023,0.014209997965579394,0.061385386898842223,0.80000000000000004
2.4399999999999999,0.12888699057551625,0.57608169368826512,0.090667126690449393,-0.1120040187351625,0.027213612121047073,0.059233070497015219,0.80000000000000004
2.4424999999999999,0.13033097183740849,0.57910510986257857,0.090372590668639202,-0.12364603194724402,0.027213612121047073,0.059233070497015219,0.80000000000000004
2.4449999999999998,0.13178252553941097,0.58213982453739477,0.090048785108634191,-0.13542176340932902,0.019543632481520287,0.053481237238423199,0.80000000000000004
2.4475000000000002,0.13323948045033135,0.58342609386627253,0.089712999641227018,-0.13323036416919012,0.019543632481520287,0.053481237238423199,0.80000000000000004
2.4500000000000002,0.13469966587796062,0.58472420730188701,0.089382515471713497,-0.13118035673299963,0.023272959276674176,0.050721281313512501,0.80000000000000004
2.4525000000000001,0.1361641814959787,0.58689029570703266,0.089048403085522226,-0.13613342283289079,0.023272959276674176,0.050721281313512501,0.80000000000000004
2.4550000000000001,0.13763412758731275,0.58906866218671194,0.08870172677816715,-0.14123239713184918,0.017582999537587345,0.057231028500876954,0.80000000000000004
2.4575,0.13910790213668611,0.58995301916139042,0.08835520672252313,-0.13600806757572687,0.017582999537587345,0.057231028500876954,0.80000000000000004
2.46,0.14058390270222296,0.59084940011246001,0.088021566622064687,-0.13092753257748491,0.027619417537893098,0.052060447744998267,0.80000000000000004
2.4624999999999999,0.14206504023862757,0.59406273342455651,0.087677356401939854,-0.14446552225875761,0.027619417537893098,0.052060447744998267,0.80000000000000004
2.4649999999999999,0.14355422741014484,0.59728931687456244,0.087299108488901697,-0.15816015199782019,0.02314486846024192,0.04824786145477597,0.80000000000000004
2.4675000000000002,0.14505021400209189,0.59950237965714881,0.086896712708399923,-0.16378525400363372,0.02314486846024192,0.04824786145477597,0.80000000000000004
2.4700000000000002,0.14655175163738418,0.60173023850640783,0.086480035776181921,-0.16958610288093323,0.032655103307947658,0.04576000759700815,0.80000000000000004
2.4725000000000001,0.14806160954337233,0.6061589090946311,0.086026733104437078,-0.19308921878047783,0.032655103307947658,0.04576000759700815,0.80000000000000004
2.4750000000000001,0.14958256121304114,0.61060561749832643,0.08551441299409869,-0.21680437913879447,0.022880136391863343,0.037802642604370058,0.80000000000000004
2.4775,0.1511118461117352,0.61282561151110382,0.084965026991259421,-0.22274373641293319,0.022880136391863343,0.037802642604370058,0.80000000000000004
2.48,0.15264670604876102,0.61506574112584622,0.084400495053747498,-0.22892222496962145,0.027062869373564898,0.05519858676569183,0.80000000000000004
2.4824999999999999,0.15418839414751323,0.61828834668113652,0.083810573797695131,-0.2430574393626847,0.027062869373564898,0.05519858676569183,0.80000000000000004
2.4849999999999999,0.15573816637017912,0.62153325986224128,0.083184988140091801,-0.25745633757169056,0.037706132552816095,0.045447228916844495,0.80000000000000004
2.4875000000000003,0.15729913992903785,0.62724993840342602,0.08249852734646633,-0.29176317801389595,0.037706132552816095,0.045447228916844495,0.80000000000000004
2.4900000000000002,0.15887443917716371,0.63299435730344922,0.081725901948909149,-0.32639440806619024,0.010608685728025469,0.039350106021421444,0.80000000000000004
2.4925000000000002,0.16045634433747819,0.63253439197140959,0.08092873938333639,-0.31139121049217777,0.010608685728025469,0.039350106021421444,0.80000000000000004
2.4950000000000001,0.16203713371256909,0.6321015195003904,0.080168674489221312,-0.29671372892330233,0.020237798932115175,0.041124732175610065,0.80000000000000004
2.4975000000000001,0.16361964384360231,0.63391106095657479,0.079422697553726218,-0.30012105182766968,0.020237798932115175,0.041124732175610065,0.80000000000000004
2.5,0.16520671153104027,0.63574762124589745,0.078667801484014255,-0.30384969860975192,0.019738207786885734,0.042424868562849161,0.80000000000000004
2.5024999999999999,0.16679826096877556,0.63749650843981276,0.07790433091614922,-0.30698122845534426,0.019738207786885734,0.042424868562849161,0.80000000000000004
2.5049999999999999,0.16839421709616129,0.6392730255994693,0.077132621514593741,-0.31044138010383893,0.019692066435752911,0.046619149799794285,0.80000000000000004
2.5074999999999998,0.16999463611012605,0.64106687400962215,0.076351953508966508,-0.31414877238283589,0.019692066435752911,0.046619149799794285,0.80000000000000004
2.5100000000000002,0.1715995750556159,0.64288903223003446,0.075561597190918664,-0.31819274873564424,0.01844001643500616,0.039316431610962453,0.80000000000000004
2.5125000000000002,0.17320874455192126,0.6444513453050551,0.074763597804949303,-0.32026364852857664,0.01844001643500616,0.039316431610962453,0.80000000000000004
2.5150000000000001,0.17482185577082654,0.64604244735731686,0.073959993511008959,-0.32267710345673073,0.0086123241182462958,0.033676132890315263,0.80000000000000004
2.5175000000000001,0.17643614925147069,0.64539692022883643,0.073172636404315469,-0.30726362160054932,0.0086123241182462958,0.033676132890315263,0.80000000000000004
2.52,0.17804886273950857,0.6447782363436777,0.072423406834554324,-0.29217244909152496,0.018834396978885091,0.043956298991715527,0.80000000000000004
2.5225,0.17966300807732929,0.6465424585531484,0.07168788602526914,-0.29629678335841714,0.018834396978885091,0.043956298991715527,0.80000000000000004
2.5249999999999999,0.18128159731711757,0.64833342495992097,0.070941658094837198,-0.30073893344617358,0.012551711313321135,0.040233073672439772,0.80000000000000004
2.5274999999999999,0.18290288634544671,0.64870219238309013,0.070198453117564827,-0.29387756181906299,0.012551711313321135,0.040233073672439772,0.80000000000000004
2.5300000000000002,0.18452513000808177,0.64909703691685661,0.069472010673477524,-0.28732775211625333,0.005173641413816322,0.043048281871002,0.80000000000000004
2.5325000000000002,0.18614626480591759,0.64781482076565999,0.068778630694794257,-0.26742456544197007,0.005173641413816322,0.043048281871002,0.80000000000000004
2.5350000000000001,0.18776422349832847,0.64655587018091132,0.06813465476102433,-0.24780110442542924,0.016087215193052902,0.044262716083085074,0.80000000000000004
2.5375000000000001,0.18938221069279859,0.64783760341292518,0.067514150761938591,-0.24864633666136218,0.016087215193052902,0.044262716083085074,0.80000000000000004
2.54,0.19100343014207952,0.6491416906536609,0.066891201451060589,-0.24975754452142024,0.0056087272328189993,0.031431543576476068,0.80000000000000004
2.5425,0.19262491404302284,0.64804893587326062,0.066289399042649327,-0.23172647320761139,0.0056087272328189993,0.031431543576476068,0.80000000000000004
2.5449999999999999,0.19424369170117603,0.64697643843388553,0.065732366453142052,-0.21393858082859463,0.015613869104312091,0.041399436088749499,0.80000000000000004
2.5474999999999999,0.19586269971228235,0.64823318518653772,0.065196349959295671,-0.21491285610992572,0.015613869104312091,0.041399436088749499,0.80000000000000004
2.5500000000000003,0.19748487374085488,0.64950927015434912,0.064657610499460338,-0.21611715961162348,0.016697816269597383,0.03579634033275627,0.80000000000000004
2.5525000000000002,0.19911057521322173,0.65105518591946354,0.064113060606321104,-0.21956170603043687,0.016697816269597383,0.03579634033275627,0.80000000000000004
2.5550000000000002,0.20074016619423696,0.65262093199452664,0.063559605646318434,-0.22324186101609508,0.0048984939614379634,0.028464093102412227,0.80000000000000004
2.5575000000000001,0.20237028942948945,0.65148078395286357,0.063023989412115788,-0.20528864987907552,0.0048984939614379634,0.028464093102412227,0.80000000000000004
2.5600000000000001,0.20399758510308932,0.65035862431210845,0.062532982595494807,-0.18755121898060456,0.015844599723993116,0.038888918034829911,0.80000000000000004
2.5625,0.20562525772367093,0.6517823138987443,0.06206070237587516,-0.19030672719860606,0.015844599723993116,0.038888918034829911,0.80000000000000004
2.5649999999999999,0.20725651098739212,0.65322318278722424,0.06158127885513761,-0.19326637882415015,0.024043411112309541,0.048582361701448383,0.80000000000000004
2.5674999999999999,0.20889375661862136,0.65657643257746745,0.061075193538540129,-0.21163859499272489,0.024043411112309541,0.048582361701448383,0.80000000000000004
2.5699999999999998,0.21053940940882143,0.65994919432691734,0.060522893936655268,-0.230241163534806,0.017144783268996711,0.027378572220067104,0.80000000000000004
2.5725000000000002,0.21219152700741886,0.6617484089574015,0.059939773265714202,-0.23629719929571136,0.017144783268996711,0.027378572220067104,0.80000000000000004
2.5750000000000002,0.21384816930748604,0.663569050152921,0.059341196068806154,-0.24260750334045814,0.0075256447421479487,0.03671039932390089,0.80000000000000004
2.5775000000000001,0.21550661064887902,0.66318752215966714,0.058748825761707237,-0.23133057026327664,0.0075256447421479487,0.03671039932390089,0.80000000000000004
2.5800000000000001,0.21716412400366403,0.66282649838635388,0.058184339008493062,-0.22029870941674759,0.021497864254583273,0.031871846749090674,0.80000000000000004
2.5825,0.21882479824393714,0.66571637747603718,0.057614727137652248,-0.23543197852908881,0.021497864254583273,0.031871846749090674,0.80000000000000004
2.585,0.22049272388911276,0.6686278561551029,0.057006966306596324,-0.25082064125724568,0.0091026976867353161,0.037342417687849093,0.80000000000000004
2.5874999999999999,0.22216437295377975,0.66869506719359362,0.056389156851395478,-0.24347072874585046,0.0091026976867353161,0.037342417687849093,0.80000000000000004
2.5899999999999999,0.22383621731560732,0.66878398876022593,0.055789396846629917,-0.23637981855857848,0.011033608937103933,0.028448314947230959,0.80000000000000004
2.5925000000000002,0.22550886886162735,0.66934075529990533,0.0552025668943266,-0.23312591359097021,0.011033608937103933,0.028448314947230959,0.80000000000000004
2.5950000000000002,0.22718293851101115,0.66991842637276944,0.05462355984013488,-0.23012095697369991,0.0039677909000359109,0.035905480853938798,0.80000000000000004
2.5975000000000001,0.22885643446507581,0.66888160638463512,0.05406815937344011,-0.21423854222908478,0.0039677909000359109,0.035905480853938798,0.80000000000000004
2.6000000000000001,0.23052736231143289,0.66786371020094615,0.05355217845015716,-0.19858256178035411,0.008885751298989733,0.034835813498678758,0.80000000000000004
2.6025,0.23219719036556638,0.66800164454044886,0.053063653100797671,-0.1922724227734105,0.008885751298989733,0.034835813498678758,0.80000000000000004
2.605,0.23386738485939387,0.66815677070750823,0.052590645587384195,-0.18616720066781656,0.0084156840110396064,0.02533467710231619,0.80000000000000004
2.6074999999999999,0.23553785208773195,0.66821973446057581,0.052133743320766736,-0.1793870672597444,0.0084156840110396064,0.02533467710231619,0.80000000000000004
2.6099999999999999,0.23720849689441045,0.66829873488686331,0.05169355096593186,-0.17279809305345414,0.0041762039559119285,0.035343472228286314,0.80000000000000004
2.6125000000000003,0.23887813182869896,0.66741165947862657,0.051279446002612535,-0.15851512442553575,0.0041762039559119285,0.035343472228286314,0.80000000000000004
2.6150000000000002,0.24054556690166828,0.66653863713043482,0.050900835393194732,-0.1444001114275239,0.016156825920078197,0.039235845618753797,0.80000000000000004
2.6175000000000002,0.2422143030261035,0.66845251488232649,0.050529487792314517,-0.1527046711126423,0.016156825920078197,0.039235845618753797,0.80000000000000004
2.6200000000000001,0.24388784105412145,0.67038028751068224,0.050137174788473973,-0.16117394429075138,0.0067571361088375201,0.036317679404618851,0.80000000000000004
2.6225000000000001,0.245563495958424,0.67014596768652845,0.04974531116657753,-0.15234476192781368,0.0067571361088375201,0.036317679404618851,0.80000000000000004
2.625,0.24723858222500622,0.66992524800894715,0.049375315835074443,-0.14367776657882395,0.012466409325689428,0.030560781636486931,0.80000000000000004
2.6274999999999999,0.24891478561832844,0.67103964629061907,0.049013528935742498,-0.14577764637081542,0.012466409325689428,0.030560781636486931,0.80000000000000004
2.6299999999999999,0.25059379143489002,0.67216721986242256,0.048646297186846973,-0.14803403973823867,0.0095669652219837788,0.030354234710381598,0.80000000000000004
2.6324999999999998,0.25227479343826847,0.67263657794580278,0.048279964236751106,-0.14505844196909409,0.0095669652219837788,0.030354234710381598,0.80000000000000004
2.6350000000000002,0.25395698519014309,0.6731189758216265,0.047920875683271885,-0.14223801056105842,0.011645264779416374,0.030661144303671031,0.80000000000000004
2.6375000000000002,0.25564100073637974,0.67409561065759049,0.047563817060527848,-0.14343442928359065,0.011645264779416374,0.030661144303671031,0.80000000000000004
2.6400000000000001,0.25732747403702932,0.67508519896599195,0.047203575284278453,-0.14478476481103308,0.011368550259108051,0.038005973876602199,0.80000000000000004
2.6425000000000001,0.25901635749867352,0.67602375634724543,0.046840406969483273,-0.14577586361642356,0.011368550259108051,0.038005973876602199,0.80000000000000004
2.645,0.2607076037872052,0.6769754770294798,0.046474565630496144,-0.14692337920411874,0.016540551409232135,0.031085001322874929,0.80000000000000004
2.6475,0.26240274379207257,0.67913884349505393,0.046093635079987372,-0.1578485020627339,0.016540551409232135,0.031085001322874929,0.80000000000000004
2.6499999999999999,0.26410331000371795,0.68131661006674105,0.045685180991239145,-0.16894419456716858,-0.0005376540821943835,0.033712387032444439,0.80000000000000004
2.6524999999999999,0.265804393125047,0.67955222314436581,0.045288469952016228,-0.14845259055406054,-0.0005376540821943835,0.033712387032444439,0.80000000000000004
2.6550000000000002,0.26750108204859885,0.67780095233844451,0.044942787273810555,-0.12811791803209435,0.0068649599826033549,0.032096777004023642,0.80000000000000004
2.6575000000000002,0.26919555163079423,0.6777765796139259,0.044630553989835113,-0.12169093471200387,0.0068649599826033549,0.032096777004023642,0.80000000000000004
2.6600000000000001,0.27088997403865012,0.67776311824543045,0.044334224323061965,-0.11539389573572753,0.0068333995102784961,0.029402957047210989,0.80000000000000004
2.6625000000000001,0.27258436670272346,0.67775269125053195,0.044053555215736583,-0.10916137454612507,0.0068333995102784961,0.029402957047210989,0.80000000000000004
2.665,0.27427874565402416,0.67775205608201305,0.043788320295022644,-0.1030454502735824,0.010651468646837367,0.032631281066608148,0.80000000000000004
2.6675,0.27597424083493644,0.67864564853303155,0.043529356375840926,-0.10414421733544003,0.010651468646837367,0.032631281066608148,0.80000000000000004
2.6699999999999999,0.27767198173803154,0.67954865143314025,0.043267506050990931,-0.10535478317934514,0.014737563607531782,0.021010641565431601,0.80000000000000004
2.6724999999999999,0.27937317591037786,0.6814083525885426,0.042992984189710988,-0.11428245396196816,0.014737563607531782,0.021010641565431601,0.80000000000000004
2.6750000000000003,0.28107903217073144,0.68327845835845891,0.04269599102314045,-0.12333344511016732,0.014377326898949643,0.025061535965675858,0.80000000000000004
2.6775000000000002,0.28278947317759651,0.68507628198208559,0.042377044030067375,-0.13184708590481967,0.014377326898949643,0.025061535965675858,0.80000000000000004
2.6800000000000002,0.28450442357817174,0.68688610369252312,0.042036637079786235,-0.14050295573241642,0.018391040108003673,0.027325900255939912,0.80000000000000004
2.6825000000000001,0.2862250774652268,0.68963927603435282,0.041665065418139823,-0.15678122541393391,0.018391040108003673,0.027325900255939912,0.80000000000000004
2.6850000000000001,0.28795263193044257,0.6924068161237128,0.041252589339348472,-0.17322944569590198,0.0046701542402907232,0.032380480726001644,0.80000000000000004
2.6875,0.28968314823500335,0.69200874575863613,0.04083068607182213,-0.16432317330213597,0.0046701542402907232,0.032380480726001644,0.80000000000000004
2.6899999999999999,0.29141268792024749,0.69162538991462175,0.040430827390010193,-0.15559221601352582,0.0017219539060017173,0.020435751521837641,0.80000000000000004
2.6924999999999999,0.29314043227613895,0.69057230193735974,0.040059447007341334,-0.14153842402511904,0.0017219539060017173,0.020435751521837641,0.80000000000000004
2.6949999999999998,0.29486555994544689,0.68953183369266258,0.0397230098142696,-0.12763519232730303,-0.0014098774006530354,0.024961009140161354,0.80000000000000004
2.6975000000000002,0.29658719310946874,0.68777644018959805,0.039428446261333155,-0.10803647196671806,-0.0014098774006530354,0.024961009140161354,0.80000000000000004
2.7000000000000002,0.2983044501362726,0.68603063539450104,0.039182731994008992,-0.088552314605086224,0.0168709432050867,0.026438211419354613,0.80000000000000004
2.7025000000000001,0.30002265219864627,0.68853247608378032,0.038943060439714537,-0.10320222690256332,0.0168709432050867,0.026438211419354613,0.80000000000000004
2.7050000000000001,0.3017471203830821,0.69104375723373823,0.03866662775909066,-0.11796386906687786,0.014572275605005517,0.02532514774178489,0.80000000000000004
2.7075,0.30347721357688406,0.69303267014286185,0.038358484928709531,-0.12857257989931661,0.014572275605005517,0.02532514774178489,0.80000000000000004
2.71,0.30521229349864898,0.69503330189073642,0.038023649159720237,-0.13932014260445946,0.015920223058043415,0.0348852237254174,0.80000000000000004
2.7124999999999999,0.30695278147896637,0.69735930520701406,0.037658621136488969,-0.15272859607100867,0.015920223058043415,0.0348852237254174,0.80000000000000004
2.7149999999999999,0.30869910164941122,0.69969925939856814,0.037259868534005473,-0.16630223822106188,0.0068673461799495317,0.02209821146482057,0.80000000000000004
2.7175000000000002,0.31044866548119193,0.69995427943503963,0.036848035323434836,-0.16319374422088628,0.0068673461799495317,0.02209821146482057,0.80000000000000004
2.7200000000000002,0.31219888529840911,0.7002240029729847,0.036443754118710162,-0.16026009891915061,0.0077872099125496563,0.019822271815475887,0.80000000000000004
2.7225000000000001,0.31395006427670863,0.7007215822845525,0.036044450041842542,-0.1592117181166163,0.0077872099125496563,0.019822271815475887,0.80000000000000004
2.7250000000000001,0.31570250518470305,0.70123353272555111,0.03564755320909295,-0.15833413543360894,0.0077835744608892041,0.02097558979250605,0.80000000000000004
2.7275,0.31745624279725027,0.70175893440420622,0.03525264627579916,-0.15761965995899693,0.0077835744608892041,0.02097558979250605,0.80000000000000004
2.73,0.31921131171643913,0.70229856901251209,0.034859313975610373,-0.15707432003493849,0.0049661894910821291,0.025054802902335468,0.80000000000000004
2.7324999999999999,0.32096693032170948,0.70219862784016807,0.0344736951767654,-0.15144823365775703,0.0049661894910821291,0.025054802902335468,0.80000000000000004
2.7349999999999999,0.32272231620930292,0.70211231228384297,0.034101937732272894,-0.14598425192493611,0.0069679324788871708,0.02161431917254595,0.80000000000000004
2.7375000000000003,0.32447808345231549,0.70250366604798808,0.033738981717305071,-0.14440651637987265,0.0069679324788871708,0.02161431917254595,0.80000000000000004
2.7400000000000002,0.32623484540078429,0.70290805446833726,0.033379776066018121,-0.14298369594406529,0.0014487827583689996,0.022879377484946794,0.80000000000000004
2.7425000000000002,0.32799103348399528,0.70204446085273209,0.033036790408633401,-0.13142923562291647,0.0014487827583689996,0.022879377484946794,0.80000000000000004
2.7450000000000001,0.32974507751873838,0.70119264472319431,0.03272251298809857,-0.12001506780481169,0.011612857669264275,0.014831355618880871,0.80000000000000004
2.7475000000000001,0.33149995425891898,0.70271062325257305,0.032412932736690402,-0.1276713792124852,0.011612857669264275,0.014831355618880871,0.80000000000000004
2.75,0.33325864030441266,0.70424020609006244,0.03208404142111472,-0.1354653077473216,0.0088203977276446657,0.023774346995759778,0.80000000000000004
2.7524999999999999,0.33502035540482072,0.70513393941313474,0.031741989615932678,-0.13820065532686004,0.0088203977276446657,0.023774346995759778,0.80000000000000004
2.7549999999999999,0.33678432043118017,0.70604018949060132,0.031392914319272568,-0.14108460635441802,0.017358272819789047,0.020083984073319357,0.80000000000000004
2.7574999999999998,0.33855304417105958,0.70894110035416247,0.031016549392910962,-0.16003452244957045,0.017358272819789047,0.020083984073319357,0.80000000000000004
2.7600000000000002,0.34032903814538423,0.71185666736060926,0.030592597214986274,-0.17915784356572736,0.011716592418366454,0.016000674628207142,0.80000000000000004
2.7625000000000002,0.34211070416957451,0.71347893337238943,0.030133743175174508,-0.18795837042427807,0.011716592418366454,0.016000674628207142,0.80000000000000004
2.7650000000000001,0.34389644705294375,0.71511828972105851,0.029652636494686357,-0.1969615568886596,0.004772388194687574,0.027232570011630902,0.80000000000000004
2.7675000000000001,0.34568429540681345,0.71516332493792723,0.029164939662564254,-0.19323076320434213,0.004772388194687574,0.027232570011630902,0.80000000000000004
2.77,0.34747227819705967,0.71522578502328737,0.028686310058782111,-0.18970713194516353,0.0090281476018704114,0.019227308214921017,0.80000000000000004
2.7725,0.34926167367323374,0.71629349709070356,0.028206316825386771,-0.19432188861829935,0.0090281476018704114,0.019227308214921017,0.80000000000000004
2.7749999999999999,0.35105376036350583,0.71737882791104213,0.027714526370460513,-0.19914575810432866,0.0021667080362678878,0.011512355844199448,0.80000000000000004
2.7774999999999999,0.35284659139795799,0.71688892756129008,0.027226401046068837,-0.19138933578361261,0.0021667080362678878,0.011512355844199448,0.80000000000000004
2.7800000000000002,0.35463821935218942,0.7164162498016865,0.026757408962417687,-0.18383780681948766,0.0031934603065137505,0.011108281289843307,0.80000000000000004
2.7825000000000002,0.3564289844631795,0.71619855938329469,0.026304654770538789,-0.17839789465730732,0.0031934603065137505,0.011108281289843307,0.80000000000000004
2.7850000000000001,0.35821922554834518,0.71599694949221238,0.025865260165912875,-0.17314918754950165,0.011258089163292807,0.017211953766290079,0.80000000000000004
2.7875000000000001,0.36001132324638041,0.71768390884221878,0.025419955064406308,-0.1831269076009043,0.011258089163292807,0.017211953766290079,0.80000000000000004
2.79,0.36180765897024392,0.71938752286895391,0.024949461073694494,-0.19330210994546146,0.0084235788643568232,0.022497502978941795,0.80000000000000004
2.7925,0.36360745263611088,0.72045036958044995,0.024459878798385001,-0.1983988375718182,0.0084235788643568232,0.022497502978941795,0.80000000000000004
2.7949999999999999,0.36540992581008541,0.72153120821101602,0.023957288958689472,-0.20370909667362741,0.0038008885371486178,0.025233674920075184,0.80000000000000004
2.7974999999999999,0.36721378197768328,0.72155676759284892,0.023451928265488371,-0.2006156079115565,0.0038008885371486178,0.025233674920075184,0.80000000000000004
2.8000000000000003,0.36901772474185524,0.7216004411613075,0.022954031539513822,-0.19773739398935572,-0.0040050908185662341,0.021506767593790624,0.80000000000000004
2.8025000000000002,0.37081953261160461,0.71984868035356853,0.022481265367402435,-0.18050920013130162,-0.0040050908185662341,0.021506767593790624,0.80000000000000004
2.8050000000000002,0.37261698163126794,0.71811310614921509,0.022051324901602984,-0.163473788319727,-0.0049087963309728117,0.029299770103734669,0.80000000000000004
2.8075000000000001,0.37440984795706073,0.71618225824718096,0.02166585819241958,-0.14492701885642295,-0.0049087963309728117,0.029299770103734669,0.80000000000000004
2.8100000000000001,0.3761979037502724,0.71426440482766473,0.021326560846476682,-0.12653501650258683,-0.005036453108296428,0.018039715365769888,0.80000000000000004
2.8125,0.37798114236904307,0.71232824336328826,0.021033368180246377,-0.10803999476045575,-0.005036453108296428,0.018039715365769888,0.80000000000000004
2.8149999999999999,0.37975955304267484,0.71040177348778155,0.020786264705889245,-0.089660383909135472,-0.0036127605507098601,0.026590240846103633,0.80000000000000004
2.8174999999999999,0.38153357136202026,0.70881410746952722,0.020581666346360598,-0.074032889940740351,-0.0036127605507098601,0.026590240846103633,0.80000000000000004
2.8199999999999998,0.38330362912274185,0.70723309334400764,0.02041603428595096,-0.058484567848098967,0.0046743674930807885,0.033723561724698876,0.80000000000000004
2.8225000000000002,0.38507214773531007,0.70758267863316171,0.020269865067033786,-0.058461280276535327,0.0046743674930807885,0.033723561724698876,0.80000000000000004
2.8250000000000002,0.38684154692472822,0.707937554980822,0.020123675529335042,-0.058500824611869597,-0.0037472198905451554,0.028799996129549293,0.80000000000000004
2.8275000000000001,0.38860939430327157,0.70634110716720344,0.019996948867545359,-0.042889541531207886,-0.0037472198905451554,0.028799996129549293,0.80000000000000004
2.8300000000000001,0.3903732556725738,0.70474851415665163,0.01990918959561765,-0.027324134441624577,-0.010107356300475111,0.019967723257189242,0.80000000000000004
2.8325,0.39213129192715301,0.70168069251714116,0.019875136736321769,7.9427007366239533e-05,-0.010107356300475111,0.019967723257189242,0.80000000000000004
2.835,0.3938816591291503,0.6986128637761635,0.019909586802283295,0.027483073109860711,-0.009326822662328673,0.026577722330297832,0.80000000000000004
2.8374999999999999,0.39562458086526175,0.69572392177494835,0.020010756187137015,0.053459625613087911,-0.009326822662328673,0.026577722330297832,0.80000000000000004
2.8399999999999999,0.39736027475315594,0.69283019765547316,0.020176932424785136,0.079493174907523417,0.0088793308380279226,0.022466058758885566,0.80000000000000004
2.8425000000000002,0.39909401287651602,0.69415915723307076,0.020365834208894339,0.071641820285588825,0.0088793308380279226,0.022466058758885566,0.80000000000000004
2.8450000000000002,0.40083106511749989,0.69548161000917186,0.020535205840537758,0.063867650161670356,7.047359650760171e-05,0.024340385304012682,0.80000000000000004
2.8475000000000001,0.40256885811238013,0.69475176095213909,0.020705772375522121,0.072597764685260524,7.047359650760171e-05,0.024340385304012682,0.80000000000000004
2.8500000000000001,0.40430481846988403,0.69401536850469392,0.020898259495313324,0.081405683272977175,0.006552056539081242,0.023901456742937841,0.80000000000000004
2.8525,0.4060408109625438,0.69477742021517919,0.021097758643038242,0.078207943036675068,0.006552056539081242,0.023901456742937841,0.80000000000000004
2.855,0.40777869966479841,0.69553238388262884,0.021289369316653588,0.075094337892387328,0.0095358951317471487,0.036557671520077044,0.80000000000000004
2.8574999999999999,0.40951933363601489,0.69697372102162181,0.021466339634024976,0.066494631095512832,0.0095358951317471487,0.036557671520077044,0.80000000000000004
2.8599999999999999,0.4112635632352144,0.69840901595278693,0.021621902185167338,0.057966586792225182,0.0050673993546075683,0.029829205753096975,0.80000000000000004
2.8625000000000003,0.41301007682499691,0.69880098258311441,0.021766644453157038,0.057837598131423466,0.0050673993546075683,0.029829205753096975,0.80000000000000004
2.8650000000000002,0.41475756378663364,0.69918771494862086,0.021911141969974318,0.057770768022427525,-0.0066035043588291318,0.03120658460323603,0.80000000000000004
2.8675000000000002,0.41650262227365908,0.6968580504306261,0.022082764087492174,0.079539130633707072,-0.0066035043588291318,0.03120658460323603,0.80000000000000004
2.8700000000000001,0.41824184810602133,0.69452126609957476,0.02230890831899314,0.10139233436427686,0.0091503323218560008,0.029782091421436434,0.80000000000000004
2.8725000000000001,0.41997979518493073,0.69583491863398395,0.02255308264995461,0.093964667602527807,0.0091503323218560008,0.029782091421436434,0.80000000000000004
2.875,0.42172101558838421,0.69714003740332098,0.022778816007788666,0.086638231231587981,0.0060224043683677411,0.023649920885714017,0.80000000000000004
2.8774999999999999,0.42346458064695852,0.69771071265497164,0.022993644701914014,0.085240121530519533,0.0060224043683677411,0.023649920885714017,0.80000000000000004
2.8799999999999999,0.42520956272058591,0.69827366992133633,0.023205092974877006,0.083933651432704884,0.0088781035914934463,0.029530619262853608,0.80000000000000004
2.8824999999999998,0.42695677176818142,0.69949234772684921,0.023406729992972223,0.077390441618771927,0.0088781035914934463,0.029530619262853608,0.80000000000000004
2.8850000000000002,0.4287070186046934,0.70070399944211192,0.023592114638391098,0.070930586114935482,0.0083644904121162669,0.03382536908422918,0.80000000000000004
2.8875000000000002,0.43046013728478544,0.7017899130425761,0.023762644048148485,0.065505181985851896,0.0083644904121162669,0.03382536908422918,0.80000000000000004
2.8900000000000001,0.43221596321717598,0.70286988281022633,0.023919699314986456,0.06015030445497898,0.00083462450271244194,0.025978794983459841,0.80000000000000004
2.8925000000000001,0.43397229609302951,0.70219544948839818,0.024081004612705938,0.06890545135944158,0.00083462450271244194,0.025978794983459841,0.80000000000000004
2.895,0.43572693529439399,0.70151481139011718,0.02426428806572568,0.077734397074470371,0.0022016541239569002,0.026630727716525762,0.80000000000000004
2.8975,0.43748026118020228,0.70114468150842046,0.024466558987908792,0.0840967951016348,0.0022016541239569002,0.026630727716525762,0.80000000000000004
2.8999999999999999,0.43923265238449499,0.70076697005450328,0.024684847152710989,0.090549334577857313,0.0098004610509646751,0.014676035694903226,0.80000000000000004
2.9024999999999999,0.44098629516357651,0.70214593997348929,0.024901671999933202,0.082926119517712421,0.0098004610509646751,0.014676035694903226,0.80000000000000004
2.9050000000000002,0.44274337580684325,0.70351737616112775,0.025099552208095666,0.075392262213688138,0.0040076563999336748,0.026306256846396078,0.80000000000000004
2.9075000000000002,0.44450219473680347,0.70353660810608198,0.025292204851970913,0.078743634362474099,0.0040076563999336748,0.026306256846396078,0.80000000000000004
2.9100000000000001,0.44626105292301577,0.70354873020309139,0.025493340783846248,0.082179498600508716,0.016127000545029996,0.02531671923394388,0.80000000000000004
2.9125000000000001,0.44802345023215567,0.70636801001430394,0.025674924957082141,0.063100944286724775,0.016127000545029996,0.02531671923394388,0.80000000000000004
2.915,0.4497928881645995,0.70918151905239013,0.025808902421130195,0.044090696002290458,0.013732707497649354,0.027272067694041328,0.80000000000000004
2.9175,0.45156865946109748,0.71143495802615542,0.025900999303826538,0.029593445159310512,0.013732707497649354,0.027272067694041328,0.80000000000000004
2.9199999999999999,0.45335006070525963,0.71368569733482701,0.02595689629337836,0.015128173626913162,0.010195338806952068,0.025071585799704196,0.80000000000000004
2.9224999999999999,0.45513605999244394,0.71511356274177329,0.025984899314863943,0.0072762557946825773,0.010195338806952068,0.025071585799704196,0.80000000000000004
2.9250000000000003,0.45692562796799252,0.71654076688610313,0.025993284106722716,-0.00056781970804743037,0.0079443150179530457,0.024792250001521961,0.80000000000000004
2.9275000000000002,0.45871811045744676,0.71744526079886595,0.02598730678005633,-0.0042144703379984778,0.0079443150179530457,0.024792250001521961,0.80000000000000004
2.9300000000000002,0.46051285459036995,0.71835013679095716,0.025972207976266138,-0.0078656557195874964,0.0078558953060595682,0.012357557509149582,0.80000000000000004
2.9325000000000001,0.46230983606964365,0.71923519184836116,0.025948177553577065,-0.011360406044383318,0.0078558953060595682,0.012357557509149582,0.80000000000000004
2.9350000000000001,0.46410903140774029,0.72012127673839821,0.025915395760969573,-0.014867379388384293,0.015498421048723218,0.02679265020696299,0.80000000000000004
2.9375,0.46591266201805392,0.72278357332134302,0.025856012637725117,-0.032643402551776439,0.015498421048723218,0.02679265020696299,0.80000000000000004
2.9399999999999999,0.46772295176044376,0.7254488534125676,0.025752149315955875,-0.050454746713544718,0.019748149908366694,0.022419600508020384,0.80000000000000004
2.9424999999999999,0.46954114374521821,0.72910570358799631,0.025593787106641695,-0.076246478907959755,0.019748149908366694,0.022419600508020384,0.80000000000000004
2.9449999999999998,0.47136848611076931,0.73276955312345238,0.025370847966697294,-0.1021209627693543,0.0050529759318665209,0.016648502683695311,0.80000000000000004
2.9475000000000002,0.47320073342679631,0.73302982725236954,0.025117346489440844,-0.10069836626601766,0.0050529759318665209,0.016648502683695311,0.80000000000000004
2.9500000000000002,0.47503364283157812,0.73329920365569046,0.02486726603284934,-0.099383902510497238,0.0033061877499141927,0.016190270943115447,0.80000000000000004
2.9525000000000001,0.47686672983293948,0.73317185848171385,0.024624410238353097,-0.09491809900051483,0.0033061877499141927,0.016190270943115447,0.80000000000000004
2.9550000000000001,0.47869950926168864,0.73305307932754626,0.024392590701178114,-0.090554108757343973,0.0071175862237497448,0.022552019011186638,0.80000000000000004
2.9575,0.4805331085407536,0.73382773276823676,0.024162673075128135,-0.093396478795586005,0.0071175862237497448,0.022552019011186638,0.80000000000000004
2.96,0.48236865497725934,0.73461084903243123,0.023925524598014936,-0.096339308733088685,0.01203910661016017,0.016197508086513268,0.80000000000000004
2.9624999999999999,0.4842075988969019,0.73654584140742307,0.023669415943521791,-0.1085660423434818,0.01203910661016017,0.016197508086513268,0.80000000000000004
2.9649999999999999,0.48605139242179829,0.73849071961915325,0.02338259675020091,-0.12090994918469433,0.0086571332332977622,0.012058182244801761,0.80000000000000004
2.9675000000000002,0.48789907975739438,0.73966102424864921,0.02307264272960121,-0.12707551857064403,0.0086571332332977622,0.012058182244801761,0.80000000000000004
2.9700000000000002,0.48974970715333788,0.74084286224435003,0.022747105132766714,-0.13337792944361632,0.0066675289952000741,0.026782815446436847,0.80000000000000004
2.9725000000000001,0.49160272647331993,0.7415746280918365,0.02241027253029796,-0.13611230355992893,0.0066675289952000741,0.026782815446436847,0.80000000000000004
2.9750000000000001,0.49345759056913585,0.74231872544041333,0.022066421631282598,-0.13899307109056819,0.0094151190058837896,0.012031767604874052,0.80000000000000004
2.9775,0.49531512839657332,0.74371370223740074,0.021708775730180586,-0.14714933956369802,0.0094151190058837896,0.012031767604874052,0.80000000000000004
2.98,0.49717617021772764,0.74512204508511659,0.021330542821846456,-0.15546415580843462,6.0065923990387446e-05,0.01065100043385306,0.80000000000000004
2.9824999999999999,0.49903803387436091,0.74437114697246143,0.02095313092844802,-0.14649231620544487,6.0065923990387446e-05,0.01065100043385306,0.80000000000000004
2.9849999999999999,0.50089803695069102,0.74363344777251073,0.02059795045070173,-0.13767743900106552,0.0059004183496386923,0.0093999717370340866,0.80000000000000004
2.9875000000000003,0.5027579074468973,0.74426504420031991,0.020251000635177072,-0.13990728636314717,0.0059004183496386923,0.0093999717370340866,0.80000000000000004
2.9900000000000002,0.50461937273125079,0.74490931322439957,0.01989828865191081,-0.14228758746977357,0.006067320671805803,0.016081272366036872,0.80000000000000004
2.9925000000000002,0.50648251322230675,0.74560524943314233,0.019539045942414773,-0.14513233914087242,0.006067320671805803,0.016081272366036872,0.80000000000000004
2.9950000000000001,0.50834740993520533,0.7463143349552932,0.019172496883331371,-0.14813319211538326,0.0023158069209957737,0.010156178252658937,0.80000000000000004
2.9975000000000001,0.51021300657165725,0.74616517554593997,0.018806996948112532,-0.14429291265377142,0.0023158069209957737,0.010156178252658937,0.80000000000000004
3,0.51207824667579394,0.74602905274133458,0.018450903249023782,-0.14060753241665824,0.001781803605299591,0.011568868946760145,0.80000000000000004
3.0024999999999999,0.51394300733127174,0.74578155418209702,0.01810507902733809,-0.13607659100938177,0.001781803605299591,0.011568868946760145,0.80000000000000004
3.0049999999999999,0.5158071646895358,0.74554634813010701,0.017770398584761118,-0.1316917138758677,0.0092974227953323239,0.018305135639923177,0.80000000000000004
3.0075000000000003,0.51767293183421836,0.7470694355037355,0.017428972208495711,-0.14147391509104465,0.0092974227953323239,0.018305135639923177,0.80000000000000004
3.0100000000000002,0.51954252257666689,0.74860537552049078,0.017062901977809325,-0.15140856727576349,0.010753829664139007,0.010209547885961498,0.80000000000000004
3.0125000000000002,0.52141639319126309,0.75049350775769585,0.016668396142972549,-0.16422446024964973,0.010753829664139007,0.010209547885961498,0.80000000000000004
3.0150000000000001,0.52329500255859995,0.75239657304209739,0.01624163212306563,-0.17721743259028219,0.0016296416884003535,0.0027824821518166627,0.80000000000000004
3.0175000000000001,0.52517573921450433,0.75219539166423,0.015803434345876586,-0.17337215536066711,0.0016296416884003535,0.0027824821518166627,0.80000000000000004
3.02,0.52705599257298141,0.7520098789666404,0.015374616228074451,-0.16971303671999718,-0.0016813218374685168,0.0063189080540401238,0.80000000000000004
3.0225,0.52893483962891474,0.75107024451479742,0.01496244137468879,-0.16005631289525168,-0.0016813218374685168,0.0063189080540401238,0.80000000000000004
3.0249999999999999,0.53081135582748895,0.75014504968740192,0.01457419163441203,-0.15057123969541167,0.0087153194147037392,0.0095615557298749342,0.80000000000000004
3.0274999999999999,0.53268859630445942,0.75164968670416743,0.014185195501248344,-0.16065360287348548,0.0087153194147037392,0.0095615557298749342,0.80000000000000004
3.0300000000000002,0.53456961641624889,0.75316891126623842,0.013770779416256125,-0.17090902557027104,0.00093360457322658186,0.019367211259106086,0.80000000000000004
3.0325000000000002,0.53645219320830495,0.75289506630472725,0.013348652290144872,-0.16682289744316942,0.00093360457322658186,0.019367211259106086,0.80000000000000004
3.0350000000000001,0.53833410431429851,0.75263630253160674,0.012936515640483126,-0.16291593174265512,0.0043357318883443545,0.0043245246025898172,0.80000000000000004
3.0375000000000001,0.54021637534363542,0.75318300001291372,0.012525989098745791,-0.16553473449376904,0.0043357318883443545,0.0043245246025898172,0.80000000000000004
3.04,0.54210003180879063,0.75374469213821937,0.012108693628378487,-0.16833156061898036,-0.011876513162773706,0.018196251571426483,0.80000000000000004
3.0425,0.54398040155533034,0.75055342170986206,0.011722007712560059,-0.14104474465930472,-0.011876513162773706,0.018196251571426483,0.80000000000000004
3.0449999999999999,0.54585280948066073,0.7473748283879057,0.011403344187822208,-0.11390880323375978,0.0090603777118719309,0.0099076338420444957,0.80000000000000004
3.0474999999999999,0.54772336691862711,0.74907293719139845,0.01110350978821358,-0.12598025019336803,0.0090603777118719309,0.0099076338420444957,0.80000000000000004
3.0500000000000003,0.54959818369910585,0.7507824859455926,0.010773329851556056,-0.13818741101465262,-0.008225297415375931,0.010743823308194235,0.80000000000000004
3.0525000000000002,0.55147226776895908,0.74848669554960856,0.01045278269392421,-0.11827321420703596,-0.008225297415375931,0.010743823308194235,0.80000000000000004
3.0550000000000002,0.55334062605822154,0.74620156377225189,0.010181858169014837,-0.098485763048094782,-0.00022864346610172032,0.004964485300802117,0.80000000000000004
3.0575000000000001,0.55520560630436666,0.74578408187215817,0.0099416063452019039,-0.09373290349688565,-0.00022864346610172032,0.004964485300802117,0.80000000000000004
3.0600000000000001,0.55706955353231224,0.7453750784220583,0.0097131097400535975,-0.089080746928433541,0.0016195918964379387,0.02428813902011711,0.80000000000000004
3.0625,0.55893302539838741,0.74540375003934456,0.0094918100733330079,-0.087974845935603674,0.0016195918964379387,0.02428813902011711,0.80000000000000004
3.0649999999999999,0.56079657891891155,0.74544038605675655,0.0092731567074019108,-0.086963517028618792,0.0030804529811422759,0.016954951405103034,0.80000000000000004
3.0674999999999999,0.56266065833392975,0.74582447243329419,0.0090535056741677979,-0.088773057618156015,0.0030804529811422759,0.016954951405103034,0.80000000000000004
3.0700000000000003,0.56452570798180934,0.74621660040049287,0.0088292118676435039,-0.09067806867558495,-0.0099868953561120868,0.014614110484176808,0.80000000000000004
3.0725000000000002,0.56638795148943333,0.7435793999413054,0.0086305271302422049,-0.068283920329097719,-0.0099868953561120868,0.014614110484176808,0.80000000000000004
3.0750000000000002,0.56824361011172975,0.74094835634140788,0.008487731271406479,-0.045962972809391212,0.0066382613235221044,0.016787930831820067,0.80000000000000004
3.0775000000000001,0.57009752716462569,0.74218604705649549,0.0083618755557438307,-0.054730631423314122,0.0066382613235221044,0.016787930831820067,0.80000000000000004
3.0800000000000001,0.571954544483808,0.74342870233351577,0.0082140290229713014,-0.06355720446095281,-0.0032572615329772309,0.01955119458386588,0.80000000000000004
3.0825,0.5738118003124314,0.74237684594507525,0.0080671244464890161,-0.053976974642845538,-0.0032572615329772309,0.01955119458386588,0.80000000000000004
3.085,0.57566643277962704,0.74132986933814127,0.0079440958468672551,-0.044454713890605693,0.0046794395938758483,0.010811707753214255,0.80000000000000004
3.0874999999999999,0.57752075904912759,0.74213185817700145,0.007826290096140406,-0.049798336751521288,0.0046794395938758483,0.010811707753214255,0.80000000000000004
3.0899999999999999,0.57937709583193187,0.74293836110193401,0.0076950595169111334,-0.055195539591752413,-0.0033687104720190042,0.011712327748445699,0.80000000000000004
3.0925000000000002,0.58123311658542531,0.7418790012823977,0.007569044128681918,-0.045625794180101355,-0.0033687104720190042,0.011712327748445699,0.80000000000000004
3.0950000000000002,0.58308649427579518,0.74082376680715967,0.007466889712764907,-0.036105053467843949,0.0076649996654300813,0.01550062920116097,0.80000000000000004
3.0975000000000001,0.58494044406537082,0.74233669482487741,0.0073627380676030418,-0.047223737954438322,0.0076649996654300813,0.01550062920116097,0.80000000000000004
3.1000000000000001,0.58679818132013473,0.74385390743569524,0.0072307286582967336,-0.058393264068407461,-0.0003409567619858233,0.016762785756931312,0.80000000000000004
3.1025,0.58865739181274879,0.74351533941464287,0.0070894023543719535,-0.054677905738836262,-0.0003409567619858233,0.016762785756931312,0.80000000000000004
3.105,0.59051576214092716,0.7431817203135328,0.0069572901599424565,-0.051021316432856165,-0.00017090124115919873,0.015023281839473268,0.80000000000000004
3.1074999999999999,0.59237335367384447,0.74289225091447442,0.0068338532261678388,-0.047737076038623427,-0.00017090124115919873,0.015023281839473268,0.80000000000000004
3.1099999999999999,0.59423022699612316,0.74260710266319829,0.006718562023317924,-0.044504148108504074,-0.0048672027247082337,0.010088186681664538,0.80000000000000004
3.1125000000000003,0.59608502797623419,0.74123426189932917,0.0066222522175512456,-0.032550592204281747,-0.0048672027247082337,0.010088186681664538,0.80000000000000004
3.1150000000000002,0.59793640075768695,0.73986436392240862,0.0065557799333402188,-0.020631994708419497,-0.0022985581880173743,0.0083953999020650941,0.80000000000000004
3.1175000000000002,0.59978509770302935,0.739093449913928,0.0065130794071370894,-0.013531485212713735,-0.0022985581880173743,0.0083953999020650941,0.80000000000000004
3.1200000000000001,0.60163186902735544,0.73832376016147927,0.0064881103920269734,-0.0064455156532636625,0.005638429918607234,0.01521030371524428,0.80000000000000004
3.1225000000000001,0.6034790231868159,0.73939972326818482,0.006462323708699101,-0.0141856808583877,0.005638429918607234,0.01521030371524428,0.80000000000000004
3.125,0.6053288687154692,0.74047697258559186,0.0064171692673230477,-0.021941111549364116,-0.0020027950186711878,0.012612696402532129,0.80000000000000004
3.1274999999999999,0.60717918944386418,0.73977989207989669,0.0063704306504269491,-0.015453130443682225,-0.0020027950186711878,0.012612696402532129,0.80000000000000004
3.1299999999999999,0.60902776934097136,0.73908420984802781,0.0063398897781941051,-0.0089817554231219586,0.0020387229576776652,0.025192099079427616,0.80000000000000004
3.1325000000000003,0.61087578549045218,0.73932885350537048,0.0063160822091138389,-0.010066006681794654,0.0020387229576776652,0.025192099079427616,0.80000000000000004
3.1350000000000002,0.61272441436827241,0.73957440896908311,0.006289550724652323,-0.011161083017744874,-0.00069060740004495483,0.0024876103119143228,0.80000000000000004
3.1375000000000002,0.61457286533135258,0.73918649977927542,0.006266636192527369,-0.0071721847742359946,-0.00069060740004495483,0.0024876103119143228,0.80000000000000004
3.1400000000000001,0.61642034740811891,0.73879923980382101,0.0062536833771300116,-0.0031909957932584948,-0.0071994210824596261,0.0072997698634777904,0.80000000000000004
3.1425000000000001,0.61826497054061846,0.73689919281446681,0.006265867888845666,0.012939477014767765,-0.0071994210824596261,0.0072997698634777904,0.80000000000000004
3.145,0.62010484239784014,0.73499797656824406,0.0063183923385645322,0.029083841893279047,0.0048171339037919678,0.0070288815557924406,0.80000000000000004
3.1475,0.6219434498102272,0.73588756126029153,0.0063832703110405804,0.022823189873054893,0.0048171339037919678,0.0070288815557924406,0.80000000000000004
3.1499999999999999,0.62378427848023776,0.73677507705734679,0.0064325287496825676,0.016587094455621801,0.010518624831724888,0.0097297774703960001,0.80000000000000004
3.1524999999999999,0.62562898058725191,0.73898648514063847,0.0064529152190834901,-0.0002764547927251032,0.010518624831724888,0.0097297774703960001,0.80000000000000004
3.1550000000000002,0.62747921092691206,0.74119791832286608,0.0064311462269235333,-0.017140301808033193,0.0091463895797661461,0.015173604227717834,0.80000000000000004
3.1575000000000002,0.62933457275372839,0.74309191063565772,0.0063704006833676463,-0.031460493547505936,0.0091463895797661461,0.015173604227717834,0.80000000000000004
3.1600000000000001,0.63119467285918451,0.74498875805425246,0.006273815530714693,-0.045814561761588733,-0.0026515678608796233,0.015404717490440334,0.80000000000000004
3.1625000000000001,0.63305609193605439,0.74414713672293731,0.0061688195404741124,-0.038189751745145856,-0.0026515678608796233,0.015404717490440334,0.80000000000000004
3.165,0.63491541142177721,0.74330897050267142,0.006082832579324968,-0.030605976944304506,-0.0029788664960903599,0.013795922373837775,0.80000000000000004
3.1675,0.63677254399411531,0.74239748728904786,0.0060165260688541692,-0.022443981220492262,-0.0029788664960903599,0.013795922373837775,0.80000000000000004
3.1699999999999999,0.63862740055012335,0.74148803456958379,0.0059705925789093322,-0.014306101209948378,-0.0056275526416374516,0.015224893969814765,0.80000000000000004
3.1724999999999999,0.64047921562668275,0.73996414380039621,0.0059511639999010593,-0.0012381533093409822,-0.0056275526416374516,0.015224893969814765,0.80000000000000004
3.1750000000000003,0.64232722136235942,0.73844036497488763,0.0059644007048232769,0.011828464798103743,-0.0021789281406116891,0.01526887048837379,0.80000000000000004
3.1775000000000002,0.64417241861347929,0.73771720748702763,0.0060022688521249095,0.018468765918373188,-0.0021789281406116891,0.01526887048837379,0.80000000000000004
3.1800000000000002,0.64601580600722519,0.73699237879419455,0.0060567610725655481,0.025128914268237258,0.00096939705623246778,0.018261408276219547,0.80000000000000004
3.1825000000000001,0.64785829340712198,0.73699715578181668,0.0061205886935543075,0.025937757728259455,0.00096939705623246778,0.018261408276219547,0.80000000000000004
3.1850000000000001,0.64970078982890878,0.73699958389179676,0.0061864730996089475,0.026774489729831551,0.0039555371226831434,0.016589832113092267,0.80000000000000004
3.1875,0.65154415697307499,0.73769376262074593,0.0062475164092670107,0.022064536004611723,0.0039555371226831434,0.016589832113092267,0.80000000000000004
3.1899999999999999,0.65338925697579342,0.73838594168869898,0.0062968155581285745,0.017378318828324534,-0.00025495541896275974,0.019122386621156701,0.80000000000000004
3.1924999999999999,0.65523486195105274,0.73809775225090246,0.0063442495375273652,0.02057226394535527,-0.00025495541896275974,0.019122386621156701,0.80000000000000004
3.1950000000000003,0.65707974418521931,0.73780770046533095,0.0063996953048921128,0.023788323330577805,-0.0037055282650126121,0.014260206926453866,0.80000000000000004
3.1975000000000002,0.65892289604868082,0.73671335879293853,0.0064712649839293555,0.033472545353078857,-0.0037055282650126121,0.014260206926453866,0.80000000000000004
3.2000000000000002,0.66076330845666487,0.73561598986980381,0.006567087994104024,0.043192725033745147,-0.00085617654441364714,0.016456643038273395,0.80000000000000004
3.2025000000000001,0.6626018006571065,0.73517708548110838,0.0066806178363391488,0.047639283359184742,-0.00085617654441364714,0.016456643038273395,0.80000000000000004
3.2050000000000001,0.66443919029139487,0.73473386951526753,0.0068053270751702605,0.052137043168252455,0.0046273105901837577,0.025139386790898843,0.80000000000000004
3.2075,0.66627705935875503,0.73556063972097763,0.0069285531945129228,0.046452691075393279,0.0046273105901837577,0.025139386790898843,0.80000000000000004
3.21,0.66811698998144542,0.73638319926168261,0.0070376321758226458,0.040818318061697265,0.0049344501152665324,0.017177019182128724,0.80000000000000004
3.2124999999999999,0.6699590615143034,0.73727345690973767,0.0071319646262478957,0.034654409104985309,0.0049344501152665324,0.017177019182128724,0.80000000000000004
3.2149999999999999,0.67180335464827357,0.73816057298711069,0.0072109352916203788,0.028527788110625736,-0.015857431316089979,0.0091596771074124537,0.80000000000000004
3.2175000000000002,0.67364382097165487,0.73421181185978102,0.0073231496755462623,0.061251733039967574,-0.015857431316089979,0.0091596771074124537,0.80000000000000004
3.2200000000000002,0.67547440911015977,0.73025753354560508,0.0075172486340775767,0.094041294426936678,0.0083652631206483537,0.023627426104334024,0.80000000000000004
3.2225000000000001,0.67730213961706986,0.73192554304377111,0.0077369139289670541,0.081706710076003705,0.0083652631206483537,0.023627426104334024,0.80000000000000004
3.2250000000000001,0.67913403064694533,0.73358613771581949,0.0079258554941091276,0.069460105724616,0.01308285729352111,0.022893173271868426,0.80000000000000004
3.2275,0.68097143576374219,0.73633706237181473,0.008073267900582418,0.048480413891720586,0.01308285729352111,0.022893173271868426,0.80000000000000004
3.23,0.68281571228665672,0.73908357998672214,0.0081683011117801782,0.027552985487248643,-0.0028317999851725896,0.019486229520379286,0.80000000000000004
3.2324999999999999,0.68466222754762351,0.73812814721317932,0.0082481954897079199,0.036368237430718015,-0.0028317999851725896,0.019486229520379286,0.80000000000000004
3.2349999999999999,0.68650635028274076,0.73716942620664683,0.0083501748471585622,0.045222550285913946,-0.002511289874828594,0.020817436441077499,0.80000000000000004
3.2375000000000003,0.68834816439591318,0.73628112033646453,0.008473600785769966,0.053527038394290322,-0.002511289874828594,0.020817436441077499,0.80000000000000004
3.2400000000000002,0.69018775185162595,0.73538797471525008,0.00861785794446248,0.061889017607087676,0.0051209376702595153,0.013633508378239926,0.80000000000000004
3.2425000000000002,0.69202731713231225,0.73626335872821336,0.0087652912296742845,0.056068187051192583,0.0051209376702595153,0.013633508378239926,0.80000000000000004
3.2450000000000001,0.69386906440963858,0.73713365950841114,0.0088982491520711617,0.050307689002571071,0.0022883293993253492,0.017767250631362416,0.80000000000000004
3.2475000000000001,0.69571215862773794,0.73734095882529116,0.009023484702786206,0.049889729128586066,0.0022883293993253492,0.017767250631362416,0.80000000000000004
3.25,0.69755576543883591,0.73754373982073207,0.0091477424980091759,0.049525414435193482,0.010713941724786482,0.01481055467879663,0.80000000000000004
3.2524999999999999,0.6994023215961821,0.73970055758279862,0.0092514950554595278,0.033484085779256739,0.010713941724786482,0.01481055467879663,0.80000000000000004
3.2549999999999999,0.70125426569172788,0.74185433298641668,0.0093151929943130849,0.017478841978097556,0.0083360068044828779,0.017428141050472717,0.80000000000000004
3.2575000000000003,0.70311090104649687,0.74345377372796939,0.0093444538294140383,0.0059319272402155333,0.0083360068044828779,0.017428141050472717,0.80000000000000004
3.2600000000000002,0.70497153411169899,0.74505267597238578,0.0093448579535469634,-0.0056085987317681819,0.0031785705589954102,0.018367934038731205,0.80000000000000004
3.2625000000000002,0.70683466639570869,0.74545325039098254,0.0093284405874910197,-0.0075264712375602023,0.0031785705589954102,0.018367934038731205,0.80000000000000004
3.2650000000000001,0.7086988009318429,0.74585450668977049,0.0093072188521113978,-0.0094524386739280059,-0.006499096030256806,0.011102392926551864,0.80000000000000004
3.2675000000000001,0.71056112786565051,0.74400706123502636,0.0093037526107009813,0.0066791973933268012,-0.006499096030256806,0.011102392926551864,0.80000000000000004
3.27,0.71241883573563713,0.7421590129366662,0.0093406208101017262,0.022817998538129797,-0.0036688863672598732,0.0192111286656894,0.80000000000000004
3.2725,0.71427274350920489,0.74096678043929776,0.0094112587685623479,0.033697423549360561,-0.0036688863672598732,0.0192111286656894,0.80000000000000004
3.2749999999999999,0.71612366710083586,0.73977150332156438,0.0095091380713711125,0.044613023459645372,0.005723238144335935,0.013276214601335729,0.80000000000000004
3.2774999999999999,0.71797432645843906,0.74075535817261695,0.0096124476243501546,0.038042031484505266,0.005723238144335935,0.013276214601335729,0.80000000000000004
3.2800000000000002,0.7198274410170773,0.74173576314233414,0.0096993823444898805,0.031511982328299978,0.0080102834598044428,0.017012597193548775,0.80000000000000004
3.2825000000000002,0.72168366736871992,0.74324492289781752,0.0097646990924243546,0.020746105707819096,0.0080102834598044428,0.017012597193548775,0.80000000000000004
3.2850000000000001,0.72354366406243942,0.74475219948968496,0.0098031314897342719,0.010002571646801916,0.002579711452908238,0.021144509407186995,0.80000000000000004
3.2875000000000001,0.72540584982026568,0.74499626027787369,0.0098273928550699323,0.0094082598718569412,0.002579711452908238,0.021144509407186995,0.80000000000000004
3.29,0.7272686446537947,0.74523946894635051,0.0098501812190082225,0.0088240649297617359,-0.0034097751322281957,0.014661209034537581,0.80000000000000004
3.2925,0.72913030632649478,0.74408965651415837,0.0098854971831683954,0.01943123363816876,-0.0034097751322281957,0.014661209034537581,0.80000000000000004
3.2949999999999999,0.73098909147350644,0.74293808853994303,0.009947354768559442,0.030059261312038028,-0.0035450732096864428,0.017566619540391234,0.80000000000000004
3.2974999999999999,0.73284495519726267,0.74175235579807353,0.010036136085323458,0.040972145110979144,-0.0035450732096864428,0.017566619540391234,0.80000000000000004
3.3000000000000003,0.73469785016839795,0.74056292185705486,0.010152252140243762,0.051929007623143716,0.010195281402777335,0.019847153442772048,0.80000000000000004
3.3025000000000002,0.73655175794415806,0.7425626232671837,0.010263765725639333,0.037289872519945436,0.010195281402777335,0.019847153442772048,0.80000000000000004
3.3050000000000002,0.73841066046156612,0.74455893651777594,0.010338734987849417,0.022690923696645063,0.0034005082532420302,0.012492672376595246,0.80000000000000004
3.3075000000000001,0.74027257680158787,0.74497380716931449,0.010393095610100891,0.020801471877421745,0.0034005082532420302,0.012492672376595246,0.80000000000000004
3.3100000000000001,0.74213552792710136,0.74538679327072421,0.010442760989192756,0.018934392502358219,-0.0073876924005215096,0.024582073304439834,0.80000000000000004
3.3125,0.74399637501956051,0.74329045875333044,0.010512957569173573,0.037227888012090794,-0.0073876924005215096,0.024582073304439834,0.80000000000000004
3.3149999999999999,0.74585197742382459,0.74119076757267033,0.010628933683951134,0.055561291729995736,0.010917851990303692,0.014284541879707636,0.80000000000000004
3.3174999999999999,0.74770764298906822,0.74334096248786119,0.010748100160666992,0.039780453699573094,0.010917851990303692,0.014284541879707636,0.80000000000000004
3.3200000000000003,0.74956867922330406,0.74548754146925111,0.010827871683972456,0.024042498057787583,0.0023840210908621998,0.012455587545623731,0.80000000000000004
3.3225000000000002,0.75143259955496566,0.74564835939328489,0.010888246665327537,0.024261814480546953,0.0023840210908621998,0.012455587545623731,0.80000000000000004
3.3250000000000002,0.75329691918966912,0.74580698039977567,0.010949202491843061,0.024507215790787906,0.0073151455041723015,0.018431020299822427,0.80000000000000004
3.3275000000000001,0.75516306523349763,0.74710955155554093,0.010999298715040759,0.01557335916518073,0.0073151455041723015,0.018431020299822427,0.80000000000000004
3.3300000000000001,0.75703246576979177,0.74841070936280507,0.011027083260631542,0.0066562720256877969,0.0049901768971158996,0.015238018978547437,0.80000000000000004
3.3325,0.75890444281148217,0.74917085793781502,0.011038010976165961,0.002086684369990174,0.0049901768971158996,0.015238018978547437,0.80000000000000004
3.335,0.76077831990186517,0.74993081733851008,0.011037518553222008,-0.0024806579755107536,-0.0013349111849879818,0.0066189852494637188,0.80000000000000004
3.3374999999999999,0.76265225947860948,0.74922082691922232,0.011040364005132098,0.0047572230958945775,-0.0013349111849879818,0.0066189852494637188,0.80000000000000004
3.3399999999999999,0.76452442367811579,0.74851040647653211,0.011061308925777951,0.012000212764962017,0.0085748879588249984,0.0035088415054923537,0.80000000000000004
3.3425000000000002,0.76639768966375421,0.75010228549622404,0.011077252975905429,0.00075617255715109376,0.0085748879588249984,0.0035088415054923537,0.80000000000000004
3.3450000000000002,0.76827493504841826,0.75169409584971358,0.011065090466867777,-0.010487053070476218,0.013169074698413646,0.01468048086512524,0.80000000000000004
3.3475000000000001,0.7701574956705034,0.75435471119772612,0.01101408852573639,-0.030318167576065588,0.013169074698413646,0.01468048086512524,0.80000000000000004
3.3500000000000001,0.772046710903316,0.75701808539495552,0.010913472374890845,-0.050181988910250754,0.0068603406266686123,0.010699862323357449,0.80000000000000004
3.3525,0.77394075703281018,0.75821963851216578,0.010777853978764913,-0.058322461852629084,0.0068603406266686123,0.010699862323357449,0.80000000000000004
3.355,0.77583781350519776,0.75942648325411199,0.010621807744209641,-0.066525725722667184,0.00058315315215714744,0.011198297944118897,0.80000000000000004
3.3574999999999999,0.77773607075516626,0.75918029386328467,0.010459812742863853,-0.063081880299125009,0.00058315315215714744,0.011198297944118897,0.80000000000000004
3.3599999999999999,0.77963371973046969,0.75893981214234019,0.010306341859413228,-0.059705821058141886,0.0043746562094485169,0.011984041965542234,0.80000000000000004
3.3625000000000003,0.7815318758809815,0.75958603849764206,0.01015238305115071,-0.063472267521307454,0.0043746562094485169,0.011984041965542234,0.80000000000000004
3.3650000000000002,0.783431654716371,0.76023801744888508,0.0099889236232934796,-0.067306998139306684,0.0062551319154406189,0.01086322867977361,0.80000000000000004
3.3675000000000002,0.78533361740062713,0.76133320339390642,0.0098113997529832488,-0.074724836924347074,0.0062551319154406189,0.01086322867977361,0.80000000000000004
3.3700000000000001,0.78723832638085489,0.76243516693171365,0.0096152324176060379,-0.082223107828033021,0.0049733678143543941,0.015993537844388398,0.80000000000000004
3.3725000000000001,0.7891454270438063,0.76324664481667603,0.0094032014263428932,-0.087416894474615273,0.0049733678143543941,0.015993537844388398,0.80000000000000004
3.375,0.79105456620804915,0.76406604712286808,0.0091780695701076873,-0.09270473944586155,-0.0011085001721061116,0.0076279837448229261,0.80000000000000004
3.3774999999999999,0.79296399722427535,0.76348011817380201,0.0089537866836492223,-0.086737632501125178,-0.0011085001721061116,0.0076279837448229261,0.80000000000000004
3.3799999999999999,0.79487197333582127,0.76290203422982483,0.0087443037632940496,-0.080863707314190236,-0.0029838121333391025,0.0087093097018251936,0.80000000000000004
3.3825000000000003,0.79677796862097883,0.76189534209284338,0.0085537718658107685,-0.071575451205822566,-0.0029838121333391025,0.0087093097018251936,0.80000000000000004
3.3850000000000002,0.79868145543758784,0.76089512012705962,0.0083863624596354283,-0.062364059512674652,0.0052699806550635048,0.0039595960085103002,0.80000000000000004
3.3875000000000002,0.80058484706765476,0.7618191735303923,0.0082226350376385111,-0.068629623545359605,0.0052699806550635048,0.0039595960085103002,0.80000000000000004
3.3900000000000001,0.80249055648994871,0.76274944911531228,0.008043152805172437,-0.074969037970027269,0.0057312070751564768,0.0088479455717946458,0.80000000000000004
3.3925000000000001,0.80439873398784478,0.76379373706382159,0.0078466463162208695,-0.082250251292713322,0.0057312070751564768,0.0088479455717946458,0.80000000000000004
3.395,0.80630953138962969,0.7648454828829202,0.0076318277933789189,-0.0896199785760603,0.0075749944517442686,0.0095056703381447821,0.80000000000000004
3.3975,0.80822350389837272,0.76633396149756128,0.0073941633722394099,-0.10052861526708333,0.0075749944517442686,0.0095056703381447821,0.80000000000000004
3.3999999999999999,0.81014120879621698,0.767831559796046,0.0071290945402554037,-0.11154547321471935,0.0079897376994273427,0.021182979698510681,0.80000000000000004
3.4024999999999999,0.81206279063660591,0.76943568891480274,0.0068353680871741417,-0.12345676945674985,0.0079897376994273427,0.021182979698510681,0.80000000000000004
3.4050000000000002,0.81398839657266575,0.77105101722498981,0.0065116999514884871,-0.13550096671402892,0.0013978546932618182,0.0045019568627252208,0.80000000000000004
3.4075000000000002,0.81591614059720252,0.77114624611996074,0.0061731250905495633,-0.13538318914898714,0.0013978546932618182,0.0045019568627252208,0.80000000000000004
3.4100000000000001,0.81784413801754596,0.77125373324838553,0.0058346627217460744,-0.13541096541294498,-0.0045352471980349869,0.011287256048058631,0.80000000000000004
3.4125000000000001,0.81977069551017301,0.76999421923135547,0.0055097951414041137,-0.12450636231854924,-0.0045352471980349869,0.011287256048058631,0.80000000000000004
3.415,0.82169411849533558,0.76874596420757868,0.0052120194689342985,-0.11373550104024455,0.0017429174349543218,0.0052816759728626346,0.80000000000000004
3.4175,0.82361625815441208,0.76896748774724133,0.0049263641893339937,-0.11480920001726062,0.0017429174349543218,0.0052816759728626346,0.80000000000000004
3.4199999999999999,0.8255389645980985,0.76919940904531103,0.0046378706005131363,-0.11600635199858096,-0.0036333047223610576,0.0079059808321135135,0.80000000000000004
3.4224999999999999,0.827460701766776,0.76819200934394172,0.004358775347635545,-0.10728984407252401,-0.0036333047223610576,0.0079059808321135135,0.80000000000000004
3.4250000000000003,0.82937993273378674,0.76719431729935883,0.004101325311602377,-0.098688629068296604,0.0030341729246186801,0.0053595845236223743,0.80000000000000004
3.4275000000000002,0.83129861819925266,0.76775557484127532,0.0038496833557540903,-0.1026429782043249,0.0030341729246186801,0.0053595845236223743,0.80000000000000004
3.4300000000000002,0.83321871835603922,0.76832613085411117,0.0035880184358787512,-0.10670771867186807,0.00051077012212422546,0.0091316191302076195,0.80000000000000004
3.4325000000000001,0.83513952366499411,0.76831972263490345,0.003321938263784836,-0.10617549163139806,0.00051077012212422546,0.0091316191302076195,0.80000000000000004
3.4350000000000001,0.8370603249808195,0.7683229292053233,0.0030570458525320801,-0.10575742506510716,-0.0067371139041428347,0.0085816016977378687,0.80000000000000004
3.4375,0.83897904021076608,0.76665074510486153,0.0028099716294578479,-0.091919653635818027,-0.0067371139041428347,0.0085816016977378687,0.80000000000000004
3.4399999999999999,0.84089358563675487,0.76498687828001533,0.0025973652767132928,-0.078180660739677055,-0.0031796896638296894,0.017369327457196021,0.80000000000000004
3.4424999999999999,0.84280501421247966,0.76415710893953259,0.0024106959005387859,-0.071168218288477636,-0.0031796896638296894,0.017369327457196021,0.80000000000000004
3.4450000000000003,0.84471437655021586,0.76333378271660868,0.0022414604353496207,-0.064232282902369181,-0.0039656686051272498,0.013790171205599385,0.80000000000000004
3.4475000000000002,0.84662145958175694,0.76233354876047688,0.002091311292015504,-0.055897792711459934,-0.0039656686051272498,0.013790171205599385,0.80000000000000004
3.4500000000000002,0.84852604851088242,0.76133837552427719,0.0019619214001884997,-0.047623394196709259,-0.012572397567887389,0.011773613595178504,0.80000000000000004
3.4525000000000001,0.85042565410177529,0.75834663215037601,0.0018732383768694356,-0.023329377877565647,-0.012572397567887389,0.011773613595178504,0.80000000000000004
3.4550000000000001,0.85231778343045661,0.75535699963717939,0.0018452536224928177,0.00093956916399245624,-0.00051363528075247435,0.014412314404914498,0.80000000000000004
3.4575,0.85420594307487796,0.75517068848888402,0.0018497938506995897,0.0026929388448818552,-0.00051363528075247435,0.014412314404914498,0.80000000000000004
3.46,0.85609363666966787,0.75498413344599946,0.0018587207296521385,0.0044492042225564975,-0.0024447886824116756,0.010303202028183989,0.80000000000000004
3.4624999999999999,0.85798030225010491,0.75434822327115902,0.0018765508598495581,0.0098161778890008197,-0.0024447886824116756,0.010303202028183989,0.80000000000000004
3.4649999999999999,0.85986537704532506,0.75371142420056003,0.0019078104136422058,0.015193705694099356,0.0020328730871858229,0.0076728476348835442,0.80000000000000004
3.4675000000000002,0.86175015934698374,0.75411421014861679,0.0019420828626318051,0.012226710739597482,0.0020328730871858229,0.0076728476348835442,0.80000000000000004
3.4700000000000002,0.86363594717318526,0.75451588852599938,0.0019689549238113137,0.0092728648711222668,-0.003411809132946724,0.016381056387988462,0.80000000000000004
3.4725000000000001,0.86552115597033719,0.75365095478868793,0.0020011624987949475,0.016495503438614282,-0.003411809132946724,0.016381056387988462,0.80000000000000004
3.4750000000000001,0.86740420070256175,0.75278452746736779,0.0020514472186106384,0.023735876367205488,0.0050126860607466531,0.015126694632564528,0.80000000000000004
3.4775,0.86928752481058436,0.75387446443033734,0.0021002017583271527,0.015271251671714068,0.0050126860607466531,0.015126694632564528,0.80000000000000004
3.48,0.87117357187173594,0.75496301766298179,0.0021278171639918654,0.006823053276253566,9.3720017705820578e-05,0.0077843426584116721,0.80000000000000004
3.4824999999999999,0.87306091002876085,0.7549073993567611,0.0021458031930540319,0.0075670593415319877,9.3720017705820578e-05,0.0077843426584116721,0.80000000000000004
3.4849999999999999,0.87494810829743663,0.75485109569244624,0.0021656592409482218,0.008319202398418702,-0.0098283137573634341,0.011204044602809656,0.80000000000000004
3.4875000000000003,0.87683228173208383,0.75248738116609337,0.0022105630359371149,0.027607050318145733,-0.0098283137573634341,0.011204044602809656,0.80000000000000004
3.4900000000000002,0.87871054312166064,0.75012116857680255,0.0023037192138717463,0.046924565484414801,-0.0012998725199746203,0.010280069629438613,0.80000000000000004
3.4925000000000002,0.88058536223017048,0.74973338410911761,0.0024253239500807082,0.050367939947662817,-0.0012998725199746203,0.010280069629438613,0.80000000000000004
3.4950000000000001,0.88245920624168572,0.74934103862304036,0.002555604038545569,0.053865469012862342,-0.0061577382527478134,0.014899831042267228,0.80000000000000004
3.4975000000000001,0.88433065176401848,0.74781447162648462,0.00270603695775983,0.066491644757061777,-0.0061577382527478134,0.014899831042267228,0.80000000000000004
3.5,0.88619827358571024,0.7462818872240673,0.0028881218080943146,0.079189281120621416,0.0084966859115271319,0.16028481407855075,1.3999999999999999
3.5024999999999999,0.88806631348636478,0.7481489470408037,0.0030678535546023972,0.064609009183507954,0.0084966859115271319,0.16028481407855075,1.3999999999999999
3.5049999999999999,0.88993901344027004,0.75001014951230971,0.0032112247829144073,0.050098258771022065,0.0045878574440682048,0.16528838809021767,1.3999999999999999
3.5075000000000003,0.89181522463154717,0.75095810098274862,0.0033275122245140661,0.042940034009974919,0.0045878574440682048,0.16528838809021767,1.3999999999999999
3.5100000000000002,0.8936938007028401,0.75190216126471432,0.0034259634417849378,0.035828000305401918,-0.10667444305004957,0.16300710716272526,1.3999999999999999
3.5125000000000002,0.89554240250875139,0.72697726242494931,0.0037663483142199483,0.23650401938661805,-0.10667444305004957,0.16300710716272526,1.3999999999999999
3.5150000000000001,0.89732866948892787,0.70203134050664651,0.0046086928350509574,0.43743113479300205,-0.10840333573434542,0.18727849108386554,1.3999999999999999
3.5175000000000001,0.8990520246256043,0.67664485469304358,0.0059579243653931045,0.6420489501682265,-0.10840333573434542,0.18727849108386554,1.3999999999999999
3.52,0.90071184693960094,0.65120220374540549,0.0078194998638985245,0.84734134316333254,-0.10622326207735183,0.18445004294021211,1.3999999999999999
3.5225,0.90230860809046731,0.62619317361453153,0.010190279426409168,1.0494461624587841,-0.10622326207735183,0.18445004294021211,1.3999999999999999
3.5249999999999999,0.9038427385635639,0.60109508650031118,0.013067631888690652,1.2526321859963934,-0.099792023978530681,0.19363210710788084,1.3999999999999999
3.5274999999999999,0.90531586491981453,0.57738747415839398,0.016439497858805368,1.4450879013263689,-0.099792023978530681,0.19363210710788084,1.3999999999999999
3.5300000000000002,0.90672957798291065,0.55356236603028419,0.020294279060636421,1.6389924973958643,-0.072995471097870954,0.20860194186938297,1.3999999999999999
3.5325000000000002,0.90809134883735776,0.53583147803363662,0.024573325735475583,1.7845282939526865,-0.072995471097870954,0.20860194186938297,1.3999999999999999
3.5350000000000001,0.90940861785613081,0.51795960067366331,0.029218386036584321,1.9318225070424562,-0.056627739604729069,0.21797149430087831,1.3999999999999999
3.5375000000000001,0.91068577138548357,0.50373745864999442,0.034195869482755104,2.0504878876385293,-0.056627739604729069,0.21797149430087831,1.3999999999999999
3.54,0.91192717421384395,0.48935821728192236,0.039472478383522448,2.171136634812397,-0.039282533597390715,0.23279971386620713,1.3999999999999999
3.5425,0.91313745305883032,0.4788367168464272,0.045012926889408889,2.2615785197307905,-0.039282533597390715,0.23279971386620713,1.3999999999999999
3.5449999999999999,0.91432121592340976,0.46814498080777783,0.050782175693184238,2.3541860124698628,-0.023282411953639538,0.22710654777814887,1.3999999999999999
3.5474999999999999,0.91548266138578505,0.46098129000199684,0.05674856553666803,2.419308353333105,-0.023282411953639538,0.22710654777814887,1.3999999999999999
3.5500000000000003,0.91662597138366275,0.45363641780097869,0.062880643715656451,2.4867422206422973,-0.011861826846499977,0.24572661145152072,1.3999999999999999
3.5525000000000002,0.91775398681738851,0.44874442728254826,0.069157791299548937,2.5353772579094387,-0.011861826846499977,0.24572661145152072,1.3999999999999999
3.5550000000000002,0.91886953594537979,0.44366334952888714,0.075559544933045841,2.5864302622442232,0.01247170516823713,0.24217849932462326,1.3999999999999999
3.5575000000000001,0.91997914621466281,0.44399050162037901,0.082035832126907127,2.5950290652125387,0.01247170516823713,0.24217849932462326,1.3999999999999999
3.5600000000000001,0.921089317144967,0.44411207720959056,0.088536835210842893,2.6062019377316936,0.012650775043977363,0.24505293124720215,1.3999999999999999
3.5625,0.92219958764397758,0.44407034036503035,0.095068570317905651,2.619613916911776,0.012650775043977363,0.24505293124720215,1.3999999999999999
3.5649999999999999,0.92330949950412189,0.44382538710445774,0.10163704103563793,2.635589503097965,0.034179746927316172,0.24194896691743686,1.3999999999999999
3.5674999999999999,0.92442469329198163,0.44829271592334874,0.10819941041308281,2.6147584889583562,0.034179746927316172,0.24194896691743686,1.3999999999999999
3.5700000000000003,0.92555077958958598,0.45253984219952043,0.11471308338882928,2.5966275235132286,0.038772442765213147,0.2382104481035551,1.3999999999999999
3.5725000000000002,0.92668851665681939,0.45761298542943096,0.12117432477883006,2.5728147365482661,0.038772442765213147,0.2382104481035551,1.3999999999999999
3.5750000000000002,0.92783866167490514,0.46246670800542128,0.12757938862259374,2.5516799762259792,0.055351797735694985,0.23778168602393765,1.3999999999999999
3.5775000000000001,0.9290053592885178,0.47085248542656816,0.13389742221415346,2.5032093646752047,0.055351797735694985,0.23778168602393765,1.3999999999999999
3.5800000000000001,0.93019273156672289,0.47900720839506072,0.14009772444977953,2.4574857400358741,0.062095168357015201,0.23002354125818486,1.3999999999999999
3.5825,0.93140210412003166,0.48845217106699179,0.14617193115382476,2.4023341967053216,0.062095168357015201,0.23002354125818486,1.3999999999999999
3.585,0.93263480137393939,0.49766786257975104,0.15211164142421155,2.349878034691137,0.070411080864345707,0.230628118630473,1.3999999999999999
3.5874999999999999,0.93389258432216837,0.50851998034420653,0.15790493203599204,2.2852009687545598,0.070411080864345707,0.230628118630473,1.3999999999999999
3.5899999999999999,0.93517721141002574,0.51914424466190734,0.16353984696212986,2.2231649376115947,0.07503434270487766,0.21952120738079697,1.3999999999999999
3.5925000000000002,0.93648940797372437,0.53057571325375086,0.16901262942281201,2.155489832848474,0.07503434270487766,0.21952120738079697,1.3999999999999999
3.5950000000000002,0.93782990645883202,0.5417869449628181,0.17431940597339679,2.090346753270353,0.079330788796530868,0.21360590452085323,1.3999999999999999
3.5975000000000001,0.93919935449291492,0.5537356699307151,0.1794569266433659,2.0200784772537115,0.079330788796530868,0.21360590452085323,1.3999999999999999
3.6000000000000001,0.94059840890567337,0.56547329463252627,0.18442180564661637,1.9522191585119402,0.089586225878729067,0.20805962834425892,1.3999999999999999
3.6025,0.94202937556687105,0.57926478903223455,0.18919747205495299,1.8687093949759928,0.089586225878729067,0.20805962834425892,1.3999999999999999
3.605,0.94349456050464398,0.59284945036394809,0.19376728584236666,1.7875197143318156,0.095855401957036984,0.19703747376797126,1.3999999999999999
3.6074999999999999,0.94499517580883285,0.6076095013849504,0.19812325389908866,1.6976243404574747,0.095855401957036984,0.19703747376797126,1.3999999999999999
3.6099999999999999,0.94653244587291996,0.62217496807446271,0.20225720729124075,1.6098888785493937,0.096090988233644176,0.20095064761063097,1.3999999999999999
3.6125000000000003,0.94810596122522894,0.63660737408783941,0.20617389292328492,1.5237917116683317,0.096090988233644176,0.20095064761063097,1.3999999999999999
3.6150000000000002,0.94971533723157087,0.65086514833502518,0.20987777972043142,1.439631395425325,0.10984343515684537,0.17107216764503896,1.3999999999999999
3.6175000000000002,0.95136388322963361,0.66794302742110068,0.21334392245759976,1.333593663012524,0.10984343515684537,0.17107216764503896,1.3999999999999999
3.6200000000000001,0.95305491472972714,0.68485572259216887,0.21654724260895411,1.229349618743685,0.094660832993038874,0.17496921182080846,1.3999999999999999
3.6225000000000001,0.95478392926318001,0.69833344725288149,0.21952462951046536,1.1528094982823498,0.094660832993038874,0.17496921182080846,1.3999999999999999
3.625,0.95654647338969734,0.71168086547830767,0.22231249698738501,1.0777178090402115,0.11641303034900652,0.17648087824262743,1.3999999999999999
3.6274999999999999,0.95834809407594468,0.72959383111782539,0.22486785744818613,0.96680550946035737,0.11641303034900652,0.17648087824262743,1.3999999999999999
3.6299999999999999,0.9601943392238409,0.74738279664515628,0.22714763526514389,0.85722624908995582,0.10675623378361028,0.16596464917626258,1.3999999999999999
3.6325000000000003,0.96208232162398977,0.76298673845576281,0.22917554030205897,0.76527639069224818,0.10675623378361028,0.16596464917626258,1.3999999999999999
3.6350000000000002,0.9640091956703043,0.77849797381227115,0.23097485926501382,0.67433711474061409,0.10278300565447715,0.16291204446134022,1.3999999999999999
3.6375000000000002,0.96597367831372349,0.79307569189772531,0.23255640619630752,0.59103700678745708,0.10278300565447715,0.16291204446134022,1.3999999999999999
3.6400000000000001,0.9679745160126958,0.80758366055380948,0.233930681924678,0.5085021472968061,0.097815025163773911,0.14259213510849886,1.3999999999999999
3.6425000000000001,0.9700102171672581,0.82096828581637549,0.23510999446193637,0.43504722424459658,0.097815025163773911,0.14259213510849886,1.3999999999999999
3.645,0.97207931607121656,0.83430325993943311,0.23610637588350841,0.36214177683029924,0.098207960195041494,0.14836339465097584,1.3999999999999999
3.6475,0.97418180407959831,0.84768094658827908,0.23692025264977745,0.28902821926924321,0.098207960195041494,0.14836339465097584,1.3999999999999999
3.6499999999999999,0.97631769329440143,0.86102561708479808,0.23755182129424313,0.21627988745079732,0.10015826752408656,0.14219492517280094,1.3999999999999999
3.6524999999999999,0.97848743243085679,0.87476225571180766,0.23799775651124577,0.14050617601956505,0.10015826752408656,0.14219492517280094,1.3999999999999999
3.6550000000000002,0.98069149104322439,0.88848265627472167,0.2382545013580043,0.064911511142910924,0.087911296129665348,0.12661038231169458,1.3999999999999999
3.6575000000000002,0.98292656983716298,0.8995797135995881,0.23834826455890043,0.01010655356009698,0.087911296129665348,0.12661038231169458,1.3999999999999999
3.6600000000000001,0.9851893887152775,0.91067569543115046,0.23830504423142368,-0.044686273072209889,0.081990822748891676,0.1213177923682809,1.3999999999999999
3.6625000000000001,0.98747837152972362,0.92051169698184887,0.2381373012709854,-0.08952112070607815,0.081990822748891676,0.1213177923682809,1.3999999999999999
3.665,0.98979195481182158,0.9303568333943335,0.2378573517268881,-0.13446025914276999,0.091990566398142543,0.12230279686885093,1.3999999999999999
3.6675,0.99213283812102215,0.94235283446697482,0.23744372537946493,-0.1964746142078653,0.091990566398142543,0.12230279686885093,1.3999999999999999
3.6699999999999999,0.9945037369221893,0.9543703635705133,0.2368747779628384,-0.25872982639469555,0.085344971871388842,0.1089885060308861,1.3999999999999999
3.6724999999999999,0.99690293707285305,0.9649947219264936,0.23616387669129965,-0.31004745194234301,0.085344971871388842,0.1089885060308861,1.3999999999999999
3.6750000000000003,0.99932873761087981,0.97565157883694198,0.23532423388918261,-0.36173329407164007,0.0794050279876196,0.10527584139859822,1.3999999999999999
3.6775000000000002,1.0017796369055343,0.9850742752817403,0.23436744019263714,-0.40377526150813758,0.0794050279876196,0.10527584139859822,1.3999999999999999
3.6800000000000002,1.004254142868535,0.99453763375913506,0.23330496914843474,-0.446283398453173,0.082510554750642853,0.11010947989384202,1.3999999999999999
3.6825000000000001,1.0067531949008157,1.0047120852830782,0.23212900087592708,-0.49458334423694583,0.082510554750642853,0.11010947989384202,1.3999999999999999
3.6850000000000001,1.0092777458749154,1.0149376385617772,0.23083156783815356,-0.54346486020651563,0.079244529975931108,0.099268796138993587,1.3999999999999999
3.6875,1.0118270531131861,1.0245176910054963,0.22941809065376861,-0.58742611291509716,0.079244529975931108,0.099268796138993587,1.3999999999999999
3.6899999999999999,1.0144003839320188,1.0341572725911492,0.2278938694543774,-0.6320688217813053,0.06648922614552559,0.087240620293804569,1.3999999999999999
3.6924999999999999,1.0169944615908721,1.041114778713875,0.2262843307853942,-0.655678929803994,0.06648922614552559,0.087240620293804569,1.3999999999999999
3.6950000000000003,1.0196060084389043,1.0481330270036364,0.22461487932406551,-0.68000368565116975,0.068957800992038451,0.092844513225023101,1.3999999999999999
3.6975000000000002,1.0222358449098425,1.0557471310981286,0.2228784165671166,-0.70929478960644232,0.068957800992038451,0.092844513225023101,1.3999999999999999
3.7000000000000002,1.0248848002476292,1.0634286261127377,0.2210677497548236,-0.73937271829210316,0.070152183647886085,0.084633735423087636,1.3999999999999999
3.7025000000000001,1.0275533695121928,1.0714389171166405,0.21917830790717366,-0.77232183673026966,0.070152183647886085,0.084633735423087636,1.3999999999999999
3.7050000000000001,1.0302420569116619,1.0795237101095498,0.21720541897436813,-0.8061369595228044,0.060897322119822586,0.076330238448411775,1.3999999999999999
3.7075,1.03294854596066,1.0856798268142813,0.21516676327930637,-0.82493343680141362,0.060897322119822586,0.076330238448411775,1.3999999999999999
3.71,1.0356705183727162,1.0919107431538568,0.21308001310366376,-0.84461642203830822,0.064590693189935877,0.074230612205282015,1.3999999999999999
3.7124999999999999,1.038409166863328,1.0990214596601438,0.21093495884959468,-0.8715842726570342,0.064590693189935877,0.074230612205282015,1.3999999999999999
3.7149999999999999,1.041165693904488,1.1062140645971401,0.20872129184244131,-0.89951209507941932,0.063660111794091923,0.071467382850821215,1.3999999999999999
3.7175000000000002,1.043940054444783,1.1132886503293915,0.20643858354289829,-0.92682206256177269,0.063660111794091923,0.071467382850821215,1.3999999999999999
3.7200000000000002,1.0467322097776246,1.1204503905764351,0.20408633022935682,-0.95515369021240293,0.062761678332616186,0.078145360456030294,1.3999999999999999
3.7225000000000001,1.0495421361662869,1.1275058978218999,0.20166388516290001,-0.98298034346720431,0.062761678332616186,0.078145360456030294,1.3999999999999999
3.7250000000000001,1.0523698163951003,1.1346539682969312,0.1991705245488572,-1.0118918579756944,0.049171639012810978,0.070837429444686489,1.3999999999999999
3.7275,1.0552117634484757,1.1389181955547039,0.19663308786947711,-1.0182327953009416,0.049171639012810978,0.070837429444686489,1.3999999999999999
3.73,1.0580644804131454,1.1432700786163392,0.19407847957439076,-1.0256310209231574,0.040666320606979528,0.06319230629141738,1.3999999999999999
3.7324999999999999,1.0609258514597568,1.1458406219227923,0.19152262759730421,-1.0192209715972329,0.040666320606979528,0.06319230629141738,1.3999999999999999
3.7349999999999999,1.0637937528561363,1.1484943713796905,0.18898152342442001,-1.0138325513220399,0.043565644827494018,0.074342411910531939,1.3999999999999999
3.7375000000000003,1.0666691914264765,1.1518707270852357,0.1864462576511654,-1.0145530936722469,0.043565644827494018,0.074342411910531939,1.3999999999999999
3.7400000000000002,1.0695531779382441,1.1553328257162352,0.18390789079156061,-1.0163143191092747,0.041393776805851414,0.058032890753674717,1.3999999999999999
3.7425000000000002,1.0724453275918884,1.1584011020143434,0.18136859123717952,-1.015298153005713,0.041393776805851414,0.058032890753674717,1.3999999999999999
3.7450000000000001,1.0753452546472455,1.1615548237846165,0.1788305345929834,-1.015320591585863,0.027995946383421448,0.062064784687050109,1.3999999999999999
3.7475000000000001,1.078249462380573,1.1618242196304949,0.17632068277934199,-0.99272208403466267,0.027995946383421448,0.062064784687050109,1.3999999999999999
3.75,1.0811544395553141,1.1621701915446307,0.17386612511103944,-0.97108251217244368,0.043580921424107133,0.062568372466385941,1.3999999999999999
3.7524999999999999,1.0840647039376106,1.1660554711778748,0.17142999253343438,-0.9779936592357491,0.043580921424107133,0.062568372466385941,1.3999999999999999
3.7549999999999999,1.0869847881143706,1.1700262019508394,0.16897530186535531,-0.98593083442063556,0.036895979040814937,0.058215090774906192,1.3999999999999999
3.7575000000000003,1.0899130461281488,1.1725940138895765,0.16651431189488269,-0.98302897097921793,0.036895979040814937,0.058215090774906192,1.3999999999999999
3.7600000000000002,1.0928478272950279,1.1752447657637084,0.16405931755668982,-0.98113453339546586,0.035713212138190363,0.052671382826497165,1.3999999999999999
3.7625000000000002,1.0957890092533027,1.1777145771786968,0.16161043113454912,-0.97814193715729725,0.035713212138190363,0.052671382826497165,1.3999999999999999
3.7650000000000001,1.0987364691401686,1.1802671461711605,0.15916777098799559,-0.97615368162922544,0.034608542497331342,0.05403810899748912,1.3999999999999999
3.7675000000000001,1.101690105180088,1.1826554370542157,0.15673129030398683,-0.97319772327260812,0.034608542497331342,0.05403810899748912,1.3999999999999999
3.77,1.104649815154181,1.1851263289152443,0.15430094790261756,-0.97124320893492766,0.032232757273199866,0.064345076167738754,1.3999999999999999
3.7725,1.107615139836869,1.187147016933116,0.15187955562448821,-0.96603590575436449,0.032232757273199866,0.064345076167738754,1.3999999999999999
3.7749999999999999,1.1105856182297698,1.1892493003341076,0.14946994270256114,-0.96181948731199784,0.020708447351549496,0.059031552631321677,1.3999999999999999
3.7774999999999999,1.1135582166297557,1.1888419458547983,0.14709549051252629,-0.93789776755642329,0.020708447351549496,0.059031552631321677,1.3999999999999999
3.7800000000000002,1.116529890007073,1.1885090532817941,0.14477968448439293,-0.91489936563238394,0.015083644504113083,0.042392313310196127,1.3999999999999999
3.7825000000000002,1.1194992393281229,1.1869819844718965,0.14253289045119927,-0.88268077886730989,0.015083644504113083,0.042392313310196127,1.3999999999999999
3.7850000000000001,1.1224648569933455,1.1855233955747253,0.14036556740656228,-0.8513180633902383,0.014316130482266518,0.050389652105470896,1.3999999999999999
3.7875000000000001,1.125426695241873,1.1839580582261642,0.13827733925373414,-0.81939987662876712,0.014316130482266518,0.050389652105470896,1.3999999999999999
3.79,1.1283847006897265,1.1824568103246023,0.13626790252911533,-0.7882803318809013,0.028354980257063071,0.04687791685625483,1.3999999999999999
3.7925,1.1313429970404716,1.184191484411687,0.13430359082993307,-0.78330456530831283,0.028354980257063071,0.04687791685625483,1.3999999999999999
3.7949999999999999,1.1343057141095556,1.1859933612022193,0.1323507033033377,-0.7791405445842895,0.02295407540113352,0.048729945122726999,1.3999999999999999
3.7974999999999999,1.1372714915449824,1.1866393690886587,0.13041943314397614,-0.76600686053610312,0.02295407540113352,0.048729945122726999,1.3999999999999999
3.8000000000000003,1.1402389645177013,1.1873496569466924,0.12852001728918974,-0.75365529102041418,0.029365513168512686,0.049893988711435598,1.3999999999999999
3.8025000000000002,1.1432101095898539,1.1895773700841887,0.12663598256675701,-0.75370422665737136,0.029365513168512686,0.049893988711435598,1.3999999999999999
3.8050000000000002,1.1461869063008359,1.191871008017523,0.12475083674115314,-0.75454452742296352,0.027540641942228428,0.056638530051472818,1.3999999999999999
3.8075000000000001,1.1491690019160481,1.1938164185541131,0.1228667413855844,-0.75286321971374026,0.027540641942228428,0.056638530051472818,1.3999999999999999
3.8100000000000001,1.1521560430893434,1.1958274694263853,0.12098586336641355,-0.75197071007298433,0.025339575501129398,0.056403247343028415,1.3999999999999999
3.8125,1.1551475685527148,1.1974037284183785,0.11911123519049645,-0.74786221126423946,0.025339575501129398,0.056403247343028415,1.3999999999999999
3.8149999999999999,1.1581431158041178,1.1990448799287681,0.11724590149454436,-0.74453475635189403,0.015220386691402793,0.048491888489183524,1.3999999999999999
3.8174999999999999,1.1611399673758196,1.1984465232157946,0.11541095928210215,-0.72354295161187065,0.015220386691402793,0.048491888489183524,1.3999999999999999
3.8200000000000003,1.1641353985271738,1.1979082989573542,0.11362757507306004,-0.70328519728808037,0.017699853180516034,0.056928422658504889,1.3999999999999999
3.8225000000000002,1.1671302642177654,1.1979940642178855,0.1118882818083574,-0.68826846594951596,0.017699853180516034,0.056928422658504889,1.3999999999999999
3.8250000000000002,1.1701254174561087,1.1981381632347334,0.11018564323154871,-0.67395920426621525,0.014408819704770013,0.044384518343221956,1.3999999999999999
3.8275000000000001,1.1731200640256767,1.1975883758294201,0.10852542386550097,-0.6543292623477015,0.014408819704770013,0.044384518343221956,1.3999999999999999
3.8300000000000001,1.1761134051463715,1.1970935656624282,0.10691343975287979,-0.6353679716721804,0.011417543032087002,0.042401886195994762,1.3999999999999999
3.8325,1.1791047223236255,1.1959688305538096,0.10535488224005038,-0.61158359659911699,0.011417543032087002,0.042401886195994762,1.3999999999999999
3.835,1.1820932918192351,1.1948951230102387,0.10385500345649951,-0.5884212436339068,0.01670060738505004,0.046452447147958494,1.3999999999999999
3.8374999999999999,1.1850807490207731,1.195078962308745,0.10240018132517789,-0.57553699212397635,0.01670060738505004,0.046452447147958494,1.3999999999999999
3.8399999999999999,1.1880687278437574,1.1953122610503735,0.1009768209745015,-0.56324981478608138,0.021848243717615453,0.05210582543120322,1.3999999999999999
3.8425000000000002,1.1910588233997661,1.1967724401355926,0.099571647382611747,-0.56098792200599712,0.021848243717615453,0.05210582543120322,1.3999999999999999
3.8450000000000002,1.1940526312829658,1.1982821096741663,0.098171387716534095,-0.55931845780450473,0.015870429066026082,0.06038226200616386,1.3999999999999999
3.8475000000000001,1.1970485635436172,1.19847166038569,0.096788275641151778,-0.54726716795990682,0.015870429066026082,0.06038226200616386,1.3999999999999999
3.8500000000000001,1.2000450290046754,1.1987085185993878,0.095434576904853699,-0.53578589126463438,0.01535341853294815,0.058581136098546489,1.3999999999999999
3.8525,1.203041996664781,1.1988732522167127,0.094110067624501692,-0.52391358248728681,0.01535341853294815,0.058581136098546489,1.3999999999999999
3.855,1.2060394330921607,1.1990833811541082,0.09281455356981233,-0.51258782603162234,0.0090771635947663378,0.05626467525054462,1.3999999999999999
3.8574999999999999,1.2090356508329059,1.1978978976381285,0.091561106265160772,-0.4902559325044768,0.0090771635947663378,0.05626467525054462,1.3999999999999999
3.8599999999999999,1.2120289572651179,1.1967540388564266,0.090362853555378569,-0.46842850039132145,-0.0016030870661859573,0.04802852276065897,1.3999999999999999
3.8625000000000003,1.2150163894622923,1.1931978167127701,0.089243125789671182,-0.42742856235777615,-0.0016030870661859573,0.04802852276065897,1.3999999999999999
3.8650000000000002,1.2179949754851682,1.1896765601844095,0.088225353281430385,-0.38685760667950586,0.0057527870323448617,0.051333682535369705,1.3999999999999999
3.8675000000000002,1.2209669106919954,1.1878768658247814,0.087291584415055329,-0.36022133201518608,0.0057527870323448617,0.051333682535369705,1.3999999999999999
3.8700000000000001,1.2239343852034936,1.1861076406579778,0.086423938581242282,-0.33395473384613905,0.013810458394628229,0.047938493627174089,1.3999999999999999
3.8725000000000001,1.2268997870328735,1.1862186041649838,0.085602970345111842,-0.32287726072475131,0.013810458394628229,0.047938493627174089,1.3999999999999999
3.875,1.2298655017420268,1.1863577912680872,0.084809269974233423,-0.31213858046749576,0.014982876036380205,0.053085191404164574,1.3999999999999999
3.8774999999999999,1.2328319356684307,1.186793863449384,0.084039303251286557,-0.30388887611527077,0.014982876036380205,0.053085191404164574,1.3999999999999999
3.8799999999999999,1.2357994933367258,1.1872566708428376,0.083289558728436491,-0.29595943764132021,0.011438842995728241,0.05489664196353046,1.3999999999999999
3.8825000000000003,1.2387672219004444,1.1869303699656395,0.082567414544622797,-0.28180627450409629,0.011438842995728241,0.05489664196353046,1.3999999999999999
3.8850000000000002,1.2417341656339009,1.1866286079174042,0.081880281607773261,-0.26794803403841849,0.009316942540999254,0.055780805227301423,1.3999999999999999
3.8875000000000002,1.2446997741860675,1.1858619736882092,0.081232333248755909,-0.2504556841532144,0.009316942540999254,0.055780805227301423,1.3999999999999999
3.8900000000000001,1.2476634935802438,1.1851170346874089,0.080627785553313819,-0.23322451653586238,0.013232913136231901,0.052418132941139783,1.3999999999999999
3.8925000000000001,1.250626502704941,1.1852936105498444,0.080056975191424351,-0.22346385729101109,0.013232913136231901,0.052418132941139783,1.3999999999999999
3.895,1.2535899780091913,1.1854898395254458,0.079510270077850734,-0.21393864526256423,0.012710367659860417,0.055693005509803641,1.3999999999999999
3.8975,1.2565538172330144,1.1855845980446678,0.078988299739450971,-0.2036742740769989,0.012710367659860417,0.055693005509803641,1.3999999999999999
3.8999999999999999,1.2595179159213463,1.1856972644101835,0.078491719925979128,-0.1936244593066079,0.017090581700238069,0.053431789434324778,1.3999999999999999
3.9025000000000003,1.262483578436925,1.1868356158677043,0.07800989785009213,-0.19186739455442622,0.017090581700238069,0.053431789434324778,1.3999999999999999
3.9050000000000002,1.2654521082780854,1.1879911017190303,0.077532212736479186,-0.19031460796703312,0.018714967819115705,0.057463745951315606,1.3999999999999999
3.9075000000000002,1.2684240157440216,1.1895377326361936,0.077054405808200457,-0.19196498740252085,0.018714967819115705,0.057463745951315606,1.3999999999999999
3.9100000000000001,1.271399811314351,1.1911016127895138,0.07657221677343086,-0.19382061632604586,0.0067242192118062236,0.04795459582279895,1.3999999999999999
3.9125000000000001,1.2743760856305921,1.1899204903568357,0.076112819555020292,-0.17372907367896523,0.0067242192118062236,0.04795459582279895,1.3999999999999999
3.915,1.2773494262971596,1.1887544063745077,0.075703420515403005,-0.15381861393377294,0.013113007727571945,0.053255650739274234,1.3999999999999999
3.9175,1.2803217087415606,1.1890737576459978,0.075328836287837944,-0.14587517945023004,0.013113007727571945,0.053255650739274234,1.3999999999999999
3.9199999999999999,1.2832948058376306,1.1894060127334329,0.074973916042201813,-0.13808604974020983,0.021606223112875959,0.052576390946333797,1.3999999999999999
3.9224999999999999,1.2862711954503165,1.1917078295120476,0.074618663212561179,-0.14614173201531766,0.021606223112875959,0.052576390946333797,1.3999999999999999
3.9250000000000003,1.2892533560521331,1.1940229278031387,0.074243076162918559,-0.15435489127433574,0.021841640503380669,0.057431207374668364,1.3999999999999999
3.9275000000000002,1.2922413896050802,1.1964063217281,0.073846206162259523,-0.16316964121807143,0.021841640503380669,0.057431207374668364,1.3999999999999999
3.9300000000000002,1.2952354000325172,1.1988045630687738,0.073427081321526089,-0.17216036912472504,0.018478650916774239,0.050281642186001681,1.3999999999999999
3.9325000000000001,1.2982344564118133,1.2004431481723514,0.072993022111593281,-0.17511800137116304,0.018478650916774239,0.050281642186001681,1.3999999999999999
3.9350000000000001,1.3012376289259227,1.2020975177348445,0.07255133496108139,-0.17826327461489364,0.019054548431133286,0.042750701992440403,1.3999999999999999
3.9375,1.3042451233758621,1.2039007591825479,0.072100215210799096,-0.18266480138263461,0.019054548431133286,0.042750701992440403,1.3999999999999999
3.9399999999999999,1.307257146474849,1.2057205057194678,0.071637847586136782,-0.18726238723338542,0.014655534282731772,0.050497303865461488,1.3999999999999999
3.9424999999999999,1.3102724718890875,1.2065425858559136,0.071173907573204118,-0.18392253907160619,0.014655534282731772,0.050497303865461488,1.3999999999999999
3.9450000000000003,1.3132898730841414,1.2073810834559413,0.070718071765162219,-0.18077845899699496,0.02501952025728264,0.047577689138279013,1.3999999999999999
3.9475000000000002,1.3163123790262985,1.2106265674642123,0.070245884648894877,-0.197005452938952,0.02501952025728264,0.047577689138279013,1.3999999999999999
3.9500000000000002,1.3193430210311932,1.2138901847553476,0.069732866042546263,-0.21344661526791148,0.016219369251448151,0.036730719529540927,1.3999999999999999
3.9525000000000001,1.3223793083824416,1.2151428935068913,0.069198816886658632,-0.21383076358083836,0.016219369251448151,0.036730719529540927,1.3999999999999999
3.9550000000000001,1.3254187515032323,1.2164148093698166,0.068663521751357912,-0.21444350014980418,0.011993673843079601,0.038735264481289972,1.3999999999999999
3.9575,1.3284601795292781,1.216730733793187,0.068136186828980261,-0.207461730215214,0.011993673843079601,0.038735264481289972,1.3999999999999999
3.96,1.3315024205299641,1.2170650891423493,0.067626029687324271,-0.20070007520979674,0.026115590914199818,0.045392497001826515,1.3999999999999999
3.9624999999999999,1.3345495943770946,1.2206772317251282,0.067099821697732542,-0.22030456997002604,0.026115590914199818,0.045392497001826515,1.3999999999999999
3.9650000000000003,1.33760582366075,1.2243097426913376,0.066524306651005852,-0.24014930957995881,0.015938760348037356,0.048534580898640767,1.3999999999999999
3.9675000000000002,1.3406682245984893,1.2256146175914227,0.065922419327738055,-0.24140349332119815,0.015938760348037356,0.048534580898640767,1.3999999999999999
3.9700000000000002,1.3437339148506575,1.2269412167630389,0.065317073866580116,-0.24291608142513177,0.017759407996310518,0.041556576276458757,1.3999999999999999
3.9725000000000001,1.3468034744684378,1.2287101798064617,0.064703405622499932,-0.24806247538868764,0.017759407996310518,0.041556576276458757,1.3999999999999999
3.9750000000000001,1.349877484459383,1.2305015964864401,0.064076539344788755,-0.25347546692505085,0.013279017123152825,0.041635828380691367,1.3999999999999999
3.9775,1.3529547079066016,1.231280922841367,0.063446180706161315,-0.25085626317997095,0.013279017123152825,0.041635828380691367,1.3999999999999999
3.98,1.3560339077890649,1.2320827097470304,0.062822035052571612,-0.24850465471349217,0.013769998263933899,0.041421523357656455,1.3999999999999999
3.9824999999999999,1.3591152818067367,1.2330202114648372,0.062202298706328506,-0.24732855915660679,0.013769998263933899,0.041421523357656455,1.3999999999999999
3.9849999999999999,1.3621990273426738,1.2339799106896767,0.061585172055739358,-0.24641672831407249,0.012921072651100395,0.033709058369543653,1.3999999999999999
3.9875000000000003,1.365284954560134,1.234765527203741,0.060971963363770858,-0.2441938640296854,0.012921072651100395,0.033709058369543653,1.3999999999999999
3.9900000000000002,1.3683728732201725,1.2355730354284937,0.060363985490528287,-0.24223171694343315,0.0098204226388420475,0.045084723232411521,1.3999999999999999
3.9925000000000002,1.371461941919891,1.235685462856833,0.059767778275345296,-0.23477628970581457,0.0098204226388420475,0.045084723232411521,1.3999999999999999
3.9950000000000001,1.3745513179557654,1.2358187976791351,0.059189896127286999,-0.22757038210337624,0.014997709683492132,0.035651334543122797,1.3999999999999999
3.9975000000000001,1.377642549083693,1.2371695479424902,0.058617717852223084,-0.23021315702893069,0.014997709683492132,0.035651334543122797,1.3999999999999999
4,1.3807371830146586,1.2385410830745023,0.058038624537284138,-0.23310291977492981,0.0098802124499312652,0.03787701875202746,1.3999999999999999
4.0025000000000004,1.3838337927302116,1.2387501086374315,0.057463865965403857,-0.22674471895056458,0.0098802124499312652,0.03787701875202746,1.3999999999999999
4.0049999999999999,1.3869309504224194,1.2389793734635217,0.056904699818425372,-0.22062788839395325,0.013235951189651296,0.041493945761949293,1.3999999999999999
4.0075000000000003,1.3900296762503936,1.2400046021321796,0.056352744577022301,-0.2209757096478584,0.013235951189651296,0.041493945761949293,1.3999999999999999
4.0099999999999998,1.3931309900155378,1.2410497315196636,0.055799624062886223,-0.22156020072737106,0.015560766079667106,0.040724326159677623,1.3999999999999999
4.0125000000000002,1.3962356138385286,1.2426527106663456,0.055239350399676306,-0.22669889746380112,0.015560766079667106,0.040724326159677623,1.3999999999999999
4.0149999999999997,1.3993442706844921,1.2442762303908639,0.054665926412215606,-0.23208141191954232,0.00086083609090601386,0.036058377395811518,1.3999999999999999
4.0175000000000001,1.402452760708869,1.2425190214462887,0.054112858437453663,-0.21041173807252428,0.00086083609090601386,0.036058377395811518,1.3999999999999999
4.0200000000000005,1.405556881167817,1.2407802653288151,0.053613683317818871,-0.18896336797218588,0.0042759692605668174,0.033181382464455504,1.3999999999999999
4.0225,1.4086576638092094,1.2398485240615971,0.053159946795626613,-0.17405785604828644,0.0042759692605668174,0.033181382464455504,1.3999999999999999
4.0250000000000004,1.4117561366233913,1.2389321864416032,0.052743240550883218,-0.15933654438168585,0.013401398693530837,0.037969697701253302,1.3999999999999999
4.0274999999999999,1.4148549767319201,1.2401423177366389,0.052341933065106372,-0.16173816279002123,0.013401398693530837,0.037969697701253302,1.3999999999999999
4.0300000000000002,1.4179568603907649,1.241367064762035,0.051934405057495671,-0.16431341197444027,0.013522819615337385,0.037053211998671572,1.3999999999999999
4.0324999999999998,1.4210618595664475,1.2426347742760946,0.051519936997606021,-0.16729071168385956,0.013522819615337385,0.037053211998671572,1.3999999999999999
4.0350000000000001,1.424170046868305,1.2439176125289795,0.051097801775205495,-0.17044769602147858,0.0079439427797004733,0.039474431053280676,1.3999999999999999
4.0374999999999996,1.4272798459192797,1.2439241154756659,0.050680504897167071,-0.16341945368892424,0.0079439427797004733,0.039474431053280676,1.3999999999999999
4.04,1.430389679622222,1.2439452315631905,0.050280559373196816,-0.15656538718085472,0.0095551296714520458,0.048081655838935526,1.3999999999999999
4.0425000000000004,1.4335000500915607,1.2443534585822353,0.049893795771403494,-0.15287304927494949,0.0095551296714520458,0.048081655838935526,1.3999999999999999
4.0449999999999999,1.4366114583520866,1.2447754111680982,0.0495160579821022,-0.14934409964273757,0.0085938747344278688,0.036295403779356777,1.3999999999999999
4.0475000000000003,1.4397236600638512,1.2449881508771583,0.049149175737101376,-0.14418781000126477,0.0085938747344278688,0.036295403779356777,1.3999999999999999
4.0499999999999998,1.4428364098786144,1.2452138183086361,0.048794990644979747,-0.13918547869031414,0.0051269887739710954,0.042566660713085756,1.3999999999999999
4.0525000000000002,1.4459487358703855,1.2446489571996837,0.048461180863050776,-0.12788600126667474,0.0051269887739710954,0.042566660713085756,1.3999999999999999
4.0549999999999997,1.4490596641572502,1.2440954882675672,0.048155447358988662,-0.11672247166947429,0.0085723344760584158,0.039079748903237024,1.3999999999999999
4.0575000000000001,1.4521702195196289,1.2443505126471011,0.047869457912571182,-0.11208945619988961,0.0085723344760584158,0.039079748903237024,1.3999999999999999
4.0600000000000005,1.4552814251032076,1.2446155971949011,0.047594900279590728,-0.10757620959368212,0.011010725576132255,0.039789788261472191,1.3999999999999999
4.0625,1.4583940116052596,1.245455222796207,0.047325813567579485,-0.10771239587555576,0.011010725576132255,0.039789788261472191,1.3999999999999999
4.0650000000000004,1.461508709314727,1.2463045663110226,0.047056242054510658,-0.10796408731083892,0.010054517531279544,0.046906625918855395,1.3999999999999999
4.0674999999999999,1.4646252656559091,1.2469421167143779,0.046788119350942299,-0.10655322236317365,0.010054517531279544,0.046906625918855395,1.3999999999999999
4.0700000000000003,1.4677434278964427,1.2475892657495313,0.046523380832588487,-0.10525649977051417,0.0098669877847260244,0.031911087887657438,1.3999999999999999
4.0724999999999998,1.4708631655777882,1.2482024478251366,0.046262178839411944,-0.10372374722967741,0.0098669877847260244,0.031911087887657438,1.3999999999999999
4.0750000000000002,1.4739844479211923,1.2488249734859642,0.046004669512867587,-0.10230210493762582,6.1374040098274851e-05,0.044902145096505516,1.3999999999999999
4.0774999999999997,1.4771044581889985,1.2471846041496326,0.045773374090697393,-0.082750541327862012,6.1374040098274851e-05,0.044902145096505516,1.3999999999999999
4.0800000000000001,1.4802203770393287,1.2455515523444913,0.045590843874197325,-0.063286504333734644,0.010391661606442181,0.035038610319321428,1.3999999999999999
4.0825000000000005,1.4833352126583204,1.2463178930513434,0.045432867442581418,-0.063105934796224478,0.010391661606442181,0.035038610319321428,1.3999999999999999
4.085,1.4864519712490341,1.2470899276057192,0.045275257809866715,-0.062993039731350661,0.0020722179879581288,0.036841185190160199,1.3999999999999999
4.0875000000000004,1.4895682572974829,1.2459397287983529,0.045137190010230942,-0.047470966015241756,0.0020722179879581288,0.036841185190160199,1.3999999999999999
4.0899999999999999,1.4926816734068999,1.2447937470515824,0.04503786101069697,-0.031999260214714872,0.015337314332125519,0.050947025763460066,1.3999999999999999
4.0925000000000002,1.4957960707525724,1.2467246853605822,0.044946320924367227,-0.041239396129860162,0.015337314332125519,0.050947025763460066,1.3999999999999999
4.0949999999999998,1.4989152999638762,1.2486593801809862,0.044831626936652415,-0.050524047703635715,0.017712843975821443,0.037083621622911657,1.3999999999999999
4.0975000000000001,1.5020400596056889,1.2511492085133329,0.044688131349267475,-0.06428277989115834,0.017712843975821443,0.037083621622911657,1.3999999999999999
4.0999999999999996,1.5051710509073182,1.253644918373628,0.044510155040050424,-0.078111114297684039,0.0051718616300730127,0.03507430782665704,1.3999999999999999
4.1025,1.5083046572360952,1.2532412383404241,0.044326668917183461,-0.068690820458093702,0.0051718616300730127,0.03507430782665704,1.3999999999999999
4.1050000000000004,1.5114372622168917,1.2528437003195843,0.044166639935951178,-0.059343735605682346,0.013042203751787305,0.036842124571340985,1.3999999999999999
4.1074999999999999,1.5145711601661238,1.2542755969458617,0.044011594406801156,-0.064703815389197117,0.013042203751787305,0.036842124571340985,1.3999999999999999
4.1100000000000003,1.5177086450938575,1.2557133647646541,0.043843062814542026,-0.070133554551192148,0.015768879574854157,0.032543522927601126,1.3999999999999999
4.1124999999999998,1.5208505222382431,1.2577894970079162,0.043654522254544817,-0.080712472226687162,0.015768879574854157,0.032543522927601126,1.3999999999999999
4.1150000000000002,1.5239975987124006,1.2598729900797172,0.043439427795565901,-0.091378586696607603,0.012251274709670405,0.034418917874523655,1.3999999999999999
4.1174999999999997,1.5271488749865845,1.2611494413176165,0.043205728557922242,-0.095597563133855701,0.012251274709670405,0.034418917874523655,1.3999999999999999
4.1200000000000001,1.5303033531389538,1.2624345572775373,0.042961354286910405,-0.099919380206609829,0.021998397748231417,0.033770641638591253,1.3999999999999999
4.1225000000000005,1.533463879518512,1.2659882553324313,0.042683369756631361,-0.12248841922573284,0.021998397748231417,0.033770641638591253,1.3999999999999999
4.125,1.53663330382751,1.2695532485753558,0.042348801077007885,-0.14519080566134465,0.0099569092959193722,0.029155064786632861,1.3999999999999999
4.1275000000000004,1.5398081676130235,1.2703399681764433,0.041985296116357138,-0.14563916670511884,0.0099569092959193722,0.029155064786632861,1.3999999999999999
4.1299999999999999,1.5429850146280375,1.2711398405253318,0.041620475014921894,-0.14624381596809516,0.0097007548125256672,0.031889187739427449,1.3999999999999999
4.1325000000000003,1.5461638035891305,1.2718935311844426,0.041254542206941858,-0.14652860704246068,0.0097007548125256672,0.031889187739427449,1.3999999999999999
4.1349999999999998,1.5493444933099261,1.2726604541838746,0.040887700960357237,-0.14697063537532581,0.0079176211325901365,0.036432894339961587,1.3999999999999999
4.1375000000000002,1.5525266001189604,1.2730271784498237,0.040523706609861009,-0.14425083603710306,0.0079176211325901365,0.036432894339961587,1.3999999999999999
4.1399999999999997,1.5557096400283532,1.2734068952913622,0.040166318029075783,-0.14168555186498807,0.0090404831982896158,0.036317371969228761,1.3999999999999999
4.1425000000000001,1.5588939706978546,1.2740597692895008,0.039812539409732631,-0.1413626452749572,0.0090404831982896158,0.036317371969228761,1.3999999999999999
4.1450000000000005,1.5620799495085547,1.2747254049322514,0.039459378430463467,-0.14119139892393465,0.0042735387800909019,0.02881425813614976,1.3999999999999999
4.1475,1.5652662265049453,1.2742982340032516,0.039117550243551763,-0.13229547321104557,0.0042735387800909019,0.02881425813614976,1.3999999999999999
4.1500000000000004,1.5684514505568778,1.2738829181044315,0.038797783397235552,-0.12354076086197334,0.0020274097747266647,0.030577503716019767,1.3999999999999999
4.1524999999999999,1.5716349991654157,1.2729577123558784,0.038504964402351016,-0.11073522587172398,0.0020274097747266647,0.030577503716019767,1.3999999999999999
4.1550000000000002,1.5748162473612595,1.2720423986210649,0.038244008988427898,-0.098047636991956594,0.0036366930002951622,0.036832683975503273,1.3999999999999999
4.1574999999999998,1.5779956850214212,1.2715091218911478,0.038010893308648361,-0.088461493324598753,0.0036366930002951622,0.036832683975503273,1.3999999999999999
4.1600000000000001,1.5811737995753299,1.2709837714225081,0.03780162284797503,-0.078969766946457159,0.01341929769833871,0.026844183216825086,1.3999999999999999
4.1624999999999996,1.5843534460868338,1.2727347023258875,0.03759320225835331,-0.087781694639547825,0.01341929769833871,0.026844183216825086,1.3999999999999999
4.165,1.5875374797440402,1.2744936224126076,0.037362635462304006,-0.096688325423764959,-0.0014911429732479952,0.035963001883697394,1.3999999999999999
4.1675000000000004,1.5907215982487199,1.2728024753113718,0.037144384469748486,-0.07792791901890031,-0.0014911429732479952,0.035963001883697394,1.3999999999999999
4.1699999999999999,1.5939014978958885,1.2711182592018737,0.036972926911669021,-0.059250267106248804,0.013192698415808855,0.030757766759688263,1.3999999999999999
4.1725000000000003,1.5970814516785365,1.2728457317291364,0.036813895908050849,-0.067985972902119662,0.013192698415808855,0.030757766759688263,1.3999999999999999
4.1749999999999998,1.6002657317099769,1.2745793913112504,0.036632935933559783,-0.076795021214533188,0.0013295524544499927,0.026690065971846224,1.3999999999999999
4.1775000000000002,1.6034509144607689,1.2735678548761316,0.03645747118927932,-0.063589238518334298,0.0013295524544499927,0.026690065971846224,1.3999999999999999
4.1799999999999997,1.6066335757206014,1.2725620024693574,0.036314933280451094,-0.05045121491187006,0.011332567050644851,0.024614558907020866,1.3999999999999999
4.1825000000000001,1.6098166289304825,1.2738813705539112,0.036181880738589696,-0.056000370355387102,0.011332567050644851,0.024614558907020866,1.3999999999999999
4.1850000000000005,1.6130029868089519,1.2752058217717293,0.036034881178785727,-0.06160983082973203,0.0156563013565418,0.030530135018278139,1.3999999999999999
4.1875,1.6161939165508796,1.277539014300977,0.035863709132547432,-0.075340149620650984,0.0156563013565418,0.030530135018278139,1.3999999999999999
4.1900000000000004,1.6193906876158728,1.2798790898938766,0.035658112523815712,-0.089151963338697182,0.013912919125186884,0.0278964422572162,1.3999999999999999
4.1924999999999999,1.6225928131948488,1.2818228081251166,0.035421928386253874,-0.09981234863049529,0.013912919125186884,0.0278964422572162,1.3999999999999999
4.1950000000000003,1.6257998092356294,1.2837756220910963,0.035158960972972116,-0.11058051236008359,0.0092615459036020555,0.042904705013520499,1.3999999999999999
4.1974999999999998,1.6290103506939826,1.2846592294881203,0.034879757679689503,-0.11280212897264826,0.0092615459036020555,0.042904705013520499,1.3999999999999999
4.2000000000000002,1.6322231138918171,1.2855530482889939,0.034594849295626735,-0.11514499533228727,0.012091047732848083,0.030870288563446053,1.3999999999999999
4.2024999999999997,1.635438945295427,1.2871138776067512,0.034297340209169608,-0.12288365474024687,0.012091047732848083,0.030870288563446053,1.3999999999999999
4.2050000000000001,1.6386586925883282,1.2886858780732098,0.033980320638449725,-0.13075478588090947,-0.0031564360986459927,0.035900024731269249,1.3999999999999999
4.2075000000000005,1.6418779618851147,1.2867313470187853,0.033678960007230592,-0.1103550610644555,-0.0031564360986459927,0.035900024731269249,1.3999999999999999
4.21,1.6450923575066478,1.2847866367138692,0.033428447643238088,-0.090072574886538956,0.012010540765789276,0.025344716187339141,1.3999999999999999
4.2125000000000004,1.648306301327495,1.2863698460746782,0.03319319157047515,-0.098149193356649178,0.012010540765789276,0.025344716187339141,1.3999999999999999
4.2149999999999999,1.6515242141737787,1.2879619803163662,0.032937613495915542,-0.10633163762001958,0.0043411841831194238,0.032078844579080112,1.3999999999999999
4.2175000000000002,1.6547438944676767,1.2877838045330188,0.032679301874247405,-0.10033609529284909,0.0043411841831194238,0.032078844579080112,1.3999999999999999
4.2199999999999998,1.6579631407208535,1.2876146588597266,0.032435843511474043,-0.094447972316949722,0.0069578253018975477,0.030697988416802637,1.3999999999999999
4.2225000000000001,1.6611827339494649,1.2880613390775257,0.032200882528315253,-0.093537627396317963,0.0069578253018975477,0.030697988416802637,1.3999999999999999
4.2249999999999996,1.6644034544575834,1.2885164696642228,0.031968071712691046,-0.09272768564850177,0.0066482478644537225,0.021521982138298243,1.3999999999999999
4.2275,1.6676252334643562,1.2889081217865312,0.031737882327773054,-0.091440291773399282,0.0066482478644537225,0.021521982138298243,1.3999999999999999
4.2300000000000004,1.670848001948585,1.2893080331333504,0.031510788479190852,-0.090251036280272839,0.0003052879000241867,0.0154979832555134,1.3999999999999999
4.2324999999999999,1.6740699401233528,1.2882437577380637,0.03130132333521797,-0.077335982457399199,0.0003052879000241867,0.0154979832555134,1.3999999999999999
4.2350000000000003,1.6772892265108721,1.2871864113029539,0.031124039789288089,-0.064503469537935759,0.014818317494909786,0.036695128714922455,1.3999999999999999
4.2374999999999998,1.680510087844562,1.2895037458993022,0.030944936906147181,-0.07879174780877414,0.014818317494909786,0.036695128714922455,1.3999999999999999
4.2400000000000002,1.6837367512352894,1.2918282749878927,0.030730010057614724,-0.093165224204510705,0.020700993706793347,0.023238310781034662,1.3999999999999999
4.2424999999999997,1.6869709431990039,1.2955269191013179,0.030465320989110364,-0.11860520819109206,0.020700993706793347,0.023238310781034662,1.3999999999999999
4.2450000000000001,1.6902143949210184,1.2992364723250451,0.030136876610564835,-0.1441740896273592,-0.001186530456672278,0.029396220998829159,1.3999999999999999
4.2475000000000005,1.6934607854189205,1.2978779638321221,0.029795318727722796,-0.12909650147348695,-0.001186530456672278,0.029396220998829159,1.3999999999999999
4.25,1.6967037943684793,1.2965310103365399,0.029491279368705756,-0.11415660726281623,0.01472642667570726,0.023479025756788518,1.3999999999999999
4.2525000000000004,1.6999480667665849,1.2988887580024058,0.029187354046909898,-0.12900555757584364,0.01472642667570726,0.023479025756788518,1.3999999999999999
4.2549999999999999,1.7031982479725583,1.3012582835414994,0.028846135354073228,-0.14399399178848793,0.010193533964367582,0.022577297048659579,1.3999999999999999
4.2575000000000003,1.706453053653838,1.3025884911065939,0.028477817630089261,-0.15068663736888499,0.010193533964367582,0.022577297048659579,1.3999999999999999
4.2599999999999998,1.7097112018297866,1.3039323819088957,0.028092566910149282,-0.1575416057117176,0.014740887449091356,0.024863759587752939,1.3999999999999999
4.2625000000000002,1.7129740472563857,1.3063464740497379,0.027679370370301892,-0.17304540853612294,0.014740887449091356,0.024863759587752939,1.3999999999999999
4.2649999999999997,1.71624294736282,1.3087763628764071,0.027227183973001834,-0.18873630071359412,0.0068742452972017799,0.021713963829262852,1.3999999999999999
4.2675000000000001,1.7195156601213373,1.3093966990244088,0.026753854084529946,-0.18996151853305215,0.0068742452972017799,0.021713963829262852,1.3999999999999999
4.2700000000000005,1.7227899451806277,1.3100342239270337,0.026277206280559441,-0.19139087428748325,0.001632816473048364,0.02480035126908639,1.3999999999999999
4.2725,1.7260643242213916,1.3094718180113718,0.025808945936641604,-0.18325082225963812,0.001632816473048364,0.02480035126908639,1.3999999999999999
4.2750000000000004,1.729337318014003,1.3089259055528324,0.025360788678185017,-0.17530697718139987,0.0017498991743251369,0.019790631577417523,1.3999999999999999
4.2774999999999999,1.732609000888802,1.308422968631257,0.024931981679016304,-0.16776924151539177,0.0017498991743251369,0.019790631577417523,1.3999999999999999
4.2800000000000002,1.7358794454475646,1.3079351415514409,0.02452179272581255,-0.16041121581612564,-0.00034796078572740113,0.027015977418019203,1.3999999999999999
4.2824999999999998,1.7391480796010692,1.3069745014789673,0.024134673217581136,-0.14931200185555796,-0.00034796078572740113,0.027015977418019203,1.3999999999999999
4.2850000000000001,1.7424143291417262,1.3060272867342677,0.023775099597890575,-0.13837254476855376,0.0035631540977704504,0.023686652491265739,1.3999999999999999
4.2875000000000005,1.7456793619136848,1.3060009867361539,0.023433568411344755,-0.13487683663374889,0.0035631540977704504,0.023686652491265739,1.3999999999999999
4.29,1.7489443442241179,1.3059868662871186,0.023100594811153227,-0.13152586583333042,-0.0023290385164668158,0.016840445495436347,1.3999999999999999
4.2925000000000004,1.7522075953872418,1.3046159265307051,0.022789559782516868,-0.11732432588984451,-0.0023290385164668158,0.016840445495436347,1.3999999999999999
4.2949999999999999,1.755467432637869,1.3032555250497713,0.022513868656688106,-0.10324822752185157,-0.0041380961455069563,0.02422009240196395,1.3999999999999999
4.2975000000000003,1.7587233554749078,1.3014841583779526,0.022277444859607254,-0.085907646393926507,-0.0041380961455069563,0.02422009240196395,1.3999999999999999
4.2999999999999998,1.7619748598511811,1.2997204981314863,0.022084253957499723,-0.068658834630148324,0.0095843352657848536,0.02597118974123877,1.3999999999999999
4.3025000000000002,1.7652259475647523,1.3011507762020573,0.02190209172189652,-0.077084041512460386,0.0095843352657848536,0.02597118974123877,1.3999999999999999
4.3049999999999997,1.7684806195686174,1.3025880585783356,0.021698764527593936,-0.08559232226075017,0.0065743943187523395,0.019920514862362841,1.3999999999999999
4.3075000000000001,1.7717380203418491,1.3033338751725918,0.021481072035194431,-0.088577283205637722,0.0065743943187523395,0.019920514862362841,1.3999999999999999
4.3100000000000005,1.7749972956331697,1.3040877189022266,0.021255798714564931,-0.091657528956574127,0.0080980297356763372,0.029824942746838331,1.3999999999999999
4.3125,1.7782589082893134,1.3052038377278468,0.021019149186910037,-0.097679080749399377,0.0080980297356763372,0.029824942746838331,1.3999999999999999
4.3150000000000004,1.7815233222081783,1.3063288209681259,0.020767315670237027,-0.10380581039227499,0.0063807783095581241,0.024448351214256599,1.3999999999999999
4.3174999999999999,1.7847900615739047,1.30706426218349,0.020504031697063059,-0.10684024910708385,0.0063807783095581241,0.024448351214256599,1.3999999999999999
4.3200000000000003,1.7880586515867214,1.307809385405762,0.020233018658072657,-0.10998961793893219,-0.0017711339174036264,0.027021553382918645,1.3999999999999999
4.3224999999999998,1.7913267495038656,1.3066705086419643,0.019972996369175607,-0.098046774289260424,-0.0017711339174036264,0.027021553382918645,1.3999999999999999
4.3250000000000002,1.7945920114842253,1.3055404578441685,0.019742697305222417,-0.086208918084637848,0.0041984663957972566,0.024352078563734753,1.3999999999999999
4.3274999999999997,1.7978561918717555,1.3058051475188446,0.01952795248368774,-0.085602322892182656,0.0041984663957972566,0.024352078563734753,1.3999999999999999
4.3300000000000001,1.8011210436758325,1.3060775827043674,0.019314609042082383,-0.085087714373959636,-0.0082200067551346633,0.022021642655625982,1.3999999999999999
4.3325000000000005,1.8043829797015263,1.3034723321335282,0.019131401089459495,-0.061491683926827703,-0.0082200067551346633,0.022021642655625982,1.3999999999999999
4.335,1.8076384099273362,1.3008725911077323,0.019007095933410805,-0.037961286948960782,0.0061879986529030408,0.023093278672287398,1.3999999999999999
4.3375000000000004,1.8108915298364032,1.3016239352453982,0.018907956814940657,-0.041357118756111186,0.0061879986529030408,0.023093278672287398,1.3999999999999999
4.3399999999999999,1.814146532727362,1.3023790282644807,0.018800273262194536,-0.044797447315922868,-0.0080225809891966773,0.029111455686006829,1.3999999999999999
4.3425000000000002,1.8173993012989396,1.299836326246494,0.018717073528342256,-0.021768262387963498,-0.0080225809891966773,0.029111455686006829,1.3999999999999999
4.3449999999999998,1.8206457159845737,1.2972955756552129,0.018691412583807267,0.0012376797487523503,0.00027532824055864075,0.026047781510524354,1.3999999999999999
4.3475000000000001,1.823888188982195,1.2966827472762026,0.018703909314628092,0.0087605983436324624,0.00027532824055864075,0.026047781510524354,1.3999999999999999
4.3500000000000005,1.8271291290622338,1.2960691283929096,0.018735223405238199,0.016292913064724728,-0.0022583786348388639,0.02769662476926088,1.3999999999999999
4.3525,1.8303677975570787,1.294865330858175,0.018791297933377818,0.02857071318482575,-0.0022583786348388639,0.02769662476926088,1.3999999999999999
4.3550000000000004,1.8336034535726802,1.2936589605366786,0.018878102469730738,0.040879113676437671,0.01053704475175588,0.020822069709377403,1.3999999999999999
4.3574999999999999,1.8368398053148798,1.2954219008963122,0.018965886928735104,0.029354765152363141,0.01053704475175588,0.020822069709377403,1.3999999999999999
4.3600000000000003,1.8400805608523552,1.2971821712026437,0.019024902674240306,0.017862074517651545,0.0075307403669834221,0.021850226855846096,1.3999999999999999
4.3624999999999998,1.8433248417371604,1.2982423108513741,0.019062224972718377,0.011998443352297444,0.0075307403669834221,0.021850226855846096,1.3999999999999999
4.3650000000000002,1.846571771499403,1.2993013617275559,0.019084905655389669,0.0061477308951944374,0.010872955442130315,0.025158511519132825,1.3999999999999999
4.3674999999999997,1.8498223187125886,1.3011364071762166,0.019085174098762162,-0.0059329566986727799,0.010872955442130315,0.025158511519132825,1.3999999999999999
4.3700000000000001,1.8530774539851189,1.3029719924255569,0.019055235538832982,-0.018020043957908547,0.010609280635504934,0.027216899751862068,1.3999999999999999
4.3725000000000005,1.8563371034652669,1.3047479528813359,0.018995672653331176,-0.029634546843543622,0.010609280635504934,0.027216899751862068,1.3999999999999999
4.375,1.8596011959957435,1.3065266089921972,0.018907036172471445,-0.041281010603107786,0.013563684330123142,0.020642586787835752,1.3999999999999999
4.3775000000000004,1.8628705976578064,1.3089954785493216,0.018782339829239325,-0.058485043518991475,0.013563684330123142,0.020642586787835752,1.3999999999999999
4.3799999999999999,1.8661461778315094,1.3114696801297556,0.01861455831329735,-0.075752251111322999,0.0078763874486095006,0.020268360175577541,1.3999999999999999
4.3825000000000003,1.869426300072814,1.312629309684292,0.018416775410964457,-0.082488269965360919,0.0078763874486095006,0.020268360175577541,1.3999999999999999
4.3849999999999998,1.8727093306185836,1.3137964262665698,0.018202042944269109,-0.089313119507626812,-6.5821053848037769e-05,0.018703053058215322,1.3999999999999999
4.3875000000000002,1.8759929822770498,1.3131261840335788,0.01798865455546993,-0.081412848544601957,-6.5821053848037769e-05,0.018703053058215322,1.3999999999999999
4.3899999999999997,1.8792749676596587,1.3124632875682769,0.017794905944879123,-0.073599893688977944,0.0088203060171246957,0.016245172626876789,1.3999999999999999
4.3925000000000001,1.8825578851316036,1.3138718710841233,0.017599862249106177,-0.082449072852664285,0.0088203060171246957,0.016245172626876789,1.3999999999999999
4.3950000000000005,1.8858443332554988,1.315287943737854,0.017382586557804294,-0.091387086926704789,0.0054060798023665476,0.01491319644305561,1.3999999999999999
4.3975,1.8891333401164194,1.3159189450790685,0.017150808740376659,-0.094051787375084697,0.0054060798023665476,0.01491319644305561,1.3999999999999999
4.4000000000000004,1.8924239350820296,1.3165584685360554,0.016912243323701469,-0.09681765343913229,0.0020720018780061578,0.01870699079903904,1.3999999999999999
4.4024999999999999,1.8957151713728255,1.3164319975107999,0.016674410944171981,-0.09346527826666276,0.0020720018780061578,0.01870699079903904,1.3999999999999999
4.4050000000000002,1.8990061021106086,1.3163139764819425,0.01644483329010964,-0.09021328292093192,-0.00038066133510927802,0.025543788547447106,1.3999999999999999
4.4074999999999998,1.9022960356490539,1.3156341532168678,0.016228985164339564,-0.082480655691802476,-0.00038066133510927802,0.025543788547447106,1.3999999999999999
4.4100000000000001,1.9055842790808308,1.3149617756053682,0.016032356276371347,-0.074836519009220018,-0.00037299938951164749,0.019372675360777344,1.3999999999999999
4.4125000000000005,1.9088708523822915,1.3142979347713046,0.015854717789923058,-0.067286976951234853,-0.00037299938951164749,0.019372675360777344,1.3999999999999999
4.415,1.9121557738168786,1.3136401691334869,0.015695861231754343,-0.059809633489622677,-0.0098719029105630886,0.024370237205243773,1.3999999999999999
4.4175000000000004,1.9154362985726228,1.3107803419420567,0.015577775305981608,-0.034667519141215207,-0.0098719029105630886,0.024370237205243773,1.3999999999999999
4.4199999999999999,1.9187096781188859,1.3079236258593268,0.015522492770305929,-0.0095624479798913503,0.0042853445012050141,0.0098680793776857421,1.3999999999999999
4.4225000000000003,1.9219800297040499,1.308357796643465,0.01549692815904042,-0.010891073758864438,0.0042853445012050141,0.0098680793776857421,1.3999999999999999
4.4249999999999998,1.9252514679241153,1.308792953925072,0.01546802764244512,-0.012231411403617333,0.00269331546157807,0.023721462238046571,1.3999999999999999
4.4275000000000002,1.9285235329550816,1.3088592430972361,0.015439474082670757,-0.010613482038147442,0.00269331546157807,0.023721462238046571,1.3999999999999999
4.4299999999999997,1.931795764939839,1.308926492646886,0.015414950728684788,-0.0090069580543151381,0.011171019782927271,0.022446779909229143,1.3999999999999999
4.4325000000000001,1.9350706286496977,1.3109647196340883,0.01537465408429544,-0.023233254948030763,0.011171019782927271,0.022446779909229143,1.3999999999999999
4.4350000000000005,1.9383505902993605,1.3130050603720849,0.015298763571632054,-0.037484612162326195,0.0093559743476080426,0.017860479949159121,1.3999999999999999
4.4375,1.9416351295654826,1.3146270027431659,0.015191431585411646,-0.04838868854793274,0.0093559743476080426,0.017860479949159121,1.3999999999999999
4.4400000000000004,1.9449237289770684,1.3162533422526828,0.015056776672924762,-0.05934491623269901,0.0069181606963996606,0.025084418562709328,1.3999999999999999
4.4424999999999999,1.9482156926337453,1.3173185293124126,0.014900340880998264,-0.065814945234201019,0.0069181606963996606,0.025084418562709328,1.3999999999999999
4.4450000000000003,1.9515103265993781,1.3183896877781776,0.014727642904267394,-0.072355831261164766,0.0056170903711301413,0.016520471005407402,1.3999999999999999
4.4474999999999998,1.9548072686016182,1.3191650388356986,0.014541532136077196,-0.076546133832508564,0.0056170903711301413,0.016520471005407402,1.3999999999999999
4.4500000000000002,1.9581061575760055,1.3199473294371069,0.014344843603116093,-0.080818801975203011,0.0031398437459233194,0.016547562600727025,1.3999999999999999
4.4524999999999997,1.9614062917385273,1.3201612178542144,0.014143145055214567,-0.080554490760173833,0.0031398437459233194,0.016547562600727025,1.3999999999999999
4.4550000000000001,1.9647069697417929,1.3203823987450081,0.013941998994669171,-0.080376772885927664,-0.0047633533932039136,0.024580891181176519,1.3999999999999999
4.4575000000000005,1.9680059139553807,1.3187740678484421,0.013759627649798867,-0.065533332337757849,-0.0047633533932039136,0.024580891181176519,1.3999999999999999
4.46,1.9713008450024643,1.3171716432351821,0.013614273813060268,-0.050760122527951243,-0.0014458347539672949,0.02524993368626284,1.3999999999999999
4.4625000000000004,1.9745927397182488,1.316344829191094,0.01349804170208292,-0.042233882166512526,-0.0014458347539672949,0.02524993368626284,1.3999999999999999
4.4649999999999999,1.9778825723266062,1.3155218293414903,0.013403066635232072,-0.03375296662473444,0.0011276870000763526,0.023570382476092222,1.3999999999999999
4.4675000000000002,1.9811710990152844,1.3153000029292348,0.013323242421577525,-0.030112121330394002,0.0011276870000763526,0.023570382476092222,1.3999999999999999
4.4699999999999998,1.9844590746106856,1.3150809000943702,0.013252479073226646,-0.026503625523663907,0.0032425179050147596,0.016363494638115008,1.3999999999999999
4.4725000000000001,1.9877471198770846,1.3153557157740283,0.013185766438722107,-0.026871263973622009,0.0032425179050147596,0.016363494638115008,1.3999999999999999
4.4750000000000005,1.9910358552171861,1.3156329648268092,0.013118098679071349,-0.027267794139221181,-0.00026264138647639525,0.020846885045470279,1.3999999999999999
4.4775,1.994324268495332,1.3150980223574837,0.013057581007870052,-0.02115067512802081,-0.00026264138647639525,0.020846885045470279,1.3999999999999999
4.4800000000000004,1.9976113469219139,1.3145649916110538,0.013012326379123865,-0.015056267600893038,0.0034571197540718308,0.011738274277381571,1.3999999999999999
4.4824999999999999,2.0008981751973174,1.314897862496881,0.012973607499911124,-0.015921611393270352,0.0034571197540718308,0.011738274277381571,1.3999999999999999
4.4850000000000003,2.00418583743599,1.3152321754183403,0.012932704056229472,-0.016804075792077541,0.0017973262456702126,0.025073298327156924,1.3999999999999999
4.4874999999999998,2.0074738551622957,1.3151822424705313,0.012893444599081342,-0.014606302644179232,0.0017973262456702126,0.025073298327156924,1.3999999999999999
4.4900000000000002,2.0107617497496886,1.3151336312647275,0.012859659463655601,-0.012424226229429746,0.0024112797154899482,0.013844449759701236,1.3999999999999999
4.4924999999999997,2.0140497026131987,1.315228839258739,0.012829879897106553,-0.01140156104393175,0.0024112797154899482,0.013844449759701236,1.3999999999999999
4.4950000000000001,2.0173378948059817,1.3153250793488722,0.0128026414463562,-0.010391151500522201,0.0046518703487103833,0.022677923079820899,1.3999999999999999
4.4975000000000005,2.0206269797023886,1.3159430187586827,0.012772687185284265,-0.01357440562426567,0.0046518703487103833,0.022677923079820899,1.3999999999999999
4.5,2.0239176109249168,1.3165621884361436,0.012734757249741855,-0.016772263095954504,0.014654093474446897,0.033034587155313266,1.3999999999999999
4.5025000000000004,2.0272126976436122,1.3195076073217562,0.012665473995270208,-0.038659327225719291,0.014654093474446897,0.033034587155313266,1.3999999999999999
4.5049999999999999,2.0305151518965108,1.3224565484029673,0.012541425832047303,-0.060588131825404845,0.0022005109783982714,0.020231352117220335,1.3999999999999999
4.5075000000000003,2.0338213670733478,1.3225164975479284,0.012391535438538083,-0.059334923619001778,0.0022005109783982714,0.020231352117220335,1.3999999999999999
4.5099999999999998,2.0371277388594522,1.3225818174209107,0.012244698071563314,-0.058145492047233648,-0.0080683978170474381,0.03000567544519309,1.3999999999999999
4.5125000000000002,2.0404312972759642,1.3202656360924696,0.012124715544261722,-0.037849097160222445,-0.0080683978170474381,0.03000567544519309,1.3999999999999999
4.5149999999999997,2.0437290698799089,1.317952863124616,0.012055418807108217,-0.017593241104673106,0.0094917530896239787,0.027680878161806369,1.3999999999999999
4.5175000000000001,2.047026164420092,1.3197231303551087,0.011995761664399562,-0.030136758797955965,0.0094917530896239787,0.027680878161806369,1.3999999999999999
4.5200000000000005,2.0503276878132746,1.321496135685944,0.01190470795132648,-0.042712752930583978,-0.0087136549682365234,0.019904571996158804,1.3999999999999999
4.5225,2.0536283593276305,1.3190415564542735,0.011824637405069121,-0.021349401221004646,-0.0087136549682365234,0.019904571996158804,1.3999999999999999
4.5250000000000004,2.0569228971972606,1.3165888995269861,0.011797941893840645,-8.9141444402571213e-06,-0.0059010140875760779,0.017659712192848509,1.3999999999999999
4.5274999999999999,2.0602121209501965,1.3147899820884315,0.01181803020986703,0.016081002376191596,-0.0059010140875760779,0.017659712192848509,1.3999999999999999
4.5300000000000002,2.0634968458994409,1.3129896146763622,0.01187836127090819,0.032188157847365229,-0.00019307580714396019,0.016706858809371332,1.3999999999999999
4.5324999999999998,2.0667787248591565,1.3125130267445022,0.011965681728807881,0.037674460900425304,-0.00019307580714396019,0.016706858809371332,1.3999999999999999
4.5350000000000001,2.0700594081947195,1.3120330323994112,0.012066767292900843,0.043201228283118689,0.003338429356478833,0.026079123534076855,1.3999999999999999
4.5375000000000005,2.0733399127214249,1.3123699445601931,0.012173486735816476,0.042181976695447314,0.003338429356478833,0.026079123534076855,1.3999999999999999
4.54,2.0766212547339911,1.3127030361389571,0.012277714972663514,0.041208084764636284,0.0059668586602841609,0.01450438924191281,1.3999999999999999
4.5425000000000004,2.0799041883841283,1.3136433052314824,0.01237343142109202,0.035371942169944007,0.0059668586602841609,0.01450438924191281,1.3999999999999999
4.5449999999999999,2.0831894685870309,1.3145803662721569,0.012454606406711918,0.029573871108180893,0.0056123278650688476,0.021929939235052463,1.3999999999999999
4.5475000000000003,2.0864769849854792,1.3154323441358406,0.012522154486597725,0.024469439165767562,0.0056123278650688476,0.021929939235052463,1.3999999999999999
4.5499999999999998,2.0897666284588512,1.3162821031489995,0.012576975545074403,0.019391340871238442,0.0076964261415718776,0.014187102939405359,1.3999999999999999
4.5525000000000002,2.0930589994868409,1.3176144935545366,0.01261426601175328,0.010443710060633039,0.0076964261415718776,0.014187102939405359,1.3999999999999999
4.5549999999999997,2.096354700136676,1.3189459359019726,0.012629203467381087,0.0015073270927014569,0.00044929802461696373,0.011882203130953733,1.3999999999999999
4.5575000000000001,2.0996516236934335,1.3185928521803387,0.012638712802073676,0.0061008215657527643,0.00044929802461696373,0.011882203130953733,1.3999999999999999
4.5600000000000005,2.102947663937845,1.3182392167492771,0.012659713036012625,0.010700869365612582,0.0098295481950786898,0.027527414746858138,1.3999999999999999
4.5625,2.1062455440169399,1.3200647821174267,0.012670341025474468,-0.0021977139088755811,0.0098295481950786898,0.027527414746858138,1.3999999999999999
4.5650000000000004,2.109547988014902,1.3218905472142692,0.012648722492152634,-0.015098665950454461,0.0064044180973535552,0.024002050455072706,1.3999999999999999
4.5674999999999999,2.1128540028632763,1.3229216090488907,0.012602825559584148,-0.021622173844993008,0.0064044180973535552,0.024002050455072706,1.3999999999999999
4.5700000000000003,2.116162597694585,1.3239546323591052,0.012540592227672221,-0.028168957817872566,-0.0028090088118173512,0.018186247474975437,1.3999999999999999
4.5724999999999998,2.1194711015527234,1.3228487980747512,0.01248345214892327,-0.017547192521256253,-0.0028090088118173512,0.018186247474975437,1.3999999999999999
4.5750000000000002,2.1227768430049627,1.3217445479768224,0.012452840577602722,-0.0069442543522988311,-0.0034829725016621571,0.028692407843762556,1.3999999999999999
4.5774999999999997,2.1260796290207988,1.3204842800111682,0.012450297155777636,0.0049093348141453202,-0.0034829725016621571,0.028692407843762556,1.3999999999999999
4.5800000000000001,2.1293792640357827,1.3192235689717449,0.01247739164027988,0.016768190202041594,0.0036124236873605947,0.024111229871272483,1.3999999999999999
4.5825000000000005,2.1326778068937333,1.3196104745807073,0.012517598215545645,0.015399952624134818,0.0036124236873605947,0.024111229871272483,1.3999999999999999
4.585,2.1359773152462993,1.3199959851948873,0.012554405203240315,0.014048276404490405,-0.00099965583535501466,0.020215012145229888,1.3999999999999999
4.5875000000000004,2.1392764459042395,1.3193082748464762,0.012598612990659152,0.021321117569556604,-0.00099965583535501466,0.020215012145229888,1.3999999999999999
4.5899999999999999,2.1425738550151094,1.3186186378502356,0.012661029865179189,0.028616849327428126,-0.0016068042091573337,0.020052037917798776,1.3999999999999999
4.5925000000000002,2.14586936055708,1.3177853012713432,0.012743139414506872,0.037076665448761148,-0.0016068042091573337,0.020052037917798776,1.3999999999999999
4.5949999999999998,2.1491627787307821,1.3169486156106038,0.012846446352681097,0.045576276999718543,0.0063065706926234673,0.022514304036046665,1.3999999999999999
4.5975000000000001,2.1524563990873617,1.317947027715421,0.012952598535771125,0.03935308729657841,0.0063065706926234673,0.022514304036046665,1.3999999999999999
4.6000000000000005,2.1557525108949149,1.3189418701417586,0.013043247086629588,0.033172258649909178,0.0059254974670760992,0.017869521782289882,1.3999999999999999
4.6025,2.1590509952275192,1.3198451356399621,0.013119378673142376,0.027738473261585871,0.0059254974670760992,0.017869521782289882,1.3999999999999999
4.6050000000000004,2.1623517344769718,1.3207458855191287,0.013181964329216716,0.022334542347563748,0.0069718038691234368,0.016951761569975771,1.3999999999999999
4.6074999999999999,2.1656550269219546,1.3218877881502806,0.013228630268174836,0.015001558651228809,0.0069718038691234368,0.016951761569975771,1.3999999999999999
4.6100000000000003,2.1689611722834434,1.3230283294940706,0.013256985581263977,0.0076847273055046681,0.0027931166114583406,0.023725425999860789,1.3999999999999999
4.6124999999999998,2.1722689540719853,1.3231969816875375,0.013276810104715183,0.0081763122078519525,0.0027931166114583406,0.023725425999860789,1.3999999999999999
4.6150000000000002,2.1755771565750752,1.3233648936496982,0.013297874466284033,0.0086766866506270794,0.0089827343914362801,0.024053800346564805,1.3999999999999999
4.6174999999999997,2.1788875759780462,1.3249705809530499,0.013305760326152322,-0.0023674320906408967,0.0089827343914362801,0.024053800346564805,1.3999999999999999
4.6200000000000001,2.1822020096590848,1.3265764833240457,0.013286035179745201,-0.013414101829554563,0.0081326950417261266,0.016633580241544928,1.3999999999999999
4.6225000000000005,2.1855202124719608,1.3279860416321572,0.013240661002194547,-0.022888498485406014,0.0081326950417261266,0.016633580241544928,1.3999999999999999
4.625,2.1888419415990326,1.3293976782316406,0.013171572142865341,-0.032387550233864193,0.0033089978293859845,0.021381189742139067,1.3999999999999999
4.6275000000000004,2.1921658020115253,1.3296911445535409,0.013089948440573269,-0.03291726249040499,0.0033089978293859845,0.021381189742139067,1.3999999999999999
4.6299999999999999,2.1954903998057613,1.32998759189381,0.013006956338472932,-0.033482368221395102,0.0033431918737433734,0.023140430801194753,1.3999999999999999
4.6325000000000003,2.1988157524311949,1.330295018809545,0.012922426821560196,-0.034147304674530393,0.0033431918737433734,0.023140430801194753,1.3999999999999999
4.6349999999999998,2.202141877476703,1.3306055382726669,0.01283618922017888,-0.034848958291650807,-0.0019832537576349486,0.02050689614613108,1.3999999999999999
4.6375000000000002,2.205467235379142,1.3296812389164827,0.012760578233727149,-0.025645240583253542,-0.0019832537576349486,0.02050689614613108,1.3999999999999999
4.6399999999999997,2.2087902856011183,1.3287592556012302,0.012707940084659466,-0.016469044876693126,0.0019950278747942855,0.019180219630843223,1.3999999999999999
4.6425000000000001,2.2121121886222337,1.3287633966285961,0.012668936288224568,-0.01473678696081417,0.0019950278747942855,0.019180219630843223,1.3999999999999999
4.6450000000000005,2.2154341036956176,1.3287688714098524,0.012634242952246228,-0.013020367676443104,-0.0047997797727959111,0.025493749527282786,1.3999999999999999
4.6475,2.2187540600047524,1.3271962634941339,0.012619676256698815,0.0013659698504251208,-0.0047997797727959111,0.025493749527282786,1.3999999999999999
4.6500000000000004,2.2220700849103938,1.3256235323928174,0.012641074022379215,0.015753771871350741,0.0036545734491671708,0.0091915099868182665,1.3999999999999999
4.6524999999999999,2.2253846325477609,1.3260143500726858,0.012678733759376315,0.01437671774623786,0.0036545734491671708,0.0091915099868182665,1.3999999999999999
4.6550000000000002,2.2287001555756039,1.3264038654457968,0.012712970494033074,0.013015124580674761,-0.00073163361749189852,0.02294142855635083,1.3999999999999999
4.6574999999999998,2.232015376663667,1.3257727574877156,0.012754054774476489,0.019855240440278553,-0.00073163361749189852,0.02294142855635083,1.3999999999999999
4.6600000000000001,2.2353290178678584,1.325139855177349,0.012812264460063366,0.026716674460481454,0.014122163878078634,0.017046329928948847,1.3999999999999999
4.6625000000000005,2.2386453890571891,1.327956848850117,0.012853005923200251,0.0058794285328787228,0.014122163878078634,0.017046329928948847,1.3999999999999999
4.665,2.2419688016659198,1.3307733069648771,0.012841666890690594,-0.014951470274952756,0.00093134841577285042,0.015526010606973136,1.3999999999999999
4.6675000000000004,2.2452954246983303,1.330525315883307,0.012809011311863539,-0.011175331691557919,0.00093134841577285042,0.015526010606973136,1.3999999999999999
4.6699999999999999,2.2486214290875988,1.330278335622181,0.012785780228312863,-0.0074111990657279737,0.0045505846261663842,0.016761756290887154,1.3999999999999999
4.6725000000000003,2.2519478683511545,1.3308732098038336,0.012763504435518143,-0.010411032683807241,0.0045505846261663842,0.016761756290887154,1.3999999999999999
4.6749999999999998,2.255275795922822,1.3314690275031773,0.012733715732452303,-0.013422066091611805,0.0083233022376640649,0.022305913653731142,1.3999999999999999
4.6775000000000002,2.258606310508946,1.3329429206839747,0.01268757970341346,-0.02349007029219663,0.0083233022376640649,0.022305913653731142,1.3999999999999999
4.6799999999999997,2.2619405123036809,1.3344189469408936,0.012616244295442348,-0.03358337892843076,0.0077034308083213333,0.016811164705651364,1.3999999999999999
4.6825000000000001,2.2652782277057271,1.3357539506019032,0.012521078935442459,-0.042555741714296894,0.0077034308083213333,0.016811164705651364,1.3999999999999999
4.6850000000000005,2.2686192852756233,1.3370928172910712,0.01240342739680352,-0.051573936249677974,-0.00027235191557125997,0.015319902655896861,1.3999999999999999
4.6875,2.2719613786244066,1.336582594939516,0.012281772110630968,-0.045759002764873061,-0.00027235191557125997,0.015319902655896861,1.3999999999999999
4.6900000000000004,2.2753022016973388,1.3360765094005616,0.012174591434503196,-0.039993212106665892,0.0062877182699516837,0.0062481388814513376,1.3999999999999999
4.6924999999999999,2.2786436699852972,1.3370987748349419,0.012066464125349362,-0.046516394618595934,0.0062877182699516837,0.0062481388814513376,1.3999999999999999
4.6950000000000003,2.2819876990874359,1.3381252597278297,0.01194196773820093,-0.053089649154197595,7.6404722792675073e-07,0.0076953931344729814,1.3999999999999999
4.6974999999999998,2.2853324738223346,1.3376952897729699,0.011815637316645821,-0.047983734537582437,7.6404722792675073e-07,0.0076953931344729814,1.3999999999999999
4.7000000000000002,2.2886761791518699,1.3372696589076263,0.011702006118276105,-0.042929361445431205,0.016359111724669442,0.0093035620138826759,1.3999999999999999
4.7024999999999997,2.2920235777892137,1.340650096947738,0.011562783537880424,-0.068458726922726976,0.016359111724669442,0.0093035620138826759,1.3999999999999999
4.7050000000000001,2.2953794348359886,1.344036774665802,0.01135965087483526,-0.094062028137389647,0.013620822958213378,0.02163456061186983,1.3999999999999999
4.7075000000000005,2.2987429732634168,1.3467955500331052,0.011098778054345575,-0.11465499166040143,0.013620822958213378,0.02163456061186983,1.3999999999999999
4.71,2.3021134212803158,1.3495647592102797,0.01078627284545469,-0.13537165030938833,0.0081180102059714848,0.0091110750864828432,1.3999999999999999
4.7125000000000004,2.3054892085818914,1.3510672096346419,0.010434638257373832,-0.14596126435855741,0.0081180102059714848,0.0091110750864828432,1.3999999999999999
4.7149999999999999,2.3088687683665041,1.3525829068107715,0.010056335553554696,-0.15670805603822849,0.0077166914225511828,0.012571203566065127,1.3999999999999999
4.7175000000000002,2.3122520183670123,1.3540195398728239,0.0096518938261915023,-0.16687435471527393,0.0077166914225511828,0.012571203566065127,1.3999999999999999
4.7199999999999998,2.3156388786810806,1.3554713124928846,0.0092218140785135152,-0.1772203106715762,0.0062228791645616652,0.011484278220074504,1.3999999999999999
4.7225000000000001,2.3190289543041884,1.3565919220915965,0.0087691191287265682,-0.18496812507167373,0.0062228791645616652,0.011484278220074504,1.3999999999999999
4.7250000000000005,2.3224218522642879,1.3577293004508886,0.0082968076025709877,-0.19291497756638659,-0.00075196707555578134,0.0074181242310923361,1.3999999999999999
4.7275,2.3258155888131244,1.3572628094931716,0.0078206476361603779,-0.18804709752704246,-0.00075196707555578134,0.0074181242310923361,1.3999999999999999
4.7300000000000004,2.3292081804835587,1.356813326232488,0.007356403777282524,-0.18338124090239913,-0.0030025325700770121,0.013111930952259994,1.3999999999999999
4.7324999999999999,2.3325990153424629,1.3558572582876856,0.0069088292662094972,-0.17471041330437667,-0.0030025325700770121,0.013111930952259994,1.3999999999999999
4.7350000000000003,2.335987479936442,1.3549169855055043,0.0064826953559169852,-0.16622722857296382,-0.0033658392121630916,0.0091887694857461146,1.3999999999999999
4.7374999999999998,2.3393735072302482,1.3539072867076076,0.0060783921888059624,-0.15724425665784014,-0.0033658392121630916,0.0091887694857461146,1.3999999999999999
4.7400000000000002,2.342757028218232,1.3529118071035007,0.0056963333288062943,-0.14843019273957009,-0.0049856848273963951,0.020355754041781984,1.3999999999999999
4.7424999999999997,2.3461376067748088,1.3515531866650274,0.0053398886331150232,-0.13675108675398465,-0.0049856848273963951,0.020355754041781984,1.3999999999999999
4.7450000000000001,2.3495148044548735,1.3502069313377627,0.0050124555013408628,-0.12521886673434665,0.00058954526139671712,0.0093762836827443741,1.3999999999999999
4.7475000000000005,2.3528902708725328,1.350168084754247,0.0047006709980784928,-0.1242310824368561,0.00058954526139671712,0.0093762836827443741,1.3999999999999999
4.75,2.3562656542513345,1.3501404864086388,0.0043911887977935429,-0.12337685977507032,-0.0079599865682254672,0.0075847350497394743,1.3999999999999999
4.7525000000000004,2.3596384983377106,1.3481365159643388,0.0041036288825125784,-0.10669166260513305,-0.0079599865682254672,0.0075847350497394743,1.3999999999999999
4.7549999999999999,2.3630063448695382,1.3461421924775903,0.003857634996760239,-0.090121061854283951,0.0016476374270805979,0.0083183258750308547,1.3999999999999999
4.7575000000000003,2.3663720078375468,1.3463895532952017,0.003630520685723196,-0.091586668721365644,0.0016476374270805979,0.0083183258750308547,1.3999999999999999
4.7599999999999998,2.3697382995481631,1.3466452094282502,0.0033996195876227191,-0.093150762975473173,0.0050996796052365633,0.014674821345835688,1.3999999999999999
4.7625000000000002,2.3731062440012418,1.3477118209436414,0.0031566269975007158,-0.10126073461626806,0.0050996796052365633,0.014674821345835688,1.3999999999999999
4.7649999999999997,2.3764768662984608,1.3487876079380972,0.0028932251532117117,-0.10947962917673505,0.00034683578937528409,0.011135108566752386,1.3999999999999999
4.7675000000000001,2.3798488092293764,1.3487683849191157,0.0026202230206109965,-0.10894164581257734,0.00034683578937528409,0.011135108566752386,1.3999999999999999
4.7700000000000005,2.3832207164434349,1.3487590272399304,0.0023484193201925773,-0.10852079770891462,-0.003850977910476585,0.021530128703248351,1.3999999999999999
4.7725,2.3865913927522748,1.3477835955621054,0.0020873188029763168,-0.10037832743426282,-0.003850977910476585,0.021530128703248351,1.3999999999999999
4.7750000000000004,2.3899596419930162,1.346817250848378,0.0018464377714822117,-0.092343761004278185,-0.00089610590413382631,0.013787326937858812,1.3999999999999999
4.7774999999999999,2.3933263446028357,1.3465462123477525,0.0016186210761973152,-0.089925925176079252,-0.00089610590413382631,0.013787326937858812,1.3999999999999999
4.7800000000000002,2.3966923798402924,1.3462833172303306,0.0013967275786033022,-0.087604778516564952,-0.0070879601191516841,0.014515014432037007,1.3999999999999999
4.7824999999999998,2.4000559685597129,1.3445888760058962,0.0011949695365134506,-0.07381611460213966,-0.0070879601191516841,0.014515014432037007,1.3999999999999999
4.7850000000000001,2.4034153297888663,1.3429011176749552,0.0010275808835678035,-0.060106804779746642,-0.0089592036334514204,0.017496619943109686,1.3999999999999999
4.7875000000000005,2.4067699349329805,1.3407837752540095,0.0008987488703248095,-0.042968039492458796,-0.0089592036334514204,0.017496619943109686,1.3999999999999999
4.79,2.4101192519067753,1.3386703232052148,0.00081270219531412457,-0.025875468021891012,-0.00017722091015649061,0.01241093852475501,1.3999999999999999
4.7925000000000004,2.4134658403889997,1.3386008481137235,0.00074885250692640574,-0.025208860021439444,-0.00017722091015649061,0.01241093852475501,1.3999999999999999
4.7949999999999999,2.4168122580498816,1.3385336562747403,0.00068663530725824912,-0.02456936002028294,-0.0073664659322476168,0.01589668417224923,1.3999999999999999
4.7975000000000003,2.4201564214574827,1.3367973346890107,0.00064276232764401322,-0.010532168690389447,-0.0073664659322476168,0.01589668417224923,1.3999999999999999
4.7999999999999998,2.423496245518006,1.335061966859274,0.00063396502840391714,0.0034936984816785928,0.00030409799588829167,0.020341965508142202,1.3999999999999999
4.8025000000000002,2.42683395995804,1.3351095346445723,0.00064233198721812279,0.0032004684035729937,0.00030409799588829167,0.020341965508142202,1.3999999999999999
4.8049999999999997,2.4301717929496811,1.3351568125454476,0.00064997023818172146,0.0029106799599089919,-0.00072313822877420608,0.017869241006476865,1.3999999999999999
4.8075000000000001,2.433509445304455,1.3349650150289238,0.00065928541270770353,0.0045421274287255307,-0.00072313822877420608,0.017869241006476865,1.3999999999999999
4.8100000000000005,2.4368466176820225,1.334772806118103,0.00067268494527310827,0.0061784591937920985,-0.0021814217033612575,0.013457810801451132,1.3999999999999999
4.8125,2.4401828851174501,1.3342410160265572,0.00069358666277496148,0.010544413112466665,-0.0021814217033612575,0.013457810801451132,1.3999999999999999
4.8150000000000004,2.4435178219663816,1.3337082709388484,0.00072541645882772678,0.014921705425851198,-0.00029975427224748427,0.016198499214431887,1.3999999999999999
4.8174999999999999,2.4468519721251112,1.3336116241740037,0.0007638170271861732,0.015801502150745817,-0.00029975427224748427,0.016198499214431887,1.3999999999999999
4.8200000000000003,2.4501858788946906,1.3335135462113381,0.00080443812829251874,0.016698290808914822,0.0061893547562446825,0.013158212696452797,1.3999999999999999
4.8224999999999998,2.4535214242152037,1.3349225426420372,0.00083217882866407067,0.0054962586769494396,0.0061893547562446825,0.013158212696452797,1.3999999999999999
4.8250000000000002,2.4568604911930363,1.3363310411457443,0.00083192434682098496,-0.0056998622180111161,0.00029300025566614957,0.020448544079453145,1.3999999999999999
4.8274999999999997,2.4602013664758018,1.3363692725544907,0.00081743562330221717,-0.0058921552927797861,0.00029300025566614957,0.020448544079453145,1.3999999999999999
4.8300000000000001,2.463542338000507,1.3364080376481235,0.0008024582907033875,-0.0060907845104701108,0.0023895295761470108,0.018572573305766379,1.3999999999999999
4.8325000000000005,2.4668840163377972,1.3369347552186863,0.00078208325517477447,-0.010210704605165332,0.0023895295761470108,0.018572573305766379,1.3999999999999999
4.835,2.4702270125472974,1.3374623976911371,0.00075139561781884456,-0.014341605314567553,-0.0082590885451420439,0.010349432926514466,1.3999999999999999
4.8375000000000004,2.4735682351096115,1.3355157498619479,0.0007352146736741361,0.0013956899437756638,-0.0082590885451420439,0.010349432926514466,1.3999999999999999
4.8399999999999999,2.4769045911912451,1.3335689756511611,0.00075837531854575275,0.017134485785462422,0.0027650740949338552,0.023501532529247634,1.3999999999999999
4.8425000000000002,2.4802392821202019,1.3341835452885455,0.00079517369570285647,0.012306854240907645,0.0027650740949338552,0.023501532529247634,1.3999999999999999
4.8449999999999998,2.4835755079887964,1.3347970001372962,0.00081992061768257276,0.0074924576316744654,0.0031362447824142105,0.016593902524974554,1.3999999999999999
4.8475000000000001,2.4869133744109582,1.335496065987775,0.0008317764405018262,0.001993050715178378,0.0031362447824142105,0.016593902524974554,1.3999999999999999
4.8500000000000005,2.4902529881683182,1.3361949512989326,0.00082988765702524353,-0.0035042128245548849,-0.0030122754677497088,0.017752804745453325,1.3999999999999999
4.8525,2.4935925627816924,1.3354647471709964,0.00082860196734211656,0.0024755688179752128,-0.0030122754677497088,0.017752804745453325,1.3999999999999999
4.8550000000000004,2.4969303117173363,1.3347343188429128,0.00084226771940581785,0.0084580123590572188,-0.0043767297967912504,0.023945290338842108,1.3999999999999999
4.8574999999999999,2.5002658372515705,1.3336859164698349,0.00087408404055584396,0.016997325075184779,-0.0043767297967912504,0.023945290338842108,1.3999999999999999
4.8600000000000003,2.5035987400170456,1.3326359748266119,0.00092726957369019343,0.025554913697777772,-0.0036835883832732931,0.011459619427700931,1.3999999999999999
4.8624999999999998,2.5069292166117814,1.3317448602820336,0.0010002638166559329,0.032845712909030225,-0.0036835883832732931,0.011459619427700931,1.3999999999999999
4.8650000000000002,2.5102574618399269,1.3308507712675453,0.0010915275661501867,0.040171828416924474,-0.0037253050148619293,0.022243520812716813,1.3999999999999999
4.8674999999999997,2.5135834553147456,1.329943346162775,0.0012012563101050863,0.0476190319108259,-0.0037253050148619293,0.022243520812716813,1.3999999999999999
4.8700000000000001,2.5169071749776299,1.3290316089715681,0.0013296653880041939,0.055117434370980795,0.0037558656393683115,0.011443017388313456,1.3999999999999999
4.8725000000000005,2.5202307830909141,1.3298540979407829,0.0014594329640535049,0.048705930657776168,0.0037558656393683115,0.011443017388313456,1.3999999999999999
4.875,2.5235564417907641,1.330672174606548,0.0015732386889993097,0.042346809181188744,-0.0038952892906348735,0.013331330867574867,1.3999999999999999
4.8775000000000004,2.5268819174853521,1.3297076819234466,0.0016890615510787557,0.050319781859411723,-0.0038952892906348735,0.013331330867574867,1.3999999999999999
4.8799999999999999,2.5302049764038932,1.3287386330824158,0.0018248826768942547,0.058346853290557055,0.010473478484263363,0.024770466446415621,1.3999999999999999
4.8825000000000003,2.5335297815365441,1.3311047331777863,0.0019473137018948541,0.03960674864423834,0.010473478484263363,0.024770466446415621,1.3999999999999999
4.8849999999999998,2.5368604970782811,1.3334672430868892,0.0020229519279706329,0.020909258048318738,0.0040974526545915742,0.015916292036246428,1.3999999999999999
4.8875000000000002,2.5401952634235854,1.3343455685441123,0.002066759337839908,0.01413981115534188,0.0040974526545915742,0.015916292036246428,1.3999999999999999
4.8899999999999997,2.5435322238535334,1.3352226128977633,0.0020936636560178207,0.0073855726719424713,-0.0012673641131897007,0.013675356292151594,1.3999999999999999
4.8925000000000001,2.5468698170197075,1.3348517838984704,0.002116214418343591,0.010656653620262028,-0.0012673641131897007,0.013675356292151594,1.3999999999999999
4.8950000000000005,2.550206481968861,1.3344799898284323,0.0021469564720139295,0.013939192910270345,0.001347442816525015,0.01630628337117318,1.3999999999999999
4.8975,2.5535429757283903,1.3347148193361322,0.0021798203463825128,0.012354262730076986,0.001347442816525015,0.01630628337117318,1.3999999999999999
4.9000000000000004,2.5568800551330759,1.3349485297783301,0.0022087388560860155,0.010782618322700993,-0.0018523336693491745,0.012394574921651528,1.3999999999999999
4.9024999999999999,2.5602167877717701,1.334437385150957,0.0022412108438308312,0.01519729935131664,-0.0018523336693491745,0.012394574921651528,1.3999999999999999
4.9050000000000002,2.5635522409121032,1.3339248643457531,0.002284738968299282,0.019628320176465999,-0.00069836951229640225,0.014651818825235346,1.3999999999999999
4.9074999999999998,2.5668867459313445,1.3336788374730359,0.0023366768723186138,0.021925726090643888,-0.00069836951229640225,0.014651818825235346,1.3999999999999999
4.9100000000000001,2.5702206334448947,1.3334308249433537,0.0023943872434437135,0.024246707634588926,0.0064557507469619252,0.017794272564137809,1.3999999999999999
4.9125000000000005,2.5735559770688847,1.3348437911826598,0.0024412356418231735,0.013235371150098695,0.0064557507469619252,0.017794272564137809,1.3999999999999999
4.915,2.576894851401351,1.3362555579225874,0.0024605759630284482,0.0022382730628709539,0.00066960715862310859,0.023395691724558108,1.3999999999999999
4.9175000000000004,2.5802355733536562,1.336321971574508,0.0024659328784980938,0.0020476433533217486,0.00066960715862310859,0.023395691724558108,1.3999999999999999
4.9199999999999999,2.5835764611046828,1.3363881997605378,0.0024708160145678966,0.0018592155776705015,-0.0030974276532456605,0.016996159159478184,1.3999999999999999
4.9225000000000003,2.5869164195884524,1.3355785075519055,0.0024840222332971999,0.0087067057957523879,-0.0030974276532456605,0.016996159159478184,1.3999999999999999
4.9249999999999998,2.5902543529855588,1.3347680270409661,0.0025143573433147781,0.015563556240729651,-0.0093671071646371697,0.014993535779203719,1.3999999999999999
4.9275000000000002,2.5935884367092412,1.3324985771780573,0.0025764863000110449,0.034144059543032249,-0.0093671071646371697,0.014993535779203719,1.3999999999999999
4.9299999999999997,2.5969168432972864,1.3302260381305784,0.0026851082132190885,0.052761251769190824,0.00010612346019645523,0.012795573314333043,1.3999999999999999
4.9325000000000001,2.6002423156435652,1.3301510351437307,0.0028182309709204353,0.053746497232880025,0.00010612346019645523,0.012795573314333043,1.3999999999999999
4.9350000000000005,2.6035675944170946,1.33007116463282,0.0029538888549299975,0.054789534481215554,0.0052724798955943548,0.014259949271289263,1.3999999999999999
4.9375,2.6068941685628055,1.3311873889922716,0.0030801704140861782,0.046244769399697544,0.0052724798955943548,0.014259949271289263,1.3999999999999999
4.9400000000000004,2.6102235278699899,1.3322994224647704,0.0031851541544441679,0.037749752186247792,0.0083507156505154209,0.010568480212327681,1.3999999999999999
4.9424999999999999,2.613556557291012,1.3341236512476864,0.0032617689977070419,0.02354761892404833,0.0083507156505154209,0.010568480212327681,1.3999999999999999
4.9450000000000003,2.6168941443472873,1.3359457450564456,0.0033029133628348843,0.009370825111071809,0.0064722665315260098,0.0096031806559313208,1.3999999999999999
4.9474999999999998,2.6202357394734141,1.3373302947836507,0.0033130154636726089,-0.0012884196669030214,0.0064722665315260098,0.0096031806559313208,1.3999999999999999
4.9500000000000002,2.6235807959185569,1.3387149612995053,0.0032964701089793743,-0.011949050679566146,0.0028724466954158541,0.0057596271409049663,1.3999999999999999
4.9524999999999997,2.62692826915556,1.3392638385448252,0.0032616607868800702,-0.015900902878056979,0.0028724466954158541,0.0057596271409049663,1.3999999999999999
4.9550000000000001,2.6302771163116976,1.3398141564027288,0.0032169513438928118,-0.019869857253105257,0.0061002013134157044,0.016456352784691892,1.3999999999999999
4.9575000000000005,2.6336282793515924,1.3411166512861843,0.003154760724196464,-0.029887098899129258,0.0061002013134157044,0.016456352784691892,1.3999999999999999
4.96,2.6369827018253469,1.3424218550309606,0.0030674890563209306,-0.039936494616539642,0.013588180927545695,0.016449833447529861,1.3999999999999999
4.9625000000000004,2.6403425674879002,1.345471460718431,0.0029375668847023066,-0.064010566442257832,0.013588180927545695,0.016449833447529861,1.3999999999999999
4.9649999999999999,2.6437100639673292,1.3485268728626483,0.0027473788071697256,-0.088153543349669933,-0.0032444156492948302,0.012373123210196926,1.3999999999999999
4.9675000000000002,2.6470803173087494,1.3476770759471111,0.0025360044378581336,-0.080961100161677971,-0.0032444156492948302,0.012373123210196926,1.3999999999999999
4.9699999999999998,2.6504484554542649,1.3468346083524816,0.0023425007867547048,-0.073855688605560174,-0.0025208124639710429,0.017846296013443657,1.3999999999999999
4.9725000000000001,2.6538147061867794,1.3461670492602564,0.0021649710687011102,-0.068180809907113102,-0.0025208124639710429,0.017846296013443657,1.3999999999999999
4.9750000000000005,2.6571792958445415,1.3455056635122364,0.0020015356586277899,-0.062579232337781843,-0.0039442727353964993,0.023078328217979536,1.3999999999999999
4.9775,2.6605418255956219,1.3445190197773174,0.0018553409715254803,-0.054386995276221671,-0.0039442727353964993,0.023078328217979536,1.3999999999999999
4.9800000000000004,2.6639018950465396,1.3435373002468785,0.0017295519621806075,-0.046253227895836697,-0.0091300844058613637,0.015692881332470224,1.3999999999999999
4.9824999999999999,2.6672580086870643,1.3413541758822431,0.0016361362632967629,-0.02848602528478246,-0.0091300844058613637,0.015692881332470224,1.3999999999999999
4.9850000000000003,2.6706086680743688,1.3391736299132637,0.0015870963234188703,-0.010749441007222475,-0.0092094277519508879,0.016526177722304126,1.3999999999999999
4.9874999999999998,2.6739538545916477,1.3369756112805522,0.0015825646061578872,0.0071237421752674349,-0.0092094277519508879,0.016526177722304126,1.3999999999999999
4.9900000000000002,2.6772935455934079,1.3347769478284424,0.0016227214153948868,0.025004582484775675,-0.0054819417345030892,0.018310312314788777,1.3999999999999999
4.9924999999999997,2.6806288205821018,1.3334425832800318,0.0016989105502486098,0.035952185634673547,-0.0054819417345030892,0.018310312314788777,1.3999999999999999
4.9950000000000001,2.6839607557975613,1.3321049637930003,0.001802514549066644,0.046938438282811849,-0.0035372711047892726,0.014346631709239452,1.3999999999999999
4.9975000000000005,2.6872899069441734,1.3312151893701163,0.001929106239093442,0.054343986816112563,-0.0035372711047892726,0.014346631709239452,1.3999999999999999
5,2.69061682764442,1.3303204945492872,0.0020742831659019165,0.061807959506397489,-0.0061476862825282658,0.012307633238656699,1.3999999999999999
5.0025000000000004,2.6939407462188485,1.3288133391184922,0.0022442936796603003,0.074212633783641679,-0.0061476862825282658,0.012307633238656699,1.3999999999999999
5.0049999999999999,2.6972608887429455,1.3272994666677629,0.0024454128010046039,0.086697073934313598,-0.0015429575945571736,0.018274526137738615,1.3999999999999999
5.0075000000000003,2.7005785750532936,1.3268482434009419,0.0026671100584123408,0.090676621725425385,-0.0015429575945571736,0.018274526137738615,1.3999999999999999
5.0099999999999998,2.7038951231188713,1.3263888101223875,0.0028988771402590819,0.094753654792743891,0.0035726009430560399,0.010059155203434898,1.3999999999999999
5.0125000000000002,2.7072119984251737,1.3271100448899054,0.0031290244480348512,0.089380693506907652,0.0035726009430560399,0.010059155203434898,1.3999999999999999
5.0149999999999997,2.7105306665959219,1.3278231820333666,0.0033458607107579655,0.084103864634509279,-0.00047006895418729051,0.020577333385815025,1.3999999999999999
5.0175000000000001,2.7138499332796662,1.3275888780254881,0.0035590539400009065,0.086465999454526959,-0.00047006895418729051,0.020577333385815025,1.3999999999999999
5.0200000000000005,2.7171686044623216,1.327346744853392,0.0037782681691515604,0.088921095824510257,0.0099513955959543033,0.019643548203162022,1.3999999999999999
5.0225,2.7204896885164809,1.3295192822052637,0.0039794175801207048,0.072012867098369168,0.0099513955959543033,0.019643548203162022,1.3999999999999999
5.0250000000000004,2.7238161954308202,1.3316852878873227,0.0041383970930872014,0.055182152132154036,-0.0047879633273178492,0.020006672184905667,1.3999999999999999
5.0274999999999999,2.7271438279066507,1.330419779713875,0.0042897762284455892,0.065932000210388059,-0.0047879633273178492,0.020006672184905667,1.3999999999999999
5.0300000000000002,2.7304682893589152,1.3291483064895184,0.0044681161269676684,0.076752693440223008,0.0096559144540718546,0.019080450690168456,1.3999999999999999
5.0324999999999998,2.7337937606510661,1.3312276883314345,0.0046398998055633967,0.060686577906887029,0.0096559144540718546,0.019080450690168456,1.3999999999999999
5.0350000000000001,2.7371244232132614,1.3333015648546809,0.0047716034527003929,0.044685792342648342,0.001154722442383585,0.019842558127647857,1.3999999999999999
5.0375000000000005,2.7404577948912654,1.3333951036785294,0.0048832085457357257,0.044606282736578046,0.001154722442383585,0.019842558127647857,1.3999999999999999
5.04,2.7437913953653172,1.3334846025358049,0.0049946748339101468,0.044574738463875947,0.0036774034427750303,0.010090515140265925,1.3999999999999999
5.0425000000000004,2.7471259475571848,1.3341565132504862,0.0051002348836621039,0.039880871416540689,0.0036774034427750303,0.010090515140265925,1.3999999999999999
5.0449999999999999,2.750462174920274,1.3348248100684064,0.0051941149373005259,0.035229904005950163,-0.0083870901637268132,0.013916519349896093,1.3999999999999999
5.0475000000000003,2.7537965633699999,1.3326852842158012,0.0053045713275002007,0.053143114623208906,-0.0083870901637268132,0.013916519349896093,1.3999999999999999
5.0499999999999998,2.7571255973393494,1.3305409556201382,0.0054598780571180313,0.071113385381254987,0.011711464248106518,0.017884098244854953,1.3999999999999999
5.0525000000000002,2.7604551027940962,1.3330624796183179,0.0056132974412937669,0.051633138371901671,0.011711464248106518,0.017884098244854953,1.3999999999999999
5.0549999999999997,2.7637909058314865,1.3355793159882352,0.0057180900884940171,0.032208504584129903,0.0029139888331284232,0.026739848586919173,1.3999999999999999
5.0575000000000001,2.7671304406791655,1.3360480982041485,0.0057948996494308624,0.029244651863834153,0.0029139888331284232,0.026739848586919173,1.3999999999999999
5.0600000000000005,2.7704711441146608,1.3365142307550359,0.0058643395578047352,0.026312254094833454,-0.00043390942832167295,0.0087062588562626941,1.3999999999999999
5.0625,2.7738120370594985,1.3361997029059312,0.0059342975093437753,0.029659120593947645,-0.00043390942832167295,0.0087062588562626941,1.3999999999999999
5.0650000000000004,2.7771521403918928,1.3358824900732342,0.0060126617272811466,0.033037869591207268,-0.0050267814367894927,0.011452601868874543,1.3999999999999999
5.0674999999999999,2.780490112487326,1.3344945981172942,0.0061102348206247001,0.045027591672907777,-0.0050267814367894927,0.011452601868874543,1.3999999999999999
5.0700000000000003,2.7838246099899919,1.3331026348679282,0.0062378399846897215,0.057065676299575825,0.0020226484090609875,0.014483129331216944,1.3999999999999999
5.0724999999999998,2.7871576696733662,1.3333442584423245,0.0063791631379839361,0.056002978073151535,0.0020226484090609875,0.014483129331216944,1.3999999999999999
5.0750000000000002,2.7904913270553857,1.3335808093766259,0.0065179050573641465,0.055000504064591837,0.013494383427565562,0.020588917751284519,1.3999999999999999
5.0774999999999997,2.7938289028251115,1.3364791428368796,0.0066274437157912694,0.032638293055044065,0.013494383427565562,0.020588917751284519,1.3999999999999999
5.0800000000000001,2.797173720298435,1.3393745105913395,0.0066811258317370304,0.010311257094075314,0.010942534086940219,0.016274775647348239,1.3999999999999999
5.0825000000000005,2.8005250331269065,1.3416757289245049,0.0066849644177334024,-0.0072401123454821463,0.010942534086940219,0.016274775647348239,1.3999999999999999
5.085,2.8038820994909357,1.3439776046973,0.0066449187705101354,-0.024799281023363241,0.0040263166313924794,0.018923029449631909,1.3999999999999999
5.0875000000000004,2.8072429134330021,1.3446739587952774,0.0065770859079495826,-0.029471873901882238,0.0040263166313924794,0.018923029449631909,1.3999999999999999
5.0899999999999999,2.8106054715105837,1.345372983919179,0.0064975329818028867,-0.034176172432553241,0.0053982841836007446,0.021262145794835478,1.3999999999999999
5.0925000000000002,2.8139701795772174,1.3463940409138873,0.0064029726807857366,-0.041478851767123508,0.0053982841836007446,0.021262145794835478,1.3999999999999999
5.0949999999999998,2.8173374448486732,1.3474188584387841,0.0062901015314271776,-0.048826164588686535,0.0026823255746106674,0.0093693964714956449,1.3999999999999999
5.0975000000000001,2.8207064883958131,1.3478167340201008,0.0061651362822597502,-0.051154994839310755,0.0026823255746106674,0.0093693964714956449,1.3999999999999999
5.1000000000000005,2.8240765323804342,1.3482192439995588,0.0060342807129407606,-0.053538843055617534,-0.0056705830459899634,0.017700876496986075,1.3999999999999999
5.1025,2.8274451615839511,1.3466848263812283,0.0059168872897605012,-0.0403843009215267,-0.0056705830459899634,0.017700876496986075,1.3999999999999999
5.1050000000000004,2.8308099595546468,1.3451540599026535,0.0058323230680951584,-0.027273131525400986,-0.00081071450522796074,0.017046420380519133,1.3999999999999999
5.1074999999999999,2.8341723460560213,1.344755522405084,0.0057691556983548963,-0.02326529096594919,-0.00081071450522796074,0.017046420380519133,1.3999999999999999
5.1100000000000003,2.8375337389215298,1.3443590909414069,0.005715975775038489,-0.019282458707282197,-0.0039727607355091888,0.0067285110794480648,1.3999999999999999
5.1124999999999998,2.8408932241768614,1.3432293296493858,0.0056801054507289337,-0.0094163701096488996,-0.0039727607355091888,0.0067285110794480648,1.3999999999999999
5.1150000000000002,2.8442498862794903,1.342100420128401,0.0056688854950165965,0.00043960174749050826,-0.0056568211336871892,0.016308526098963445,1.3999999999999999
5.1174999999999997,2.8476032369107926,1.3405799803537224,0.005686233972732495,0.013440422466194356,-0.0056568211336871892,0.016308526098963445,1.3999999999999999
5.1200000000000001,2.8509527851685701,1.3390583252989907,0.0057360996368713219,0.026455679259711134,0.0028616571971189497,0.012541551059879358,1.3999999999999999
5.1225000000000005,2.8543010017338601,1.339514549075574,0.005798656376680456,0.02359419825497542,0.0028616571971189497,0.012541551059879358,1.3999999999999999
5.125,2.8576503561327034,1.3399686351554034,0.0058540917738712211,0.020758094532246144,-0.0011843124735518486,0.010709452090730086,1.3999999999999999
5.1275000000000004,2.8609996677189624,1.3394802849879077,0.0059119075573745364,0.025498675032006195,-0.0011843124735518486,0.010709452090730086,1.3999999999999999
5.1299999999999999,2.8643477556345203,1.3389896268867636,0.0059816079861716789,0.030266662319982783,-0.0012051623347110983,0.019017015121822675,1.3999999999999999
5.1325000000000003,2.8676946075124548,1.3384913824425133,0.006063316633379349,0.035106110116619869,-0.0012051623347110983,0.019017015121822675,1.3999999999999999
5.1349999999999998,2.871040209899129,1.3379899606103447,0.0061571699775615539,0.039983290017990586,0.0047331615935580201,0.0165659568906373,1.3999999999999999
5.1375000000000002,2.8743862797675486,1.3388653767072913,0.0062494106904846768,0.03381589665251182,0.0047331615935580201,0.0165659568906373,1.3999999999999999
5.1399999999999997,2.8777345342285372,1.3397377275514093,0.0063262797772557361,0.027684886558347842,0.0043022809314366391,0.0074601339648963953,1.3999999999999999
5.1425000000000001,2.8810848411158787,1.3405074041459513,0.006388865481338493,0.022388165635268631,0.0043022809314366391,0.0074601339648963953,1.3999999999999999
5.1450000000000005,2.8844370695584498,1.3412750515567062,0.0064382406753194215,0.01711553098913508,0.00581141760385793,0.0058419080467751608,1.3999999999999999
5.1475,2.8877916535808397,1.3423919686996764,0.0064709366436438752,0.0090435895268322405,0.00581141760385793,0.0058419080467751608,1.3999999999999999
5.1500000000000004,2.891149028718687,1.3435080658233569,0.0064834667321616076,0.00098138037309645869,0.020146708027798253,0.013805645035040785,1.3999999999999999
5.1524999999999999,2.8945133591452983,1.3479565246789382,0.0064423905113398586,-0.03384531125065926,0.020146708027798253,0.013805645035040785,1.3999999999999999
5.1550000000000002,2.8978888139091517,1.3524080641168494,0.0063142097450214294,-0.068708521254292831,0.0078333107086585585,0.018715575621771303,1.3999999999999999
5.1574999999999998,2.9012718268341624,1.3540034048685439,0.0061275217902997878,-0.080655239998806888,0.0078333107086585585,0.018715575621771303,1.3999999999999999
5.1600000000000001,2.9046588370298143,1.3556060618027559,0.0059108611996843922,-0.092688780295073908,0.001645034501550853,0.014445947718872608,1.3999999999999999
5.1625000000000005,2.9080480660375909,1.35577854772828,0.0056784364082040828,-0.093267714339927046,0.001645034501550853,0.014445947718872608,1.3999999999999999
5.165,2.9114377368068998,1.3559594805405137,0.0054444390609263678,-0.093946937809264761,-0.0011373459626559477,0.0063153821284031427,1.3999999999999999
5.1675000000000004,2.9148270620546994,1.3555021015043103,0.0052151108783525775,-0.089532041139794016,-0.0011373459626559477,0.0063153821284031427,1.3999999999999999
5.1699999999999999,2.9182152540670816,1.3550528264017314,0.0049966986670298046,-0.08521337911637529,-0.0068795962839432066,0.0073735462797468506,1.3999999999999999
5.1725000000000003,2.9216006640787837,1.3532763543391939,0.0048023686513375954,-0.070264548358202478,-0.0068795962839432066,0.0073735462797468506,1.3999999999999999
5.1749999999999998,2.9249816411326854,1.3515062355780105,0.004645313039559288,-0.05539118775520685,-3.2645721893045758e-05,0.014786905415330499,1.3999999999999999
5.1775000000000002,2.9283601889689885,1.3513328540192193,0.0045093839623455362,-0.053361816913309393,-3.2645721893045758e-05,0.014786905415330499,1.3999999999999999
5.1799999999999997,2.9317383094290115,1.3511643043765011,0.0043784561495006629,-0.051389817895583813,0.0018252595828621952,0.0098974493474106584,1.3999999999999999
5.1825000000000001,2.9351165542274154,1.3514323218268325,0.0042480529004684962,-0.052942130445865813,0.0018252595828621952,0.0098974493474106584,1.3999999999999999
5.1850000000000005,2.9384954750341454,1.3517051349006355,0.0041136980559842553,-0.054551377567051008,0.0045526346011519328,0.011707735414138616,1.3999999999999999
5.1875,2.94187587652659,1.3526169339630043,0.0039688820230225682,-0.061311834411841105,0.0045526346011519328,0.011707735414138616,1.3999999999999999
5.1900000000000004,2.9452585643337588,1.3535342892514879,0.0038070839255718277,-0.068138246849425502,-0.00087888780988778104,0.0081492874735389943,1.3999999999999999
5.1924999999999999,2.9486419748466428,1.3531951247470941,0.0036408057751493041,-0.064896191154849903,-0.00087888780988778104,0.0081492874735389943,1.3999999999999999
5.1950000000000003,2.952024544853681,1.3528618362055109,0.0034825448335199277,-0.061723905391105498,-0.0046440382476503686,0.023223713734742892,1.3999999999999999
5.1974999999999998,2.9554051946176609,1.3516588294661134,0.00334091807925282,-0.051587645582984697,-0.0046440382476503686,0.023223713734742892,1.3999999999999999
5.2000000000000002,2.958782842891265,1.3504604914842644,0.0032245604068904705,-0.041506829640142906,0.00046126905473111747,0.008820541885419645,1.3999999999999999
5.2024999999999997,2.9621589836947431,1.3504527739764354,0.003121431935332254,-0.041003340516964609,0.00046126905473111747,0.008820541885419645,1.3999999999999999
5.2050000000000001,2.9655351098555451,1.3504487700805921,0.0030195069653031073,-0.040543942171003433,-0.0043759673898624632,0.019513944600673499,1.3999999999999999
5.2075000000000005,2.9689098250081267,1.3493238923244482,0.0029299651197176231,-0.03109595079033866,-0.0043759673898624632,0.019513944600673499,1.3999999999999999
5.21,2.9722817316625099,1.3482018292664388,0.0028639993607394174,-0.021681383569205258,-0.0040004018812130849,0.010018734070666767,1.3999999999999999
5.2125000000000004,2.9756509449211279,1.347169039174928,0.0028206622809050967,-0.012991386054949598,-0.0040004018812130849,0.010018734070666767,1.3999999999999999
5.2149999999999999,2.9790175778382961,1.3461374251166758,0.0027990307944665317,-0.0043153533994913056,-0.0072647909668650274,0.011244899958660735,1.3999999999999999
5.2175000000000002,2.982380683809692,1.3443473057532584,0.0028067001474056229,0.010451384974349599,-0.0072647909668650274,0.011244899958660735,1.3999999999999999
5.2199999999999998,2.9857393135789638,1.3425562406489311,0.0028512970787586195,0.025229354928946464,-0.0035400036272936215,0.013023909676329505,1.3999999999999999
5.2225000000000001,2.9890945454541087,1.3416288196404333,0.0029241765376592042,0.033079434882532024,-0.0035400036272936215,0.013023909676329505,1.3999999999999999
5.2250000000000005,2.9924474551819089,1.3406984040892984,0.003016723883062537,0.040965073494727264,0.0040943034750145855,0.01241533146758415,1.3999999999999999
5.2275,2.9958002527470109,1.3415390771474038,0.0031112215478733152,0.034639834854288384,0.0040943034750145855,0.01241533146758415,1.3999999999999999
5.2300000000000004,2.9991551479522505,1.3423766114253641,0.0031899541046033716,0.028351856573154144,0.002030955703497153,0.024639046202708487,1.3999999999999999
5.2324999999999999,3.0025115341006794,1.3427318974467817,0.0032578217030736528,0.025947088159334934,0.002030955703497153,0.024639046202708487,1.3999999999999999
5.2350000000000003,3.0058688054809113,1.3430848329602194,0.0033197127974104496,0.023570224773963314,-0.0038562010814162861,0.020662195343498047,1.3999999999999999
5.2374999999999998,3.0092252458122695,1.3420670114261379,0.0033894334304681649,0.032211277475840142,-0.0038562010814162861,0.020662195343498047,1.3999999999999999
5.2400000000000002,3.0125791381086242,1.3410462743672622,0.0034807980341849056,0.040886952115559462,-0.0056323911426662925,0.014571170723982958,1.3999999999999999
5.2424999999999997,3.0159299579810819,1.3396089163183331,0.0035980500826064176,0.052923086431778385,-0.0056323911426662925,0.014571170723982958,1.3999999999999999
5.2450000000000001,3.0192771787000634,1.3381667697145985,0.0037454608546900526,0.065016091210790591,-0.0098785066480766189,0.012860846975736858,1.3999999999999999
5.2475000000000005,3.0226195531105189,1.3357316277324567,0.0039330982969825882,0.085107297165861462,-0.0098785066480766189,0.012860846975736858,1.3999999999999999
5.25,3.0259558304276286,1.3332887918628193,0.0041710735019832631,0.10528990380803051,-0.0040622763019922256,0.010172682267917378,1.3999999999999999
5.2525000000000004,3.0292876791835806,1.3321885542494327,0.0044460682629214147,0.11472560433680748,-0.0040622763019922256,0.010172682267917378,1.3999999999999999
5.2549999999999999,3.0326167645503217,1.3310779374932085,0.0047448042423746829,0.12428457779709454,0.0063491849432996015,0.015266265486663769,1.3999999999999999
5.2575000000000003,3.0359460847737556,1.3323764373140485,0.0050433046715656618,0.11453717765388916,0.0063491849432996015,0.015266265486663769,1.3999999999999999
5.2599999999999998,3.0392786380850896,1.3336645540111074,0.0053175928229242915,0.10491301969555361,0.013729932077713163,0.01826663477340601,1.3999999999999999
5.2625000000000002,3.0426165442324455,1.3366589522902597,0.0055507391920734577,0.081620820923425208,0.013729932077713163,0.01826663477340601,1.3999999999999999
5.2649999999999997,3.0459619266696705,1.3396459376036323,0.0057257702003948446,0.058416558293720625,0.0091495975636201165,0.014773331697539525,1.3999999999999999
5.2675000000000001,3.0493134386050325,1.3415628376223865,0.0058535636037414613,0.043827337438624478,0.0091495975636201165,0.014773331697539525,1.3999999999999999
5.2700000000000005,3.0526697375440608,1.3434757607666794,0.0059449462073670745,0.029285305197346657,0.006479404562976146,0.0071397623785733983,1.3999999999999999
5.2725,3.0560300393271205,1.3447652950628237,0.0060062478365281178,0.019760396626890865,0.006479404562976146,0.0071397623785733983,1.3999999999999999
5.2750000000000004,3.0593935625262372,1.3460530373955855,0.0060437659110114056,0.01025675502481436,0.0068802675130241525,0.019788801698809304,1.3999999999999999
5.2774999999999999,3.0627604202161023,1.3474330368512988,0.0060566053165372518,1.5690852297923705e-05,0.0068802675130241525,0.019788801698809304,1.3999999999999999
5.2800000000000002,3.0661307277093428,1.3488130348839475,0.0060438443789336774,-0.010225356431934713,0.013086873526192207,0.018069695990785055,1.3999999999999999
5.2824999999999998,3.0695062895914225,1.3516367908486517,0.0059909850100974228,-0.032065935245045425,0.013086873526192207,0.018069695990785055,1.3999999999999999
5.2850000000000001,3.0728889140906444,1.3544634594428195,0.0058834859130885387,-0.053941063547782969,-0.00011165160399483065,0.0086094389782822387,1.3999999999999999
5.2875000000000005,3.0762747759132467,1.3542267920443511,0.005752032803942337,-0.051230844779726732,-0.00011165160399483065,0.0086094389782822387,1.3999999999999999
5.29,3.0796600519156789,1.3539947628471765,0.0056272857979933859,-0.048575700505561877,8.5202313901267326e-05,-0.002748410655064544,1.3999999999999999
5.2925000000000004,3.0830448105915922,1.353812893981359,0.0055086513856601894,-0.04634033217765407,8.5202313901267326e-05,-0.002748410655064544,1.3999999999999999
5.2949999999999999,3.0864291198817586,1.3536352209075178,0.005395542624294483,-0.04415478378922133,0.0020856904041293431,0.014121820491636277,1.3999999999999999
5.2975000000000003,3.0898135713082975,1.3539265989469358,0.0052831693067231338,-0.04575192691765647,0.0020856904041293431,0.014121820491636277,1.3999999999999999
5.2999999999999998,3.0931987563299055,1.3542221214458168,0.0051667419906250116,-0.047398273275539533,0.014545604263395063,-0.0013429507368622167,1.3999999999999999
5.3025000000000002,3.0965883059787838,1.3574185039512761,0.005017057221445442,-0.072360292859270564,0.014545604263395063,-0.0013429507368622167,1.3999999999999999
5.3049999999999997,3.0999858543255927,1.3606214580219957,0.0048048755674061144,-0.097400268630966041,0.00064857128698897655,0.014268440203217323,1.3999999999999999
5.3075000000000001,3.103387382540701,1.3606025778361033,0.0045624008141698586,-0.09659691410631209,0.00064857128698897655,0.014268440203217323,1.3999999999999999
5.3100000000000005,3.1067888745033905,1.3605924447770967,0.0043218044554707898,-0.095897418603456588,0.0099434222333834484,0.01357374607181318,1.3999999999999999
5.3125,3.1101930528479294,1.3627518070169153,0.0040611356705007109,-0.11265631448371097,0.0099434222333834484,0.01357374607181318,1.3999999999999999
5.3150000000000004,3.1136026420521601,1.3649213864981529,0.0037584218444714945,-0.12953646650547584,-0.0081731597905190002,0.01346841054445083,1.3999999999999999
5.3174999999999999,3.117012405310974,1.3628910461062167,0.0034556176474852362,-0.1127285760532111,-0.0081731597905190002,0.01346841054445083,1.3999999999999999
5.3200000000000003,3.1204171057777916,1.3608709007821607,0.0031946780576123136,-0.096041784897665461,-0.0023777724200625796,0.013994531555160871,1.3999999999999999
5.3224999999999998,3.1238184510670557,1.3602067360959327,0.0029617973875002042,-0.090279440512744807,-0.0023777724200625796,0.013994531555160871,1.3999999999999999
5.3250000000000002,3.1272181462683966,1.3595507443117552,0.0027431999884353136,-0.084614145003732932,-0.013097937910138222,0.021353882375471211,1.3999999999999999
5.3274999999999997,3.1306130961130676,1.3564102137838574,0.0025636698537245062,-0.05902281955499121,-0.013097937910138222,0.021353882375471211,1.3999999999999999
5.3300000000000001,3.1340002017850077,1.3532750210293423,0.0024480330601212266,-0.033494897358774436,-0.011291600228393286,0.014533295277105524,1.3999999999999999
5.3325000000000005,3.1373799986277149,1.3505627914055618,0.0023919497009074874,-0.011375807624659586,-0.011291600228393286,0.014533295277105524,1.3999999999999999
5.335,3.1407530165994935,1.3478515909075501,0.0023911438380569837,0.010731059264647531,-0.013321050401422296,0.017464634731119949,1.3999999999999999
5.3375000000000004,3.1441186660560976,1.3446676174056307,0.0024503509953109383,0.036638906534719073,-0.013321050401422296,0.017464634731119949,1.3999999999999999
5.3399999999999999,3.1474763519252278,1.3414803301839335,0.0025743711690349781,0.06258611385472175,-0.0084296952640178779,0.0050736857632630045,1.3999999999999999
5.3425000000000002,3.1508274843165078,1.3394245119177433,0.0027519220267693996,0.079467291217787825,-0.0084296952640178779,0.0050736857632630045,1.3999999999999999
5.3449999999999998,3.1541734684940392,1.3373615041669249,0.0029717787764130688,0.096433856776037399,-0.0014408099690089412,0.013118899650726412,1.3999999999999999
5.3475000000000001,3.1575163153843175,1.3369145227397465,0.0032178668983871535,0.10045427775160465,-0.0014408099690089412,0.013118899650726412,1.3999999999999999
5.3500000000000005,3.1608580335296361,1.3364584467945697,0.0034741401497850057,0.10458268972195443,0.010208584015273747,0.016936292397131743,1.3999999999999999
5.3525,3.1642019847677028,1.338701095358676,0.0037136866958636578,0.087071735506863535,0.010208584015273747,0.016936292397131743,1.3999999999999999
5.3550000000000004,3.1675515324263235,1.3409358470403465,0.0039095769180587268,0.069654499244036217,0.0084958316860613281,0.010796770714297787,1.3999999999999999
5.3574999999999999,3.1709061610553499,1.342766110398909,0.0040660188630611245,0.055510281440446826,0.0084958316860613281,0.010796770714297787,1.3999999999999999
5.3600000000000003,3.1742653587837992,1.3445913398355203,0.0041871781059000012,0.041425806369624646,0.0010213262411900821,0.018239561263809351,1.3999999999999999
5.3624999999999998,3.1776269427258024,1.3446751891247168,0.0042906288759021914,0.041342225787861717,0.0010213262411900821,0.018239561263809351,1.3999999999999999
5.3650000000000002,3.180988731609375,1.3447552940206662,0.0043939262780896158,0.041303101093472558,0.0055755107711169113,0.018044996780202428,1.3999999999999999
5.3674999999999997,3.1843520394034845,1.3458903815013641,0.0044865529729642296,0.03280489896515118,0.0055755107711169113,0.018044996780202428,1.3999999999999999
5.3700000000000001,3.18771818103906,1.3470224952963334,0.0045579801834176219,0.024341992999639926,-0.0050632349636646834,0.01109476461646816,1.3999999999999999
5.3725000000000005,3.1910840587115246,1.3456791895675522,0.0046331130818197883,0.035769707282080065,-0.0050632349636646834,0.01109476461646816,1.3999999999999999
5.375,3.1944465742905801,1.3443326480197981,0.0047368607441723226,0.047235853627185936,0.0051974929533674672,0.017806079006985519,1.3999999999999999
5.3775000000000004,3.1978086998696145,1.34536715937564,0.0048453886104327729,0.039594223901529758,0.0051974929533674672,0.017806079006985519,1.3999999999999999
5.3799999999999999,3.2011734070969293,1.3463980817455101,0.0049348673601942259,0.031995194167475115,0.0065175142339871884,0.0023993639161418354,1.3999999999999999
5.3825000000000003,3.2045410714217573,1.3477329704130698,0.0050023126680319857,0.021965890945659677,0.0065175142339871884,0.0023993639161418354,1.3999999999999999
5.3849999999999998,3.2079120702894337,1.3490658673899201,0.0050447165114041364,0.01196022609183978,-0.0013734854977788067,0.016498335280942494,1.3999999999999999
5.3875000000000002,3.2112841069615801,1.3485632541447008,0.0050805401016912445,0.016701213220781587,-0.0013734854977788067,0.016498335280942494,1.3999999999999999
5.3899999999999997,3.2146548853003987,1.348059129073865,0.0051282375366616456,0.021460152709599199,0.013046378133136719,0.011862368745672041,1.3999999999999999
5.3925000000000001,3.2180285909720938,1.3509052510429012,0.005154207865217272,-0.00068202450045231136,0.013046378133136719,0.011862368745672041,1.3999999999999999
5.3950000000000005,3.2214094116072909,1.3537514349406532,0.0051248268010936505,-0.022824936384458337,0.0032465714378122814,0.0055116074204311551,1.3999999999999999
5.3975,3.2247945023373816,1.3543215230081973,0.0050629329337466226,-0.026694595781934345,0.0032465714378122814,0.0055116074204311551,1.3999999999999999
5.4000000000000004,3.2281810212378304,1.3548940298752001,0.0049913298961509036,-0.030592968804666915,-0.00054268151408257571,0.0046004982346964252,1.3999999999999999
5.4024999999999999,3.2315678737484381,1.3545884164972222,0.0049187838374351372,-0.02744907760381907,-0.00054268151408257571,0.0046004982346964252,1.3999999999999999
5.4050000000000002,3.2349539653911368,1.35428528833869,0.0048540599193755219,-0.024334695701965586,0.0064669389398579078,0.005515918610003747,1.3999999999999999
5.4074999999999998,3.2383413388245574,1.3556139016304334,0.0047807298226263777,-0.034334642276582394,0.0064669389398579078,0.005515918610003747,1.3999999999999999
5.4100000000000001,3.2417320374932732,1.3569456279387282,0.0046823559207544267,-0.044371536346936441,0.0079846988229625906,0.0070415889858334649,1.3999999999999999
5.4125000000000005,3.2451265113361458,1.3586342145748851,0.004555290262068786,-0.057290107647777352,0.0079846988229625906,0.0070415889858334649,1.3999999999999999
5.415,3.2485252128953599,1.3603279966708615,0.0043958540037439863,-0.070270338318756204,0.0048090031571167606,0.0057727831310113113,1.3999999999999999
5.4175000000000004,3.2519272338542522,1.3612898855550291,0.0042112869149009084,-0.077396569577407842,0.0048090031571167606,0.0057727831310113113,1.3999999999999999
5.4199999999999999,3.2553316681677362,1.3622587885572157,0.0040088017776851743,-0.08460606173716996,-0.0061467117958982753,0.012424340109636998,1.3999999999999999
5.4225000000000003,3.2587353507221613,1.3606884313069851,0.0038137491014621984,-0.071450050714813126,-0.0061467117958982753,0.012424340109636998,1.3999999999999999
5.4249999999999998,3.2621351157101772,1.3591245377625318,0.0036514875554718483,-0.058370809461224096,0.0090828069222941496,0.0015080708465691781,1.3999999999999999
5.4275000000000002,3.2655354031544999,1.361106416276161,0.0034863001438606377,-0.073790971259309737,0.0090828069222941496,0.0015080708465691781,1.3999999999999999
5.4299999999999997,3.2689406533669518,1.3630949857836974,0.003282466527904297,-0.08929054483837609,-0.0016808858257208866,0.011034260757157169,1.3999999999999999
5.4325000000000001,3.272347757136993,1.362589343486418,0.0030648877882174853,-0.084788040573372775,-0.0016808858257208866,0.011034260757157169,1.3999999999999999
5.4350000000000005,3.2757536064808241,1.362091377620984,0.0028584503728492179,-0.080376687296958405,-0.00041640567268060643,0.017241290798906132,1.3999999999999999
5.4375,3.2791585875204454,1.3618946522353705,0.0026599812777164046,-0.078412815009007014,-0.00041640567268060643,0.017241290798906132,1.3999999999999999
5.4400000000000004,3.2825630856587442,1.3617050275851694,0.0024663160463039447,-0.076533252163461629,0.00011078252561214433,0.006123703936668435,1.3999999999999999
5.4424999999999999,3.2859672716237274,1.3616448933445389,0.0022760160805974454,-0.075720361850578927,0.00011078252561214433,0.006123703936668435,1.3999999999999999
5.4450000000000003,3.2893713158395332,1.3615916166009494,0.0020876463938192709,-0.074988890746889719,-0.0060420057723393084,0.011908718029600593,1.3999999999999999
5.4474999999999998,3.2927734474841346,1.3601147387543775,0.0019153640456244612,-0.062849333749575728,-0.0060420057723393084,0.011908718029600593,1.3999999999999999
5.4500000000000002,3.2961718942739044,1.3586435501763681,0.0017733434320121376,-0.050777334984473496,-0.0024255878568054329,0.012014661650680554,1.3999999999999999
5.4524999999999997,3.299567719928167,1.358017699792448,0.0016529917416432493,-0.045512644014112827,-0.0024255878568054329,0.012014661650680554,1.3999999999999999
5.4550000000000001,3.3029619862070243,1.3573959707871559,0.0015457394370626083,-0.040296887525143626,-0.0040226438508269916,0.016206104846751768,1.3999999999999999
5.4575000000000005,3.3063542387479035,1.3564066084834878,0.0014551984819864065,-0.032142366239344827,-0.0040226438508269916,0.016206104846751768,1.3999999999999999
5.46,3.3097440216745952,1.3554201566558572,0.0013849988107633214,-0.024022402548083955,-0.0027777751493150418,0.010547464253311234,1.3999999999999999
5.4625000000000004,3.3131317030796934,1.354725286433329,0.0013321596161213888,-0.018252740822941985,-0.0027777751493150418,0.010547464253311234,1.3999999999999999
5.4649999999999999,3.3165176494840778,1.3540320691607666,0.0012937187536121793,-0.012502704772808702,-0.010599755252461564,0.017974945664323182,1.3999999999999999
5.4675000000000002,3.3198995914445457,1.3515215344150036,0.0012878901960076878,0.0078394406830597924,-0.010599755252461564,0.017974945664323182,1.3999999999999999
5.4699999999999998,3.3232752565647723,1.3490102900343159,0.001332922979469756,0.028190012819819938,0.0024700924901648082,0.013495178381711522,1.3999999999999999
5.4725000000000001,3.326648438625476,1.3495349633328908,0.0013983624984626431,0.024166294160124651,0.0024700924901648082,0.013495178381711522,1.3999999999999999
5.4750000000000005,3.3300229295573489,1.3500574475137792,0.0014537761059101567,0.020168564788418924,-0.0025439133579714833,0.014037132262668292,1.3999999999999999
5.4775,3.333397267363599,1.349412452471858,0.0015109253065830933,0.025554892160048592,-0.0025439133579714833,0.014037132262668292,1.3999999999999999
5.4800000000000004,3.3367699898913723,1.3487651432421401,0.0015815734621990717,0.030968696314015515,-0.0066258573292217997,0.01274629022360042,1.3999999999999999
5.4824999999999999,3.3401399046066862,1.3471660632167386,0.0016753231487788602,0.044037771354513998,-0.0066258573292217997,0.01274629022360042,1.3999999999999999
5.4850000000000003,3.3435058168855085,1.3455629965580449,0.0018018017651847051,0.057154185401618519,-0.00040381878745190253,0.011986105111784511,1.3999999999999999
5.4874999999999998,3.3468695232833232,1.3454012473124222,0.0019466240338959419,0.058714011047549877,-0.00040381878745190253,0.011986105111784511,1.3999999999999999
5.4900000000000002,3.3502328186913188,1.3452341806947818,0.0020954244265897824,0.060336969672934393,-0.0029079204429038287,0.017114618743572247,1.3999999999999999
5.4924999999999997,3.3535949619911558,1.3444795007577313,0.0022542070987264483,0.066700548187041409,-0.0029079204429038287,0.017114618743572247,1.3999999999999999
5.4950000000000001,3.3569552111630108,1.3437187817926355,0.0024289869185570925,0.073135834031793565,-0.0019895708953692063,0.020217651791902057,1.3999999999999999
5.4975000000000005,3.3603138172362863,1.3431649370778418,0.0026178085143427786,0.077934975856872604,-0.0019895708953692063,0.020217651791902057,1.3999999999999999
5.5,3.3636710299686765,1.3426040360847771,0.0028187316134418001,0.082817903657702308,-0.0059945016785645537,0.016532099159011073,1.3999999999999999
5.5025000000000004,3.3670256674223595,1.3411045840876725,0.0030413189955856177,0.095267948941007527,-0.0059945016785645537,0.016532099159011073,1.3999999999999999
5.5049999999999999,3.3703765457061268,1.3395965117997164,0.0032951566653921256,0.10782037135942779,-0.0065150224727383299,0.021036193529978483,1.3999999999999999
5.5075000000000003,3.3737234906016083,1.3379576763387893,0.0035817321848426427,0.12146057114168084,-0.0065150224727383299,0.021036193529978483,1.3999999999999999
5.5099999999999998,3.3770663249330544,1.3363078542557425,0.0039025682579651765,0.13523126598895546,0.0023011098427223762,0.017083840002131732,1.3999999999999999
5.5125000000000002,3.3804075814260934,1.336695318243319,0.0042374346368586908,0.13268584337908074,0.0023011098427223762,0.017083840002131732,1.3999999999999999
5.5149999999999997,3.383749791510636,1.3370707647836015,0.0045661163657781945,0.1302831027637667,0.0065031182250563863,0.022969584764628924,1.3999999999999999
5.5175000000000001,3.3870941464035034,1.3384112577100262,0.0048791604212387769,0.12017459673193029,0.0065031182250563863,0.022969584764628924,1.3999999999999999
5.5200000000000005,3.390441838721665,1.3397408566039832,0.0051670970954006031,0.11019539785456188,0.010025054617776256,0.01388108346427323,1.3999999999999999
5.5225,3.393793865729001,1.3418792072592385,0.0054220169550843562,0.09375878754762626,0.010025054617776256,0.01388108346427323,1.3999999999999999
5.5250000000000004,3.397151227669021,1.3440090503778357,0.005635975149769051,0.077423126879904894,0.006515094496268665,0.017690352818867321,1.3999999999999999
5.5274999999999999,3.4005128852469078,1.3453159152379581,0.0058173932952111035,0.067724405486631944,0.006515094496268665,0.017690352818867321,1.3999999999999999
5.5300000000000002,3.4038778021281284,1.3466166390138099,0.005974657908378111,0.058098568470769059,0.0076955403397120578,0.013314971680409156,1.3999999999999999
5.5324999999999998,3.4072463070490029,1.3481865083403664,0.0061051834345910898,0.046331219646442032,0.0076955403397120578,0.013314971680409156,1.3999999999999999
5.5350000000000001,3.4106187311678693,1.3497521748940675,0.0062063555640163902,0.034613744712404942,0.0064368282190746789,0.019105108343116822,1.3999999999999999
5.5375000000000005,3.4139946995700061,1.3510220941893727,0.0062812206463038704,0.025283692851135443,0.0064368282190746789,0.019105108343116822,1.3999999999999999
5.54,3.4173738397282762,1.3522897205948761,0.0063327967023506324,0.015980852762441607,0.005308531297293439,0.012804358119425265,1.3999999999999999
5.5425000000000004,3.4207558191229563,1.3532936079207283,0.0063637723275153449,0.0088018695690545712,0.005308531297293439,0.012804358119425265,1.3999999999999999
5.5449999999999999,3.4241403071029746,1.3542966972594956,0.0063768139419064914,0.0016323576215267113,-0.0057118673593966824,0.016192386409511161,1.3999999999999999
5.5475000000000003,3.4275241003569548,1.3527377803552667,0.0063976536643620945,0.015040912081963786,-0.0057118673593966824,0.016192386409511161,1.3999999999999999
5.5499999999999998,3.4309039948717941,1.3511775038384903,0.0064520319616604288,0.028465618531297591,0.00070849641695285709,0.0098226223174051174,1.3999999999999999
5.5525000000000002,3.4342818512526869,1.3511071602569649,0.0065250241950977703,0.029933399928112898,0.00070849641695285709,0.0098226223174051174,1.3999999999999999
5.5549999999999997,3.4376595284146085,1.351034106274503,0.0066017257773956818,0.031433363449389372,0.010455122251652769,0.011229820101044691,1.3999999999999999
5.5575000000000001,3.4410398514136338,1.3532239433886386,0.0066594738068695937,0.014769207141139787,0.010455122251652769,0.011229820101044691,1.3999999999999999
5.5600000000000005,3.4444256470142673,1.3554124395764746,0.0066755850680911928,-0.0018790409730009214,0.0048179446427470633,0.0089393538654457313,1.3999999999999999
5.5625,3.4478152758033729,1.3562906663529817,0.0066632321954832882,-0.0080041430992901716,0.0048179446427470633,0.0089393538654457313,1.3999999999999999
5.5650000000000004,3.4512071009506502,1.3571696187111544,0.0066355571761780646,-0.014137857401216283,0.0087491719595374669,0.0097288808036473905,1.3999999999999999
5.5674999999999999,3.4546022672320826,1.3589637222270348,0.0065833560549065093,-0.027626786609656662,0.0087491719595374669,0.0097288808036473905,1.3999999999999999
5.5700000000000003,3.4580019216508551,1.3607603327928035,0.0064973984554425237,-0.041145463030829138,0.0049074565851602086,0.014184411139272535,1.3999999999999999
5.5724999999999998,3.4614049557446016,1.3616676120425719,0.0063865571487625372,-0.047535532908443874,0.0049074565851602086,0.014184411139272535,1.3999999999999999
5.5750000000000002,3.464810263301632,1.3625792003282486,0.006259678172850858,-0.053976748713617753,0.0064823311133045403,0.013446560651754456,1.3999999999999999
5.5774999999999997,3.4682183134268172,1.3638617868580432,0.0061129497417727538,-0.063416523591786719,0.0064823311133045403,0.013446560651754456,1.3999999999999999
5.5800000000000001,3.4716295770277665,1.365150124074068,0.0059425386845094429,-0.072924548561611235,0.0079364138027035076,0.013487983619803891,1.3999999999999999
5.5825000000000005,3.4750444920657055,1.366783101603199,0.0057448681977246138,-0.085226025967457084,0.0079364138027035076,0.013487983619803891,1.3999999999999999
5.585,3.4784634989772001,1.3684238094664705,0.0055163321125223626,-0.097619241506199605,-0.0022605737094848321,0.012842322743234267,1.3999999999999999
5.5875000000000004,3.4818836555582897,1.3677028781835432,0.0052804814626614439,-0.091078175531668665,-0.0022605737094848321,0.012842322743234267,1.3999999999999999
5.5899999999999999,3.4853020202355776,1.3669901886115556,0.0050608596766979156,-0.084634988393946328,-0.00032743411978962324,0.0082271241531602628,1.3999999999999999
5.5925000000000002,3.4887191745984176,1.36673455792791,0.004852719264634868,-0.081892258425092596,-0.00032743411978962324,0.0082271241531602628,1.3999999999999999
5.5949999999999998,3.4921356992031707,1.3664863414627306,0.0046513250267014947,-0.079237565909116653,-0.0071260376530295072,0.011335006272342523,1.3999999999999999
5.5975000000000001,3.4955496367923269,1.3646648089345599,0.0044723268040820262,-0.063973830170153873,-0.0071260376530295072,0.011335006272342523,1.3999999999999999
5.6000000000000005,3.4989590280682488,1.3628490614566098,0.0043313986166143561,-0.048778812274269015,0.0014172676001560445,0.0063822499552157672,1.3999999999999999
5.6025,3.5023663682392669,1.3630238177660929,0.004208450916890173,-0.049588161701839245,0.0014172676001560445,0.0063822499552157672,1.3999999999999999
5.6050000000000004,3.5057741508996778,1.3632030655926513,0.0040834133743594351,-0.050450836363149967,-0.0031716359688733131,0.007210255096136371,1.3999999999999999
5.6074999999999999,3.5091810539536565,1.3623200808581619,0.0039668610443639877,-0.042799379112533946,-0.0031716359688733131,0.007210255096136371,1.3999999999999999
5.6100000000000003,3.5125857545317638,1.3614409698531236,0.0038693781481483921,-0.035193923105252135,-0.0023564623890051598,0.0087101516911508806,1.3999999999999999
5.6124999999999998,3.5159884983269296,1.36075455162517,0.0037889574636306433,-0.029148387757940909,-0.0023564623890051598,0.0087101516911508806,1.3999999999999999
5.6150000000000002,3.5193895294885684,1.3600707720716712,0.0037236101011717329,-0.02313418532254231,0.002974283516498553,0.0085438356585341366,1.3999999999999999
5.6174999999999997,3.5227904029204833,1.3606283526852905,0.003660824942382681,-0.027098443628038517,0.002974283516498553,0.0085438356585341366,1.3999999999999999
5.6200000000000001,3.5261926732977957,1.3611883884635998,0.0035880935965644438,-0.03109184811307002,0.0029400529047562849,0.0037629121148658527,1.3999999999999999
5.6225000000000005,3.5295963372634476,1.361743283416778,0.0035054177238949768,-0.035054778128371815,0.0029400529047562849,0.0037629121148658527,1.3999999999999999
5.625,3.5330013923612915,1.3623013543324327,0.0034127882891708244,-0.039055411430959419,-0.0015934747410644981,0.012256851131454839,1.3999999999999999
5.6275000000000004,3.5364065296431164,1.3618090270723766,0.0033206860389281348,-0.034632989965850597,-0.0015934747410644981,0.012256851131454839,1.3999999999999999
5.6299999999999999,3.5398104401095316,1.3613198355641183,0.0032395923145237078,-0.03024780182383829,0.0053945233123196884,0.0053778954255170493,1.3999999999999999
5.6325000000000003,3.5432151616602408,1.362457927500514,0.0031531112694090529,-0.03894323646535313,0.0053945233123196884,0.0053778954255170493,1.3999999999999999
5.6349999999999998,3.5466227326879016,1.3635995487560209,0.0030448412231008225,-0.047680565339351492,-0.0069556792059181586,0.013703453313148961,1.3999999999999999
5.6375000000000002,3.5500295743020223,1.361874353952405,0.0029434888059343659,-0.033408629619470762,-0.0069556792059181586,0.013703453313148961,1.3999999999999999
5.6399999999999997,3.5534321069766044,1.3601521821992304,0.0028777681599010826,-0.019172595869170205,0.0067257726462466028,0.0067441854104346981,1.3999999999999999
5.6425000000000001,3.5568343121979011,1.3616123700029206,0.0028156786209535259,-0.030503488447850911,0.0067257726462466028,0.0067441854104346981,1.3999999999999999
5.6450000000000005,3.5602401711304155,1.3630753225604819,0.0027252233717810748,-0.041867198452705028,-0.0021824415866103135,0.0087249440397675661,1.3999999999999999
5.6475,3.5636471034304353,1.3624711097886708,0.0026270952993899732,-0.036642292681264815,-0.0021824415866103135,0.0087249440397675661,1.3999999999999999
5.6500000000000004,3.5670525294438993,1.3618702147828943,0.0025419790830023244,-0.031456781128274297,-0.0019614736594297738,0.015071379545429997,1.3999999999999999
5.6524999999999999,3.5704565210864772,1.3613235382174522,0.0024692675124122218,-0.02671768708523474,-0.0019614736594297738,0.015071379545429997,1.3999999999999999
5.6550000000000002,3.5738591491508567,1.3607792809317121,0.0024083667121356511,-0.022007318366981766,0.0042506118610457291,0.015485727332317385,1.3999999999999999
5.6574999999999998,3.5772622242587855,1.3616811898978978,0.0023447132532278896,-0.028920013063356599,0.0042506118610457291,0.015485727332317385,1.3999999999999999
5.6600000000000001,3.5806675572837841,1.3625857191954152,0.0022637407267959197,-0.035863814233007704,-0.0031649528317615966,0.0095788353673996168,1.3999999999999999
5.6625000000000005,3.5840730007457857,1.3617695397777525,0.0021826687303127491,-0.02899959366643922,-0.0031649528317615966,0.0095788353673996168,1.3999999999999999
5.665,3.5874764071705494,1.3609559860731193,0.0021187167801124101,-0.022166550233382355,-0.0030022476591257761,0.012963473584422588,1.3999999999999999
5.6675000000000004,3.5908778296274768,1.3601822648827577,0.0020714363947046937,-0.015661146990864766,-0.0030022476591257761,0.012963473584422588,1.3999999999999999
5.6699999999999999,3.5942773196765603,1.3594099617619237,0.002040397015334359,-0.009172581352971965,-0.0013849062200379965,0.0045281938230978674,1.3999999999999999
5.6725000000000003,3.5976753500963503,1.3590144864078795,0.0020217906604057287,-0.0057138363844519216,-0.0013849062200379965,0.0045281938230978674,1.3999999999999999
5.6749999999999998,3.6010723925397561,1.3586195285014433,0.0020118227142724024,-0.0022612350999980449,0.0040860408104846273,0.0043498800407487147,1.3999999999999999
5.6775000000000002,3.6044700376606813,1.3594966534473281,0.0019977141610960356,-0.0090266189810047706,0.0040860408104846273,0.0043498800407487147,1.3999999999999999
5.6799999999999997,3.6078698764884787,1.3603745962218972,0.0019666815292013161,-0.015801711602663745,0.0090947154118984977,0.0022882677464676191,1.3999999999999999
5.6825000000000001,3.6112733672592383,1.3624183809762456,0.0019070020052579051,-0.031946187735848897,0.0090947154118984977,0.0022882677464676191,1.3999999999999999
5.6850000000000005,3.6146819708060827,1.3644650611838569,0.0018069219515028248,-0.048125032935406015,0.0048105009721750632,0.01046008255142037,1.3999999999999999
5.6875,3.6180944512877238,1.3655201128815471,0.0016763323763306949,-0.056355990852767872,0.0048105009721750632,0.01046008255142037,1.3999999999999999
5.6900000000000004,3.6215095756249536,1.3665802703556389,0.0015250914902044178,-0.064647562219879842,0.0074868038973246332,0.017279394651091667,1.3999999999999999
5.6924999999999999,3.6249281352040086,1.3682684698929566,0.0013467905512362897,-0.078005974320684179,0.0074868038973246332,0.017279394651091667,1.3999999999999999
5.6950000000000003,3.628350923863612,1.3699637370287789,0.001134991705665074,-0.091448288717571477,-0.0075583691151351164,-0.0014610910989235097,1.3999999999999999
5.6974999999999998,3.6317735889356815,1.3681695906262581,0.00092458032640219047,-0.07689589490931803,-0.0075583691151351164,-0.0014610910989235097,1.3999999999999999
5.7000000000000002,3.6351917776179765,1.3663824063696519,0.00075044334737829643,-0.062426169569130628,-0.010836956088330315,0.0040873766712520541,1.3999999999999999
5.7024999999999997,3.6386045529782898,1.363838669018359,0.00062004529109809859,-0.041901621774655361,-0.010836956088330315,0.0040873766712520541,1.3999999999999999
5.7050000000000001,3.6420109741244313,1.3612987257088018,0.0005408977016059909,-0.02142212314966346,0.0039632911559665494,0.015434314793905958,1.3999999999999999
5.7075000000000005,3.6454153489137426,1.3622014832987934,0.00047837388335475407,-0.02860141389883309,0.0039632911559665494,0.015434314793905958,1.3999999999999999
5.71,3.6488219836997136,1.3631068316360806,0.00039786500249625365,-0.03581146258605232,-0.0009189870549456405,0.0092084324338789388,1.3999999999999999
5.7125000000000004,3.6522294670706543,1.3628803915619609,0.00031067900295234021,-0.033943587319057618,-0.0009189870549456405,0.0092084324338789388,1.3999999999999999
5.7149999999999999,3.6556363882192544,1.3626570258479687,0.00022811665155264186,-0.032112212629466931,-0.0042901213322376107,0.020962812528894204,1.3999999999999999
5.7175000000000002,3.6590417750309543,1.3616528471524942,0.00015795690137927149,-0.024020617240374929,-0.0042901213322376107,0.020962812528894204,1.3999999999999999
5.7199999999999998,3.662444654267822,1.360650844048934,0.00010799204265005393,-0.015954851784513301,-0.0025621922805982326,0.015673606240458649,1.3999999999999999
5.7225000000000001,3.6658455325611814,1.360051995079764,7.4135612492568675e-05,-0.011132719568217882,-0.0025621922805982326,0.015673606240458649,1.3999999999999999
5.7250000000000005,3.6692449150834121,1.359454154449919,5.2318469646781503e-05,-0.0063225588496149104,-0.0084685252879820594,0.010918827959448112,1.3999999999999999
5.7275,3.6726410875337745,1.3574837818100665,5.6301672611085279e-05,0.009509406518961842,-0.0084685252879820594,0.010918827959448112,1.3999999999999999
5.7300000000000004,3.6760323332747253,1.3555125478754835,9.9874023599738875e-05,0.025351597652927049,-0.013200716599890489,-0.0046382047731720142,1.3999999999999999
5.7324999999999999,3.6794172732680615,1.3524388777552525,0.00019412662058733169,0.050057236046189391,-0.013200716599890489,-0.0046382047731720142,1.3999999999999999
5.7350000000000003,3.6827945238860313,1.3493606743941298,0.00035020505391191722,0.074816697938607055,-0.001223838603062067,0.011073670951070945,1.3999999999999999
5.7374999999999998,3.686167551264345,1.3490600803736124,0.0005403248638570367,0.077292778767286935,-0.001223838603062067,0.011073670951070945,1.3999999999999999
5.7400000000000002,3.6895398184550809,1.3487524863549176,0.00073673820065976974,0.079851970410531339,0.012770455263999229,0.0061207307385849731,1.3999999999999999
5.7424999999999997,3.692915374161911,1.3516910506307052,0.00090699566420640804,0.056366209685543595,0.012770455263999229,0.0061207307385849731,1.3999999999999999
5.7450000000000001,3.6962982694524076,1.3546245073908578,0.0010186197697319181,0.032941080070982356,0.006548426182736611,0.0054714636103733111,1.3999999999999999
5.7475000000000005,3.6996866862021629,1.3561084839029238,0.0010862518692106788,0.021169449135961419,0.006548426182736611,0.0054714636103733111,1.3999999999999999
5.75,3.7030788102738068,1.3575905424595742,0.0011244859873350292,0.0094205870956403526,0.0062488734967032968,0.013348156840564803,1.3999999999999999
5.7525000000000004,3.7064745511587138,1.3590021076091534,0.001134062357808346,-0.0017588038748642051,0.0062488734967032968,0.013348156840564803,1.3999999999999999
5.7549999999999999,3.7098738209446691,1.3604138321073547,0.001115690391240021,-0.012940086539425416,0.010465636204375772,0.013017468837914395,1.3999999999999999
5.7575000000000003,3.7132778466112386,1.3628070405190262,0.0010595090398394999,-0.032009023177667413,0.010465636204375772,0.013017468837914395,1.3999999999999999
5.7599999999999998,3.7166878585641778,1.365203149398414,0.00095561658449087883,-0.051112390930551838,-0.0028755788755634023,0.0072442515793027839,1.3999999999999999
5.7625000000000002,3.7200999894986415,1.364502326169168,0.00083503767960520908,-0.045359376512768557,-0.0028755788755634023,0.0072442515793027839,1.3999999999999999
5.7649999999999997,3.7235103736179247,1.363805610810938,0.00072877906184821973,-0.039655134824285662,-0.002408823727733188,0.01639233504687693,1.3999999999999999
5.7675000000000001,3.7269191561759754,1.3632209980072207,0.00063563713817390308,-0.034865081123069172,-0.002408823727733188,0.01639233504687693,1.3999999999999999
5.7700000000000005,3.7303264812390786,1.3626395428462683,0.00055442241753170414,-0.030112517446627959,-0.003130454073511567,0.0079255828913620974,1.3999999999999999
5.7725,3.7337321464696562,1.3618930503309046,0.00048673174938970568,-0.024044869644380847,-0.003130454073511567,0.0079255828913620974,1.3999999999999999
5.7750000000000004,3.737135948305307,1.3611487355231355,0.00043417652535251408,-0.018003077192958315,0.0048093171688858086,0.012403702652986397,1.3999999999999999
5.7774999999999999,3.7405401986636417,1.3622518893446476,0.00037816997071781779,-0.026806181688978963,0.0048093171688858086,0.012403702652986397,1.3999999999999999
5.7800000000000002,3.7439472097753219,1.3633574712960577,0.00030012159593011844,-0.035638113501600788,0.0042623175151256312,0.013192078730316808,1.3999999999999999
5.7824999999999998,3.7473568297614679,1.364339114800839,0.00020122408579740435,-0.043486984565200067,0.0042623175151256312,0.013192078730316808,1.3999999999999999
5.7850000000000001,3.7507689086314562,1.3653246971800785,8.2647706175825738e-05,-0.051382619734511484,-0.0012991434062541276,0.018178681416244992,1.3999999999999999
5.7875000000000005,3.7541818410622492,1.3650220046577768,-4.2755415430137766e-05,-0.048948867546096342,-0.0012991434062541276,0.018178681416244992,1.3999999999999999
5.79,3.7575940223489197,1.3647237455515715,-0.0001621404910327012,-0.046567751562225215,-0.0080815679109088288,0.0085403102140888584,1.3999999999999999
5.7925000000000004,3.7610034924510343,1.3628529259318192,-0.00025980671171168103,-0.031572227164639519,-0.0080815679109088288,0.0085403102140888584,1.3999999999999999
5.7949999999999999,3.7644082893615356,1.3609849661705957,-0.00032002991780913495,-0.016610655623173189,-0.01126140510349969,0.0057995934830274726,1.3999999999999999
5.7975000000000003,3.7678074945308344,1.3583792624445143,-0.00033545359958578704,0.0042706040268863481,-0.01126140510349969,0.0057995934830274726,1.3999999999999999
5.7999999999999998,3.7712001853513248,1.3557731718502142,-0.00029867306978097473,0.025156456540992998,-0.006894243025951749,0.014193826595761357,1.3999999999999999
5.8025000000000002,3.77458762751177,1.3541800804797246,-0.00021984109070557884,0.037914778220947319,-0.006894243025951749,0.014193826595761357,1.3999999999999999
5.8049999999999997,3.7779710828920354,1.3525835548334706,-0.00010906520379081716,0.050713872755953432,-0.0013231487633544869,0.012311362350776232,1.3999999999999999
5.8075000000000001,3.7813521603207274,1.3522776041512419,2.0771594326154393e-05,0.053164873506408243,-0.0013231487633544869,0.012311362350776232,1.3999999999999999
5.8100000000000005,3.7847324669004565,1.3519668382456924,0.00015680680078719182,0.055673043713208158,0.0011349888585178661,0.01786787388726363,1.3999999999999999
5.8125,3.788112704602002,1.3522224979165705,0.00029344976300091385,0.053651121849526466,0.0011349888585178661,0.01786787388726363,1.3999999999999999
5.8150000000000004,3.7914935753409682,1.3524732982588854,0.00042511048303538819,0.051686892851091876,0.0025063812347766636,0.019950557634340525,1.3999999999999999
5.8174999999999999,3.7948754656948509,1.3530382383736828,0.00054872991225422591,0.047217512988121067,0.0025063812347766636,0.019950557634340525,1.3999999999999999
5.8200000000000003,3.7982587629691422,1.3535989016552212,0.00066124035758956853,0.042798909419477824,0.00040679792349969379,0.02162117537989729,1.3999999999999999
5.8224999999999998,3.8016428468712888,1.3536675774569389,0.00076766292643614168,0.042346775020087421,0.00040679792349969379,0.02162117537989729,1.3999999999999999
5.8250000000000002,3.8050270976604663,1.3537324177606505,0.00087301217688711763,0.04194017775889157,-0.0041602388665898712,0.0055533813894578146,1.3999999999999999
5.8274999999999997,3.8084101786958784,1.3527317160199468,0.0009880601754163219,0.050106467607387101,-0.0041602388665898712,0.0055533813894578146,1.3999999999999999
5.8300000000000001,3.8117907524596997,1.3517264768697344,0.0011235894062901477,0.058326631501373155,-0.0019970874244601899,0.0099567185363856146,1.3999999999999999
5.8325000000000005,3.8151694352516587,1.3512188444154722,0.001274697121309531,0.062570372159655996,-0.0019970874244601899,0.0099567185363856146,1.3999999999999999
5.835,3.8185468419602659,1.3507055456587,0.0014364973264472292,0.0668813898607684,0.0059762275203987473,0.013955017112365641,1.3999999999999999
5.8375000000000004,3.8219252748300314,1.352039819605809,0.001590555517920082,0.056376210234213998,0.0059762275203987473,0.013955017112365641,1.3999999999999999
5.8399999999999999,3.8253070368021009,1.353368985625713,0.0017184289042083021,0.045931668412252789,0.0085212926496070745,0.017148806172538059,1.3999999999999999
5.8425000000000002,3.8286928558379341,1.3552856636938901,0.001814315250525235,0.030784285694750523,0.0085212926496070745,0.017148806172538059,1.3999999999999999
5.8449999999999998,3.8320834627958744,1.3571995518216895,0.001872377927455777,0.01567002035422661,-0.0024428865929576335,0.0051709560999318553,1.3999999999999999
5.8475000000000001,3.8354756664334748,1.3565630812313856,0.0019182680256939334,0.021045347473779917,-0.0024428865929576335,0.0051709560999318553,1.3999999999999999
5.8500000000000005,3.8388662766140524,1.355924704918086,0.0019776235194681785,0.026443301928481482,-0.0004629306928159143,0.0087403068647997368,1.3999999999999999
5.8525,3.8422558632995609,1.35574423132924,0.0020458873321140595,0.028172641679159303,-0.0004629306928159143,0.0087403068647997368,1.3999999999999999
5.8550000000000004,3.8456449956446379,1.3555612062461391,0.0021185119702087766,0.029932274873465739,0.0033073224791360526,0.01667716392071189,1.3999999999999999
5.8574999999999999,3.8490347626333037,1.3562519723784314,0.0021867763798083862,0.024684147560486557,0.0033073224791360526,0.01667716392071189,1.3999999999999999
5.8600000000000003,3.8524262536431251,1.3569405022036221,0.0022419548295587797,0.019462568732476676,0.00035497073892774757,0.01462659273733353,1.3999999999999999
5.8624999999999998,3.8558186057804194,1.3569409115073503,0.0022909969588260498,0.019774650436925115,0.00035497073892774757,0.01462659273733353,1.3999999999999999
5.8650000000000002,3.859210956708262,1.3569395297720517,0.0023408458003626943,0.02010799637471521,0.0043968088065535248,0.016027038456214136,1.3999999999999999
5.8674999999999997,3.8626044763885847,1.3578759651449697,0.0023821219945018208,0.012915918890005621,0.0043968088065535248,0.016027038456214136,1.3999999999999999
5.8700000000000001,3.8660003355588519,1.3588112302224682,0.0024054369707167834,0.0057377340776159046,0.0014471492811503842,0.0036404952515765969,1.3999999999999999
5.8725000000000005,3.8693976749950294,1.3590602446641382,0.0024176998089433777,0.0040734157016480569,0.0014471492811503842,0.0036404952515765969,1.3999999999999999
5.875,3.8727956364747222,1.3593088901256372,0.0024258076993217475,0.0024134779144478541,-0.0025337320945846651,0.0023763681915432815,1.3999999999999999
5.8775000000000004,3.876193062499945,1.3586318500637931,0.0024390600569753305,0.0081893579652995568,-0.0025337320945846651,0.0023763681915432815,1.3999999999999999
5.8799999999999999,3.8795887951071513,1.3579540684910774,0.0024667618257647431,0.013974042464065122,0.00083717007273572362,0.0052751279558160584,1.3999999999999999
5.8825000000000003,3.8829838113035482,1.3580586814235815,0.0025010756834572966,0.013479503683815305,0.00083717007273572362,0.0052751279558160584,1.3999999999999999
5.8849999999999998,3.8863790874969228,1.3581620734291195,0.0025341714225236948,0.012999460234116637,0.0091523517036633459,0.011748444108719454,1.3999999999999999
5.8875000000000002,3.889777036910822,1.3601973820791728,0.002546678442610974,-0.0029929467259215588,0.0091523517036633459,0.011748444108719454,1.3999999999999999
5.8899999999999997,3.8931800746334608,1.3622329620586551,0.0025192040047820555,-0.01898857413280447,0.0098629678487582133,0.015671353745083414,1.3999999999999999
5.8925000000000001,3.896588409646156,1.3644354659820672,0.0024500600905855174,-0.036331517088488141,0.0098629678487582133,0.015671353745083414,1.3999999999999999
5.8950000000000005,3.9000022547079842,1.366641263656013,0.002337513843337964,-0.053713553837816237,-0.0014569243859656206,0.0031770454857036183,1.3999999999999999
5.8975,3.9034183306856582,1.3662203011819378,0.0022078628940635325,-0.0500164988486815,-0.0014569243859656206,0.0031770454857036183,1.3999999999999999
5.9000000000000004,3.9068333599879077,1.3658038679438771,0.0020873865390162259,-0.04637322094263388,-0.0010359951452880902,0.010640610506643774,1.3999999999999999
5.9024999999999999,3.9102474758384278,1.365489491158268,0.0019749728627163274,-0.043565778196813697,-0.0010359951452880902,0.010640610506643774,1.3999999999999999
5.9050000000000002,3.9136608107311983,1.3651790597361591,0.0018695186153599506,-0.040805178986142186,0.0057501374886046851,0.0042079363764709974,1.3999999999999999
5.9074999999999998,3.9170753461374654,1.3664499565828838,0.0017550726592211129,-0.050759792496259309,0.0057501374886046851,0.0042079363764709974,1.3999999999999999
5.9100000000000001,3.9204930643464571,1.3677254526098253,0.0016156741583577311,-0.060769003809360941,-0.0065843805534929033,0.0052441772086105941,1.3999999999999999
5.9125000000000005,3.9239103938065862,1.3661389345950048,0.0014799600191033493,-0.047812033876623479,-0.0065843805534929033,0.0052441772086105941,1.3999999999999999
5.915,3.9273237626262074,1.3645567451426261,0.0013765711613589839,-0.034906462247582787,0.0060413776011158512,0.01443075269516657,1.3999999999999999
5.9175000000000004,3.9307368489795587,1.3659129454085157,0.0012759298568546355,-0.045613797623286462,0.0060413776011158512,0.01443075269516657,1.3999999999999999
5.9199999999999999,3.9341533307968177,1.367273278278071,0.0011484612930157613,-0.05637019311412212,0.00058838339239089803,0.0014292104736206622,1.3999999999999999
5.9225000000000003,3.9375716350845891,1.3673710075838998,0.0010067548391676296,-0.057005128710569071,0.00058838339239089803,0.0014292104736206622,1.3999999999999999
5.9249999999999998,3.9409901901369242,1.3674738999739764,0.00086338457121553681,-0.057701363664832118,-0.0050104279286304699,0.0068794869346588032,1.3999999999999999
5.9275000000000002,3.9444073820242909,1.3662804075575163,0.00073126311294903859,-0.048005273536711524,-0.0050104279286304699,0.0068794869346588032,1.3999999999999999
5.9299999999999997,3.9478215957970653,1.3650912623895795,0.00062331519460062114,-0.03836079918252696,2.4391203154464081e-05,0.0078179128955323945,1.3999999999999999
5.9325000000000001,3.9512343042603844,1.3650760857662314,0.00052767422176343336,-0.038158835496655656,2.4391203154464081e-05,0.0078179128955323945,1.3999999999999999
5.9350000000000005,3.9546469791057768,1.3650643653101506,0.00043248682556392733,-0.037997905361040994,-0.0061906870403752598,0.0099351319880566953,1.3999999999999999
5.9375,3.958057822962294,1.3636112049298981,0.00035215572956574884,-0.02627273010583887,-0.0061906870403752598,0.0099351319880566953,1.3999999999999999
5.9400000000000004,3.9614650371130535,1.3621604239601286,0.00030109963560382655,-0.014575805236411539,0.0032998007454740482,0.0055749741601733493,1.3999999999999999
5.9424999999999999,3.964871383951067,1.3629173120507492,0.00025711423338517573,-0.02061566983067787,0.0032998007454740482,0.0055749741601733493,1.3999999999999999
5.9450000000000003,3.9682796252292913,1.3636760674642208,0.00019800281326195828,-0.026677703941045239,0.0062971892572129201,0.0033943776264226161,1.3999999999999999
5.9474999999999998,3.9716906372904019,1.3651340723177334,0.00011670634154203146,-0.038365301506576556,0.0062971892572129201,0.0033943776264226161,1.3999999999999999
5.9500000000000002,3.9751052984864743,1.3665955521431821,6.1419279505956441e-06,-0.050094155500477563,0.0069905191064513449,0.0013903347786150273,1.3999999999999999
5.9524999999999997,3.9785238203012567,1.368222754455189,-0.00013542745279820938,-0.063171497591301792,0.0069905191064513449,0.0013903347786150273,1.3999999999999999
5.9550000000000001,3.9819464170260441,1.3698556779688036,-0.00030977216151001526,-0.076316766860303725,-0.0073577701148219554,0.0035449964248236805,1.3999999999999999
5.9575000000000005,3.9853689350899661,1.3681598228306686,-0.00048359286082643718,-0.062752254534397409,-0.0073577701148219554,0.0035449964248236805,1.3999999999999999
5.96,3.9887872208766448,1.3664696519829682,-0.00062358966617888411,-0.049255227219732814,-0.0011589507678251981,0.005984138929614297,1.3999999999999999
5.9625000000000004,3.9922030883346404,1.3662250437884296,-0.00074438026323565094,-0.047385909932871208,-0.0011589507678251981,0.005984138929614297,1.3999999999999999
5.9649999999999999,3.9956183496719122,1.3659847275763564,-0.00086056167574446009,-0.045567549181918882,-0.0044932050063029739,0.0096629421029545987,1.3999999999999999
5.9675000000000002,3.9990320465371423,1.3649733921830056,-0.00096447718916517814,-0.037572312109558623,-0.0044932050063029739,0.0096629421029545987,1.3999999999999999
5.9699999999999998,4.0024432194689066,1.3639654604198892,-0.0010484569059909486,-0.029617482664710613,-0.0018592389980295236,0.015265968145826772,1.3999999999999999
5.9725000000000001,4.0058526414578051,1.3635725551128299,-0.0011187384229499357,-0.026612769647767529,-0.0018592389980295236,0.015265968145826772,1.3999999999999999
5.9750000000000005,4.0092610842531222,1.3631820604159313,-0.0011815446014032797,-0.023636675946719431,-0.0023951908646532311,0.007603967802551302,1.3999999999999999
5.9775,4.0126683978060669,1.3626691089391059,-0.0012356921530167458,-0.019685247511196404,-0.0023951908646532311,0.007603967802551302,1.3999999999999999
5.9800000000000004,4.016074431283652,1.3621579406387418,-0.0012799884789036432,-0.015754989094355677,-0.0072379696919085898,0.0016618412525411072,1.3999999999999999
5.9824999999999999,4.0194777814755671,1.3605223529949602,-0.0013031789121429741,-0.0027990206514800567,-0.0072379696919085898,0.0016618412525411072,1.3999999999999999
5.9850000000000003,4.0228770432599106,1.3588870189673745,-0.0012939860903330167,0.010153937094174018,-0.0026897951266302905,0.0084223294670803684,1.3999999999999999
5.9874999999999998,4.0262735374201686,1.3583081222068512,-0.0012630148698703244,0.014625259720587702,-0.0026897951266302905,0.0084223294670803684,1.3999999999999999
5.9900000000000002,4.0296685827669894,1.3577279005994889,-0.0012208466855649681,0.019112310937199426,0.003178116530957599,0.012379605428240646,1.3999999999999999
5.9924999999999997,4.0330638805889816,1.3585101172112832,-0.0011811310021617337,0.012663082757975775,0.003178116530957599,0.012379605428240646,1.3999999999999999
5.9950000000000001,4.0364611323975179,1.359291187061904,-0.0011575199267031013,0.0062274701914609362,0.0060796480410154228,0.0096032551075381205,1.3999999999999999
5.9975000000000005,4.0398611791868042,1.360746239762809,-0.0011567598066968708,-0.0056193195148212562,0.0060796480410154228,0.0096032551075381205,1.3999999999999999
6,4.0432648640203448,1.3622018012764658,-0.00118562155884236,-0.01747215066371105,-0.0054124058176684741,-0.43633231299858238,-0.59999999999999998
6.0025000000000004,4.0466688501298878,1.3609872777987706,-0.0012173155080552598,-0.0078852813966957813,-0.0054124058176684741,-0.43633231299858238,-0.59999999999999998
6.0049999999999999,4.0500698010045815,1.3597734687153755,-0.0012250550322574463,0.0016931069354829478,0.00022839964283191509,-0.43633231299858238,-0.59999999999999998
6.0075000000000003,4.0534693564609539,1.359870878014072,-0.0012220132367579987,0.00074054754156055284,0.00022839964283191509,-0.43633231299858238,-0.59999999999999998
6.0099999999999998,4.0568691553387657,1.3599682202393604,-0.0012213516310367733,-0.00021121551967786774,0.32160670471310521,-0.43633231299858238,-0.59999999999999998
6.0125000000000002,4.0603359416259108,1.4129627488828678,-0.0017591338278033514,-0.42602676148434809,0.32160670471310521,-0.43633231299858238,-0.59999999999999998
6.0150000000000006,4.0639315650999146,1.4630712577128682,-0.0033323016303608557,-0.82881110415532522,0.32168427319920501,-0.43633231299858238,-0.59999999999999998
6.0175000000000001,4.0676490539639412,1.5104858271984432,-0.0058854079697478554,-1.2102475536563768,0.32168427319920501,-0.43633231299858238,-0.59999999999999998
6.0200000000000005,4.071481897764845,1.5553834872145069,-0.0093670540547772033,-1.5718918473685868,0.32417188686468879,-0.43633231299858238,-0.59999999999999998
6.0225,4.0754240101821022,1.5979266035479902,-0.013729574787703796,-1.9151760449587565,0.32417188686468879,-0.43633231299858238,-0.59999999999999998
6.0250000000000004,4.0794696931351044,1.6382635261243894,-0.018928736614864924,-2.2414144231203865,0.28001399970986279,-0.43633231299858238,-0.59999999999999998
6.0274999999999999,4.0836136027286516,1.6765293970321762,-0.024923451747334048,-2.5518105640116024,0.28001399970986279,-0.43633231299858238,-0.59999999999999998
6.0300000000000002,4.0878507173402667,1.7128470458790035,-0.031675510981098526,-2.8474650674362425,0.22849877916553865,-0.43633231299858238,-0.59999999999999998
6.0324999999999998,4.0921763080005205,1.74732792187833,-0.039149336151030015,-3.1293834915438636,0.22849877916553865,-0.43633231299858238,-0.59999999999999998
6.0350000000000001,4.0965859111121112,1.7800730280679284,-0.0473117524327357,-3.3984842542645941,0.17956176616411695,-0.43633231299858238,-0.59999999999999998
6.0375000000000005,4.1010753034821938,1.8111738346109474,-0.056131780157847901,-3.6556063192720729,0.17956176616411695,-0.43633231299858238,-0.59999999999999998
6.04,4.1056404795956922,1.8407131563409003,-0.065580445453533559,-3.901516555022539,0.14486447595713944,-0.43633231299858238,-0.59999999999999998
6.0425000000000004,4.1102776310278326,1.8687659854506742,-0.075630608798079618,-4.1369167003665188,0.14486447595713944,-0.43633231299858238,-0.59999999999999998
6.0449999999999999,4.1149831278766404,1.8954002741567804,-0.086256810458839567,-4.3624499007440116,0.10738185226444065,-0.43633231299858238,-0.59999999999999998
6.0475000000000003,4.1197535020867138,1.9206776647983783,-0.097435131715857493,-4.578706799129721,0.10738185226444065,-0.43633231299858238,-0.59999999999999998
6.0499999999999998,4.1245854325315383,1.9446541665367898,-0.10914307075224201,-4.7862311787609304,0.050793081413287151,-0.43633231299858238,-0.59999999999999998
6.0525000000000002,4.1294648355052974,1.9588914053676898,-0.1212721853382023,-4.91754885694536,0.050793081413287151,-0.43633231299858238,-0.59999999999999998
6.0549999999999997,4.1343799956092306,1.9732557991083468,-0.13373320049589599,-5.0517283713482817,0.016554013345031572,-0.43633231299858238,-0.59999999999999998
6.0575000000000001,4.1393215575593132,1.9800229729507994,-0.14645600726310115,-5.1270722228795425,0.016554013345031572,-0.43633231299858238,-0.59999999999999998
6.0600000000000005,4.1442802491398636,1.986956487766526,-0.15937129188555768,-5.2056920749832791,-0.025530977995578959,-0.43633231299858238,-0.59999999999999998
6.0625,4.149244754305748,1.9846916216350199,-0.1723936745849054,-5.2128985839146855,-0.025530977995578959,-0.43633231299858238,-0.59999999999999998
6.0650000000000004,4.1542039230167349,1.982685643995769,-0.18543917552831568,-5.2241738356749234,-0.057201193542649104,-0.43633231299858238,-0.59999999999999998
6.0674999999999999,4.159149700537303,1.9739944251195451,-0.19844869696276896,-5.1842417849261624,-0.057201193542649104,-0.43633231299858238,-0.59999999999999998
6.0700000000000003,4.1640741825104941,1.9656480157866503,-0.21136434581625563,-5.1490632790153317,-0.079841478718534295,-0.43633231299858238,-0.59999999999999998
6.0724999999999998,4.1689721054940909,1.9527593319200909,-0.22414934976242296,-5.0798198327484139,-0.079841478718534295,-0.43633231299858238,-0.59999999999999998
6.0750000000000002,4.1738383207850385,1.9402805569876604,-0.23676780568838215,-5.0158091912867846,-0.10435800878591119,-0.43633231299858238,-0.59999999999999998
6.0775000000000006,4.1786673291113008,1.9230074218124378,-0.24918110996260304,-4.9158025840497492,-0.10435800878591119,-0.43633231299858238,-0.59999999999999998
6.0800000000000001,4.1834537601279225,1.9062169455905322,-0.26135160604106844,-4.8215409354140233,-0.11217510600126969,-0.43633231299858238,-0.59999999999999998
6.0825000000000005,4.188196765549006,1.8882698951096204,-0.27327738313625033,-4.7200436863530557,-0.11217510600126969,-0.43633231299858238,-0.59999999999999998
6.085,4.1928955166513875,1.8708112980693388,-0.28495657583926554,-4.6242482581705548,-0.1350534326958262,-0.43633231299858238,-0.59999999999999998
6.0875000000000004,4.1975453487085819,1.849146597713248,-0.29635708924658188,-4.4971878011403064,-0.1350534326958262,-0.43633231299858238,-0.59999999999999998
6.0899999999999999,4.202141703413715,1.8280264386795202,-0.30744755750658531,-4.3761788774666401,-0.13510739872324373,-0.43633231299858238,-0.59999999999999998
6.0925000000000002,4.2066859060204349,1.8074219164824843,-0.31824275345639225,-4.2609370393034451,-0.13510739872324373,-0.43633231299858238,-0.59999999999999998
6.0949999999999998,4.211179236631061,1.7873257849352922,-0.32875695530127907,-4.1513507667221736,-0.14160311729176922,-0.43633231299858238,-0.59999999999999998
6.0975000000000001,4.2156213348232905,1.7664367569619124,-0.33899149524587296,-4.0372054804685371,-0.14160311729176922,-0.43633231299858238,-0.59999999999999998
6.1000000000000005,4.2200118321393578,1.7460418380711011,-0.34894751761264375,-3.928502621460304,-0.13916842036603458,-0.43633231299858238,-0.59999999999999998
6.1025,4.2243525321869706,1.7265943755327084,-0.35864298617712537,-3.8287184328416295,-0.13916842036603458,-0.43633231299858238,-0.59999999999999998
6.1050000000000004,4.2286451772256264,1.7075948083335446,-0.3680952616750518,-3.7339170685645588,-0.13838928702406889,-0.43633231299858238,-0.59999999999999998
6.1074999999999999,4.2328910509660025,1.6891739740504379,-0.37731801619429073,-3.6450683097498016,-0.13838928702406889,-0.43633231299858238,-0.59999999999999998
6.1100000000000003,4.2370913888897981,1.6711633386389497,-0.38632443932755045,-3.5608234130976459,-0.14444311113938235,-0.43633231299858238,-0.59999999999999998
6.1124999999999998,4.2412457708804121,1.6524096865874791,-0.39511482289130995,-3.4722341805440426,-0.14444311113938235,-0.43633231299858238,-0.59999999999999998
6.1150000000000002,4.2453537672886013,1.6340520432942225,-0.40368929126179043,-3.3880627438406683,-0.14460297260315808,-0.43633231299858238,-0.59999999999999998
6.1174999999999997,4.249416310182859,1.6160442403551034,-0.41205839332640004,-3.3079145189348158,-0.14460297260315808,-0.43633231299858238,-0.59999999999999998
6.1200000000000001,4.2534342916969914,1.5984003332271635,-0.42023227547575259,-3.2318607655122644,-0.15769991237355988,-0.43633231299858238,-0.59999999999999998
6.1225000000000005,4.2574056165309191,1.5787226731643935,-0.42819808269607834,-3.1414786372139147,-0.15769991237355988,-0.43633231299858238,-0.59999999999999998
6.125,4.2613282134947932,1.5594151859793413,-0.43594306387414083,-3.0551713452860678,-0.1580172403566581,-0.43633231299858238,-0.59999999999999998
6.1275000000000004,4.2652029157212423,1.5404043115130821,-0.44347665072946152,-2.972337117380627,-0.1580172403566581,-0.43633231299858238,-0.59999999999999998
6.1299999999999999,4.2690305170229053,1.5217318525302126,-0.45080787818331891,-2.8932578938288565,-0.15811857179398134,-0.43633231299858238,-0.59999999999999998
6.1325000000000003,4.2728118218872551,1.5033647410766346,-0.45794577184826279,-2.8176458148594841,-0.15811857179398134,-0.43633231299858238,-0.59999999999999998
6.1349999999999998,4.2765475982671806,1.4853067229665102,-0.46489899148296088,-2.7454952977624005,-0.16357564222582352,-0.43633231299858238,-0.59999999999999998
6.1375000000000002,4.2802374104050651,1.4665933283203814,-0.47166697942945218,-2.6694553346683736,-0.16357564222582352,-0.43633231299858238,-0.59999999999999998
6.1400000000000006,4.2838808107682924,1.4481750112508134,-0.47824901100894035,-2.5967072751305951,-0.16094707790150328,-0.43633231299858238,-0.59999999999999998
6.1425000000000001,4.2874790864115395,1.430490382944577,-0.48465742925144856,-2.5305352454805594,-0.16094707790150328,-0.43633231299858238,-0.59999999999999998
6.1450000000000005,4.2910334820595528,1.4130690464577689,-0.49090417664753028,-2.4673509273332757,-0.16269501060531996,-0.43633231299858238,-0.59999999999999998
6.1475,4.2945442696532252,1.3956027047782955,-0.49699377532720052,-2.4048024828208598,-0.16269501060531996,-0.43633231299858238,-0.59999999999999998
6.1500000000000004,4.2980116993309228,1.3783808971164913,-0.50293051495540375,-2.3450454976097941,-0.16327787472683081,-0.43633231299858238,-0.59999999999999998
6.1524999999999999,4.3014362465707858,1.361295234285308,-0.50872032006964418,-2.2872391758794057,-0.16327787472683081,-0.43633231299858238,-0.59999999999999998
6.1550000000000002,4.3048183630106074,1.3444346149303341,-0.51436887169017931,-2.2320262318463016,-0.16859481961798584,-0.43633231299858238,-0.59999999999999998
6.1574999999999998,4.30815749475234,1.3269076302015297,-0.51987426118850688,-2.1727069436748532,-0.16859481961798584,-0.43633231299858238,-0.59999999999999998
6.1600000000000001,4.3114530812865812,1.3095968284575112,-0.52523447253406852,-2.1158673487548136,-0.16883970212244401,-0.43633231299858238,-0.59999999999999998
6.1625000000000005,4.3147056008361089,1.2924525844923382,-0.53045520889689701,-2.0611120294648124,-0.16883970212244401,-0.43633231299858238,-0.59999999999999998
6.165,4.3179155093640631,1.2755065561794423,-0.53554194649363918,-2.0086535935027396,-0.16984182796315714,-0.43633231299858238,-0.59999999999999998
6.1675000000000004,4.3210830879861613,1.2585875696436248,-0.54049880268060924,-1.9571951098241134,-0.16984182796315714,-0.43633231299858238,-0.59999999999999998
6.1699999999999999,4.3242085999678777,1.2418519167740441,-0.54532970633891453,-1.9078780631156149,-0.17576669939613451,-0.43633231299858238,-0.59999999999999998
6.1725000000000003,4.3272913014770111,1.2243395253699667,-0.55003106224936205,-1.8535561602549324,-0.17576669939613451,-0.43633231299858238,-0.59999999999999998
6.1749999999999998,4.3303304453472871,1.2070044638832607,-0.55459919947171576,-1.8012893329249988,-0.1778257321546447,-0.43633231299858238,-0.59999999999999998
6.1775000000000002,4.3333260545565526,1.1895110434979088,-0.55903611647116469,-1.7485708107819353,-0.1778257321546447,-0.43633231299858238,-0.59999999999999998
6.1799999999999997,4.3362781380661621,1.1721826495968142,-0.56334365315963253,-1.6977721062387603,-0.17529838301922007,-0.43633231299858238,-0.59999999999999998
6.1825000000000001,4.3391875985296373,1.1554108262779179,-0.56753019864682197,-1.6517610535288818,-0.17529838301922007,-0.43633231299858238,-0.59999999999999998
6.1850000000000005,4.3420553150158279,1.1387864059482948,-0.57160391412030187,-1.6074970532449393,-0.17236914358819497,-0.43363561412857216,-0.59999999999999998
6.1875,4.3448822220357171,1.1227616005603647,-0.57557330981875554,-1.5682898781197658,-0.17236914358819497,-0.43363561412857216,-0.59999999999999998
6.1900000000000004,4.3476692327121498,1.1068684450945154,-0.57944669180063457,-1.5306768395771622,-0.17467467355277208,-0.43187947467863735,-0.59999999999999998
6.1924999999999999,4.3504162216469107,1.0907438502876461,-0.58322468782881376,-1.4919759593794033,-0.17467467355277208,-0.43187947467863735,-0.59999999999999998
6.1950000000000003,4.3531230555509985,1.0747435770377278,-0.58690782885796344,-1.4547839695560938,-0.18873003082260026,-0.42359416933138871,-0.59999999999999998
6.1974999999999998,4.3557873288049889,1.0566972872826113,-0.59047997016216214,-1.4031883645731813,-0.18873003082260026,-0.42359416933138871,-0.59999999999999998
6.2000000000000002,4.3584066505523502,1.0387812951603641,-0.59392503795412666,-1.3531136900868213,-0.18099254827936256,-0.41792252494972332,-0.59999999999999998
6.2025000000000006,4.3609828198781972,1.0221729311307846,-0.59725757460654538,-1.3131420910450777,-0.18099254827936256,-0.41792252494972332,-0.59999999999999998
6.2050000000000001,4.363517607005118,1.0056747386466762,-0.60049185885777656,-1.2745031890891219,-0.1887047221164572,-0.40750258319308658,-0.59999999999999998
6.2075000000000005,4.3660098150090665,0.98811017649259447,-0.60362046617260845,-1.2286020273418361,-0.1887047221164572,-0.40750258319308658,-0.59999999999999998
6.21,4.3684582481927325,0.97065399617631121,-0.60663594133865584,-1.1839878413099738,-0.19532361781873078,-0.39781271745177549,-0.59999999999999998
6.2125000000000004,4.3708619202811034,0.9523014778620088,-0.6095323301469121,-1.1333312872023322,-0.19532361781873078,-0.39781271745177549,-0.59999999999999998
6.2149999999999999,4.3732198421702915,0.93405288113298479,-0.61230361165229175,-1.0838915470795296,-0.20295927496638319,-0.38884099071714251,-0.59999999999999998
6.2175000000000002,4.3755308320975352,0.91475605541476901,-0.61494233287993139,-1.027280838236263,-0.20295927496638319,-0.38884099071714251,-0.59999999999999998
6.2199999999999998,4.3777937047376083,0.89555799367891575,-0.6174409634701129,-0.9718074399397344,-0.20820391071084288,-0.37636087396251328,-0.59999999999999998
6.2225000000000001,4.3800077189742721,0.87566895764785724,-0.6197951550338433,-0.91172311626751046,-0.20820391071084288,-0.37636087396251328,-0.59999999999999998
6.2250000000000005,4.3821721245299239,0.85586994123375271,-0.62200043474193223,-0.85266576885578427,-0.21242809292282888,-0.36128734332344697,-0.59999999999999998
6.2275,4.3842863523679831,0.83552615805466468,-0.62405359165627117,-0.7900162889809591,-0.21242809292282888,-0.36128734332344697,-0.59999999999999998
6.2300000000000004,4.386349821581045,0.81526190118980735,-0.62595126702366255,-0.72826794595991584,-0.22330063436500661,-0.35876846088386954,-0.59999999999999998
6.2324999999999999,4.3883607076735718,0.79345949537532712,-0.62768105763882587,-0.65570299918039576,-0.22330063436500661,-0.35876846088386954,-0.59999999999999998
6.2350000000000003,4.3903171782117214,0.77172808689980377,-0.62923043658586331,-0.58392365753629916,-0.22854037686990672,-0.3488319354304622,-0.59999999999999998
6.2374999999999998,4.3922184325679456,0.74928555538090991,-0.63059426887239067,-0.50725345437793645,-0.22854037686990672,-0.3488319354304622,-0.59999999999999998
6.2400000000000002,4.3940636530988115,0.72689956660110766,-0.63176722031268917,-0.43120310008060408,-0.22048078016096678,-0.33281147137281158,-0.59999999999999998
6.2424999999999997,4.3958544555742414,0.70574931988253542,-0.63276143505646332,-0.36424601321800787,-0.22048078016096678,-0.33281147137281158,-0.59999999999999998
6.2450000000000001,4.3975924312674053,0.68463696283280873,-0.63358880399194795,-0.29771332831937003,-0.2261220577486921,-0.32251860678768035,-0.59999999999999998
6.2475000000000005,4.3992766282260325,0.6627253211456936,-0.6342428089655805,-0.22554282493495495,-0.2261220577486921,-0.32251860678768035,-0.59999999999999998
6.25,4.4009060781832012,0.64083805606244248,-0.63471674282732959,-0.15364201941212027,-0.23702090769300821,-0.3118347771570224,-0.59999999999999998
6.2525000000000004,4.4024788289631376,0.61736474706831357,-0.63499673737242812,-0.07037716358973399,-0.23702090769300821,-0.3118347771570224,-0.59999999999999998
6.2549999999999999,4.4039929087615217,0.59389965147151047,-0.63506870259167769,0.012798937799266746,-0.23662143483220399,-0.30252086487616586,-0.59999999999999998
6.2575000000000003,4.4054483994004112,0.57049180907850872,-0.63493325821251856,0.09556792773158948,-0.23662143483220399,-0.30252086487616586,-0.59999999999999998
6.2599999999999998,4.4068453585380656,0.54707284222250518,-0.63459076271229276,0.17845722295799984,-0.2276422855258558,-0.27736928690688534,-0.59999999999999998
6.2625000000000002,4.4081853980080785,0.52495481394537091,-0.63405268670054671,0.25204680499574572,-0.2276422855258558,-0.27736928690688534,-0.59999999999999998
6.2650000000000006,4.4094701096338627,0.50280921224164854,-0.63333027545844589,0.32594030635082477,-0.23252608092901933,-0.27798084521290972,-0.59999999999999998
6.2675000000000001,4.41069851446915,0.47990771876099592,-0.63241617018265683,0.40541945857447376,-0.23252608092901933,-0.27798084521290972,-0.59999999999999998
6.2700000000000005,4.4118696097073444,0.45695999255830827,-0.63130275887670839,0.48540183657838676,-0.23946017273254469,-0.26930572004796355,-0.59999999999999998
6.2725,4.4129819874509177,0.43293157962307416,-0.62997941800085977,0.57338466162792467,-0.23946017273254469,-0.26930572004796355,-0.59999999999999998
6.2750000000000004,4.4140342099456342,0.40883396168206798,-0.6284352182306302,0.66210841707870016,-0.23330403990939608,-0.26019881207201556,-0.59999999999999998
6.2774999999999999,4.4150272311466692,0.38556933139705823,-0.62667639940166087,0.74509452807412679,-0.23330403990939608,-0.26019881207201556,-0.59999999999999998
6.2800000000000002,4.4159619840114424,0.36221757545323902,-0.62470896079415716,0.82902254938841524,-0.22780072698132567,-0.23888339125742825,-0.59999999999999998
6.2824999999999998,4.416839261872048,0.33958827666121155,-0.62253781570105315,0.90807285155187145,-0.22780072698132567,-0.23888339125742825,-0.59999999999999998
6.2850000000000001,4.4176598391458413,0.31685546027979983,-0.62016765648515804,0.9882513969583554,-0.22486514774090025,-0.22245903991456045,-0.59999999999999998
6.2875000000000005,4.4184239936313237,0.29444878953065007,-0.61759950693133592,1.0664796969261194,-0.22486514774090025,-0.22245903991456045,-0.59999999999999998
6.29,4.4191319822697217,0.27192110824900306,-0.61483415689841792,1.1460295318591474,-0.23096345697339551,-0.21848048032093692,-0.59999999999999998
6.2925000000000004,4.4197823424068972,0.24834316991203109,-0.6118598408452901,1.2336793026867492,-0.23096345697339551,-0.21848048032093692,-0.59999999999999998
6.2949999999999999,4.4203735739600329,0.22461621188011205,-0.60866442834316403,1.3229277975846236,-0.22259078107129499,-0.20178714826966804,-0.59999999999999998
6.2975000000000003,4.4209068750529878,0.2019983794102565,-0.60525529800185773,1.4046622560012769,-0.22259078107129499,-0.20178714826966804,-0.59999999999999998
6.2999999999999998,4.4213834297243064,0.17921715731783228,-0.6016396390732105,1.4881705953622322,-0.21908116149415888,-0.19719883267273364,-0.59999999999999998
6.3025000000000002,4.4218034848845305,0.15679755606330559,-0.59781774991999781,1.5696610112080462,-0.21908116149415888,-0.19719883267273364,-0.59999999999999998
6.3049999999999997,4.4221672655449034,0.13419556946660949,-0.59378968213427197,1.6531340135814239,-0.21401850352372201,-0.17720646714530297,-0.59999999999999998
6.3075000000000001,4.4224752753576002,0.1121800623959021,-0.58955744867953819,1.7330050614698664,-0.21401850352372201,-0.17720646714530297,-0.59999999999999998
6.3100000000000005,4.4227279998016806,0.089965252757370454,-0.58512284433103057,1.8150514592495084,-0.20106713482356545,-0.16910804125957773,-0.59999999999999998
6.3125,4.4229274424357117,0.069556062705119395,-0.58049872689435655,1.8846093488969395,-0.20106713482356545,-0.16910804125957773,-0.59999999999999998
6.3150000000000004,4.4230756117395211,0.048944787375425541,-0.57569791809788751,1.9564229676769749,-0.1992699371088236,-0.15946974753964735,-0.59999999999999998
6.3174999999999999,4.4231723416074447,0.028403145692638736,-0.57071723296686749,2.028525622817309,-0.1992699371088236,-0.15946974753964735,-0.59999999999999998
6.3200000000000003,4.4232174428707838,0.0076399492388024397,-0.56555323892970999,2.1030899224411908,-0.19819734084371449,-0.15119935267011939,-0.59999999999999998
6.3224999999999998,4.4232105596118956,-0.013186194763127358,-0.56020120124660822,2.17897874315979,-0.19819734084371449,-0.15119935267011939,-0.59999999999999998
6.3250000000000002,4.4231513084286052,-0.034256543407461225,-0.55465609946153638,2.2575628908446159,-0.18564801918287843,-0.14077665209476203,-0.59999999999999998
6.3275000000000006,4.4230415826338074,-0.053563794414944507,-0.54892968660406671,2.3240162818067103,-0.18564801918287843,-0.14077665209476203,-0.59999999999999998
6.3300000000000001,4.4228832861235228,-0.073115084844838502,-0.54303372537249728,2.3932212929122847,-0.1844679134255576,-0.13942480480231681,-0.59999999999999998
6.3325000000000005,4.4226760336937669,-0.092730179029079846,-0.5369629687628974,2.4638699879596717,-0.1844679134255576,-0.13942480480231681,-0.59999999999999998
6.335,4.4224194133135049,-0.11261161504623238,-0.53071189254105955,2.5374985993981132,-0.1711486081015258,-0.12690217262876244,-0.59999999999999998
6.3375000000000004,4.422115486364353,-0.13057247038175762,-0.52429334032066166,2.5978323093983917,-0.1711486081015258,-0.12690217262876244,-0.59999999999999998
6.3399999999999999,4.4217663335076605,-0.14879431023164238,-0.51772023779864784,2.6611582677128083,-0.15102595734019769,-0.11519822368649284,-0.59999999999999998
6.3425000000000002,4.4213754895356105,-0.1639191037908109,-0.51101640689423466,2.7023699028986758,-0.15102595734019769,-0.11519822368649284,-0.59999999999999998
6.3449999999999998,4.4209465429262451,-0.17927800275011083,-0.50420603399326624,2.7464070210829434,-0.14923110442033247,-0.10631142154405258,-0.59999999999999998
6.3475000000000001,4.4204792764662342,-0.19457588135882037,-0.49728479530851627,2.7910724877873152,-0.14923110442033247,-0.10631142154405258,-0.59999999999999998
6.3500000000000005,4.4199734557574182,-0.21012310712924265,-0.49024818864440034,2.8387178044398031,-0.13853258042053798,-0.096191617384434103,-0.59999999999999998
6.3525,4.4194307431315263,-0.22408644380793222,-0.48310597388081544,2.8755386122690845,-0.13853258042053798,-0.096191617384434103,-0.59999999999999998
6.3550000000000004,4.4188528223873762,-0.23829119067364671,-0.47586803589480819,2.9153113738181724,-0.12466407088830511,-0.092430849407226567,-0.59999999999999998
6.3574999999999999,4.4182421017956282,-0.25032163758277304,-0.46854977005563764,2.9397663830747245,-0.12466407088830511,-0.092430849407226567,-0.59999999999999998
6.3600000000000003,4.4176010289822214,-0.26257436813307167,-0.46116684751921794,2.9670494207570846,-0.1223218036753578,-0.082592614749000121,-0.59999999999999998
6.3624999999999998,4.4169295559307793,-0.27464219334929024,-0.45371603962995555,2.9940793422518697,-0.1223218036753578,-0.082592614749000121,-0.59999999999999998
6.3650000000000002,4.4162276238106415,-0.28694308846053107,-0.44619400572724144,3.0240436496884069,-0.11290176362826093,-0.078652330218469596,-0.59999999999999998
6.3674999999999997,4.4154967547977346,-0.2977887481034302,-0.43860944334493585,3.0440805170253866,-0.11290176362826093,-0.078652330218469596,-0.59999999999999998
6.3700000000000001,4.4147384935509288,-0.30885825141626982,-0.43097120183465781,3.066999213439737,-0.11335295745421003,-0.076152119036558608,-0.59999999999999998
6.3725000000000005,4.4139521671451458,-0.32024251808002679,-0.42327119585622214,3.0935066982489365,-0.11335295745421003,-0.076152119036558608,-0.59999999999999998
6.375,4.4131370790773508,-0.33186906783035014,-0.4155011293556059,3.1230612551759425,-0.094232544923080863,-0.069879287716298352,-0.59999999999999998
6.3775000000000004,4.4122970378485791,-0.34019722854217987,-0.40768726789840098,3.1284820304028842,-0.094232544923080863,-0.069879287716298352,-0.59999999999999998
6.3799999999999999,4.4114359233486207,-0.34872890613953306,-0.39985642388379239,3.136657390584118,-0.083527581530724801,-0.057783798871353396,-0.59999999999999998
6.3825000000000003,4.4105557322530249,-0.35545453562365203,-0.39202101217353469,3.1321048249300971,-0.083527581530724801,-0.057783798871353396,-0.59999999999999998
6.3849999999999998,4.409658495067224,-0.36236689827232149,-0.38419371436173927,3.1301748981928279,-0.070937581977543393,-0.052127407869164664,-0.59999999999999998
6.3875000000000002,4.4087467372904872,-0.36706607700005384,-0.37639110737001852,3.1123123053492998,-0.070937581977543393,-0.052127407869164664,-0.59999999999999998
6.3900000000000006,4.4078230283921691,-0.37192880748400486,-0.36863012784874222,3.0968798085640428,-0.072269104591915115,-0.057185860005206715,-0.59999999999999998
6.3925000000000001,4.4068866300531786,-0.37721926548527018,-0.36090215251807778,3.0859210583937413,-0.072269104591915115,-0.057185860005206715,-0.59999999999999998
6.3950000000000005,4.4059367825273865,-0.38268917457130275,-0.35319840128459778,3.0775079699616339,-0.063920985029322072,-0.048770357292306603,-0.59999999999999998
6.3975,4.4049750752772923,-0.38670419090439867,-0.34552836473746174,3.0589256318884774,-0.063920985029322072,-0.048770357292306603,-0.59999999999999998
6.4000000000000004,4.4040031213866691,-0.39088743384294727,-0.33790173559823822,3.0427884335356339,-0.060571280934152323,-0.049432854927363157,-0.59999999999999998
6.4024999999999999,4.4030213249488552,-0.39457765330391348,-0.33031883977749604,3.0239332110266397,-0.060571280934152323,-0.049432854927363157,-0.59999999999999998
6.4050000000000002,4.4020300911758277,-0.39843820894575893,-0.322780029654548,3.0075259601023077,-0.056038702589891132,-0.045536323405876308,-0.59999999999999998
6.4074999999999998,4.4010301272450416,-0.40156068509715359,-0.31528805222258677,2.9864570626063065,-0.056038702589891132,-0.045536323405876308,-0.59999999999999998
6.4100000000000001,4.4000221468657417,-0.40485222489947587,-0.3078457252768072,2.9678111398361668,-0.043768347855698039,-0.05335104628482918,-0.59999999999999998
6.4125000000000005,4.3990088442058948,-0.40581414648965924,-0.30047143195637377,2.931993395541534,-0.043768347855698039,-0.05335104628482918,-0.59999999999999998
6.415,4.3979929529767947,-0.40692385252811775,-0.29318389915702808,2.8984066699473434,-0.041817412505578085,-0.045989679010653629,-0.59999999999999998
6.4175000000000004,4.3969746003134595,-0.40778324686153195,-0.28598146650211315,2.8639107077591865,-0.041817412505578085,-0.045989679010653629,-0.59999999999999998
6.4199999999999999,4.3959539101200402,-0.40879458554308329,-0.27886248057917962,2.831652845703128,-0.026039015279265124,-0.043068957188947869,-0.59999999999999998
6.4225000000000003,4.3949346040015271,-0.4066705988733495,-0.27185365384870358,2.7757371865971261,-0.026039015279265124,-0.043068957188947869,-0.59999999999999998
6.4249999999999998,4.3939204540628518,-0.40467027698634034,-0.264982147300315,2.7217983256705178,-0.018973987622618864,-0.047288558361515451,-0.59999999999999998
6.4275000000000002,4.3929130039330131,-0.40130880262205798,-0.25825766042134857,2.6581020313320183,-0.018973987622618864,-0.047288558361515451,-0.59999999999999998
6.4299999999999997,4.3919138137829954,-0.39806283528434633,-0.25169008169188289,2.5962722389496067,-0.015376606570463153,-0.05144049206508268,-0.59999999999999998
6.4325000000000001,4.3909235454807218,-0.39417061186234442,-0.24528228613824313,2.5302657560343551,-0.015376606570463153,-0.05144049206508268,-0.59999999999999998
6.4350000000000005,4.3899428655957378,-0.39039252891512966,-0.23903724650242894,2.4660669212420689,-0.005138726480059197,-0.057569032124572983,-0.59999999999999998
6.4375,4.3889742253094575,-0.38453617927244943,-0.23297213407232734,2.3862973121262767,-0.005138726480059197,-0.057569032124572983,-0.59999999999999998
6.4400000000000004,4.3880201014392002,-0.37877972414757533,-0.22710439374757013,2.3081670516260053,-0.0026478057597745025,-0.044771877209008708,-0.59999999999999998
6.4424999999999999,4.3870809136251552,-0.37258689774842085,-0.22143526875517869,2.2273966791240922,-0.0026478057597745025,-0.044771877209008708,-0.59999999999999998
6.4450000000000003,4.3861570846007982,-0.36649287439442835,-0.21596609989084312,2.1481987812677135,0.0047200443260333614,-0.060457199539309288,-0.59999999999999998
6.4474999999999998,4.3852503663598501,-0.3588965518829822,-0.21070885748922508,2.0578364918720955,0.0047200443260333614,-0.060457199539309288,-0.59999999999999998
6.4500000000000002,4.3843625275028524,-0.35138941683341141,-0.20567572282855126,1.9689076252898745,-0.0075519597640078678,-0.056679686226999967,-0.59999999999999998
6.4525000000000006,4.3834899933069176,-0.34665550515412985,-0.2008365204734183,1.90270776095565,-0.0075519597640078678,-0.056679686226999967,-0.59999999999999998
6.4550000000000001,4.382629162339323,-0.34202675081563244,-0.19616092784483577,1.8380152954822513,0.0011742029076043468,-0.068853039058252491,-0.59999999999999998
6.4575000000000005,4.3817821684592966,-0.33558395559300425,-0.19166426767839984,1.7595423328914728,0.0011742029076043468,-0.068853039058252491,-0.59999999999999998
6.46,4.3809511650409627,-0.32923417388957299,-0.18736208422907222,1.6824276681450798,0.0029083974568501585,-0.059937332984292185,-0.59999999999999998
6.4625000000000004,4.3801363996747877,-0.32259294441546665,-0.18325483794833028,1.6035834156747093,0.0029083974568501585,-0.059937332984292185,-0.59999999999999998
6.4649999999999999,4.3793381269639227,-0.31603973127920965,-0.1793431146196387,1.5260021640017689,-0.00015809230152990811,-0.067027109745206079,-0.59999999999999998
6.4675000000000002,4.3785552798803122,-0.3102525590038574,-0.17561704379402202,1.4550580450245143,-0.00015809230152990811,-0.067027109745206079,-0.59999999999999998
6.4699999999999998,4.3777867920066189,-0.30455197545968682,-0.17206682467811121,1.3853135751807668,-0.0043822710464512301,-0.078565220207846106,-0.59999999999999998
6.4725000000000001,4.3770312754099594,-0.29987570711599054,-0.16868015072636067,1.3242195168329911,-0.0043822710464512301,-0.078565220207846106,-0.59999999999999998
6.4750000000000005,4.3762873424654209,-0.29528464286984413,-0.1654447745277855,1.2642685517438776,-0.0080804271971211435,-0.07912765072291135,-0.59999999999999998
6.4775,4.3755537518058238,-0.2916019118683198,-0.16234966262427505,1.2120051250173729,-0.0080804271971211435,-0.07912765072291135,-0.59999999999999998
6.4800000000000004,4.374829263782833,-0.28800212853130597,-0.15938384384718859,1.1608277958635425,-0.0026992851695119488,-0.075061034638215104,-0.59999999999999998
6.4824999999999999,4.3741151792645967,-0.28327808048176456,-0.1565566611218438,1.1010847594573037,-0.0026992851695119488,-0.075061034638215104,-0.59999999999999998
6.4850000000000003,4.3734128116639424,-0.27862809087703122,-0.15387760691615462,1.0423175026231049,-0.0032747889783930981,-0.08442543377477546,-0.59999999999999998
6.4874999999999998,4.3727218182796763,-0.27417824542530639,-0.15134300972893991,0.98551209487898117,-0.0032747889783930981,-0.08442543377477546,-0.59999999999999998
6.4900000000000002,4.3720418636043519,-0.2697965985004227,-0.14894930595790051,0.92959529130822416,0.00027313863408349928,-0.083459725680806812,-0.59999999999999998
6.4924999999999997,4.3713737780875652,-0.26468206969783975,-0.14670229262475318,0.8681495060803347,0.00027313863408349928,-0.083459725680806812,-0.59999999999999998
6.4950000000000001,4.3707184034803745,-0.25962727061212282,-0.14460790868211282,0.80748343222927121,0.0036979197620620246,-0.088751732833083949,-0.59999999999999998
6.4975000000000005,4.3700765591108759,-0.2538570083125653,-0.14267196999936474,0.74138261914869352,0.0036979197620620246,-0.088751732833083949,-0.59999999999999998
6.5,4.3694490762044786,-0.24813742602628053,-0.14090044310389155,0.67594479607065983,-0.0078670882709206275,-0.085162171377066692,-0.59999999999999998
6.5025000000000004,4.3688325725760668,-0.2450736421496878,-0.13926568380096074,0.63196591046750883,-0.0078670882709206275,-0.085162171377066692,-0.59999999999999998
6.5049999999999999,4.3682236684255047,-0.24205734160932926,-0.13774011368509259,0.58858689442922962,-0.0065772914554640049,-0.089419628060616319,-0.59999999999999998
6.5075000000000003,4.3676226129144782,-0.23879415277648963,-0.13632519241672142,0.54343963366294767,-0.0065772914554640049,-0.089419628060616319,-0.59999999999999998
6.5099999999999998,4.3670296635620236,-0.23557188471862306,-0.13502248512535692,0.49880886832710336,-0.013630244645557676,-0.08903194428146731,-0.59999999999999998
6.5125000000000002,4.366442728947451,-0.23398218172615515,-0.13381481804254028,0.46740385370417098,-0.013630244645557676,-0.08903194428146731,-0.59999999999999998
6.5150000000000006,4.3658597217617912,-0.2324295506923667,-0.13268508299601786,0.43645830213448439,-0.0015939335202761933,-0.097009182205592848,-0.59999999999999998
6.5175000000000001,4.3652839566715951,-0.22818758498404776,-0.13165938920233644,0.38416101667853852,-0.0015939335202761933,-0.097009182205592848,-0.59999999999999998
6.5200000000000005,4.3647187600875865,-0.22397411900963293,-0.13076397661944195,0.33222529905858067,-0.0089566358477637768,-0.090365591220552946,-0.59999999999999998
6.5225,4.3641619815111685,-0.22145281080058052,-0.12998133662445366,0.29393741243493604,-0.0089566358477637768,-0.090365591220552946,-0.59999999999999998
6.5250000000000004,4.3636114769113679,-0.21895445036182179,-0.12929405130434049,0.25593544705896903,-0.0082828990221662149,-0.10277615809276174,-0.59999999999999998
6.5274999999999999,4.3630673833704403,-0.21632345638288353,-0.1287029775623694,0.21696185646221289,-0.0082828990221662149,-0.10277615809276174,-0.59999999999999998
6.5300000000000002,4.3625298455137012,-0.21370940215604417,-0.12820906616048222,0.17819931318734797,-0.013084206377000345,-0.092002585731395761,-0.59999999999999998
6.5324999999999998,4.3619974645437223,-0.21219756267570949,-0.12780095732812846,0.14831474362999761,-0.013084206377000345,-0.092002585731395761,-0.59999999999999998
6.5350000000000001,4.361468847752616,-0.21069766122700856,-0.12746736979918019,0.1185773568186466,-0.016885722076551757,-0.099669049726048772,-0.59999999999999998
6.5375000000000005,4.360942891041689,-0.21006917855770679,-0.12719935615809341,0.095851554738011574,-0.016885722076551757,-0.099669049726048772,-0.59999999999999998
6.54,4.360418495282258,-0.20944858957908866,-0.12698803155539817,0.07322232475253683,-0.021098671137851792,-0.097133884883558036,-0.59999999999999998
6.5425000000000004,4.359894449054365,-0.20978931696909142,-0.12682363243525382,0.058308189981437518,-0.021098671137851792,-0.097133884883558036,-0.59999999999999998
6.5449999999999999,4.359369544599673,-0.21013496207285073,-0.1266964408686827,0.043453744736799527,-0.017584928834206141,-0.099902185601697863,-0.59999999999999998
6.5475000000000003,4.3588447671288435,-0.20968746797292351,-0.12661429305850905,0.022270040482069851,-0.017584928834206141,-0.099902185601697863,-0.59999999999999998
6.5499999999999998,4.3583211057235793,-0.20924181755133706,-0.1265850719050807,0.0011088522565456324,-0.027832488331270618,-0.098875671762332099,-0.59999999999999998
6.5525000000000002,4.3577956533344562,-0.21112009117417771,-0.12658551386314446,-0.0014624495721142559,-0.027832488331270618,-0.098875671762332099,-0.59999999999999998
6.5549999999999997,4.3572655053742633,-0.21299823693006045,-0.12659238543120443,-0.0040352853307244578,-0.023741093473893297,-0.10002395215027361,-0.59999999999999998
6.5575000000000001,4.3567318221283902,-0.21394823092980722,-0.12661497007462919,-0.01403398575555021,-0.023741093473893297,-0.10002395215027361,-0.59999999999999998
6.5600000000000005,4.3561957652203755,-0.21489702395823354,-0.12666256744908522,-0.024047193838723009,-0.027100590716796373,-0.099576241107979357,-0.59999999999999998
6.5625,4.3556563865299536,-0.21660555076702007,-0.12672761024785109,-0.027991580941709802,-0.027100590716796373,-0.099576241107979357,-0.59999999999999998
6.5650000000000004,4.3551127394976303,-0.21831164007646292,-0.12680254975110136,-0.031965247140660603,-0.033207908695582718,-0.09300021693304858,-0.59999999999999998
6.5674999999999999,4.3545630997296607,-0.2213997486689348,-0.1268736190006963,-0.024895214716475534,-0.033207908695582718,-0.09300021693304858,-0.59999999999999998
6.5700000000000003,4.3540057426176739,-0.22448562096178787,-0.12692704798695004,-0.017851779768386512,-0.027127120310159101,-0.10278848341058429,-0.59999999999999998
6.5724999999999998,4.3534423962940751,-0.22619114987175312,-0.12697667834469747,-0.021855966670928838,-0.027127120310159101,-0.10278848341058429,-0.59999999999999998
6.5750000000000002,4.352874788453744,-0.22789477612095754,-0.12703634686607829,-0.025883010274869424,-0.033801736175585066,-0.091886305119183873,-0.59999999999999998
6.5775000000000006,4.3523010327533092,-0.23110945611649331,-0.12709098607504088,-0.017832255939945724,-0.033801736175585066,-0.091886305119183873,-0.59999999999999998
6.5800000000000001,4.3517192425114706,-0.234322529961137,-0.12712552404948699,-0.0098005881821794823,-0.029960238206183029,-0.089300917807607127,-0.59999999999999998
6.5825000000000005,4.3511305094664641,-0.23666376955411009,-0.12714870533139638,-0.0087460694407683563,-0.029960238206183029,-0.089300917807607127,-0.59999999999999998
6.585,4.3505359243073265,-0.23900423672270532,-0.12716926209296903,-0.0077007870982374396,-0.036431603153784839,-0.088426075370652876,-0.59999999999999998
6.5875000000000004,4.3499336549811973,-0.24281120417595556,-0.12717254757102256,0.0050721679028145044,-0.036431603153784839,-0.088426075370652876,-0.59999999999999998
6.5899999999999999,4.3493218679007235,-0.2466186344904526,-0.12714389668847301,0.01785060078799992,-0.035741502635209067,-0.09197701705761735,-0.59999999999999998
6.5925000000000002,4.3487007560189914,-0.25027122893261544,-0.1270848427828985,0.029396765460429252,-0.035741502635209067,-0.09197701705761735,-0.59999999999999998
6.5949999999999998,4.3480705095281698,-0.25392649705000192,-0.12699688646689214,0.040974605665400822,-0.034260012602274556,-0.07631534540332359,-0.59999999999999998
6.5975000000000001,4.3474315402978707,-0.25724957098082746,-0.12688329139367185,0.049909572362609095,-0.034260012602274556,-0.07631534540332359,-0.59999999999999998
6.6000000000000005,4.3467842579177924,-0.26057715186356917,-0.12674729401303808,0.058898054008543213,-0.037693305852329009,-0.084255216050011336,-0.59999999999999998
6.6025,4.3461276769684121,-0.2646886264685806,-0.12658096448780948,0.074177598298897876,-0.037693305852329009,-0.084255216050011336,-0.59999999999999998
6.6050000000000004,4.3454608091056883,-0.26880691737875528,-0.12637633894668787,0.089537639271495689,-0.03939112969203052,-0.087476248827821332,-0.59999999999999998
6.6074999999999999,4.3447831542109761,-0.27331852463183637,-0.12612934525663688,0.10807528874279265,-0.03939112969203052,-0.087476248827821332,-0.59999999999999998
6.6100000000000003,4.3440942081341731,-0.27784015080691132,-0.1258358641800176,0.12673093609857897,-0.034069393167853262,-0.090901625892078564,-0.59999999999999998
6.6124999999999998,4.3433954526637297,-0.2811662025675114,-0.12550764627159189,0.13586686219540137,-0.034069393167853262,-0.090901625892078564,-0.59999999999999998
6.6150000000000002,4.3426883668900071,-0.28450453302823753,-0.12515640840860962,0.14514855378082617,-0.033980581183866654,-0.088576454879560979,-0.59999999999999998
6.6174999999999997,4.3419729442531247,-0.28783583294383702,-0.12478197521399534,0.15442478755317904,-0.033980581183866654,-0.088576454879560979,-0.59999999999999998
6.6200000000000001,4.3412491760906491,-0.29118109568824518,-0.12438414637058418,0.163866756441537,-0.029481833045383196,-0.074374468305450692,-0.59999999999999998
6.6225000000000005,4.3405183027944139,-0.29351996845880718,-0.12397270593433483,0.16531459995519759,-0.029481833045383196,-0.074374468305450692,-0.59999999999999998
6.625,4.3397815640552775,-0.29587347421434834,-0.1235574276636397,0.16693730748361565,-0.025964121436151462,-0.072418004926819268,-0.59999999999999998
6.6275000000000004,4.3390399214497783,-0.29744299854637735,-0.12314585948466936,0.16234593030206079,-0.025964121436151462,-0.072418004926819268,-0.59999999999999998
6.6299999999999999,4.3382943372830818,-0.29902665944790346,-0.12274555650562721,0.15792437563117978,-0.039115430514534491,-0.070822197220073671,-0.59999999999999998
6.6325000000000003,4.3375410431390513,-0.30361125409725392,-0.12232622807182521,0.17756895049817478,-0.039115430514534491,-0.070822197220073671,-0.59999999999999998
6.6349999999999998,4.3367762672573198,-0.30821235659324864,-0.12185754987896466,0.1974077919095571,-0.043391954320029055,-0.07639285938784289,-0.59999999999999998
6.6375000000000002,4.3359987515482858,-0.31380355244159436,-0.12132929136011035,0.22523810520047896,-0.043391954320029055,-0.07639285938784289,-0.59999999999999998
6.6400000000000006,4.3352072316823023,-0.3194161256396576,-0.12073115104331242,0.25331841285701606,-0.032782077977536947,-0.071271380772130369,-0.59999999999999998
6.6425000000000001,4.3344046653841435,-0.32264079657667089,-0.12008658681285098,0.26237908118368047,-0.032782077977536947,-0.071271380772130369,-0.59999999999999998
6.6450000000000005,4.333594007931727,-0.32588919090312651,-0.11941902097062307,0.27172137501087673,-0.03418813136074085,-0.077321769859622427,-0.59999999999999998
6.6475,4.3327747992539489,-0.32948197050782357,-0.11872453824689277,0.28391476899290513,-0.03418813136074085,-0.077321769859622427,-0.59999999999999998
6.6500000000000004,4.3319465765116849,-0.33310063349310221,-0.11799919174527887,0.29641464724170402,-0.02726785239485012,-0.060011643897048113,-0.59999999999999998
6.6524999999999999,4.3311112417629927,-0.33517153124847787,-0.11725795035409511,0.2966306766629439,-0.02726785239485012,-0.060011643897048113,-0.59999999999999998
6.6550000000000002,4.3302706970063438,-0.33726865022034019,-0.11651577711147665,0.29716023418642051,-0.023666039643588245,-0.065357998668822206,-0.59999999999999998
6.6574999999999998,4.3294259015411347,-0.33857199071953997,-0.11578009087255681,0.29144005361671749,-0.023666039643588245,-0.065357998668822206,-0.59999999999999998
6.6600000000000001,4.3285778159032118,-0.33990071280542933,-0.11505832274571648,0.28602481638232663,-0.036620559260151613,-0.069949643653449189,-0.59999999999999998
6.6625000000000005,4.3277226889343696,-0.34420541930204757,-0.11432019392583639,0.30453194034920139,-0.036620559260151613,-0.069949643653449189,-0.59999999999999998
6.665,4.3268567652996826,-0.34853833683553714,-0.11353538605779426,0.32337147813514994,-0.0281183564927414,-0.061553782257503305,-0.59999999999999998
6.6675000000000004,4.3259823942679283,-0.35096332608827113,-0.11272243125468,0.32705003297973978,-0.0281183564927414,-0.061553782257503305,-0.59999999999999998
6.6699999999999999,4.3251019243315989,-0.3534175231136093,-0.11189984580915219,0.33107671923904997,-0.026231185542269993,-0.062137442214431834,-0.59999999999999998
6.6725000000000003,4.3242158198851754,-0.35547093441543931,-0.11107106025227559,0.33201026398500777,-0.026231185542269993,-0.062137442214431834,-0.59999999999999998
6.6749999999999998,4.3233245451087603,-0.35755380922169294,-0.11023950127040508,0.33329570229420002,-0.023297228457949432,-0.057805861116953738,-0.59999999999999998
6.6775000000000002,4.3224288628974588,-0.35899680552839858,-0.10941098676947744,0.32957398555262862,-0.023297228457949432,-0.057805861116953738,-0.59999999999999998
6.6799999999999997,4.3215295369732347,-0.3604687337758487,-0.10859134241186862,0.32619901573545396,-0.027664811314437453,-0.060229511018558349,-0.59999999999999998
6.6825000000000001,4.3206252490665022,-0.36296650282287729,-0.10776972581451397,0.3311527290775923,-0.027664811314437453,-0.060229511018558349,-0.59999999999999998
6.6850000000000005,4.319714679705438,-0.36549397894807889,-0.10693528412427745,0.3364600445965672,-0.032608275695582493,-0.050408456185823472,-0.59999999999999998
6.6875,4.3187963426157694,-0.36918095001909668,-0.10607582319877656,0.35117083410077943,-0.032608275695582493,-0.050408456185823472,-0.59999999999999998
6.6900000000000004,4.3178687480963935,-0.37290015478742244,-0.1051791125262153,0.36626257130068357,-0.02356511773248645,-0.054746477849552541,-0.59999999999999998
6.6924999999999999,4.3169343971827834,-0.37458596751723744,-0.1042648696174522,0.36519621983413569,-0.02356511773248645,-0.054746477849552541,-0.59999999999999998
6.6950000000000003,4.3159957913239415,-0.37630410489830707,-0.10335280943578395,0.36451629166645105,-0.033518243405650232,-0.062123234371004747,-0.59999999999999998
6.6974999999999998,4.315050004752079,-0.38033090387967339,-0.10241917847453098,0.38245631166929556,-0.033518243405650232,-0.062123234371004747,-0.59999999999999998
6.7000000000000002,4.314094107347092,-0.38439305505061955,-0.10144018046977878,0.40081325883394103,-0.026670363749264563,-0.053745577510455049,-0.59999999999999998
6.7025000000000006,4.3131299671894521,-0.38692513054609606,-0.1004304376796948,0.40705303173822788,-0.026670363749264563,-0.053745577510455049,-0.59999999999999998
6.7050000000000001,4.312159451145976,-0.38949386738824887,-0.099404552094220652,0.41372870381737104,-0.0082597570810913814,-0.053669732254699773,-0.59999999999999998
6.7075000000000005,4.3111877358134407,-0.3878839754772585,-0.098403637739617758,0.38707070673624705,-0.0082597570810913814,-0.053669732254699773,-0.59999999999999998
6.71,4.310220004282904,-0.38630646860286655,-0.097468869994226798,0.36080701879150617,-0.014887560860864362,-0.054748758732532828,-0.59999999999999998
6.7125000000000004,4.3092542803574627,-0.38627776070999337,-0.096584089381016106,0.34707881313660605,-0.014887560860864362,-0.054748758732532828,-0.59999999999999998
6.7149999999999999,4.3082885905090667,-0.38627901956868355,-0.095733175016578381,0.33371173179522345,-0.014976843851287206,-0.053556797229672312,-0.59999999999999998
6.7175000000000002,4.3073228356361959,-0.38632959993432076,-0.094915036144761877,0.32085621301022943,-0.014976843851287206,-0.053556797229672312,-0.59999999999999998
6.7199999999999998,4.3063569193512468,-0.38640797233710189,-0.094128615169849564,0.3083352602370516,-0.017653439642650749,-0.055594450328777432,-0.59999999999999998
6.7225000000000001,4.3053900062968946,-0.38712692471908128,-0.09336694372549191,0.30105529348691173,-0.017653439642650749,-0.055594450328777432,-0.59999999999999998
6.7250000000000005,4.3044212627136238,-0.38787229617603253,-0.092623074801663818,0.29409203490463032,-0.016465175542333149,-0.046581131210101406,-0.59999999999999998
6.7275,4.3034509640259486,-0.38837087774640378,-0.091898956294322418,0.28525345325770357,-0.016465175542333149,-0.046581131210101406,-0.59999999999999998
6.7300000000000004,4.3024793875170007,-0.38889443088978604,-0.091196557899281189,0.27671446061124183,-0.015284442762989854,-0.059089200711145297,-0.59999999999999998
6.7324999999999999,4.3015068103777194,-0.38917122990702496,-0.090517856332369334,0.26629421892063687,-0.015284442762989854,-0.059089200711145297,-0.59999999999999998
6.7350000000000003,4.3005335119895838,-0.38947128432797556,-0.089864854144501585,0.25615319329314201,-0.025159783977138073,-0.057271224885552148,-0.59999999999999998
6.7374999999999998,4.2995566013630739,-0.39206115168710237,-0.089214151901023248,0.26445528101486737,-0.025159783977138073,-0.057271224885552148,-0.59999999999999998
6.7400000000000002,4.2985731862375198,-0.39467501356303664,-0.088542340570371192,0.27304199710394245,-0.015032655512241238,-0.051447082627643324,-0.59999999999999998
6.7424999999999997,4.2975861129128061,-0.39498755789051698,-0.087872000677076845,0.26327684963607995,-0.015032655512241238,-0.051447082627643324,-0.59999999999999998
6.7450000000000001,4.296598229236376,-0.39532315819020913,-0.087225725858203387,0.25378828269290027,-0.01794630485320637,-0.061133390699586711,-0.59999999999999998
6.7475000000000005,4.295608641850917,-0.39635047018432928,-0.086596129585856288,0.24993319051453292,-0.01794630485320637,-0.061133390699586711,-0.59999999999999998
6.75,4.2946164584205011,-0.39739994205182644,-0.085975839270675564,0.24634288349475225,-0.025422965242836715,-0.036163717526147589,-0.59999999999999998
6.7525000000000004,4.2936194760834168,-0.40018974780460781,-0.085346979227814396,0.25679040716507823,-0.025422965242836715,-0.036163717526147589,-0.59999999999999998
6.7549999999999999,4.2926154901790889,-0.4030029585348382,-0.084691656213148225,0.26751518172665112,-0.015682639765449428,-0.053263526211812566,-0.59999999999999998
6.7575000000000003,4.2916072400714942,-0.40360100807196525,-0.084031603089885734,0.26057376565377249,-0.015682639765449428,-0.053263526211812566,-0.59999999999999998
6.7599999999999998,4.2905974659827821,-0.40422204671911904,-0.083388558125990164,0.25390748416094727,-0.032339393515608036,-0.044652677827404653,-0.59999999999999998
6.7625000000000002,4.2895813228533362,-0.40869659970280542,-0.082723452050825846,0.27822607836416996,-0.032339393515608036,-0.044652677827404653,-0.59999999999999998
6.7650000000000006,4.2885539613209849,-0.41319715094557441,-0.08199717307088758,0.30285029569704869,-0.007520259094254144,-0.055078958797370368,-0.59999999999999998
6.7675000000000001,4.2875224509305498,-0.41201535279137413,-0.081266150753016644,0.28201813606852777,-0.007520259094254144,-0.055078958797370368,-0.59999999999999998
6.7700000000000005,4.2864938643336394,-0.41085782458788928,-0.080586838407524494,0.2614787799742842,-0.021456708957988541,-0.042655367928234343,-0.59999999999999998
6.7725,4.285464133887201,-0.41293051028716837,-0.079926383467038981,0.26693242458476568,-0.021456708957988541,-0.042655367928234343,-0.59999999999999998
6.7750000000000004,4.284429191682543,-0.41502731773922708,-0.079251937536921446,0.27267259197968613,-0.0072619166718574952,-0.049612525667338307,-0.59999999999999998
6.7774999999999999,4.2833930615888836,-0.41388053405225861,-0.078595532184335334,0.25249721340064429,-0.0072619166718574952,-0.049612525667338307,-0.59999999999999998
6.7800000000000002,4.282359770843434,-0.41275555470503289,-0.07798923251778965,0.23258459910175483,-0.020210894215732418,-0.040739221025511294,-0.59999999999999998
6.7824999999999998,4.2813255396526753,-0.41463292631107423,-0.077402516340871114,0.23683027653771987,-0.020210894215732418,-0.040739221025511294,-0.59999999999999998
6.7850000000000001,4.2802865884056835,-0.41653166726053259,-0.0768048695298474,0.24132990290671791,-0.016447141887297879,-0.05371505460972735,-0.59999999999999998
6.7875000000000005,4.2792439468858507,-0.41758512114440599,-0.076204342175816051,0.23913458451354297,-0.016447141887297879,-0.05371505460972735,-0.59999999999999998
6.79,4.2781986450132035,-0.418659921016036,-0.075608984513017646,0.23719380172383817,-0.023455693306255361,-0.050001212021010287,-0.59999999999999998
6.7925000000000004,4.2771486110382986,-0.42137095357398091,-0.075001973629821056,0.24845865116808985,-0.023455693306255361,-0.050001212021010287,-0.59999999999999998
6.7949999999999999,4.2760917713399076,-0.42410467467893892,-0.074366467420798193,0.25999212825680235,-0.012945546568874257,-0.043870272299157763,-0.59999999999999998
6.7975000000000003,4.2750310958863889,-0.42443946601287402,-0.073726064492180679,0.25237538900296846,-0.012945546568874257,-0.043870272299157763,-0.59999999999999998
6.7999999999999998,4.2739695553940775,-0.42479659819175813,-0.073104367903414957,0.24502575990504172,-0.016211490412405292,-0.047564427253486079,-0.59999999999999998
6.8025000000000002,4.272906153612813,-0.42592847373879539,-0.072493170394181988,0.2439756989604579,-0.016211490412405292,-0.047564427253486079,-0.59999999999999998
6.8049999999999997,4.2718398948244936,-0.42708219228369021,-0.071884272572889152,0.24318586393697011,-0.022130740734496952,-0.043259315733882926,-0.59999999999999998
6.8075000000000001,4.2707690181909088,-0.42962288896842526,-0.071263338361135117,0.25360621565619557,-0.022130740734496952,-0.043259315733882926,-0.59999999999999998
6.8100000000000005,4.2696917611082741,-0.43218671337924225,-0.070616013223403107,0.26430051726772463,-0.011998986718893146,-0.04432429710363571,-0.59999999999999998
6.8125,4.2686109859947097,-0.43243722283772446,-0.069965032277741701,0.25653020268232535,-0.011998986718893146,-0.04432429710363571,-0.59999999999999998
6.8150000000000004,4.2675295560469371,-0.43271047083821296,-0.069333135763424036,0.24903164772701711,-0.01703257684987447,-0.034083163933617093,-0.59999999999999998
6.8174999999999999,4.2664459634174152,-0.43416738461639387,-0.068708007849742084,0.25111530428156609,-0.01703257684987447,-0.034083163933617093,-0.59999999999999998
6.8200000000000003,4.2653587002816176,-0.43564691109267123,-0.068077335166489936,0.25346787538931465,-0.015797589666950766,-0.04393386025764813,-0.59999999999999998
6.8224999999999998,4.2642680661315779,-0.43686420501298873,-0.06744330051260515,0.25380502982247616,-0.015797589666950766,-0.04393386025764813,-0.59999999999999998
6.8250000000000002,4.2631743602583203,-0.4381042988340812,-0.066808083913355298,0.25441353317959581,-0.012753451705683344,-0.042539008323534473,-0.59999999999999998
6.8275000000000006,4.2620784040609792,-0.43866440367500853,-0.066178053746866236,0.24965527299172299,-0.012753451705683344,-0.042539008323534473,-0.59999999999999998
6.8300000000000001,4.2609810196875646,-0.43924677332254924,-0.065559586243576787,0.24516260200697856,-0.014480509527264967,-0.03553526176901399,-0.59999999999999998
6.8325000000000005,4.2598816534435882,-0.44024987838037383,-0.064948023744712993,0.24413093741249567,-0.014480509527264967,-0.03553526176901399,-0.59999999999999998
6.835,4.2587797520466815,-0.44127488415479299,-0.064338714273387471,0.24336003570829615,-0.013272168000181573,-0.040335392590286734,-0.59999999999999998
6.8375000000000004,4.2576756096992323,-0.44204260278679058,-0.063733806006531751,0.24060958134922322,-0.013272168000181573,-0.040335392590286734,-0.59999999999999998
6.8399999999999999,4.2565695210853915,-0.44283186014589687,-0.063135452529835559,0.23811575388961792,-0.018160809466736101,-0.034852283941505226,-0.59999999999999998
6.8425000000000002,4.2554600208234534,-0.4447720015051394,-0.062531687895518148,0.24493928373542762,-0.018160809466736101,-0.034852283941505226,-0.59999999999999998
6.8449999999999998,4.2543456425560411,-0.44673437103877789,-0.061910536371201995,0.25202652502012446,-0.010651085643339142,-0.043486371014445573,-0.59999999999999998
6.8475000000000001,4.2532284991827307,-0.44698402014709532,-0.061288735052777016,0.24545859449625515,-0.010651085643339142,-0.043486371014445573,-0.59999999999999998
6.8500000000000005,4.252110704230641,-0.44725554076206142,-0.060683025937183534,0.23915164080631832,-0.020326037571374699,-0.041562939273301187,-0.59999999999999998
6.8525,4.250989408335915,-0.44978490678053945,-0.06007033439526837,0.25104577379949039,-0.020326037571374699,-0.041562939273301187,-0.59999999999999998
6.8550000000000004,4.2498617605827791,-0.45233721159156426,-0.059427570781294799,0.26321147517090093,-0.013981978422216264,-0.038623619012379679,-0.59999999999999998
6.8574999999999999,4.2487295356613393,-0.45344667888595913,-0.058768751979347299,0.26389058995779241,-0.013981978422216264,-0.038623619012379679,-0.59999999999999998
6.8600000000000003,4.2475945073913781,-0.45457990465572823,-0.058107882370364766,0.26485228323723109,-0.0092644490441981756,-0.039374655324385124,-0.59999999999999998
6.8624999999999998,4.2464579799490565,-0.45464592532245668,-0.05745519745543886,0.25734190503238924,-0.0092644490441981756,-0.039374655324385124,-0.59999999999999998
6.8650000000000002,4.2453212586567126,-0.45473487765092668,-0.056820944839867771,0.25010515730949023,-0.011360927782690922,-0.039289892089861361,-0.59999999999999998
6.8674999999999997,4.2441836808156763,-0.45533110823998452,-0.056199585483802085,0.247026551278102,-0.011360927782690922,-0.039289892089861361,-0.59999999999999998
6.8700000000000001,4.243044584660395,-0.45594948692710502,-0.055585592295059001,0.24421171474595813,-0.015161322685494957,-0.028385454912745203,-0.59999999999999998
6.8725000000000005,4.2419028160683601,-0.45746910428572257,-0.0549694892205672,0.24871488803065175,-0.015161322685494957,-0.028385454912745203,-0.59999999999999998
6.875,4.2407572203778896,-0.45901123694322499,-0.054341795094462221,0.25348539764873457,-0.0098651545158594152,-0.034967360086260973,-0.59999999999999998
6.8775000000000004,4.2396092727157395,-0.45935063809469051,-0.05371413008291414,0.2486912405420221,-0.0098651545158594152,-0.034967360086260973,-0.59999999999999998
6.8799999999999999,4.2384604486346191,-0.4597123045622355,-0.053098117836764332,0.24416237292151485,-0.014213900620900837,-0.037646401584813194,-0.59999999999999998
6.8825000000000003,4.2373094348002542,-0.46110247237383095,-0.05248300317798494,0.2479734093012467,-0.014213900620900837,-0.037646401584813194,-0.59999999999999998
6.8849999999999998,4.2361549175786415,-0.46251507511407713,-0.051858028781047352,0.25205088045305868,-0.016373915328977532,-0.032545563568551053,-0.59999999999999998
6.8875000000000002,4.2349962153582901,-0.46445058421510582,-0.051217506238902345,0.26041319520452516,-0.016373915328977532,-0.032545563568551053,-0.59999999999999998
6.8900000000000006,4.2338326449229475,-0.4664097769653055,-0.050555728816461282,0.26905632117581713,-0.005254463052850605,-0.029129804787028077,-0.59999999999999998
6.8925000000000001,4.2326673644704593,-0.4658184840143022,-0.049897815057850223,0.25732124780149368,-0.005254463052850605,-0.029129804787028077,-0.59999999999999998
6.8950000000000005,4.2315035334360971,-0.46525007317085237,-0.049268894905573957,0.24585940462008515,-0.011993314050070812,-0.028934894076252504,-0.59999999999999998
6.8975,4.2303391450191015,-0.46626436799859577,-0.048652641472259214,0.24718740836584699,-0.011993314050070812,-0.028934894076252504,-0.59999999999999998
6.9000000000000004,4.2291721930048967,-0.46730097426093897,-0.048032736910258389,0.24878057990481581,-0.00629890277494995,-0.037904113831052862,-0.59999999999999998
6.9024999999999999,4.2280042702372151,-0.46704087703006381,-0.047421751023233177,0.24005150337855671,-0.00629890277494995,-0.037904113831052862,-0.59999999999999998
6.9050000000000002,4.22683697075386,-0.46680222073873778,-0.046832266358264221,0.23157809157820555,-0.009779038881434516,-0.032146060834751661,-0.59999999999999998
6.9074999999999998,4.2256692340474951,-0.46739060438636942,-0.04625556485366613,0.22982427205517161,-0.009779038881434516,-0.032146060834751661,-0.59999999999999998
6.9100000000000001,4.2245000004942321,-0.46799967510680102,-0.04568293995351172,0.2283165278215735,-0.0057016432059390498,-0.03821075985505723,-0.59999999999999998
6.9125000000000005,4.2233303995423199,-0.46768442101522223,-0.045123258824274669,0.21946813040350915,-0.0057016432059390498,-0.03821075985505723,-0.59999999999999998
6.915,4.2221615620416895,-0.46738878560685915,-0.044585404423341184,0.21085360751585588,-0.0078946565715483086,-0.027954186035968838,-0.59999999999999998
6.9175000000000004,4.2209928046082075,-0.46762028510016201,-0.044063703624679498,0.20654421581112489,-0.0078946565715483086,-0.027954186035968838,-0.59999999999999998
6.9199999999999999,4.2198234451549785,-0.46787033969299202,-0.043552499318585944,0.20245567463962139,-0.0054400843533655083,-0.03246185520127709,-0.59999999999999998
6.9225000000000003,4.2186541489121643,-0.46756961088344151,-0.043056953883730278,0.19401590374439359,-0.0054400843533655083,-0.03246185520127709,-0.59999999999999998
6.9249999999999998,4.2174855826306503,-0.46728624750160175,-0.042582247373599891,0.18578306280881493,-0.012300346878079856,-0.032711517228760319,-0.59999999999999998
6.9275000000000002,4.2163157159372622,-0.46860994949448742,-0.042111914848553388,0.19051669215996953,-0.012300346878079856,-0.032711517228760319,-0.59999999999999998
6.9299999999999997,4.2151425184915956,-0.46995092292127,-0.041629493104453734,0.19545530972642078,-0.0018411927851005282,-0.036846136522119717,-0.59999999999999998
6.9325000000000001,4.2139689776550133,-0.46888454098669768,-0.041158797051020823,0.18113488729024532,-0.0018411927851005282,-0.036846136522119717,-0.59999999999999998
6.9350000000000005,4.2127980823417364,-0.46783429437243262,-0.040723658214259273,0.16700702645924587,0.0017819346369434639,-0.034958336075851859,-0.59999999999999998
6.9375,4.2116308438905756,-0.46595877936996555,-0.04033204448907296,0.1463116033922186,0.0017819346369434639,-0.034958336075851859,-0.59999999999999998
6.9400000000000004,4.210468277642299,-0.4640962285931256,-0.039991971062391198,0.12577115602518418,-0.0016794007590259404,-0.035742202113166616,-0.59999999999999998
6.9424999999999999,4.2093093501578229,-0.46304752445095493,-0.039695022796660769,0.11180851799209336,-0.0016794007590259404,-0.035742202113166616,-0.59999999999999998
6.9450000000000003,4.2081530317104461,-0.46200879272199663,-0.039432829346162331,0.097964842336764321,-0.0058998091575964851,-0.037598516631574354,-0.59999999999999998
6.9474999999999998,4.2069980755087437,-0.46195759150043564,-0.039195289660774672,0.092083840247047008,-0.0058998091575964851,-0.037598516631574354,-0.59999999999999998
6.9500000000000002,4.2058432368582741,-0.46191466463277814,-0.038972328089692199,0.086301313403822508,-0.009924968577519698,-0.033783996913457681,-0.59999999999999998
6.9525000000000006,4.2046873288543045,-0.46281305324705507,-0.038754337925249793,0.088106431740845634,-0.009924968577519698,-0.033783996913457681,-0.59999999999999998
6.9550000000000001,4.2035291649501394,-0.46371941284898943,-0.038531717052105681,0.090006213138190211,-0.0048668186377994766,-0.034535948053545228,-0.59999999999999998
6.9575000000000005,4.2023701914097291,-0.46346071024626068,-0.038315999480103641,0.082583211805173487,-0.0048668186377994766,-0.034535948053545228,-0.59999999999999998
6.96,4.201211855222228,-0.46320942033580437,-0.038118727457952147,0.07524846073056303,-0.0078240846614463042,-0.039943574091927572,-0.59999999999999998
6.9625000000000004,4.2000532813000264,-0.4636508354644403,-0.037932806543465571,0.073501560931071463,-0.0078240846614463042,-0.039943574091927572,-0.59999999999999998
6.9649999999999999,4.1988935955200937,-0.46409888096456337,-0.037751153981192095,0.071833474764513183,-0.0093014749753552312,-0.039744246262582578,-0.59999999999999998
6.9675000000000002,4.1977323531473623,-0.46489610851551444,-0.037570135891263463,0.072993959150151805,-0.0093014749753552312,-0.039744246262582578,-0.59999999999999998
6.9699999999999998,4.1965691094770827,-0.46569993717432279,-0.037386118854248362,0.074232847936149163,-0.00128666599183885,-0.024926499088687017,-0.59999999999999998
6.9725000000000001,4.1954061717443336,-0.46465125274843677,-0.037217563134692017,0.060623695795739042,-0.00128666599183885,-0.024926499088687017,-0.59999999999999998
6.9750000000000005,4.1942458487009615,-0.46360798368989564,-0.03708294657241868,0.047079113277798228,0.0024544942812832551,-0.036000641619016012,-0.59999999999999998
6.9775,4.1930892130941366,-0.46170104723581717,-0.036990835248193729,0.02661646154375491,0.0024544942812832551,-0.036000641619016012,-0.59999999999999998
6.9800000000000004,4.1919373414948096,-0.45979647502192045,-0.03694984073426423,0.0061820496562820931,-0.021589021477977005,-0.042073966476535343,-0.59999999999999998
6.9824999999999999,4.1907832586290077,-0.46347009960943109,-0.036903945295764927,0.030537630697759489,-0.021589021477977005,-0.042073966476535343,-0.59999999999999998
6.9850000000000003,4.1896199886512777,-0.46714653892689922,-0.036797124886692047,0.054926446417538924,0.00046082076631068919,-0.032256212201399258,-0.59999999999999998
6.9874999999999998,4.1884539154411913,-0.46571272151072396,-0.036680597714384491,0.038303552801081386,0.00046082076631068919,-0.032256212201399258,-0.59999999999999998
6.9900000000000002,4.1872914221991158,-0.46428231797533054,-0.036605573181299388,0.021721393099828977,-0.010886813906998825,-0.032757082322916339,-0.59999999999999998
6.9924999999999997,4.186129211751398,-0.46548640311299661,-0.036545552483015435,0.026299472079033603,-0.010886813906998825,-0.032757082322916339,-0.59999999999999998
6.9950000000000001,4.1849639881959169,-0.46669287360758432,-0.036474052234558622,0.030905857000438072,-0.014536649013353831,-0.032508788490119851,-0.59999999999999998
6.9975000000000005,4.1837946866813001,-0.46874889473977782,-0.036382497932836197,0.042344178574003591,-0.014536649013353831,-0.032508788490119851,-0.59999999999999998
7,4.1826202405041863,-0.47080877781208474,-0.036262293220465119,0.053828249194138762,-0.0077959770040275144,-0.034363162364709231,-0.59999999999999998
7.0025000000000004,4.1814425933930695,-0.4713097133856205,-0.036129002369252414,0.052813965936686316,-0.0077959770040275144,-0.034363162364709231,-0.59999999999999998
7.0049999999999999,4.1802636879637696,-0.47181541757564549,-0.035998176172398602,0.051856349846998939,-0.013135139871336307,-0.03417312721449936,-0.59999999999999998
7.0075000000000003,4.1790819640824584,-0.47356454265623948,-0.035857242786585926,0.060900495750496969,-0.013135139871336307,-0.03417312721449936,-0.59999999999999998
7.0099999999999998,4.1778958606314536,-0.47531921104256619,-0.03569361894186375,0.070010349286043536,-0.0048023061969412612,-0.026283239441525781,-0.59999999999999998
7.0125000000000002,4.1767077792729728,-0.47514687728227256,-0.035526530731798699,0.063672136226401069,-0.0048023061969412612,-0.026283239441525781,-0.59999999999999998
7.0150000000000006,4.1755201214745634,-0.47498026862433274,-0.035375201497189861,0.057402045729692951,-0.0075644959012552146,-0.024528909820841147,-0.59999999999999998
7.0175000000000001,4.174332072556294,-0.47545972178086654,-0.035233037443027609,0.056339367112679728,-0.0075644959012552146,-0.024528909820841147,-0.59999999999999998
7.0200000000000005,4.1731428186265509,-0.47594426232578346,-0.035093454288027022,0.055337142263530779,-0.013693257945776572,-0.034210815907338155,-0.59999999999999998
7.0225,4.1719505696006456,-0.47785587818782777,-0.03494203063194052,0.065812681903067369,-0.013693257945776572,-0.034210815907338155,-0.59999999999999998
7.0250000000000004,4.1707535342388491,-0.47977349066347919,-0.034764331668096324,0.076359279946702899,-0.011217905014990235,-0.029566293183701478,-0.59999999999999998
7.0274999999999999,4.1695524142871818,-0.48112367160517922,-0.03456592998015335,0.08237631683523032,-0.011217905014990235,-0.029566293183701478,-0.59999999999999998
7.0300000000000002,4.1683479096483147,-0.48248133220658795,-0.034352376149550855,0.088482082668017464,-0.0084343372984543152,-0.031296652974565541,-0.59999999999999998
7.0324999999999998,4.1671408082991412,-0.48320108848939075,-0.034129922696590966,0.089496611099509862,-0.0084343372984543152,-0.031296652974565541,-0.59999999999999998
7.0350000000000001,4.1659318974605322,-0.48392893989698305,-0.033904812980284513,0.090607284616642011,-0.01680082254900328,-0.026729702548020165,-0.59999999999999998
7.0375000000000005,4.1647187299707831,-0.48660656203028713,-0.033657319663693168,0.10740523856624115,-0.01680082254900328,-0.026729702548020165,-0.59999999999999998
7.04,4.1634988564591469,-0.48929401445540477,-0.033367689856768988,0.12431951897518706,-0.0054539780531359756,-0.025397474969297267,-0.59999999999999998
7.0425000000000004,4.1622755419110362,-0.48935946007121367,-0.033062038505508443,0.12022339503807378,-0.0054539780531359756,-0.025397474969297267,-0.59999999999999998
7.0449999999999999,4.1610520501316266,-0.48943573925879619,-0.032766465539175255,0.11625609361060313,-0.012092020384411196,-0.035060341901401434,-0.59999999999999998
7.0475000000000003,4.1598264288040445,-0.49106314948436447,-0.032465192066018944,0.12478434349256307,-0.012092020384411196,-0.035060341901401434,-0.59999999999999998
7.0499999999999998,4.1585967249273805,-0.4927019088874558,-0.032142431694408849,0.13344715784680949,-0.0057566362835127479,-0.029856730724578517,-0.59999999999999998
7.0525000000000002,4.1573647471473105,-0.49288229848141007,-0.031812594662790725,0.13044604449935104,-0.0057566362835127479,-0.029856730724578517,-0.59999999999999998
7.0549999999999997,4.1561323036303799,-0.49307445464396754,-0.031490084920828977,0.12758480503574179,-9.9905827299994962e-05,-0.028947542864323775,-0.59999999999999998
7.0575000000000001,4.1549010064988732,-0.49196505577609584,-0.03118773497280853,0.11431666096636584,-9.9905827299994962e-05,-0.028947542864323775,-0.59999999999999998
7.0600000000000005,4.1536724698195462,-0.49086589617869164,-0.030918399969292739,0.10117050412254326,-0.0023432349389734351,-0.032098498479727712,-0.59999999999999998
7.0625,4.1524460185637029,-0.49029655725070792,-0.030676565939102177,0.09231396240343806,-0.0023432349389734351,-0.032098498479727712,-0.59999999999999998
7.0650000000000004,4.1512209801206037,-0.48973551430772772,-0.030456747888047489,0.083556152847064136,-0.0058727843404926304,-0.035369808618274864,-0.59999999999999998
7.0674999999999999,4.1499963105929529,-0.49000134937819984,-0.030250487102461646,0.081467229961162707,-0.0058727843404926304,-0.035369808618274864,-0.59999999999999998
7.0700000000000003,4.1487709672441948,-0.49027454053387481,-0.030049338898212829,0.079465723005176153,-0.0035896957470022122,-0.032412253719731894,-0.59999999999999998
7.0724999999999998,4.1475455944017297,-0.4900248796763631,-0.029858407102924835,0.073293346107362795,-0.0035896957470022122,-0.032412253719731894,-0.59999999999999998
7.0750000000000002,4.1463208373459484,-0.48978181926242226,-0.029682806755724957,0.067199470788980323,-0.0040923525363737324,-0.021497295609460381,-0.59999999999999998
7.0775000000000006,4.1450965344001158,-0.48966150852871898,-0.029521178520492651,0.062114664534651726,-0.0040923525363737324,-0.021497295609460381,-0.59999999999999998
7.0800000000000001,4.1438725251384518,-0.48954679613350988,-0.02937217796652063,0.057096424264167875,-0.0068162449462340069,-0.029550873442898546,-0.59999999999999998
7.0825000000000005,4.142648005683629,-0.4900696292012976,-0.029229298210198953,0.057217612964849,-0.0068162449462340069,-0.029550873442898546,-0.59999999999999998
7.085,4.141422172680377,-0.49059763721383359,-0.029086038685619958,0.057400266452936222,-0.012405614950347026,-0.033354449220348734,-0.59999999999999998
7.0875000000000004,4.1401933911462221,-0.49242854209603332,-0.028929220768046601,0.068065350753215029,-0.012405614950347026,-0.033354449220348734,-0.59999999999999998
7.0899999999999999,4.1389600248052334,-0.49426564508919041,-0.028745650719050254,0.078803896514244853,-0.0091731291168271126,-0.022729311619330114,-0.59999999999999998
7.0925000000000002,4.1377229950351779,-0.49535939852449606,-0.028542663269262344,0.083600630159297112,-0.0091731291168271126,-0.022729311619330114,-0.59999999999999998
7.0949999999999998,4.1364832214932905,-0.49646073580729194,-0.028327572581048052,0.088487356309869591,-0.0055577976004573129,-0.027521612581793774,-0.59999999999999998
7.0975000000000001,4.1352417339062537,-0.49673065275123102,-0.028108572511554863,0.086728370576927907,-0.0055577976004573129,-0.027521612581793774,-0.59999999999999998
7.1000000000000005,4.1339995617008052,-0.49700840487577608,-0.027893853156031417,0.085062479795357082,-0.0085853398585569764,-0.034281479823066188,-0.59999999999999998
7.1025,4.1327558067935923,-0.49799683697191083,-0.027676128140876669,0.089133151794596105,-0.0085853398585569764,-0.034281479823066188,-0.59999999999999998
7.1050000000000004,4.1315095707815761,-0.49899335102141573,-0.027448107472792357,0.093299741333940395,-0.0027744625830120034,-0.024494206003848645,-0.59999999999999998
7.1074999999999999,4.1302625195482676,-0.4986489869737854,-0.027223089021668746,0.08673109034448015,-0.0027744625830120034,-0.024494206003848645,-0.59999999999999998
7.1100000000000003,4.1290163193361415,-0.49831243631955169,-0.02701437459637614,0.080255357519264867,0.0038520074363903728,-0.023866247165762151,-0.59999999999999998
7.1124999999999998,4.1277728746857436,-0.49644434044474228,-0.026837185335495325,0.061508643450658373,0.0038520074363903728,-0.023866247165762151,-0.59999999999999998
7.1150000000000002,4.1265340930499983,-0.49458174580530478,-0.026706776742766183,0.04282749947299825,-0.0087266648907774781,-0.027525612474671748,-0.59999999999999998
7.1174999999999997,4.1252963117070962,-0.4956440124429059,-0.026593691117070588,0.047649116675308176,-0.0087266648907774781,-0.027525612474671748,-0.59999999999999998
7.1200000000000001,4.1240558693858267,-0.49671060179853549,-0.0264684884180406,0.052522027875119781,-0.010606346076068014,-0.026297084591199744,-0.59999999999999998
7.1225000000000005,4.1228122091234667,-0.49821846769658351,-0.02632665254615155,0.060956863230309369,-0.010606346076068014,-0.026297084591199744,-0.59999999999999998
7.125,4.1215647724297257,-0.49973187520022083,-0.026163649344209238,0.069457413305335225,0.00045971486214223603,-0.029076256686002624,-0.59999999999999998
7.1275000000000004,4.1203167566542245,-0.49868169467379531,-0.0260050975887402,0.057395292694149308,0.00045971486214223603,-0.029076256686002624,-0.59999999999999998
7.1299999999999999,4.1190713596602784,-0.49763666993540834,-0.025876621745234963,0.045394540614237977,-0.0065540723786184675,-0.028173572500920743,-0.59999999999999998
7.1325000000000003,4.1178265339595965,-0.4982245839465711,-0.025761735223995545,0.046522909150115047,-0.0065540723786184675,-0.028173572500920743,-0.59999999999999998
7.1349999999999998,4.1165802332312342,-0.49881670950401891,-0.025643965529655342,0.047701285908932828,-0.006469041069034594,-0.018241055671342911,-0.59999999999999998
7.1375000000000002,4.1153324714969379,-0.49939340562249102,-0.025523384281527804,0.048772353338932303,-0.006469041069034594,-0.018241055671342911,-0.59999999999999998
7.1400000000000006,4.1140832625242032,-0.49997451683453348,-0.025400060078893175,0.049895846297121363,0.00071326503465041213,-0.02404387333515267,-0.59999999999999998
7.1425000000000001,4.1128346800943243,-0.49889208268416768,-0.025290603149979312,0.037677500138312704,0.00071326503465041213,-0.02404387333515267,-0.59999999999999998
7.1450000000000005,4.1115887992900717,-0.49781303372826607,-0.02521163900578131,0.025499444981303583,-0.0073236983723283279,-0.030729280061974684,-0.59999999999999998
7.1475,4.1103432799461821,-0.49860284789664333,-0.025144347842403495,0.028338311169395759,-0.0073236983723283279,-0.030729280061974684,-0.59999999999999998
7.1500000000000004,4.1090957829108001,-0.4993952300306434,-0.025069922049963049,0.031207659922893059,-0.0080660591897798086,-0.020231996622063063,-0.59999999999999998
7.1524999999999999,4.1078460859350425,-0.50036285463425534,-0.024986550991972948,0.035495168321853524,-0.0080660591897798086,-0.020231996622063063,-0.59999999999999998
7.1550000000000002,4.1065939659552688,-0.50133369834186015,-0.024892414375870298,0.03982087892699189,-0.00073567646079076947,-0.024093949333484702,-0.59999999999999998
7.1574999999999998,4.1053415424472526,-0.50060563561338833,-0.024804499635917625,0.030517188402192669,-0.00073567646079076947,-0.024093949333484702,-0.59999999999999998
7.1600000000000001,4.1040909354884079,-0.49988031971516855,-0.024739801207803589,0.021246172464052047,-0.010083127930294013,-0.029166020331161054,-0.59999999999999998
7.1625000000000005,4.1028394256601217,-0.50132792669920356,-0.024676458583079871,0.029432478788509922,-0.010083127930294013,-0.029166020331161054,-0.59999999999999998
7.165,4.1015842936259173,-0.50277820868377898,-0.024592612379280263,0.037650509067517872,-0.0066707180307155542,-0.027915178907433887,-0.59999999999999998
7.1675000000000004,4.1003265224126677,-0.5034393444944284,-0.024496127524847602,0.039544291016078648,-0.0066707180307155542,-0.027915178907433887,-0.59999999999999998
7.1699999999999999,4.0990670939190332,-0.5041040619125513,-0.024394855492567705,0.04148059464627353,-0.0010874038893084383,-0.031354449418085836,-0.59999999999999998
7.1725000000000003,4.0978076198736426,-0.50347573371235665,-0.024301703914716571,0.033047319636179323,-0.0010874038893084383,-0.031354449418085836,-0.59999999999999998
7.1749999999999998,4.0965497127703685,-0.50285038193051657,-0.024229589398350293,0.024649443395487108,-0.007106749060719484,-0.020861641530609768,-0.59999999999999998
7.1775000000000002,4.0952916186097381,-0.50362534039363749,-0.024164401460652043,0.027505581506843645,-0.007106749060719484,-0.020861641530609768,-0.59999999999999998
7.1799999999999997,4.0940315839914208,-0.50440279144362843,-0.024092036836609456,0.030391307184672176,0.0032328861300122066,-0.018693877407188319,-0.59999999999999998
7.1825000000000001,4.0927726041383909,-0.50278142291667793,-0.024036523357785441,0.014023428868664832,0.0032328861300122066,-0.018693877407188319,-0.59999999999999998
7.1850000000000005,4.0915176758288894,-0.50116131209926784,-0.024021907212464687,-0.0023294716147910233,-0.013295204797343536,-0.02113737018514605,-0.59999999999999998
7.1875,4.0902619993451488,-0.50337994945066189,-0.024009639354919642,0.012144640954148434,-0.013295204797343536,-0.02113737018514605,-0.59999999999999998
7.1900000000000004,4.0890007751588202,-0.50559969422131434,-0.023961173074825044,0.02663187344073404,-0.012590209840894165,-0.030500372659412776,-0.59999999999999998
7.1924999999999999,4.0877342035253079,-0.50765811721954246,-0.023878099649144287,0.039832846943007871,-0.012590209840894165,-0.030500372659412776,-0.59999999999999998
7.1950000000000003,4.0864624815482937,-0.50972016980268975,-0.023761973000763915,0.053076830878634476,-0.0088507259355647301,-0.025314287881179256,-0.59999999999999998
7.1974999999999998,4.0851866843165867,-0.51091846642785499,-0.023621386204423268,0.059402700524134933,-0.0088507259355647301,-0.025314287881179256,-0.59999999999999998
7.2000000000000002,4.0839078847224695,-0.51212215593429156,-0.023464906186876629,0.065792549134705544,-0.0043150193507842036,-0.021529484108438274,-0.59999999999999998
7.2025000000000006,4.0826273854247912,-0.51227825819647799,-0.023302939522195414,0.063792377219045224,-0.0043150193507842036,-0.021529484108438274,-0.59999999999999998
7.2050000000000001,4.0813464886267461,-0.51244012667064176,-0.023145887221622981,0.061860706506696471,-0.0049647066456372495,-0.03203961124074161,-0.59999999999999998
7.2075000000000005,4.0800649915020335,-0.51275850069045115,-0.022992065835054178,0.061207419861671358,-0.0049647066456372495,-0.03203961124074161,-0.59999999999999998
7.21,4.0787826915098488,-0.51308241134151289,-0.022839795328296369,0.060619891952728738,-0.0024338406881564204,-0.01555684071262829,-0.59999999999999998
7.2125000000000004,4.0775003097023186,-0.51282390696371782,-0.022694813186103814,0.055376189454818259,-0.0024338406881564204,-0.01555684071262829,-0.59999999999999998
7.2149999999999999,4.0762185678106988,-0.51257040024757505,-0.022562864885623368,0.0501918869644035,0.0020276219455526365,-0.027740247784196027,-0.59999999999999998
7.2175000000000002,4.0749387493168383,-0.5112850459014544,-0.022454211655081265,0.036738445652203536,0.0020276219455526365,-0.027740247784196027,-0.59999999999999998
7.2199999999999998,4.0736621398297022,-0.51000299368077195,-0.022379139912653331,0.02332430205414382,-0.011885160059177453,-0.025368307456602218,-0.59999999999999998
7.2225000000000001,4.0723846929689147,-0.5119549442407707,-0.022305128600795338,0.03589007259404553,-0.011885160059177453,-0.025368307456602218,-0.59999999999999998
7.2250000000000005,4.0711023623851901,-0.51391016301079151,-0.022199657272028238,0.048494579184549622,-0.0028427448274214468,-0.027277149221458356,-0.59999999999999998
7.2275,4.0698177640177438,-0.51376922907353773,-0.022083696878696081,0.044282031511800005,-0.0028427448274214468,-0.027277149221458356,-0.59999999999999998
7.2300000000000004,4.0685335129076368,-0.5136322941306567,-0.021978207517562725,0.040117004559752117,-0.0090426255706554694,-0.024858510576328013,-0.59999999999999998
7.2324999999999999,4.0672477993135665,-0.51493924468080865,-0.021868619076755174,0.047561619151077116,-0.0090426255706554694,-0.024858510576328013,-0.59999999999999998
7.2350000000000003,4.065958813084662,-0.51625051507326836,-0.021740356723870691,0.055057475510891268,0.0066238766629350306,-0.021054477107510423,-0.59999999999999998
7.2374999999999998,4.0646710916203768,-0.51392731629485189,-0.021629814220144091,0.03338439049967263,0.0066238766629350306,-0.021054477107510423,-0.59999999999999998
7.2400000000000002,4.0633891740121522,-0.51160710709139534,-0.021573405091766362,0.011746925053014085,0.0020916155385723202,-0.017610477238950862,-0.59999999999999998
7.2424999999999997,4.0621117391778405,-0.51034083773923478,-0.021560500515648,-0.0014223434034013761,0.0020916155385723202,-0.017610477238950862,-0.59999999999999998
7.2450000000000001,4.0608374699300791,-0.50907444048161932,-0.021580518077478954,-0.014593133796135431,-0.01089731012444733,-0.027588155354457251,-0.59999999999999998
7.2475000000000005,4.0595625964904754,-0.51082417366413413,-0.021603190814756656,-0.0035466866085469371,-0.01089731012444733,-0.027588155354457251,-0.59999999999999998
7.25,4.0582833493306039,-0.51257358415798759,-0.021598254697835273,0.0074959349259764285,-0.016707118197779331,-0.023350004722958086,-0.59999999999999998
7.2525000000000004,4.0569980410104396,-0.51567335300554318,-0.021552156701204417,0.029385788815160872,-0.016707118197779331,-0.023350004722958086,-0.59999999999999998
7.2549999999999999,4.0557049803261496,-0.5187758093092899,-0.021451299246654617,0.051307452975873885,-0.0019476371376743913,-0.021525011071737966,-0.59999999999999998
7.2575000000000003,4.054408443819205,-0.51845412619291664,-0.021329990866052237,0.045747927076616297,-0.0019476371376743913,-0.021525011071737966,-0.59999999999999998
7.2599999999999998,4.0531127062544758,-0.51813657231611887,-0.021222518718064059,0.040237477652716333,-0.011721489680066009,-0.027455280641427583,-0.59999999999999998
7.2625000000000002,4.0518149198223776,-0.52009328074338501,-0.021105975442556223,0.053005527333361405,-0.011721489680066009,-0.027455280641427583,-0.59999999999999998
7.2650000000000006,4.0505122358294328,-0.52205481514131968,-0.02095744341645274,0.065830779452757823,-0.011825676422762655,-0.024728563563427088,-0.59999999999999998
7.2675000000000001,4.049204610498327,-0.52404654795194971,-0.020776519384897631,0.07892146273443558,-0.011825676422762655,-0.024728563563427088,-0.59999999999999998
7.2700000000000005,4.0478919971020018,-0.52604546655570061,-0.020562765131119137,0.092097318998541802,-0.005245904593311302,-0.026195676369647227,-0.59999999999999998
7.2725,4.0465762868915256,-0.52652409895721652,-0.020331294487904852,0.093095784879368357,-0.005245904593311302,-0.026195676369647227,-0.59999999999999998
7.2750000000000004,4.045259369583694,-0.52701116033589346,-0.020097202811282914,0.094194334205902147,-0.0064520815359110847,-0.025801516464728832,-0.59999999999999998
7.2774999999999999,4.0439408737085962,-0.52778698861413798,-0.019857425443382662,0.09764475785823562,-0.0064520815359110847,-0.025801516464728832,-0.59999999999999998
7.2800000000000002,4.0426204272658026,-0.52857166745715145,-0.019608891485148029,0.10120023498158275,0.0032310386652716887,-0.026493007576661995,-0.59999999999999998
7.2824999999999998,4.0413008197974012,-0.52711571610750729,-0.019373916875537866,0.086796216170593715,0.0032310386652716887,-0.026493007576661995,-0.59999999999999998
7.2850000000000001,4.0399848421803561,-0.5256675713767488,-0.019174833006214653,0.072485083818352017,1.0420965752178449e-05,-0.016120482430467334,-0.59999999999999998
7.2875000000000005,4.0386715411879646,-0.52497425025363964,-0.019003915364387731,0.064261247138155869,1.0420965752178449e-05,-0.016120482430467334,-0.59999999999999998
7.29,4.0373599660994026,-0.52428672529646814,-0.01885346935606064,0.056106314300736537,0.0036562506199211316,-0.021487497104460272,-0.59999999999999998
7.2925000000000004,4.0360511621706658,-0.52275714709258869,-0.018731837007865758,0.041208242702474779,0.0036562506199211316,-0.021487497104460272,-0.59999999999999998
7.2949999999999999,4.0347461772752702,-0.52123127566935745,-0.018647391393876209,0.026354274054176341,-0.011182876598035289,-0.032556768431046969,-0.59999999999999998
7.2975000000000003,4.0334406941778251,-0.52315569950714125,-0.018565431714991452,0.039219363523108952,-0.011182876598035289,-0.032556768431046969,-0.59999999999999998
7.2999999999999998,4.0321303958037555,-0.52508369238568053,-0.018451259320072088,0.052126763580152946,-0.0072018641932013704,-0.0069587175541938467,-0.59999999999999998
7.3025000000000002,4.0308164279616809,-0.52609141121962932,-0.018314036407525134,0.057661414797698721,-0.0072018641932013704,-0.0069587175541938467,-0.59999999999999998
7.3049999999999997,4.0294999343886593,-0.52710436129830074,-0.018162900521155687,0.063258141234001211,-0.0037804157720120034,-0.021113467189356919,-0.59999999999999998
7.3075000000000001,4.0281818950754955,-0.52732803777141357,-0.018005669349190762,0.062538060941366505,-0.0037804157720120034,-0.021113467189356919,-0.59999999999999998
7.3100000000000005,4.0268632894841669,-0.52755737351571763,-0.017850154215130178,0.061885188280175141,-0.012098553715736846,-0.019503398403992331,-0.59999999999999998
7.3125,4.0255416876345382,-0.52972515857602276,-0.017676785861076537,0.076821968708847402,-0.012098553715736846,-0.019503398403992331,-0.59999999999999998
7.3150000000000004,4.0242146578626903,-0.53189993851192008,-0.017465975285770284,0.091841658781803573,-0.0017778748868594596,-0.015004764748539607,-0.59999999999999998
7.3174999999999999,4.0228851785676554,-0.53168484951245687,-0.017241568710668634,0.087699664043010689,-0.0017778748868594596,-0.015004764748539607,-0.59999999999999998
7.3200000000000003,4.0215562270108727,-0.53147768634213099,-0.017027398502982797,0.083651832981327431,-0.0051283494877121909,-0.012837110259801412,-0.59999999999999998
7.3224999999999998,4.0202268106842034,-0.53205665532543212,-0.01681541926894212,0.085946753627732742,-0.0051283494877121909,-0.012837110259801412,-0.59999999999999998
7.3250000000000002,4.0188959372458362,-0.53264341108807467,-0.016597587708490315,0.088334114076198927,-0.0069173543728029072,-0.022295265153135117,-0.59999999999999998
7.3275000000000006,4.0175630673279343,-0.53365390264831525,-0.016369496324620675,0.094155362123129652,-0.0069173543728029072,-0.022295265153135117,-0.59999999999999998
7.3300000000000001,4.016227660615435,-0.53467293554242612,-0.016126726440646243,0.10007796765435138,-0.010579366458316775,-0.01728056853354407,-0.59999999999999998
7.3325000000000005,4.0148886313952739,-0.53655205469664846,-0.0158604741020477,0.11294304298384597,-0.010579366458316775,-0.01728056853354407,-0.59999999999999998
7.335,4.0135448917841199,-0.53844144410866035,-0.015561909747689621,0.12592990220157771,-0.00010556741388642946,-0.024820170939555072,-0.59999999999999998
7.3375000000000004,4.012199457006842,-0.53790822479616296,-0.015255145201903851,0.11950368354017335,-0.00010556741388642946,-0.024820170939555072,-0.59999999999999998
7.3399999999999999,4.0108553416660335,-0.53738579939223752,-0.014964284454093381,0.11320572765236184,-0.0023071026537400188,-0.019229595096705174,-0.59999999999999998
7.3425000000000002,4.0095118799812495,-0.53738523949877393,-0.014683879308518062,0.1111384738487005,-0.0023071026537400188,-0.019229595096705174,-0.59999999999999998
7.3449999999999998,4.0081684070908477,-0.53739473374141589,-0.014408492582775869,0.1091906333037123,0.0076336590668284188,-0.014558106631372655,-0.59999999999999998
7.3475000000000001,4.0068277857702537,-0.53510380660932322,-0.014161020042671918,0.08880505487828784,0.0076336590668284188,-0.014558106631372655,-0.59999999999999998
7.3500000000000005,4.005492881401822,-0.53282086740085266,-0.013964388114063375,0.068514518734577728,0.0086644127526751425,-0.022860407347362121,-0.59999999999999998
7.3525,4.0041639757253904,-0.53030453456359594,-0.01382079112349024,0.046373317035734482,0.0086644127526751425,-0.022860407347362121,-0.59999999999999998
7.3550000000000004,4.002841355254378,-0.52779237171139148,-0.013732480183435867,0.024281735147330917,-0.0013298424162505301,-0.016475612102162515,-0.59999999999999998
7.3574999999999999,4.001522108751292,-0.5276051710737234,-0.013676043681954094,0.020871508138507092,-0.0013298424162505301,-0.016475612102162515,-0.59999999999999998
7.3600000000000003,4.0002033278259601,-0.5274198582770514,-0.013628103958940551,0.017483703859553057,0.0090855629866066229,-0.021531298777468913,-0.59999999999999998
7.3624999999999998,3.9988880337929338,-0.52481545925804374,-0.013612909306781107,-0.0053268979246036442,0.0090855629866066229,-0.021531298777468913,-0.59999999999999998
7.3650000000000002,3.9975792509288577,-0.52221058126675202,-0.013654743198685135,-0.028143199243703874,-0.00061896417661549442,-0.014810117022275009,-0.59999999999999998
7.3674999999999997,3.9962741638657095,-0.52185860956262098,-0.013731009231166023,-0.032875087388153798,-0.00061896417661549442,-0.014810117022275009,-0.59999999999999998
7.3700000000000001,3.9949699603577478,-0.52150366556927497,-0.013819148056519548,-0.03764228352481834,-0.00059661093181784253,-0.014355882766982334,-0.59999999999999998
7.3725000000000005,3.9936666548671105,-0.52114012328415904,-0.013919306486095717,-0.042491631142682514,-0.00059661093181784253,-0.014355882766982334,-0.59999999999999998
7.375,3.9923642629422562,-0.52077273956220826,-0.014031644237195629,-0.047386612549344627,-0.010059923125005367,-0.02186580583243863,-0.59999999999999998
7.3775000000000004,3.9910600457290117,-0.52260040947754527,-0.014134203997907779,-0.034668567029673095,-0.010059923125005367,-0.02186580583243863,-0.59999999999999998
7.3799999999999999,3.9897512635208758,-0.52442492785267369,-0.014205018213933076,-0.021987895365426936,-0.010765416621496372,-0.019922077991973073,-0.59999999999999998
7.3825000000000003,3.9884377178166508,-0.52641140815164356,-0.014242517316762902,-0.008014082955660232,-0.010765416621496372,-0.019922077991973073,-0.59999999999999998
7.3849999999999998,3.9871192070873849,-0.52839715960852407,-0.014245095829233261,0.0059510873831190962,-0.01207229776588117,-0.02083820388443779,-0.59999999999999998
7.3875000000000002,3.9857953519318832,-0.53068717949496313,-0.014209707591282915,0.022362048148232734,-0.01207229776588117,-0.02083820388443779,-0.59999999999999998
7.3900000000000006,3.9844657694939491,-0.53297923464678898,-0.014133265483790413,0.038797135902289365,-0.003364327433561182,-0.016759780137002259,-0.59999999999999998
7.3925000000000001,3.9831329824115955,-0.53325101836446054,-0.01403600280391902,0.039019979247817575,-0.003364327433561182,-0.016759780137002259,-0.59999999999999998
7.3950000000000005,3.9817995114580502,-0.53352633528969828,-0.013938130631233664,0.039284773922116649,-0.012057797601582803,-0.0139239135711099,-0.59999999999999998
7.3975,3.9804628223661993,-0.5358256593548385,-0.013819261594412866,0.055819004811944239,-0.012057797601582803,-0.0139239135711099,-0.59999999999999998
7.4000000000000004,3.9791203789284846,-0.53813006314904455,-0.013658985427682006,0.072413455630561674,-0.0079052124950378978,-0.018997668229235664,-0.59999999999999998
7.4024999999999999,3.9777733728802622,-0.53947593845627406,-0.013466817497868541,0.081334686320625876,-0.0079052124950378978,-0.018997668229235664,-0.59999999999999998
7.4050000000000002,3.9764229930836246,-0.54082919748113589,-0.013252239001831711,0.090343517517092728,-0.010370555560908466,-0.0059573114583765701,-0.59999999999999998
7.4074999999999998,3.9750685038669107,-0.54276364827789236,-0.013009266890436355,0.10405163304436006,-0.010370555560908466,-0.0059573114583765701,-0.59999999999999998
7.4100000000000001,3.9737091669612998,-0.54470755697811946,-0.012731887373210141,0.11787191396852788,-0.0037491714561335363,-0.012623036272498098,-0.59999999999999998
7.4125000000000005,3.9723468807376219,-0.54512321309606171,-0.012435250339931571,0.11945897823899214,-0.0037491714561335363,-0.012623036272498098,-0.59999999999999998
7.415,3.9709835418801087,-0.54554968902907131,-0.012134485441625055,0.12117450240778437,-0.012340082472075242,-0.010521020139455576,-0.59999999999999998
7.4175000000000004,3.9696166273377793,-0.54798391727075391,-0.011809224550441363,0.13905759734804418,-0.012340082472075242,-0.010521020139455576,-0.59999999999999998
7.4199999999999999,3.9682436117544504,-0.55043079370756998,-0.011439072488972935,0.1570906637371719,-0.0067052692848995898,-0.0070926501964644617,-0.59999999999999998
7.4225000000000003,3.9668660985217654,-0.55158222486692299,-0.011036777891853807,0.16477388161267947,-0.0067052692848995898,-0.0070926501964644617,-0.59999999999999998
7.4249999999999998,3.9654856881778753,-0.55274860001712633,-0.010615055298308468,0.17263445409094966,0.0011312283672618179,-0.015560708682898244,-0.59999999999999998
7.4275000000000002,3.964104619242717,-0.55210909880859305,-0.010191736446288173,0.16605093177041913,0.0011312283672618179,-0.015560708682898244,-0.59999999999999998
7.4299999999999997,3.962725130177374,-0.55148460670573785,-0.0097846520568849911,0.15964572469777766,-0.0032922630933044416,-0.002212693357136703,-0.59999999999999998
7.4325000000000001,3.9613458989777448,-0.55190277780976182,-0.0093830428964663537,0.16167039384207527,-0.0032922630933044416,-0.002212693357136703,-0.59999999999999998
7.4350000000000005,3.9599656040877136,-0.55233559094913132,-0.0089761552281604293,0.16386890986499691,0.00021280958420497043,-0.013375016087738287,-0.59999999999999998
7.4375,3.9585852270474851,-0.55196848004779542,-0.008571730702422382,0.15969967834637336,0.00021280958420497043,-0.013375016087738287,-0.59999999999999998
7.4400000000000004,3.9572057496499546,-0.55161581547335903,-0.0081775138601686906,0.15570203384366563,-0.0063560341123743373,-0.010361464142194538,-0.59999999999999998
7.4424999999999999,3.9558252276302004,-0.55280421669087154,-0.0077777521742308153,0.16413599475462601,-0.0063560341123743373,-0.010361464142194538,-0.59999999999999998
7.4450000000000003,3.9544417161664782,-0.55400749922454506,-0.0073566867082348417,0.17274658481079849,0.00049556217635870516,-0.0097533928797576119,-0.59999999999999998
7.4474999999999998,3.9530571678819508,-0.55363370281328783,-0.0069298535111100533,0.16875054957081556,0.00049556217635870516,-0.0097533928797576119,-0.59999999999999998
7.4500000000000002,3.951673534930384,-0.55327517421121397,-0.0065127828615382513,0.16493584931239466,0.0011749984838954515,-0.012233143815942838,-0.59999999999999998
7.4525000000000006,3.9502909769955057,-0.55277362349802339,-0.0061066121634778519,0.16002980567668118,0.0011749984838954515,-0.012233143815942838,-0.59999999999999998
7.4550000000000001,3.9489096547482361,-0.55228655168273422,-0.0057124905426417941,0.15529572622668483,0.011318168577260094,-0.010154413619531379,-0.59999999999999998
7.4575000000000005,3.9475324798171458,-0.54945555286695846,-0.005353665844605675,0.13178969969776125,0.011318168577260094,-0.010154413619531379,-0.59999999999999998
7.46,3.9461623670684074,-0.54663645372594871,-0.0050534242057641192,0.10842509240646346,0.0027221518693698373,-0.0067253738959781829,-0.59999999999999998
7.4625000000000004,3.9447967916308784,-0.54582547703605078,-0.0047913824527798781,0.10122708329473329,0.0027221518693698373,-0.0067253738959781829,-0.59999999999999998
7.4649999999999999,3.9434332320506607,-0.54502366026826021,-0.0045471981439194637,0.094137858661330259,0.0041227887519756264,-0.0092616587020951033,-0.59999999999999998
7.4675000000000002,3.9420720732191175,-0.54390475198136523,-0.0043238776237761534,0.084534555479122309,0.0041227887519756264,-0.0092616587020951033,-0.59999999999999998
7.4699999999999998,3.940713701917506,-0.54279349230691265,-0.0041244496747457008,0.075022090955056464,0.0027270927407071367,-0.014879138931324568,-0.59999999999999998
7.4725000000000001,3.9393576945465312,-0.5420134846130118,-0.0039454427367212469,0.068196286324254396,0.0027270927407071367,-0.014879138931324568,-0.59999999999999998
7.4750000000000005,3.9380036293510794,-0.54123964952990444,-0.0037834071652685765,0.061443781983327617,-0.0015822818097970572,-0.021631202275353152,-0.59999999999999998
7.4775,3.9366502394626339,-0.54147319898521229,-0.0036281115946351383,0.062803807950846557,-0.0015822818097970572,-0.021631202275353152,-0.59999999999999998
7.4800000000000004,3.9352962586160216,-0.54171243710280426,-0.0034693318488642172,0.064231371883619243,-0.002395903033784565,-0.01372661392661096,-0.59999999999999998
7.4824999999999999,3.9339414360093818,-0.5421466406537262,-0.003304998345638778,0.067247212969717071,-0.002395903033784565,-0.01372661392661096,-0.59999999999999998
7.4850000000000003,3.9325855203367008,-0.54258693600056218,-0.0031330355211671283,0.070335375805517658,0.0041231093434263722,-0.011573766357164408,-0.59999999999999998
7.4874999999999998,3.931230390303833,-0.54151808330598727,-0.0029684726048532541,0.061326749348056528,0.0041231093434263722,-0.011573766357164408,-0.59999999999999998
7.4900000000000002,3.9298779252947913,-0.54045478159503568,-0.0028263468481723145,0.052384040690534706,0.0053402388737253236,-0.009676851630993584,-0.59999999999999998
7.4924999999999997,3.9285284661170676,-0.5391132665714049,-0.0027093460463443421,0.041224984519115382,0.0053402388737253236,-0.009676851630993584,-0.59999999999999998
7.4950000000000001,3.9271823558528318,-0.53777548284499788,-0.0026201850046223473,0.030110237956307337,-0.0046873108040522094,-0.014470294910731488,-0.59999999999999998
7.4975000000000005,3.9258366726321237,-0.53877160609353836,-0.0025353653357883961,0.037751579445901871,-0.0046873108040522094,-0.014470294910731488,-0.59999999999999998
7.5,3.9244884949719814,-0.53977115007545862,-0.0024313932705522208,0.045433528400994509,-0.007078336961319107,-0.015587510755763976,-0.59999999999999998
7.5025000000000004,3.9231371186671757,-0.5413306720566694,-0.0023025767227706695,0.057628948316328664,-0.007078336961319107,-0.015587510755763976,-0.59999999999999998
7.5049999999999999,3.9217818372597644,-0.54289541676905229,-0.0021431968698388155,0.069886364098819445,0.0053048904530594368,-0.015979254125041132,-0.59999999999999998
7.5075000000000003,3.920426234631655,-0.54158765865126723,-0.0019819826843704377,0.05909653746963988,0.0053048904530594368,-0.015979254125041132,-0.59999999999999998
7.5099999999999998,3.9190738945087578,-0.54028525034967945,-0.0018476612490001838,0.048370237182709434,-0.00040544033695360734,-0.015984542566059311,-0.59999999999999998
7.5125000000000002,3.9177231454172512,-0.54031475286431374,-0.0017267611695343402,0.048358493512570405,-0.00040544033695360734,-0.015984542566059311,-0.59999999999999998
7.5150000000000006,3.9163723170948317,-0.54034863529684141,-0.0016058254510470378,0.048398750970186068,0.0015380241095067238,-0.019414324075009669,-0.59999999999999998
7.5175000000000001,3.915021963322741,-0.53993508613425689,-0.0014892597910529477,0.04486213279631495,0.0015380241095067238,-0.019414324075009669,-0.59999999999999998
7.5200000000000005,3.9136726382788152,-0.53952559976371917,-0.0013814745927425147,0.04137375229690371,0.012646154124679948,-0.014834344239916237,-0.59999999999999998
7.5225,3.9123275600207039,-0.53653744841205619,-0.0013082786311580785,0.017188262099235376,0.012646154124679948,-0.014834344239916237,-0.59999999999999998
7.5250000000000004,3.9109899497405274,-0.53355085276108416,-0.0012955178893802825,-0.0069787539167754167,0.0045719087575416279,-0.011667851753276845,-0.59999999999999998
7.5274999999999999,3.9096574600556258,-0.53244072121432628,-0.0013243346012480801,-0.01607668091737292,0.0045719087575416279,-0.011667851753276845,-0.59999999999999998
7.5300000000000002,3.9083277473475002,-0.53132913392215164,-0.0013759156970251901,-0.025191892687272156,0.0041120848935496859,-0.0080504313500079049,-0.59999999999999998
7.5324999999999998,3.9070006826704615,-0.53032216506383667,-0.001449243475734279,-0.033475586021014934,0.0041120848935496859,-0.0080504313500079049,-0.59999999999999998
7.5350000000000001,3.9056761390479693,-0.52931216502381673,-0.0015433236171765075,-0.041795270216829467,-0.0029008946214413075,-0.020865681946084194,-0.59999999999999998
7.5375000000000005,3.9043520871582724,-0.52992875146363982,-0.001641890075977146,-0.037064963836876297,-0.0029008946214413075,-0.020865681946084194,-0.59999999999999998
7.54,3.9030264980884413,-0.53054198023584398,-0.0017286816515034737,-0.032374519422604761,-0.0016204953415608642,-0.021861877910573452,-0.59999999999999998
7.5425000000000004,3.9016997517605811,-0.53085461043092075,-0.0018067799330476852,-0.030109704995581785,-0.0016204953415608642,-0.021861877910573452,-0.59999999999999998
7.5449999999999999,3.9003722273089023,-0.53116451323363489,-0.0018792571574180396,-0.027877270702321402,0.0041945518099899791,-0.019661299100531812,-0.59999999999999998
7.5475000000000003,3.8990456210393676,-0.53012001647631979,-0.0019597626467928479,-0.036532890547900272,0.0041945518099899791,-0.019661299100531812,-0.59999999999999998
7.5499999999999998,3.8977216299826631,-0.52907221208995625,-0.0020619543365242611,-0.045227785112109412,0.005522164976989985,-0.017525823104369728,-0.59999999999999998
7.5525000000000002,3.8964006491692111,-0.52771167173955169,-0.0021890405162050832,-0.056450265668806003,0.005522164976989985,-0.017525823104369728,-0.59999999999999998
7.5549999999999997,3.895083075881872,-0.52634602149620557,-0.0023442562264232069,-0.067733424927069852,0.0036515313374955206,-0.021944596559426641,-0.59999999999999998
7.5575000000000001,3.8937683806022507,-0.52540912101673753,-0.0025234025680287726,-0.075596486798299695,0.0036515313374955206,-0.021944596559426641,-0.59999999999999998
7.5600000000000005,3.8924560359792024,-0.52446537706478702,-0.0027223063739388485,-0.083540811756454114,-0.0028459244006387727,-0.01648854578154434,-0.59999999999999998
7.5625,3.8911441719959834,-0.52502457924100654,-0.0029260175650663248,-0.079442746898282457,-0.0028459244006387727,-0.01648854578154434,-0.59999999999999998
7.5650000000000004,3.8898309190796931,-0.5255765847215943,-0.0031195913009282308,-0.075430120882261448,-0.00089121834912267266,-0.020590200239789143,-0.59999999999999998
7.5674999999999999,3.8885168627601474,-0.5256673345481081,-0.0033077976783588369,-0.075148472948011913,-0.00089121834912267266,-0.020590200239789143,-0.59999999999999998
7.5700000000000003,3.8872025880781376,-0.52575127834175905,-0.0034954009987292175,-0.074947631938684228,-0.0047653503030589276,-0.022937502409406313,-0.59999999999999998
7.5724999999999998,3.8858869862928795,-0.52672907352729048,-0.0036735615472924341,-0.06759358378309803,-0.0047653503030589276,-0.022937502409406313,-0.59999999999999998
7.5750000000000002,3.8845689478145498,-0.52770074327840366,-0.0038334295058762391,-0.060312248354419049,0.00014057578298521528,-0.01652600744114828,-0.59999999999999998
7.5775000000000006,3.8832499126721656,-0.5275264458073875,-0.0039866262449037059,-0.062256123668710354,0.00014057578298521528,-0.01652600744114828,-0.59999999999999998
7.5800000000000001,3.8819313202829324,-0.52734651093585228,-0.0041447658988668853,-0.064266934457961347,-0.006347631422466078,-0.018299481240588993,-0.59999999999999998
7.5825000000000005,3.8806112996610125,-0.52866909146956398,-0.0042928764616011993,-0.054232140298577723,-0.006347631422466078,-0.018299481240588993,-0.59999999999999998
7.585,3.8792879789222141,-0.52998675557079089,-0.0044159752241221947,-0.044255700335595741,-0.0040047251283780241,-0.024081683560780134,-0.59999999999999998
7.5875000000000004,3.8779620500121883,-0.53075574603224529,-0.0045196624439842363,-0.038701511525288314,-0.0040047251283780241,-0.024081683560780134,-0.59999999999999998
7.5899999999999999,3.8766342031144037,-0.53152122933625656,-0.0046095174718241488,-0.033188954798814452,-0.004212422457178077,-0.014071466091730472,-0.59999999999999998
7.5925000000000002,3.8753043860204963,-0.53233198881741972,-0.0046851522510291538,-0.027324293003024788,-0.004212422457178077,-0.014071466091730472,-0.59999999999999998
7.5949999999999998,3.8739725452336948,-0.53314027199978054,-0.0047461634298873448,-0.021489025777697766,0.0036323973573949668,-0.012833639867845414,-0.59999999999999998
7.5975000000000001,3.8726409657680803,-0.53212290984200628,-0.0048109245416754704,-0.030324503061854562,0.0036323973573949668,-0.012833639867845414,-0.59999999999999998
7.6000000000000005,3.8713119329708814,-0.53110280380140351,-0.004897813098860164,-0.039192567212895546,-0.0079693042941300606,-0.020984285589950014,-0.59999999999999998
7.6025,3.8699820835838392,-0.53277620979688045,-0.0049798470094413599,-0.026440447932048729,-0.0079693042941300606,-0.020984285589950014,-0.59999999999999998
7.6050000000000004,3.8686480539201034,-0.53444721768101233,-0.0050300390520487013,-0.013716788025571365,-0.0062692407378342162,-0.016698340174885973,-0.59999999999999998
7.6074999999999999,3.8673103425209128,-0.53572176643117908,-0.0050524107672404329,-0.0041821892433348794,-0.0062692407378342162,-0.016698340174885973,-0.59999999999999998
7.6100000000000003,3.8659694454038811,-0.53699593598823281,-0.0050509537479651182,0.0053479090381936996,-0.0043420037470488764,-0.014964592304993916,-0.59999999999999998
7.6124999999999998,3.8646259224358017,-0.53782256408065066,-0.0050301641073757586,0.011285294385587511,-0.0043420037470488764,-0.014964592304993916,-0.59999999999999998
7.6150000000000002,3.8632803317311972,-0.53865021497714327,-0.0049945171593508619,0.017234820556772546,-0.0022812279118975681,-0.015911574455500396,-0.59999999999999998
7.6174999999999997,3.8619332688614265,-0.53900035704193427,-0.0049487838877062037,0.01935507576528897,-0.0022812279118975681,-0.015911574455500396,-0.59999999999999998
7.6200000000000001,3.8605853284849281,-0.53935225252666108,-0.0048977244351949096,0.021496147132442512,-0.0040112033451291341,-0.018734430383775966,-0.59999999999999998
7.6225000000000005,3.8592360032942801,-0.54010826536736933,-0.0048372465524526669,0.026890496236552385,-0.0040112033451291341,-0.018734430383775966,-0.59999999999999998
7.625,3.857884785127494,-0.5408667151205846,-0.0047632478498634825,0.032313772648215215,-0.0048023503931817115,-0.011943188015550665,-0.59999999999999998
7.6275000000000004,3.8565314373931265,-0.54181201283123026,-0.0046738023771382593,0.03924902074746732,-0.0048023503931817115,-0.011943188015550665,-0.59999999999999998
7.6299999999999999,3.8551757220991147,-0.54276086789901201,-0.0045669675608080804,0.04622649466887184,-0.0013364565171137786,-0.018582159185632049,-0.59999999999999998
7.6325000000000003,3.8538186366585823,-0.54290818648015415,-0.0044507170554895607,0.046782243534402433,-0.0013364565171137786,-0.018582159185632049,-0.59999999999999998
7.6349999999999998,3.8524611776359619,-0.54305974234082943,-0.0043330144242728248,0.047388299516488312,-0.0020466553520160323,-0.018455059935086754,-0.59999999999999998
7.6375000000000002,3.8511031280049179,-0.54338069285302892,-0.0042120756504751174,0.049371390352860665,-0.0020466553520160323,-0.018455059935086754,-0.59999999999999998
7.6400000000000006,3.8497442704450422,-0.54370611574335925,-0.0040861132295837927,0.051407577360583677,-0.0008210517654022656,-0.015070732767642359,-0.59999999999999998
7.6425000000000001,3.8483849496758027,-0.54375127407012669,-0.0039578519919516589,0.051210607295741513,-0.0008210517654022656,-0.015070732767642359,-0.59999999999999998
7.6450000000000005,3.8470255102100017,-0.54380107044072912,-0.0038300143085007042,0.051068703698765247,0.0026161763699838782,-0.01589065917613075,-0.59999999999999998
7.6475,3.8456669392457381,-0.54305642230469808,-0.003710484497610445,0.044563710661113677,0.0026161763699838782,-0.01589065917613075,-0.59999999999999998
7.6500000000000004,3.8443102247371459,-0.54231580815326774,-0.0036071558405052161,0.038106619837403308,-0.0036891439325003276,-0.015518675311623386,-0.59999999999999998
7.6524999999999999,3.8429535251513132,-0.54304447637348252,-0.0035052019084951995,0.043463836688178131,-0.0036891439325003276,-0.015518675311623386,-0.59999999999999998
7.6550000000000002,3.8415949990737071,-0.54377708280976367,-0.0033897977012262532,0.048867804469315365,0.0075397851392310835,-0.019580476369321306,-0.59999999999999998
7.6574999999999998,3.8402378989213006,-0.54190365896663562,-0.0032870252406335203,0.03335752593454229,0.0075397851392310835,-0.019580476369321306,-0.59999999999999998
7.6600000000000001,3.8388854782643054,-0.54003325293025028,-0.0032229802064717345,0.017883089388323274,-0.00048184685174430114,-0.015428654466112567,-0.59999999999999998
7.6625000000000005,3.8375354004005402,-0.54002930440335306,-0.0031788728154613999,0.017405985365415474,-0.00048184685174430114,-0.015428654466112567,-0.59999999999999998
7.665,3.8361853304286866,-0.54002693234171051,-0.0031359346837070293,0.016947598167559242,0.0089305751571514564,-0.016411324059921698,-0.59999999999999998
7.6675000000000004,3.8348379995028075,-0.53783792808323672,-0.0031160864683236543,-0.0010676039040467926,0.0089305751571514564,-0.016411324059921698,-0.59999999999999998
7.6699999999999999,3.8334961408688035,-0.53564882724987939,-0.003141273659731914,-0.019083953013937671,-0.00095227658538776447,-0.010114510227299693,-0.59999999999999998
7.6725000000000003,3.8321568850674539,-0.53575552890800615,-0.0031884586109885535,-0.018667390705468207,-0.00095227658538776447,-0.010114510227299693,-0.59999999999999998
7.6749999999999998,3.8308173646331487,-0.5358605397510916,-0.0032346273401406907,-0.018270902473545098,0.0075983538880183155,-0.014356341939833608,-0.59999999999999998
7.6775000000000002,3.8294800683690138,-0.53397607859220597,-0.0032997850288556925,-0.033859915654468262,0.0075983538880183155,-0.014356341939833608,-0.59999999999999998
7.6799999999999997,3.8281474867926986,-0.53208855421779122,-0.0034039572342612697,-0.049485310292830709,-0.0067298858274136208,-0.018849703227152022,-0.59999999999999998
7.6825000000000001,3.8268154658728446,-0.53352751774496698,-0.0035138166045074527,-0.038410066295994721,-0.0067298858274136208,-0.018849703227152022,-0.59999999999999998
7.6850000000000005,3.8254798521052349,-0.53496299940525938,-0.0035960420020178722,-0.027376150039465235,-0.0063533487719508053,-0.013857972646836497,-0.59999999999999998
7.6875,3.8241407623564792,-0.53630846383283026,-0.0036516006602679584,-0.017074761932833082,-0.0063533487719508053,-0.013857972646836497,-0.59999999999999998
7.6900000000000004,3.8227983110757591,-0.53765238045512453,-0.0036814311195659012,-0.0067917454189467472,-0.0043464679679938289,-0.0060425590244692134,-0.59999999999999998
7.6924999999999999,3.8214530841190677,-0.53852913161566518,-0.003690249126647682,-0.00026329273780391176,-0.0043464679679938289,-0.0060425590244692134,-0.59999999999999998
7.6950000000000003,3.8201056654375405,-0.53940585891614024,-0.0036827478189981459,0.0062648767114974928,-0.0016826291528046645,-0.022331723229148715,-0.59999999999999998
7.6974999999999998,3.8187568283998305,-0.53966387760709322,-0.0036651359850847472,0.007825853076848948,-0.0016826291528046645,-0.022331723229148715,-0.59999999999999998
7.7000000000000002,3.8174073454588004,-0.53992260520063118,-0.0036436115407358209,0.0093952455748536681,-0.012220210172716909,-0.010686766574601429,-0.59999999999999998
7.7025000000000006,3.8160541526915392,-0.54263191132650279,-0.003593558751505483,0.030650577925272721,-0.012220210172716909,-0.010686766574601429,-0.59999999999999998
7.7050000000000001,3.8146941835849573,-0.54534399825599089,-0.0034903311544133113,0.051938908149294111,0.0093759936867034606,-0.015915544333606788,-0.59999999999999998
7.7075000000000005,3.8133337041377851,-0.54304019928536751,-0.0033842189341188162,0.032958467710558215,0.0093759936867034606,-0.015915544333606788,-0.59999999999999998
7.71,3.8119789801047985,-0.54073938112495701,-0.0033255093142636116,0.014013433175638818,-0.0052891885521562584,-0.017906684018270409,-0.59999999999999998
7.7125000000000004,3.8106257448046819,-0.54184913444559135,-0.0032799135147248484,0.022466476434014539,-0.0052891885521562584,-0.017906684018270409,-0.59999999999999998
7.7149999999999999,3.8092697327359302,-0.54296092388131745,-0.0032131567925455964,0.03094368889886245,-0.00019568026910901995,-0.019446767002735673,-0.59999999999999998
7.7175000000000002,3.8079124179094506,-0.54289139678867471,-0.0031370546192865355,0.029943505114327841,-0.00019568026910901995,-0.019446767002735673,-0.59999999999999998
7.7199999999999998,3.8065552734922985,-0.54282458156914082,-0.0030634124380882802,0.028975518925003198,0.0030382619586846356,-0.020328170173560766,-0.59999999999999998
7.7225000000000001,3.8051992325283828,-0.54200857410850745,-0.0029996984860697425,0.022000208894072247,0.0030382619586846356,-0.020328170173560766,-0.59999999999999998
7.7250000000000005,3.8038452289621794,-0.54119455834550301,-0.0029533916873575603,0.015048548820507863,-0.003033916131895938,-0.017544886638507673,-0.59999999999999998
7.7275,3.8024914941568282,-0.5417935463780772,-0.0029102709077112399,0.01945116672932563,-0.003033916131895938,-0.017544886638507673,-0.59999999999999998
7.7300000000000004,3.8011362597618512,-0.54239429667559591,-0.002856118421208064,0.023874705302255328,-0.0021928041096199585,-0.0059704650778719531,-0.59999999999999998
7.7324999999999999,3.7997797652804386,-0.54280167061468931,-0.0027928389885796944,0.026753377757186201,-0.0021928041096199585,-0.0059704650778719531,-0.59999999999999998
7.7350000000000003,3.798422249389303,-0.54321146812856236,-0.0027223275574709549,0.029660822592125262,0.0061405795337685504,-0.02406880801125294,-0.59999999999999998
7.7374999999999998,3.7970661272087223,-0.54168662854029226,-0.0026639569408785516,0.017039853230109744,0.0061405795337685504,-0.02406880801125294,-0.59999999999999998
7.7400000000000002,3.7957138149615908,-0.54016333115171145,-0.0026371130314260405,0.0044371979671873254,-0.0080835908235531995,-0.0064185532244955259,-0.59999999999999998
7.7425000000000006,3.794361176968875,-0.54194723549184554,-0.0026085702596503331,0.018399066593833665,-0.0080835908235531995,-0.0064185532244955259,-0.59999999999999998
7.7450000000000001,3.7930040773943525,-0.54373280765645993,-0.0025451012024670168,0.032380731485228062,0.0073268135617328353,-0.015911561147951177,-0.59999999999999998
7.7475000000000005,3.7916469884343842,-0.54193873740486598,-0.0024826027967600264,0.017622471212826105,0.0073268135617328353,-0.015911561147951177,-0.59999999999999998
7.75,3.7902943823784754,-0.5401462619755425,-0.0024569730655418422,0.0028831503497161754,-0.0055380979732521651,-0.010424365554747012,-0.59999999999999998
7.7525000000000004,3.7889425186248897,-0.5413448545370142,-0.0024381599682381282,0.012168676516596219,-0.0055380979732521651,-0.010424365554747012,-0.59999999999999998
7.7549999999999999,3.7875876571869038,-0.54254454982271083,-0.0023961187752017787,0.02146729271075079,0.0016912014644455374,-0.009450167630782616,-0.59999999999999998
7.7575000000000003,3.7862318949440463,-0.54206553691295223,-0.0023476762201166722,0.017290223708874501,0.0016912014644455374,-0.009450167630782616,-0.59999999999999998
7.7599999999999998,3.7848773281977177,-0.54158808970556593,-0.0023096521664801532,0.013131744783615187,-0.00114765125243038,-0.02668953686530677,-0.59999999999999998
7.7625000000000002,3.7835231285906499,-0.5417718029025459,-0.0022753803271585455,0.01428818368529821,-0.00114765125243038,-0.02668953686530677,-0.59999999999999998
7.7650000000000006,3.7821684681047829,-0.54195681031734499,-0.0022381984447301701,0.015459987896255138,6.7339772144689794e-05,-0.011990507599098442,-0.59999999999999998
7.7675000000000001,3.7808136964245662,-0.54186075905098863,-0.0022009021206539961,0.01437974503744776,6.7339772144689794e-05,-0.011990507599098442,-0.59999999999999998
7.7700000000000005,3.7794591632243235,-0.54176601015087422,-0.0021662868352509933,0.013314964766222669,0.013443497448901782,-0.008780188787609635,-0.59999999999999998
7.7725,3.7781087522174173,-0.53856279995481382,-0.0021655331012815594,-0.012711923185104177,0.013443497448901782,-0.008780188787609635,-0.59999999999999998
7.7750000000000004,3.7767663501828141,-0.53535843985237608,-0.0022298578326683501,-0.038752468829807436,-0.011577061498155922,-0.0077226643083710021,-0.59999999999999998
7.7774999999999999,3.7754246924638966,-0.53796730561708905,-0.0023009363652782976,-0.018115456805679622,-0.011577061498155922,-0.0077226643083710021,-0.59999999999999998
7.7800000000000002,3.7740765150233058,-0.54057452886501867,-0.0023204513597863616,0.0025020608229094736,-0.0031125561666026178,-0.024417000058825956,-0.59999999999999998
7.7824999999999998,3.7727242792467113,-0.54121416652935816,-0.0023081785447558447,0.0073170711076786929,-0.0031125561666026178,-0.024417000058825956,-0.59999999999999998
7.7850000000000001,3.771370443638272,-0.5418544670975417,-0.0022838594465529609,0.012139951098685641,-0.0018078755050005436,-0.01610605972234995,-0.59999999999999998
7.7875000000000005,3.7700153851090317,-0.54219255767234664,-0.002250512815135202,0.014539744799930452,-0.0018078755050005436,-0.01610605972234995,-0.59999999999999998
7.79,3.7686594797524289,-0.54253196533283254,-0.0022111476932067738,0.016955175002188273,0.0089685093745071418,-0.014182242278651523,-0.59999999999999998
7.7925000000000004,3.7673058554074408,-0.54036763300532897,-0.0021908720352658419,-0.00073319568359317064,0.0089685093745071418,-0.014182242278651523,-0.59999999999999998
7.7949999999999999,3.7659576416427498,-0.53820323432691508,-0.0022148143289144073,-0.018422354334020917,0.0013766812777189687,-0.011658358471414634,-0.59999999999999998
7.7975000000000003,3.7646126345905571,-0.53780210274738738,-0.0022652822499149793,-0.021955599981906781,0.0013766812777189687,-0.011658358471414634,-0.59999999999999998
7.7999999999999998,3.7632686327857487,-0.5373989829217698,-0.0023246119995404329,-0.025512452431705024,-0.0026565430238886341,-0.0091273596118290837,-0.59999999999999998
7.8025000000000002,3.761924469627151,-0.53793118857180211,-0.002383454508459156,-0.021565773742890031,-0.0026565430238886341,-0.0091273596118290837,-0.59999999999999998
7.8050000000000006,3.760578978470817,-0.53846144051861144,-0.0024324601945789311,-0.017642288909732875,0.0014845700925750129,-0.010214935441532791,-0.59999999999999998
7.8075000000000001,3.7592333670796831,-0.53802737726812999,-0.0024813464101512443,-0.021470187597092547,0.0014845700925750129,-0.010214935441532791,-0.59999999999999998
7.8100000000000005,3.7578888432045279,-0.53759136979743183,-0.0025398303679348938,-0.025321170609737653,-0.013624455260936915,-0.022740835391312112,-0.59999999999999998
7.8125,3.7565410217693076,-0.54066557951537786,-0.0025727131141819785,-0.00098738637486972189,-0.013624455260936915,-0.022740835391312112,-0.59999999999999998
7.8150000000000004,3.7551855153814926,-0.54373969967749891,-0.0025447681844148157,0.02334533506866204,-0.0089241296280939044,-0.022293676737512487,-0.59999999999999998
7.8174999999999999,3.7538236873254074,-0.54572321555053172,-0.0024669352490877781,0.038926596048185956,-0.0089241296280939044,-0.022293676737512487,-0.59999999999999998
7.8200000000000003,3.7524568963633684,-0.54771026011395374,-0.002350100303682484,0.054549740554766725,0.0072258247546151729,-0.011499452166715352,-0.59999999999999998
7.8224999999999998,3.7510898247605517,-0.54594773576374045,-0.0022318289230123653,0.040075838548304529,0.0072258247546151729,-0.011499452166715352,-0.59999999999999998
7.8250000000000002,3.7497271546622519,-0.54418883854545397,-0.0021496852203376675,0.025645009753421689,0.011872275458635713,-0.0091634082081352916,-0.59999999999999998
7.8275000000000006,3.7483702288012863,-0.54135206293507965,-0.0021144249553559273,0.0025657284778131048,0.011872275458635713,-0.0091634082081352916,-0.59999999999999998
7.8300000000000001,3.7470203941542257,-0.53851551945831111,-0.0021368542816125858,-0.02051079584721462,-0.0029684046921484401,-0.025380661097194047,-0.59999999999999998
7.8325000000000005,3.7456733403411842,-0.53912725612177437,-0.0021823616175670755,-0.015898335885448516,-0.0029684046921484401,-0.025380661097194047,-0.59999999999999998
7.835,3.7443247590737463,-0.53973755248282906,-0.0022163602085685263,-0.011302974710684184,0.00066971035567474878,-0.016532551670354896,-0.59999999999999998
7.8375000000000004,3.7429757105961321,-0.53950104234155993,-0.0022473773726863662,-0.013512979984852206,0.00066971035567474878,-0.016532551670354896,-0.59999999999999998
7.8399999999999999,3.7416272548817813,-0.5392633084084103,-0.0022839372158009611,-0.01573751522348384,0.010283036612466559,-0.021140818327568641,-0.59999999999999998
7.8425000000000002,3.7402821886820541,-0.53678926187328535,-0.0023485149297929474,-0.03592928183378858,0.010283036612466559,-0.021140818327568641,-0.59999999999999998
7.8449999999999998,3.7389433112811963,-0.53431196460626518,-0.0024636157958736844,-0.056159655898044947,-0.0048702967571428463,-0.0079756529474118935,-0.59999999999999998
7.8475000000000001,3.7376062298453174,-0.53535239647397759,-0.002593998243993353,-0.048155652467035417,-0.0048702967571428463,-0.0079756529474118935,-0.59999999999999998
7.8500000000000005,3.7362665529347492,-0.53638846481307823,-0.0027044372200281048,-0.040203448227208893,0.0037334285038218024,-0.018726342469180098,-0.59999999999999998
7.8525,3.7349267906182253,-0.53542072037256139,-0.0028151310783823685,-0.048359571015845156,0.0037334285038218024,-0.018726342469180098,-0.59999999999999998
7.8550000000000004,3.7335894529806839,-0.53444859821950819,-0.0029462783911313965,-0.056567677268473927,-0.0030910171555016954,-0.013200409834640991,-0.59999999999999998
7.8574999999999999,3.7322525688586214,-0.53505787912765945,-0.0030820931391248871,-0.052093859426261005,-0.0030910171555016954,-0.013200409834640991,-0.59999999999999998
7.8600000000000003,3.7309141675176769,-0.5356624404378113,-0.003206794374728776,-0.0476760705740151,0.0037924259149871211,-0.011197650754963533,-0.59999999999999998
7.8624999999999998,3.7295762604293357,-0.53466244708176525,-0.0033365808549980793,-0.05616241358914633,0.0037924259149871211,-0.011197650754963533,-0.59999999999999998
7.8650000000000002,3.7282408595180523,-0.53365737036842897,-0.0034876567429971829,-0.064709121952924442,-0.012648943244452468,-0.017780713618776155,-0.59999999999999998
7.8675000000000006,3.7269032009812539,-0.53646864758516521,-0.0036218135613112646,-0.042625961975559012,-0.012648943244452468,-0.017780713618776155,-0.59999999999999998
7.8700000000000001,3.7255585195027177,-0.53927605727457739,-0.0037008247923595041,-0.020588694416850795,-0.0022131736412287634,-0.012096425842728986,-0.59999999999999998
7.8725000000000005,3.724209854636797,-0.53965554371921953,-0.0037491304494811123,-0.018059294786440444,-0.0022131736412287634,-0.012096425842728986,-0.59999999999999998
7.875,3.7228602431473439,-0.54003339414048601,-0.0037911374501553578,-0.015549317654490365,-0.0022926848179108819,-0.01673787682727132,-0.59999999999999998
7.8775000000000004,3.7215096657358258,-0.5404283202562391,-0.0038267054097483452,-0.012907600274841634,-0.0022926848179108819,-0.01673787682727132,-0.59999999999999998
7.8799999999999999,3.7201581025204167,-0.54082207703163299,-0.003855687018781361,-0.010279764968424806,0.0004627632333035446,-0.018134424524200159,-0.59999999999999998
7.8825000000000003,3.7188063567926122,-0.54057433100923558,-0.0038845440842076246,-0.012807955743748647,0.0004627632333035446,-0.018134424524200159,-0.59999999999999998
7.8849999999999998,3.7174552318317886,-0.54032542519142812,-0.0039197382721374574,-0.01534991719479889,-0.0024717168400406678,-0.024003652489056563,-0.59999999999999998
7.8875000000000002,3.7161038781373374,-0.54075732066223203,-0.0039544589686147007,-0.012429129549986258,-0.0024717168400406678,-0.024003652489056563,-0.59999999999999998
7.8900000000000006,3.714751446166741,-0.54118809010439839,-0.0039818950585723996,-0.0095217096655712159,0.0045352301598481394,-0.023651939298552634,-0.59999999999999998
7.8925000000000001,3.7133999744501591,-0.53998906277933578,-0.0040184287633521325,-0.019707871398177382,0.0045352301598481394,-0.023651939298552634,-0.59999999999999998
7.8950000000000005,3.7120515023388694,-0.53878825210784387,-0.0040804520635585075,-0.029915212113245472,0.00021506468760648656,-0.010836463066927081,-0.59999999999999998
7.8975,3.7107047801147615,-0.53858905933974288,-0.0041579492906554947,-0.032088124380046032,0.00021506468760648656,-0.010836463066927081,-0.59999999999999998
7.9000000000000004,3.7093585594633511,-0.53838696090357174,-0.0042409214330506239,-0.034295536741053637,0.0038677572651016571,-0.020388362643931127,-0.59999999999999998
7.9024999999999999,3.7080139092753703,-0.53733260394719329,-0.00433798226277958,-0.04336008077807859,0.0038677572651016571,-0.020388362643931127,-0.59999999999999998
7.9050000000000002,3.7066718997130628,-0.53627432334352654,-0.0044577606647732484,-0.052471221917480035,-0.00092225713239320155,-0.018104572134275514,-0.59999999999999998
7.9074999999999998,3.7053311497661858,-0.53632484051935414,-0.0045892065846705994,-0.052694936747826826,-0.00092225713239320155,-0.018104572134275514,-0.59999999999999998
7.9100000000000001,3.7039902794870843,-0.53637058532664228,-0.0047212825623509013,-0.052975313249441068,0.0053385107624643081,-0.00078162702203443636,-0.59999999999999998
7.9125000000000005,3.7026511200401071,-0.53495608308994191,-0.0048687417167504014,-0.065002571427565908,0.0053385107624643081,-0.00078162702203443636,-0.59999999999999998
7.915,3.7013155039706405,-0.53353570157933705,-0.0050463536086963736,-0.077099662243292413,0.0012124276543209762,-0.01706684644031211,-0.59999999999999998
7.9175000000000004,3.6999822484258624,-0.53306753746636681,-0.0052446798373386935,-0.081575532334426867,0.0012124276543209762,-0.01706684644031211,-0.59999999999999998
7.9199999999999999,3.6986501724358938,-0.53259198961102194,-0.0054543043325431901,-0.086139084651527864,-0.010315675462187647,-0.026444802009383029,-0.59999999999999998
7.9225000000000003,3.6973159452750903,-0.53478856380183426,-0.0056485490302019166,-0.06927061794425686,-0.010315675462187647,-0.026444802009383029,-0.59999999999999998
7.9249999999999998,3.6959762348553045,-0.53697885127250222,-0.0058007195767665522,-0.052476744018153249,-0.0051444079771079667,-0.020918928283231112,-0.59999999999999998
7.9275000000000002,3.6946325575851788,-0.53796222554037532,-0.0059230480606901901,-0.045394818007203033,-0.0051444079771079667,-0.020918928283231112,-0.59999999999999998
7.9300000000000006,3.693286427156532,-0.53894148469672087,-0.006027734365941396,-0.03836173567184354,0.0044684186336987099,-0.015859794395387674,-0.59999999999999998
7.9325000000000001,3.6919406462146931,-0.53768260809276036,-0.0061373245462211217,-0.049318256348577359,0.0044684186336987099,-0.015859794395387674,-0.59999999999999998
7.9350000000000005,3.6905980178322939,-0.53641927167015468,-0.0062743697906377498,-0.060327752728460041,-0.0031373556023328716,-0.031737397030389719,-0.59999999999999998
7.9375,3.6892563444391064,-0.53691855556685053,-0.0064212678549855091,-0.057201232294825696,-0.0031373556023328716,-0.031737397030389719,-0.59999999999999998
7.9400000000000004,3.6879134293729785,-0.53741265676418815,-0.0065604272184314966,-0.054136237108009654,-0.0067666063010367698,-0.023624398847905886,-0.59999999999999998
7.9424999999999999,3.6865682307192693,-0.53874552187040259,-0.0066835281012586692,-0.044353302537711713,-0.0067666063010367698,-0.023624398847905886,-0.59999999999999998
7.9450000000000003,3.6852197051155735,-0.54007436424286792,-0.0067822335102144084,-0.034618107610922245,0.0064837493915417752,-0.015735394553648096,-0.59999999999999998
7.9474999999999998,3.683871711551078,-0.53831985283731543,-0.0068875714391890795,-0.049659774501704723,0.0064837493915417752,-0.015735394553648096,-0.59999999999999998
7.9500000000000002,3.6825281095902418,-0.53656085447837931,-0.007030576806025788,-0.064754753300617113,-0.002099201840099851,-0.019608986603159861,-0.59999999999999998
7.9525000000000006,3.6811864182993412,-0.53679120730464169,-0.0071913736386357355,-0.063894240271160932,-0.002099201840099851,-0.019608986603159861,-0.59999999999999998
7.9550000000000001,3.6798441583759005,-0.53701577299111158,-0.0073501052589527239,-0.063102435324508016,-0.0035247910457704406,-0.014470099589228786,-0.59999999999999998
7.9575000000000005,3.6785009299818396,-0.53756601492302669,-0.0075036155771173703,-0.059716827554512138,-0.0035247910457704406,-0.014470099589228786,-0.59999999999999998
7.96,3.6771563328101164,-0.53811084575928791,-0.0076487429208176149,-0.056395454614340659,0.00090130331250956076,-0.014908918563770857,-0.59999999999999998
7.9625000000000004,3.6758116660348628,-0.53762168633441187,-0.0077959721248064134,-0.061398455980576583,0.00090130331250956076,-0.014908918563770857,-0.59999999999999998
7.9649999999999999,3.6744682290075485,-0.53712697150965405,-0.007955790177473606,-0.066467435097115501,-0.012900225121086517,-0.013155997325693725,-0.59999999999999998
7.9675000000000002,3.6731220261172379,-0.53983449009582551,-0.0080961618809721227,-0.045840015809977375,-0.012900225121086517,-0.013155997325693725,-0.59999999999999998
7.9699999999999998,3.6717690600290456,-0.5425378418681388,-0.0081850314315109057,-0.025262011820224747,-0.0092151313386458315,-0.014249851361560418,-0.59999999999999998
7.9725000000000001,3.6704104095311045,-0.54438227766078273,-0.0082310940418010414,-0.011591384268888134,-0.0092151313386458315,-0.014249851361560418,-0.59999999999999998
7.9750000000000005,3.6690471495176191,-0.5462256610520223,-0.0082429987557579402,0.0020667580312644061,-0.0052332950452770042,-0.012659228872941769,-0.59999999999999998
7.9775,3.6676804379976922,-0.54714363314885128,-0.0082300502683884738,0.0082929606940468845,-0.0052332950452770042,-0.012659228872941769,-0.59999999999999998
7.9800000000000004,3.6663114307253202,-0.54806235715303042,-0.0082015265159536901,0.014528087456582718,-0.0040205813553323673,-0.015894509854058533,-0.59999999999999998
7.9824999999999999,3.6649404774705503,-0.54870049619141414,-0.0081602267544726298,0.018514683673195594,-0.0040205813553323673,-0.015894509854058533,-0.59999999999999998
7.9850000000000003,3.6635679268461501,-0.54934031321950683,-0.0081089365005630153,0.022521197912403722,-0.00092215524647770372,-0.012983499161876411,-0.59999999999999998
7.9874999999999998,3.6621946744595695,-0.54926192261227824,-0.0080548309880408061,0.020767089777897242,-0.00092215524647770372,-0.012983499161876411,-0.59999999999999998
7.9900000000000002,3.6608216156664288,-0.54918541217262518,-0.0080050824491079749,0.019035306804952679,-9.7918102820934716e-06,-0.017441157800008732,-0.59999999999999998
7.9925000000000006,3.6594490110529216,-0.54889854000475291,-0.007961766477712939,0.015620574129027211,-9.7918102820934716e-06,-0.017441157800008732,-0.59999999999999998
7.9950000000000001,3.6580771217883412,-0.54861308165341094,-0.0079269655888505701,0.012222630653210467,-0.0015419896874808142,-0.018412009762963213,-0.59999999999999998
7.9975000000000005,3.6567054995368968,-0.54868490000498826,-0.0078970668611761091,0.011698494626648539,-0.0015419896874808142,-0.018412009762963213,-0.59999999999999998
8,3.6553336964055814,-0.5487577777355318,-0.0078684626348574076,0.011186936783958459,-0.0015217431118538958,-0.0061233668834666556,-0.59999999999999998
8.0024999999999995,3.6539617156868105,-0.54882696205442794,-0.0078411694019067182,0.010649605956436487,-0.0015217431118538958,-0.0061233668834666556,-0.59999999999999998
8.0050000000000008,3.6525895607917205,-0.54889711076834868,-0.0078152050639320944,0.01012372555225172,-0.00034130711398357334,-0.010824509900576009,-0.59999999999999998
8.0075000000000003,3.6512175723501743,-0.54869377468770231,-0.0077932963626519839,0.0074048055164648782,-0.00034130711398357334,-0.010824509900576009,-0.59999999999999998
8.0099999999999998,3.6498460913597559,-0.54849110890967157,-0.0077781744040908785,0.0046938450343160642,-0.013670320267663912,-0.013766512114866286,-0.59999999999999998
8.0124999999999993,3.6484712436418709,-0.55138730450759388,-0.0077387183932787684,0.02687379912367921,-0.013670320267663912,-0.013766512114866286,-0.59999999999999998
8.0150000000000006,3.6470891528013651,-0.55428594324729685,-0.0076437812658934155,0.049082725754471535,-0.0046593959998301199,-0.01209833728235629,-0.59999999999999998
8.0175000000000001,3.6457024283890869,-0.55509436910106358,-0.007514288655485756,0.054520650810734705,-0.0046593959998301199,-0.01209833728235629,-0.59999999999999998
8.0199999999999996,3.6443136768378324,-0.55590773700809937,-0.007371129132536452,0.060017236021689555,-0.003938770491229357,-0.015925412196282841,-0.59999999999999998
8.0225000000000009,3.6429230945546336,-0.55655902779874711,-0.0072158303404421748,0.064232935109803699,-0.003938770491229357,-0.015925412196282841,-0.59999999999999998
8.0250000000000004,3.6415308768484058,-0.55721613961328331,-0.007049906879896024,0.068517732694237637,-0.0017813383584481656,-0.0079303298753683246,-0.59999999999999998
8.0274999999999999,3.6401376355471071,-0.55737793805595437,-0.0068782149466721423,0.068848121663787731,-0.0017813383584481656,-0.0079303298753683246,-0.59999999999999998
8.0299999999999994,3.6387439819624694,-0.55754597184353549,-0.0067056045843388876,0.069252541935126075,0.0026399974476806372,-0.011535951706754807,-0.59999999999999998
8.0325000000000006,3.6373511851363594,-0.55669247442706415,-0.0065422081157275507,0.061476336616912514,0.0026399974476806372,-0.011535951706754807,-0.59999999999999998
8.0350000000000001,3.6359605149564378,-0.55584453821045088,-0.0063981678636952817,0.053766182618872976,0.00061458742242556999,-0.0029356996968911858,-0.59999999999999998
8.0374999999999996,3.6345713698806867,-0.55547230424312799,-0.0062686024004148305,0.049895472433522464,0.00061458742242556999,-0.0029356996968911858,-0.59999999999999998
8.0400000000000009,3.6331831496719165,-0.55510458666154594,-0.0061486458128316678,0.046078393663400698,-0.0016143558984492209,-0.014143109793755692,-0.59999999999999998
8.0425000000000004,3.6317951958176664,-0.55525919521491052,-0.0060329674850093688,0.046472561337712555,-0.0016143558984492209,-0.014143109793755692,-0.59999999999999998
8.0449999999999999,3.6304068501885691,-0.55541801287128856,-0.0059162413656780833,0.046916702028521169,-0.013114946192574058,-0.0057243897712016319,-0.59999999999999998
8.0474999999999994,3.6290147605214029,-0.55825459722611803,-0.0057715029104208945,0.068884457863067544,-0.013114946192574058,-0.0057243897712016319,-0.59999999999999998
8.0500000000000007,3.627615571989399,-0.56109743767189735,-0.00557175723665106,0.090926426729259158,0.0067706398391919487,-0.021282154853624054,-0.59999999999999998
8.0525000000000002,3.6262150445886099,-0.55932573984071199,-0.0053631967059121462,0.075936929502645759,0.0067706398391919487,-0.021282154853624054,-0.59999999999999998
8.0549999999999997,3.6248189375701356,-0.55756090673723635,-0.0051920046366579495,0.0610289831228681,-0.0080251337766271743,-0.013601610810565252,-0.59999999999999998
8.057500000000001,3.6234229362404506,-0.55924117605101298,-0.0050234676426417942,0.07381270557154096,-0.0080251337766271743,-0.013601610810565252,-0.59999999999999998
8.0600000000000005,3.6220227261116684,-0.56092813975737021,-0.0048228749085120976,0.086675874796511482,0.012707047622020611,-0.0011899576770236812,-0.59999999999999998
8.0625,3.6206243131922662,-0.55780330658923605,-0.0046383944675751692,0.060921677981646438,0.012707047622020611,-0.0011899576770236812,-0.59999999999999998
8.0649999999999995,3.6192337049936034,-0.55468397611881815,-0.0045182120346902218,0.035232868624534348,0.0038160517304595357,-0.0089234176840492403,-0.59999999999999998
8.0675000000000008,3.6178483071736434,-0.55363474294035087,-0.0044414490873528091,0.026182988913507579,0.0038160517304595357,-0.0089234176840492403,-0.59999999999999998
8.0700000000000003,3.616465529304695,-0.55258787905611217,-0.0043872736445574731,0.017161246816774542,-0.003119470447464451,-0.0056218847170203274,-0.59999999999999998
8.0724999999999998,3.615083351203626,-0.55315489072071067,-0.0043394415533554165,0.021107855981669824,-0.003119470447464451,-0.0056218847170203274,-0.59999999999999998
8.0749999999999993,3.6136997532574635,-0.55372381489379241,-0.004281715446422793,0.025077168861401086,-0.0050684212923487329,-0.011220110137172739,-0.59999999999999998
8.0775000000000006,3.612314163920916,-0.55474809078513443,-0.0042094848160899277,0.032712515926486635,-0.0050684212923487329,-0.011220110137172739,-0.59999999999999998
8.0800000000000001,3.6109260103329501,-0.55577533161519344,-0.0041181235410004437,0.040383056715140198,-0.01201224898918217,-0.010282182204298053,-0.59999999999999998
8.0824999999999996,3.6095332665102458,-0.55842049354054901,-0.0039913279358754971,0.061062528362674257,-0.01201224898918217,-0.010282182204298053,-0.59999999999999998
8.0850000000000009,3.6081339032485062,-0.56107119594443811,-0.0038127561170102592,0.081807743341297964,-0.0016924270549965471,-0.011449271974537779,-0.59999999999999998
8.0875000000000004,3.6067309030419321,-0.56133021597593036,-0.0036063001923654328,0.083371797382981533,-0.0016924270549965471,-0.011449271974537779,-0.59999999999999998
8.0899999999999999,3.6053272458762877,-0.56159678748387487,-0.0033958224241414448,0.085025506524423478,0.00042771688110372283,-0.0051984949934305623,-0.59999999999999998
8.0924999999999994,3.6039235287537701,-0.56137817688768021,-0.0031860444818787702,0.082811883513457973,0.00042771688110372283,-0.0051984949934305623,-0.59999999999999998
8.0950000000000006,3.6025203487435178,-0.56116706496865354,-0.0029816888166679435,0.080687296465523459,-0.0017073138630267423,-0.0159450408081361,-0.59999999999999998
8.0975000000000001,3.6011170669461672,-0.5614596055721468,-0.0027775529363238244,0.082636042563681719,-0.0017073138630267423,-0.0159450408081361,-0.59999999999999998
8.0999999999999996,3.5997130444788143,-0.56175963104899707,-0.0025684345568866276,0.084673652882185535,-0.0006895511725464893,-0.0026491585064301187,-0.59999999999999998
8.1025000000000009,3.5983085581415963,-0.56183071842736165,-0.0023564840831707041,0.084901919906143625,-0.0006895511725464893,-0.0026491585064301187,-0.59999999999999998
8.1050000000000004,3.5969038844795378,-0.56190949506106691,-0.0021438488858585925,0.085221480892656895,0.0094634715298650002,-0.0039385033289905235,-0.59999999999999998
8.1074999999999999,3.5955019545066782,-0.55963562857258886,-0.0019539958166776891,0.066674576615359665,0.0094634715298650002,-0.0039385033289905235,-0.59999999999999998
8.1099999999999994,3.5941057013090725,-0.55736779579951146,-0.0018104162960234083,0.048199327578098125,-0.0022202306288847153,-0.015085596421637568,-0.59999999999999998
8.1125000000000007,3.5927117168299749,-0.55782054069581999,-0.0016856881096894291,0.051592163795992969,-0.0022202306288847153,-0.015085596421637568,-0.59999999999999998
8.1150000000000002,3.5913165947114507,-0.55827795896766252,-0.0015524092451105853,0.055040483137363802,-0.00050278403826773364,-0.015651636620443766,-0.59999999999999998
8.1174999999999997,3.5899208219389696,-0.55834109206460703,-0.0014144446263677031,0.05534110232599157,-0.00050278403826773364,-0.015651636620443766,-0.59999999999999998
8.120000000000001,3.5885248850745408,-0.55840923751319405,-0.0012756541463988954,0.055701231329591233,0.0063093815500240066,-0.013656277758246146,-0.59999999999999998
8.1225000000000005,3.5871307510391359,-0.55689873850214455,-0.0011517871187974682,0.043401268738218236,0.0063093815500240066,-0.013656277758246146,-0.59999999999999998
8.125,3.5857403881075993,-0.55539216920363033,-0.0010586089228846447,0.031147966655874298,-0.0016402817366029648,-0.0038175482605854439,-0.59999999999999998
8.1274999999999995,3.5843514778139927,-0.55573655566862934,-0.00097746606264832703,0.033772138806611514,-0.0016402817366029648,-0.0038175482605854439,-0.59999999999999998
8.1300000000000008,3.5829617027802731,-0.55608400117681522,-0.00088971796650681148,0.036432628897289578,-0.0013929541567309894,-0.0032132536015939028,-0.59999999999999998
8.1325000000000003,3.5815711269273232,-0.55637724801500865,-0.00079584749772464581,0.038670475780083112,-0.0013929541567309894,-0.0032132536015939028,-0.59999999999999998
8.1349999999999998,3.5801798136215752,-0.55667399750508373,-0.00069633093652816112,0.040949907573619333,-0.0010059289145573722,-0.0059725213390595571,-0.59999999999999998
8.1374999999999993,3.5787878663118384,-0.55688448048179906,-0.00059196452621737257,0.04255070268669834,-0.0010059289145573722,-0.0059725213390595571,-0.59999999999999998
8.1400000000000006,3.577395388007762,-0.55709881748187229,-0.00048353929571306775,0.044197254679473282,-0.0022495040585329036,-0.0074162472469891235,-0.59999999999999998
8.1425000000000001,3.576002007527733,-0.55760626398885871,-0.00036803632816263603,0.048213399775387515,-0.0022495040585329036,-0.0074162472469891235,-0.59999999999999998
8.1449999999999996,3.5746073530490121,-0.55811807743657782,-0.00024242909516296256,0.052281391325030749,0.0026776007570255781,-0.0081257866797667944,-0.59999999999999998
8.1475000000000009,3.5732128449250098,-0.55748917258389219,-0.00011808166842907576,0.047205464302879196,0.0026776007570255781,-0.0081257866797667944,-0.59999999999999998
8.1500000000000004,3.5718199036235503,-0.55686454318469036,-6.3594768159416814e-06,0.042180298263072465,0.00049432751050941873,-0.014128115984260415,-0.59999999999999998
8.1524999999999999,3.5704278846048045,-0.55675130167393594,9.7953058725764922e-05,0.041277208250107701,0.00049432751050941873,-0.014128115984260415,-0.59999999999999998
8.1549999999999994,3.5690361439999529,-0.5566417987749902,0.00020006355016085941,0.040418505128785809,-0.0031733861302756117,-0.006686598564808399,-0.59999999999999998
8.1575000000000006,3.5676436067873443,-0.55738862689691848,0.00030864170815422565,0.046451804833072555,-0.0031733861302756117,-0.006686598564808399,-0.59999999999999998
8.1600000000000001,3.5662491973598636,-0.55813966209540677,0.00043236419551360343,0.052535054133492382,0.0039555514577674471,-0.0034674209361400163,-0.59999999999999998
8.1624999999999996,3.5648549760556629,-0.55723812017216168,0.00055472615760970726,0.045363288088978361,0.0039555514577674471,-0.0034674209361400163,-0.59999999999999998
8.1650000000000009,3.5634630033351398,-0.55634068727916897,0.0006592212849690028,0.038240305556769494,8.1620568534931937e-05,-0.0091383000550250889,-0.59999999999999998
8.1675000000000004,3.5620721440374825,-0.55634732919711982,0.0007550031331992243,0.038392039529593913,8.1620568534931937e-05,-0.0091383000550250889,-0.59999999999999998
8.1699999999999999,3.5606812637916767,-0.55635744839900569,0.00085121588310679321,0.038585057781774769,-0.0022313864963197927,-0.016402740522274858,-0.59999999999999998
8.1724999999999994,3.5592896817650428,-0.55690878961941781,0.00095336120832040369,0.043138524545252466,-0.0022313864963197927,-0.016402740522274858,-0.59999999999999998
8.1750000000000007,3.5578967165881954,-0.55746403763166164,0.001066947156833249,0.047738376437800698,0.0022398244610973717,-0.010897749918995364,-0.59999999999999998
8.1775000000000002,3.5565036572272564,-0.55698414384770967,0.0011816607330925081,0.04404070881642777,0.0022398244610973717,-0.010897749918995364,-0.59999999999999998
8.1799999999999997,3.5551117925448783,-0.5565082393299684,0.001287190165148203,0.040390402692302596,0.0080124404657074769,-0.012454082799181069,-0.59999999999999998
8.182500000000001,3.5537227903982025,-0.55469397933574427,0.0013701765409130341,0.026004649126262349,0.0080124404657074769,-0.012454082799181069,-0.59999999999999998
8.1850000000000005,3.5523383206847741,-0.55288207571707526,0.0014172367183823201,0.011646867845386776,0.0013696102563242902,-0.011945799712175889,-0.59999999999999998
8.1875,3.5509564488564789,-0.55261554808200963,0.001443924657503216,0.0097053968174731879,0.0013696102563242902,-0.011945799712175889,-0.59999999999999998
8.1899999999999995,3.5495752422118363,-0.55234989956685598,0.0014657723992122032,0.0077743629091815208,0.0055261666290268921,-0.011655656584992775,-0.59999999999999998
8.1925000000000008,3.5481959065901378,-0.55111864208191741,0.0014731026808298352,-0.0019096118377210309,0.0055261666290268921,-0.011655656584992775,-0.59999999999999998
8.1950000000000003,3.5468196491456285,-0.54988721157909093,0.0014562226281659481,-0.011595640529953797,-0.0004747396578978786,-0.0041928572942202553,-0.59999999999999998
8.1974999999999998,3.5454447276551821,-0.55004981712517331,0.0014291192722667538,-0.010088987182858528,-0.0004747396578978786,-0.0041928572942202553,-0.59999999999999998
8.1999999999999993,3.5440694008214,-0.55021150890649662,0.0014057686524507112,-0.0085931826413091477,0.0032481378263095276,-0.013979956015976956,-0.59999999999999998
8.2025000000000006,3.5426947525587984,-0.54950693019839336,0.0013774570374136337,-0.014058139192184942,0.0032481378263095276,-0.013979956015976956,-0.59999999999999998
8.2050000000000001,3.5413218672316038,-0.54880107796384481,0.0013354653581322618,-0.019538214860813106,-0.010946345157774318,-0.015322716960595216,-0.59999999999999998
8.2074999999999996,3.5399466239870616,-0.55139338132575422,0.0013128762018352663,0.0014652707671065635,-0.010946345157774318,-0.015322716960595216,-0.59999999999999998
8.2100000000000009,3.5385649002143853,-0.55398581732158469,0.0013427930251964876,0.022470331394043808,0.0059139185443904067,-0.010512487226831919,-0.59999999999999998
8.2125000000000004,3.5371815924877854,-0.55266062434094665,0.0013858987268893981,0.012017321040749495,0.0059139185443904067,-0.010512487226831919,-0.59999999999999998
8.2149999999999999,3.5358015961854492,-0.55133652017694157,0.0014028904003963185,0.0015772363356592045,0.00020051754351925292,-0.016353568244344925,-0.59999999999999998
8.2174999999999994,3.534423249558833,-0.55134080665843455,0.0014071205181596862,0.0018071611264840924,0.00020051754351925292,-0.016353568244344925,-0.59999999999999998
8.2200000000000006,3.5330448920157664,-0.55134525682236257,0.0014119278253243034,0.002039029235034706,0.0037403351470025135,-0.013039538848927728,-0.59999999999999998
8.2225000000000001,3.5316675517265312,-0.55052695723069678,0.00140905610374009,-0.0043366123018526576,0.0037403351470025135,-0.013039538848927728,-0.59999999999999998
8.2249999999999996,3.5302922575569951,-0.54970826477184775,0.0013902408772315552,-0.01071691784847369,0.0075118601648453028,-0.0087200592077970925,-0.59999999999999998
8.2275000000000009,3.5289201071475218,-0.54801179956047907,0.0013466597510841372,-0.024151108054178,0.0075118601648453028,-0.0087200592077970925,-0.59999999999999998
8.2300000000000004,3.5275522003826998,-0.54631314600265857,0.0012694636900882571,-0.037611276156303622,0.014584868118122504,-0.017178852716189748,-0.59999999999999998
8.2324999999999999,3.5261905995447274,-0.54296675459544808,0.0011420623347727322,-0.064318945368282768,0.014584868118122504,-0.017178852716189748,-0.59999999999999998
8.2349999999999994,3.5248373714671124,-0.53961453394936865,0.00094781130483243762,-0.091095809253564614,-0.0052446490298584652,-0.01494654158530434,-0.59999999999999998
8.2375000000000007,3.5234867716489502,-0.54086402252396937,0.00073278078030546059,-0.08094402306338469,-0.0052446490298584652,-0.01494654158530434,-0.59999999999999998
8.2400000000000002,3.5221330574619194,-0.542106181496947,0.00054301867284425713,-0.070879265098051994,-0.0042120439436195336,-0.016862426664392419,-0.59999999999999998
8.2424999999999997,3.5207765461466782,-0.54310186177871311,0.00037591100357124349,-0.062818849262211041,-0.0042120439436195336,-0.016862426664392419,-0.59999999999999998
8.245000000000001,3.5194175528935112,-0.54409185293953821,0.00022886814286734379,-0.054825980233581685,5.1306782153530406e-05,-0.0018065124230281235,-0.59999999999999998
8.2475000000000005,3.5180573298744009,-0.54408573460923149,9.1781940698569314e-05,-0.054852808966194627,5.1306782153530406e-05,-0.0018065124230281235,-0.59999999999999998
8.25,3.5166971283601742,-0.54407464818291429,-4.5445051308621762e-05,-0.054938622195782286,-0.003877235635923279,-0.020336205536046471,-0.59999999999999998
8.2524999999999995,3.5153358192141559,-0.54497189363490783,-0.00017379175197881943,-0.047747939541206957,-0.003877235635923279,-0.020336205536046471,-0.59999999999999998
8.2550000000000008,3.5139722724956197,-0.54586481432841927,-0.00028422753301528725,-0.040608602615924395,-0.017738159132834719,-0.021639248318529911,-0.59999999999999998
8.2575000000000003,3.5126024704667578,-0.54997644455858419,-0.00034452178590123095,-0.0076311233785044605,-0.017738159132834719,-0.021639248318529911,-0.59999999999999998
8.2599999999999998,3.5112223908487956,-0.55408738343838471,-0.00032238998755515491,0.02533814841922389,0.0047334687159689744,-0.0046873476630886479,-0.59999999999999998
8.2624999999999993,3.5098385614970402,-0.55297641277375487,-0.00027025382840680022,0.016374516520285418,0.0047334687159689744,-0.0046873476630886479,-0.59999999999999998
8.2650000000000006,3.5084575075492013,-0.55186692514756019,-0.00024050273359183994,0.007428492255159843,0.0088598611218119166,-0.013290022317115357,-0.59999999999999998
8.2675000000000001,3.5070804253678953,-0.5497988064410213,-0.00024273510828464639,-0.0092145517712348655,0.0088598611218119166,-0.013290022317115357,-0.59999999999999998
8.2699999999999996,3.5057085142124333,-0.54772985320486334,-0.00028658374923809076,-0.025867504012446196,-0.0023845928300808821,-0.018668459739286734,-0.59999999999999998
8.2725000000000009,3.5043385106133851,-0.548272668131909,-0.00034585289588783913,-0.021552062453587706,-0.0023845928300808821,-0.018668459739286734,-0.59999999999999998
8.2750000000000004,3.5029671524983939,-0.54881353092318286,-0.00039436337332025937,-0.01725979735354383,0.00060208981356242933,-0.0079049003926092813,-0.59999999999999998
8.2774999999999999,3.5015953121388108,-0.54865848638557313,-0.00043913782769555124,-0.01856297597291719,0.00060208981356242933,-0.0079049003926092813,-0.59999999999999998
8.2799999999999994,3.5002238614674424,-0.54850176053105304,-0.00048719488630668395,-0.019886116064021186,0.0053299027675756949,-0.021124707888053693,-0.59999999999999998
8.2825000000000006,3.4988541786559448,-0.54724411178243759,-0.00054962024684205169,-0.030058647089536983,0.0053299027675756949,-0.021124707888053693,-0.59999999999999998
8.2850000000000001,3.497487643176854,-0.54598374084590295,-0.00063751505351887863,-0.040263498614179452,-0.0010773451526168232,-0.015588934300482988,-0.59999999999999998
8.2874999999999996,3.496122401157594,-0.54620927974867173,-0.00073602024575080305,-0.03854771707207074,-0.0010773451526168232,-0.015588934300482988,-0.59999999999999998
8.2900000000000009,3.4947565996874204,-0.54643132716039422,-0.00083028817951496929,-0.036873388088892928,0.0061122338115497544,-0.0086420640767006784,-0.59999999999999998
8.2925000000000004,3.4933923364676889,-0.54497860324006875,-0.0009371996306485902,-0.048663435758794372,0.0061122338115497544,-0.0086420640767006784,-0.59999999999999998
8.2949999999999999,3.4920317103429737,-0.54352147287503727,-0.0010736489550286325,-0.060505803558510367,0.0068839224062668299,-0.021266414843831957,-0.59999999999999998
8.2974999999999994,3.490674957907006,-0.54187946228593586,-0.0012415838564334414,-0.073854153261472946,0.0068839224062668299,-0.021266414843831957,-0.59999999999999998
8.3000000000000007,3.4893223186030244,-0.54023076538882842,-0.0014429858783200659,-0.087281897709415635,-0.00051141118290823177,-0.0048912882222843079,-0.59999999999999998
8.3025000000000002,3.4879716617182748,-0.54029342723536777,-0.0016608119746536563,-0.086994594369889239,-0.00051141118290823177,-0.0048912882222843079,-0.59999999999999998
8.3049999999999997,3.4866208580318721,-0.54034821034592462,-0.0018780367964078251,-0.086800834908235994,0.0025427015101665753,-0.019929495866833825,-0.59999999999999998
8.307500000000001,3.4852708146827567,-0.53968511695644528,-0.0021020217222236176,-0.092403159205262694,0.0025427015101665753,-0.019929495866833825,-0.59999999999999998
8.3100000000000005,3.4839224394182553,-0.53901365744538765,-0.0023401353684056716,-0.098104823267643984,-0.0074988673837985782,-0.017725886118128843,-0.59999999999999998
8.3125,3.4825728359214967,-0.54066775598024075,-0.0025691984276086976,-0.085162052557690701,-0.0074988673837985782,-0.017725886118128843,-0.59999999999999998
8.3149999999999995,3.4812191070697214,-0.54231413614313595,-0.0027660219731509743,-0.072310900932407079,-0.00029750677717919199,-0.0084179820975875449,-0.59999999999999998
8.3175000000000008,3.4798633632637297,-0.54227981221741517,-0.0029476244287032979,-0.072984081480107404,-0.00029750677717919199,-0.0084179820975875449,-0.59999999999999998
8.3200000000000003,3.4785077135161746,-0.54223887865453335,-0.0031310077718072395,-0.073735738530694997,0.0072873863823298725,-0.015117472552680134,-0.59999999999999998
8.3224999999999998,3.4771543784345811,-0.54042796194217768,-0.0033340708775553224,-0.088729291555569842,0.0072873863823298725,-0.015117472552680134,-0.59999999999999998
8.3249999999999993,3.4758055803947365,-0.53860901866591704,-0.0035747336677205239,-0.10381817798869046,-0.012860908028793451,-0.019077526174572181,-0.59999999999999998
8.3275000000000006,3.4744554865546067,-0.54146465315681935,-0.0038062327238787769,-0.081397683076442573,-0.012860908028793451,-0.019077526174572181,-0.59999999999999998
8.3300000000000001,3.4730982632830973,-0.54431290195683446,-0.0039817951080180275,-0.059064826720258659,0.0055367849395194513,-0.018851322415898736,-0.59999999999999998
8.3324999999999996,3.4717392724177896,-0.54287880872557925,-0.0041445460818461755,-0.071147610291770455,0.0055367849395194513,-0.018851322415898736,-0.59999999999999998
8.3350000000000009,3.4703838746026174,-0.5414382792013287,-0.0043375968579714768,-0.083306838228092248,-0.0051433651326245567,-0.011345011510753284,-0.59999999999999998
8.3375000000000004,3.4690289839349013,-0.54247305478036634,-0.0045362298508113694,-0.075613802525983043,-0.0051433651326245567,-0.011345011510753284,-0.59999999999999998
8.3399999999999999,3.4676715150392123,-0.54350097712126777,-0.0047157336547422107,-0.068002115428928631,-0.0023527792692020714,-0.023709240868211277,-0.59999999999999998
8.3424999999999994,3.4663122950506429,-0.54387400469530534,-0.0048828139338515965,-0.065674087140275006,-0.0023527792692020714,-0.023709240868211277,-0.59999999999999998
8.3450000000000006,3.4649521499730502,-0.54424108295016305,-0.0050441629434849504,-0.063416688941080449,-0.0098797338594496433,-0.020065576522549478,-0.59999999999999998
8.3475000000000001,3.4635889073130683,-0.54635220888620228,-0.0051823882420537048,-0.047173471620622139,-0.0098797338594496433,-0.020065576522549478,-0.59999999999999998
8.3499999999999996,3.4622203924952681,-0.54845905440412723,-0.0052800726228200917,-0.03098104503772665,0.0043138914454515787,-0.011862129504064607,-0.59999999999999998
8.3525000000000009,3.460850738617423,-0.54726350289276715,-0.0053704453938165685,-0.041323644626804212,0.0043138914454515787,-0.011862129504064607,-0.59999999999999998
8.3550000000000004,3.4594840780955245,-0.54606421342914413,-0.0054867278406074728,-0.051710641235987925,-0.0050439955049144808,-0.017383920000925885,-0.59999999999999998
8.3574999999999999,3.4581177023431606,-0.54703566039110185,-0.0056072061875521041,-0.044680678202944732,-0.0050439955049144808,-0.017383920000925885,-0.59999999999999998
8.3599999999999994,3.45674890316839,-0.54800305717736897,-0.0057101712891472626,-0.037698788837373196,-0.0045196106129129577,-0.018291621385930851,-0.59999999999999998
8.3625000000000007,3.455377842273843,-0.54884513404305835,-0.005796957693570198,-0.031736559476086001,-0.0045196106129129577,-0.018291621385930851,-0.59999999999999998
8.3650000000000002,3.454004679895065,-0.54968433435939479,-0.0058688825372937986,-0.025808474377271778,-0.0047742795775350911,-0.016710486853529372,-0.59999999999999998
8.3674999999999997,3.4526293485529695,-0.55058039759799382,-0.0059254288796821595,-0.019432655593995714,-0.0047742795775350911,-0.016710486853529372,-0.59999999999999998
8.370000000000001,3.4512517793748247,-0.5514746993536459,-0.0059660632368127922,-0.013077744847657967,-0.0029390452804557007,-0.016729275588973982,-0.59999999999999998
8.3725000000000005,3.4498725093007652,-0.55194118442527251,-0.0059951122167188351,-0.010163522108426269,-0.0029390452804557007,-0.016729275588973982,-0.59999999999999998
8.375,3.448492074220006,-0.55240674863377215,-0.0060168899562336635,-0.0072602311437660882,0.0080349321543182368,-0.013015039976362349,-0.59999999999999998
8.3774999999999995,3.4471136647680307,-0.55032057118364852,-0.0060570298350588287,-0.024854544421816924,0.0080349321543182368,-0.013015039976362349,-0.59999999999999998
8.3800000000000008,3.4457404732353694,-0.54823214807443554,-0.0061411849121175369,-0.04247553970430093,0.006414302975183141,-0.019708688156950132,-0.59999999999999998
8.3825000000000003,3.4443720363277586,-0.54651662799288714,-0.0062656634839450545,-0.057116228302604308,0.006414302975183141,-0.019708688156950132,-0.59999999999999998
8.3849999999999998,3.4430078943967986,-0.5447959458500492,-0.0064268171565386965,-0.071818245064375674,-0.0052159394872145857,-0.0181755100597925,-0.59999999999999998
8.3874999999999993,3.4416446826908662,-0.54577238627447777,-0.0065976777969318163,-0.064882523729053426,-0.0052159394872145857,-0.0181755100597925,-0.59999999999999998
8.3900000000000006,3.440279037366567,-0.54674294477618912,-0.0067512879479672775,-0.058016616312079647,0.0031302129519024391,-0.0138345319518709,-0.59999999999999998
8.3925000000000001,3.438913397415654,-0.54576807536441441,-0.0069072899303836057,-0.066796141919496177,0.0031302129519024391,-0.0138345319518709,-0.59999999999999998
8.3949999999999996,3.4375502020234423,-0.54478716501737634,-0.0070853284482957192,-0.075647422351545576,-0.0014955417300198965,-0.0011156822947250274,-0.59999999999999998
8.3975000000000009,3.4361881232381202,-0.54487471939789389,-0.007274799941333821,-0.075943353293895247,-0.0014955417300198965,-0.0011156822947250274,-0.59999999999999998
8.4000000000000004,3.4348258341567748,-0.54495539677765381,-0.0074651132529641338,-0.076320937373166559,-0.015437624908681537,-0.015341180360144585,-0.59999999999999998
8.4024999999999999,3.4334593010554872,-0.54827012119789831,-0.0076239376292956606,-0.050749982786133588,-0.015437624908681537,-0.015341180360144585,-0.59999999999999998
8.4049999999999994,3.432084487397046,-0.55158022961440434,-0.0077189087717753502,-0.025233759991820839,-0.015391462925820812,-0.0082219921531527674,-0.59999999999999998
8.4075000000000006,3.4307014152325324,-0.55487731198187507,-0.0077502368288614723,0.0001690613929141091,-0.015391462925820812,-0.0082219921531527674,-0.59999999999999998
8.4100000000000001,3.4293101008242362,-0.5581744097277419,-0.007718063311854451,0.025572065113499444,-0.00065717158749772561,-0.020975442791574199,-0.59999999999999998
8.4124999999999996,3.427914822375886,-0.55804871908812859,-0.0076567375041981254,0.023492976062365761,-0.00065717158749772561,-0.020975442791574199,-0.59999999999999998
8.4150000000000009,3.4265198554565504,-0.55792515534167364,-0.0076005773876418985,0.021439142052505019,-0.01459514239168219,-0.0085165788742645673,-0.59999999999999998
8.4175000000000004,3.4251211452162478,-0.561043543543156,-0.0075169968021914441,0.045431334033069981,-0.01459514239168219,-0.0085165788742645673,-0.59999999999999998
8.4199999999999999,3.4237146342965579,-0.56416606272809766,-0.0073733798987559579,0.069472511549281593,0.0057579046174750965,-0.0057075613349539377,-0.59999999999999998
8.4224999999999994,3.4223062233879453,-0.56256360576568876,-0.0072170682832485835,0.055587968471539906,0.0057579046174750965,-0.0057075613349539377,-0.59999999999999998
8.4250000000000007,3.4209018120823629,-0.5609661717361728,-0.0070953903288853148,0.041763104318157829,-0.00059340976017407954,-0.0018684006378991852,-0.59999999999999998
8.4275000000000002,3.4194995439477989,-0.56084895155409276,-0.006993393702912948,0.039841506547165915,-0.00059340976017407954,-0.0018684006378991852,-0.59999999999999998
8.4299999999999997,3.418097564318876,-0.56073533856185331,-0.0068961471064270027,0.037962740369493382,-0.008700685449566696,-0.0095174873569283149,-0.59999999999999998
8.432500000000001,3.4166935087318309,-0.56250980575171972,-0.0067846264131684901,0.05126181952120764,-0.008700685449566696,-0.0095174873569283149,-0.59999999999999998
8.4350000000000005,3.4152850114138551,-0.56428892481233939,-0.0066397920152750116,0.064616095184301753,-0.0086246314002731434,-0.013306546586959216,-0.59999999999999998
8.4375,3.4138720813204597,-0.56605622740858064,-0.0064616654491730808,0.077897943220564342,-0.0086246314002731434,-0.013306546586959216,-0.59999999999999998
8.4399999999999995,3.4124547243872461,-0.56783059805314251,-0.0062502324135484434,0.091263660803601473,0.0027488085396731501,-0.0041206941709050673,-0.59999999999999998
8.4425000000000008,3.4110362261595668,-0.56696930138775581,-0.0060318074076930201,0.083491989633697652,0.0027488085396731501,-0.0041206941709050673,-0.59999999999999998
8.4450000000000003,3.4096198715865773,-0.56611555789923174,-0.0058326977146654991,0.075810027674688515,0.0012276138339110832,-0.0029348575852394128,-0.59999999999999998
8.4474999999999998,3.4082052006452259,-0.56562230275076963,-0.0056491393596552336,0.071049809027526847,0.0012276138339110832,-0.0029348575852394128,-0.59999999999999998
8.4499999999999993,3.406791754714412,-0.56513547828853361,-0.0054773850373294993,0.066365956067393359,0.0012867044750533296,-0.01228411718546075,-0.59999999999999998
8.4525000000000006,3.4053795354183429,-0.56464092403432509,-0.0053173880420276549,0.061643105118615295,0.0012867044750533296,-0.01228411718546075,-0.59999999999999998
8.4550000000000001,3.4039685454449686,-0.56415194942325186,-0.0051691143018802706,0.056986512142885935,-0.0022415798707431647,-0.0066370787221101072,-0.59999999999999998
8.4574999999999996,3.4025577461570373,-0.56448835625848526,-0.0050241703297120204,0.058979057582527299,-0.0022415798707431647,-0.0066370787221101072,-0.59999999999999998
8.4600000000000009,3.4011460992117728,-0.56483010584874715,-0.0048741661609798276,0.061035032194557956,-0.003627086497865379,-0.013033496662112343,-0.59999999999999998
8.4625000000000004,3.3997331884311879,-0.565499475833806,-0.0047157070382445989,0.065743629083480193,-0.003627086497865379,-0.013033496662112343,-0.59999999999999998
8.4649999999999999,3.3983185968687644,-0.56617480293980227,-0.0045453890896850636,0.070522943128616414,-0.0025894592082252891,-0.0037400810273153771,-0.59999999999999998
8.4674999999999994,3.3969026105988966,-0.5666152996787871,-0.0043654506971825763,0.073440672301332485,-0.0025894592082252891,-0.0037400810273153771,-0.59999999999999998
8.4700000000000006,3.395485514826615,-0.56706244950783968,-0.0041781199134604098,0.076437386069349397,-0.003492628042587138,0.0029323969497614725,-0.59999999999999998
8.4725000000000001,3.3940670301431779,-0.56772648736277931,-0.0039810874662665474,0.081202700049010132,-0.003492628042587138,0.0029323969497614725,-0.59999999999999998
8.4749999999999996,3.3926468762593327,-0.56839788241816658,-0.0037720336358867098,0.086055354409113563,-0.0079734304641176073,-0.0061892361597266935,-0.59999999999999998
8.4775000000000009,3.3912237322186476,-0.57011875086060004,-0.0035402762829450391,0.099367153353654661,-0.0079734304641176073,-0.0061892361597266935,-0.59999999999999998
8.4800000000000004,3.3897962749987944,-0.57184862752293453,-0.0032751087753819744,0.11278587360332155,-0.0053734627196611717,-0.010721048524325236,-0.59999999999999998
8.4824999999999999,3.3883652360558667,-0.57298429550244512,-0.0029823136357748211,0.12147123448164347,-0.0053734627196611717,-0.010721048524325236,-0.59999999999999998
8.4849999999999994,3.3869313443502462,-0.57413096966778943,-0.0026676437302729878,0.13028725382370163,0.0028668830294401263,-0.0079616619096797431,-0.59999999999999998
8.4875000000000007,3.3854969658491258,-0.5733737481705381,-0.0023499921479130663,0.12385677563608803,0.0028668830294401263,-0.0079616619096797431,-0.59999999999999998
8.4900000000000002,3.3840644662668993,-0.57262773868961359,-0.0020482489120106943,0.1175594377287994,0.013173857321002028,0.0011908831419669538,-0.59999999999999998
8.4924999999999997,3.3826368132971889,-0.56949621780387205,-0.0017861444722818425,0.092142888773448367,0.013173857321002028,0.0011908831419669538,-0.59999999999999998
8.495000000000001,3.3812169782316768,-0.56637303315237075,-0.0015874519692073725,0.066825348169289978,0.0015904966269220163,-0.0074079387632869243,-0.59999999999999998
8.4975000000000005,3.3798015771831094,-0.56594878692392891,-0.0014249241309270792,0.063208572710919064,0.0015904966269220163,-0.0074079387632869243,-0.59999999999999998
8.5,3.378387229527386,-0.5655302648270788,-0.0012713524745850686,0.059659760788787486,-0.00028187712233423805,-0.016888548372659233,-0.59999999999999998
8.5024999999999995,3.3769733772791901,-0.56555243430465785,-0.0011222020387539797,0.059671280136161998,-0.00028187712233423805,-0.016888548372659233,-0.59999999999999998
8.5050000000000008,3.3755594628525478,-0.56558000824428234,-0.00097294260740439303,0.059746965031055727,0.0023189293672465795,-0.0084904511499193317,-0.59999999999999998
8.5075000000000003,3.3741462284767936,-0.56500835849720743,-0.00082948357338022893,0.055030545876959942,0.0023189293672465795,-0.0084904511499193317,-0.59999999999999998
8.5099999999999998,3.3727344169073232,-0.5644416925004232,-0.00069774057261952805,0.050373298721208215,0.0076312948527261278,-0.015824973948083958,-0.59999999999999998
8.5124999999999993,3.3713255598922545,-0.56264457017552105,-0.00058997022340555024,0.035850705704274961,0.0076312948527261278,-0.015824973948083958,-0.59999999999999998
8.5150000000000006,3.3699211913513216,-0.56085069434199664,-0.00051845492546233427,0.021366659145774021,0.0027242275471170713,-0.013833841320152399,-0.59999999999999998
8.5175000000000001,3.3685198789010911,-0.56019954836326724,-0.00047166541103856713,0.016068306674956807,0.0027242275471170713,-0.013833841320152399,-0.59999999999999998
8.5199999999999996,3.3671201923968783,-0.55954985768857601,-0.0004380989949582397,0.010787232559225595,0.0051365195298932621,-0.0016289987673997184,-0.59999999999999998
8.5225000000000009,3.365722829768127,-0.55834033437986264,-0.0004233495186147854,0.0010134059941396562,0.0051365195298932621,-0.0016289987673997184,-0.59999999999999998
8.5250000000000004,3.3643284906485347,-0.55713090285200362,-0.00043303105738083111,-0.0087593308751196444,0.0033184860445882921,-0.0025594308851646492,-0.59999999999999998
8.5274999999999999,3.3629366476264404,-0.55634333441823147,-0.00046291099830171346,-0.015146763756269209,0.0033184860445882921,-0.0025594308851646492,-0.59999999999999998
8.5299999999999994,3.3615467751195514,-0.55555439415847396,-0.00050877844795546047,-0.021550483936179827,-0.0070092298285247771,-0.011974412511631149,-0.59999999999999998
8.5325000000000006,3.3601558762302375,-0.55716448898624626,-0.00054657935817171836,-0.0086929546686137053,-0.0070092298285247771,-0.011974412511631149,-0.59999999999999998
8.5350000000000001,3.3587609533307581,-0.55877379632718982,-0.00055225101088936268,0.0041552256431666209,-0.0095646270131018452,-0.012025312847066415,-0.59999999999999998
8.5374999999999996,3.3573612643816131,-0.56097755874135824,-0.0005198355846883616,0.021779439230544727,-0.0095646270131018452,-0.012025312847066415,-0.59999999999999998
8.5400000000000009,3.3559560638929198,-0.56318329421230384,-0.0004433342960375149,0.039427076456650431,-0.0039821705296693979,-0.0058970237309721972,-0.59999999999999998
8.5425000000000004,3.3545469670980217,-0.56409479169308074,-0.00033569350511948647,0.046693273147072695,-0.0039821705296693979,-0.0058970237309721972,-0.59999999999999998
8.5449999999999999,3.3531355864102839,-0.56501051852520123,-0.00020982608994447288,0.054009682397215618,0.0040910760160696915,0.0013332571937620359,-0.59999999999999998
8.5474999999999994,3.3517242563729979,-0.56405426840200712,-8.4438476698667594e-05,0.046309397016891768,0.0040910760160696915,0.0013332571937620359,-0.59999999999999998
8.5500000000000007,3.3503153115733664,-0.56310221257174131,2.1762388960651827e-05,0.03865890903328606,-0.00046740897438489991,-0.011271010657046639,-0.59999999999999998
8.5525000000000002,3.3489074177767248,-0.56321341507933786,0.00011952954668078513,0.039561825963175423,-0.00046740897438489991,-0.011271010657046639,-0.59999999999999998
8.5549999999999997,3.3474992415122049,-0.5633282008223206,0.00021960696747001253,0.040507285093068369,-0.0057536706974010733,-0.015477835820907783,-0.59999999999999998
8.557500000000001,3.3460892376207374,-0.56467560566913955,0.00033443962965440312,0.051367076307977697,-0.0057536706974010733,-0.015477835820907783,-0.59999999999999998
8.5600000000000005,3.3446758596074804,-0.56602766253722736,0.00047648837301667447,0.062282100709738483,0.00035582661109874632,-0.0073444392676678578,-0.59999999999999998
8.5625,3.3432608699200674,-0.56596502425070183,0.00063164726818310825,0.061856138449458892,0.00035582661109874632,-0.0073444392676678578,-0.59999999999999998
8.5649999999999995,3.341846029818015,-0.56590798832211164,0.00078582448952095574,0.061496691276699718,0.010640774906733774,-0.01528731747358692,-0.59999999999999998
8.5675000000000008,3.3404343139593444,-0.5634654800066744,0.00091518229146910651,0.041998826400479021,0.010640774906733774,-0.01528731747358692,-0.59999999999999998
8.5700000000000003,3.3390286992471192,-0.56102677713172133,0.00099585626320482668,0.022546136413354251,0.0024808626701704282,-0.0016946294677809308,-0.59999999999999998
8.5724999999999998,3.3376268072479056,-0.56048713095814062,0.0010469771892624316,0.018354269585772579,0.0024808626701704282,-0.0016946294677809308,-0.59999999999999998
8.5750000000000011,3.3362262622069707,-0.55994914737932755,0.001087644058260446,0.014182141278863046,0.0075770411933097619,-0.021863285846657098,-0.59999999999999998
8.5775000000000006,3.3348285412978429,-0.55822769085960799,0.0011060068934827631,0.00050944385198973922,0.0075770411933097619,-0.021863285846657098,-0.59999999999999998
8.5800000000000001,3.3334351237142572,-0.55650628049823048,0.0010901917335608294,-0.013162705619035361,-0.0037995385697671639,-0.012053828402615171,-0.59999999999999998
8.5824999999999996,3.33204270506043,-0.5574285009263098,0.0010667327896893696,-0.005606131157878007,-0.0037995385697671639,-0.012053828402615171,-0.59999999999999998
8.5850000000000009,3.3306479816326324,-0.55835021367060578,0.0010621560553596234,0.0019444155075509255,0.014224554589714332,-0.0070401448654955519,-0.59999999999999998
8.5875000000000004,3.3292561913215732,-0.55508186745594357,0.0010343910920642739,-0.024158377026526318,0.014224554589714332,-0.0070401448654955519,-0.59999999999999998
8.5899999999999999,3.3278725741198079,-0.55181133182079978,0.00094134251342057403,-0.050287158678520599,-0.0023270580570433439,-0.0068432562979720999,-0.59999999999999998
8.5924999999999994,3.3264923288567645,-0.5523841552851193,0.0008215392191042375,-0.045564064827965226,-0.0023270580570433439,-0.0068432562979720999,-0.59999999999999998
8.5950000000000006,3.3251106567818036,-0.55295285225605806,0.0007134813651898718,-0.040889964495141568,-0.00019414250398476322,-0.0086966118668830444,-0.59999999999999998
8.5975000000000001,3.3237281874686944,-0.55302198592294316,0.00061207485017222547,-0.040242517214197339,-0.00019414250398476322,-0.0086966118668830444,-0.59999999999999998
8.5999999999999996,3.3223455498892984,-0.55308747472951936,0.0005122327207510019,-0.039638343882863053,-0.0043180380378398768,-0.009008439777629414,-0.59999999999999998
8.6025000000000009,3.3209615547552054,-0.55410809662245619,0.00042347218049960613,-0.03137645124983468,-0.0043180380378398768,-0.009008439777629414,-0.59999999999999998
8.6050000000000004,3.3195750117740022,-0.55512587685034775,0.0003553223518738832,-0.023148297174861627,-0.0043614483839923262,-0.012704778381589394,-0.59999999999999998
8.6074999999999999,3.3181859145035775,-0.55615165260879518,0.00030781126746330748,-0.014863976403884907,-0.0043614483839923262,-0.012704778381589394,-0.59999999999999998
8.6099999999999994,3.3167942546326858,-0.5571760821409254,0.00028098915194353614,-0.0065956389495085942,-0.00071740436327710766,-0.007875573969248444,-0.59999999999999998
8.6125000000000007,3.3154010934857898,-0.55735274681228042,0.00026632249736373802,-0.0051387361842789789,-0.00071740436327710766,-0.007875573969248444,-0.59999999999999998
8.6150000000000002,3.3140074912864499,-0.5575289460452264,0.00025529086656832955,-0.003687359328872401,-0.0024354822631771017,-0.017331084523207172,-0.59999999999999998
8.6174999999999997,3.3126129497905841,-0.55810423011911392,0.00025189213944260989,0.00096813390302913273,-0.0024354822631771017,-0.017331084523207172,-0.59999999999999998
8.620000000000001,3.3112169700627732,-0.55867960187969989,0.00026013240374660093,0.005624668199504362,0.0051152003619501767,-0.008215306852965865,-0.59999999999999998
8.6225000000000005,3.3098217454524201,-0.55750010009883044,0.00026239833117270667,-0.0038117636564790249,0.0051152003619501767,-0.008215306852965865,-0.59999999999999998
8.625,3.3084294698500107,-0.55632025304786248,0.00024107016944436167,-0.013252294646411504,0.009215327158924343,-0.0089285483338867079,-0.59999999999999998
8.6274999999999995,3.3070413366123308,-0.55418600791832295,0.00018655588555664606,-0.03036304052281269,0.009215327158924343,-0.0089285483338867079,-0.59999999999999998
8.6300000000000008,3.3056585421021829,-0.55204901250381644,8.9227758413264161e-05,-0.047506438534637846,0.0019152983658888897,-0.020854254887892238,-0.59999999999999998
8.6325000000000003,3.3042789738749239,-0.55160482535033895,-3.3981673757048768e-05,-0.051069939865383232,0.0019152983658888897,-0.020854254887892238,-0.59999999999999998
8.6349999999999998,3.3029005218296725,-0.55115601270826176,-0.00016616770092967519,-0.054688357958695137,-0.0028164182459675235,-0.0076688564916753549,-0.59999999999999998
8.6375000000000011,3.3015218229848959,-0.55180227654998903,-0.00029642933030280027,-0.049530284039704914,-0.0028164182459675235,-0.0076688564916753549,-0.59999999999999998
8.6400000000000006,3.3001415141850816,-0.55244405417941178,-0.00041386350239753676,-0.044425472654853894,0.0048094562998993989,-0.019022023041003415,-0.59999999999999998
8.6425000000000001,3.2987618220115484,-0.55130894487400506,-0.00053639417216238769,-0.053607846466319387,0.0048094562998993989,-0.019022023041003415,-0.59999999999999998
8.6449999999999996,3.2973849735060501,-0.55016898076925924,-0.00068195076528386619,-0.062847861629848081,-0.0047191268397452028,-0.0098637792334382302,-0.59999999999999998
8.6475000000000009,3.2960082130136135,-0.5512385284631286,-0.00082845148963725599,-0.054363221351698625,-0.0047191268397452028,-0.0098637792334382302,-0.59999999999999998
8.6500000000000004,3.2946287849671028,-0.5523031516425132,-0.00095381558756439471,-0.045937045319166238,0.0019614894037158466,-0.0097625681771608842,-0.59999999999999998
8.6524999999999999,3.2932486419895715,-0.55181050615685412,-0.0010737694356312123,-0.050034631836488271,0.0019614894037158466,-0.0097625681771608842,-0.59999999999999998
8.6549999999999994,3.2918697362120612,-0.551313329391378,-0.001204033576127584,-0.054186018225869437,-0.011585481225121465,-0.017041872233197072,-0.59999999999999998
8.6575000000000006,3.2904881429297248,-0.5539606373072975,-0.0013131315168692984,-0.033100158986423045,-0.011585481225121465,-0.017041872233197072,-0.59999999999999998
8.6600000000000001,3.2890999355250972,-0.55660494539564664,-0.0013695640416441295,-0.01204990854938532,0.0018620409764291074,-0.012290235699881892,-0.59999999999999998
8.6624999999999996,3.2877090267151017,-0.55612189001021717,-0.001404776305973197,-0.016122426988050984,0.0018620409764291074,-0.012290235699881892,-0.59999999999999998
8.6650000000000009,3.2863193272916975,-0.55563737452901851,-0.0014501906218316149,-0.020212281078090144,-0.0037140538872138789,-0.013643509967149584,-0.59999999999999998
8.6675000000000004,3.2849292210579448,-0.55644735486867947,-0.0014928420811848339,-0.013911944611310484,-0.0037140538872138789,-0.013643509967149584,-0.59999999999999998
8.6699999999999999,3.2835370915675175,-0.55725607487430029,-0.0015197628121116817,-0.0076265704534873927,0.0053327871686668056,-0.011827983028822178,-0.59999999999999998
8.6724999999999994,3.2821455701029123,-0.55596090165953627,-0.0015520956842194574,-0.018242044415798526,0.0053327871686668056,-0.011827983028822178,-0.59999999999999998
8.6750000000000007,3.2807572884355101,-0.55466407679388041,-0.0016109893760626673,-0.02887712985363456,0.0039142021990180541,-0.018869278186615251,-0.59999999999999998
8.6775000000000002,3.2793718396834262,-0.55369442864576834,-0.0016931964484019843,-0.03689442004266185,0.0039142021990180541,-0.018869278186615251,-0.59999999999999998
8.6799999999999997,3.2779888190759112,-0.55272143987753786,-0.0017954945282347662,-0.044951375729821177,-0.00078861965324300044,-0.0060012181641508388,-0.59999999999999998
8.682500000000001,3.2766068693254491,-0.55283768707766956,-0.0019070179659011199,-0.044275369518997555,-0.00078861965324300044,-0.0060012181641508388,-0.59999999999999998
8.6850000000000005,3.2752246339820781,-0.55294992404947685,-0.0020169110484542429,-0.043646974755898245,0.0046757276724646137,-0.012916501094101911,-0.59999999999999998
8.6875,3.273843710831863,-0.55178786504405886,-0.0021380448370169184,-0.053268737134201508,0.0046757276724646137,-0.012916501094101911,-0.59999999999999998
8.6899999999999995,3.2724656986751688,-0.5506209836773861,-0.0022833024491036359,-0.062947762111066674,-0.0051089659994828203,-0.011048216702159186,-0.59999999999999998
8.6925000000000008,3.2710877674268932,-0.5517231287491674,-0.0024300042196192416,-0.054424174360509336,-0.0051089659994828203,-0.011048216702159186,-0.59999999999999998
8.6950000000000003,3.2697070871406062,-0.55282034232802879,-0.002555472100948932,-0.045959128292371795,0.00023925221118543775,-0.007648627570617305,-0.59999999999999998
8.6974999999999998,3.2683252232668849,-0.55267005116010282,-0.0026723228586417922,-0.047529854116025172,0.00023925221118543775,-0.007648627570617305,-0.59999999999999998
8.7000000000000011,3.2669437404715116,-0.55251545556569381,-0.0027931639564947146,-0.049151686399645428,-0.0053518601480647054,-0.0073083435294213541,-0.59999999999999998
8.7025000000000006,3.2655610250400491,-0.5536562134758326,-0.0029050766839046871,-0.040386521559672532,-0.0053518601480647054,-0.0073083435294213541,-0.59999999999999998
8.7050000000000001,3.2641754624537929,-0.55479331143264432,-0.0029951327653233708,-0.031664802252572288,-0.0014005672490896796,-0.015837237634093525,-0.59999999999999998
8.7074999999999996,3.262788209033658,-0.55500895656535121,-0.0030726506639397171,-0.030355074153473369,-0.0014005672490896796,-0.015837237634093525,-0.59999999999999998
8.7100000000000009,3.261400419962075,-0.55522185211561625,-0.0031469353366854096,-0.029077989756076717,-0.0075776458776325353,-0.011552671170386686,-0.59999999999999998
8.7125000000000004,3.2600103070458575,-0.55686813807259206,-0.0032036505364311995,-0.016298238628764221,-0.0075776458776325353,-0.011552671170386686,-0.59999999999999998
8.7149999999999999,3.2586160805028364,-0.55851294649839556,-0.0032284411422277277,-0.003536024550258525,-0.0040565110858085639,-0.014868255583437351,-0.59999999999999998
8.7174999999999994,3.257218765743684,-0.55933885410755313,-0.0032295514873380751,0.0026476687385506275,-0.0040565110858085639,-0.014868255583437351,-0.59999999999999998
8.7200000000000006,3.2558193860323654,-0.56016500163264082,-0.0032152004251583266,0.0088342100359965273,0.0014054197312729309,-0.022306701280005004,-0.59999999999999998
8.7225000000000001,3.254419527184206,-0.55972218000857044,-0.0031981196292874231,0.0048316509900558635,0.0014054197312729309,-0.022306701280005004,-0.59999999999999998
8.7249999999999996,3.2530207747677893,-0.55927979587944943,-0.0031910378418991904,0.00083428657214055981,-0.00045309384571170196,-0.0023332503520768853,-0.59999999999999998
8.7275000000000009,3.2516225880990852,-0.55926954770577642,-0.0031896100305195316,0.00030806489595924282,-0.00045309384571170196,-0.0023332503520768853,-0.59999999999999998
8.7300000000000004,3.250224427006013,-0.55925932743363083,-0.0031894972414110668,-0.00021782551519751437,0.0044639575356988778,-0.0032512297468163024,-0.59999999999999998
8.7324999999999999,3.2488277202643014,-0.5581059894514645,-0.0032021748195760098,-0.0099251452714499439,0.0044639575356988778,-0.0032512297468163024,-0.59999999999999998
8.7349999999999994,3.2474338978073294,-0.55695175314061018,-0.0032391318571561804,-0.019643132773121734,-0.0077325822451783637,-0.0030229158947462026,-0.59999999999999998
8.7375000000000007,3.2460394189392354,-0.55863114300382877,-0.0032719436880372589,-0.006608685922891596,-0.0077325822451783637,-0.0030229158947462026,-0.59999999999999998
8.7400000000000002,3.244640742591506,-0.56030993372640125,-0.0032721812117232048,0.0064186497257865543,-0.0064369193913597928,-0.010881106952822692,-0.59999999999999998
8.7424999999999997,3.243238245276312,-0.56168809554794819,-0.0032428685132689264,0.017033611382775544,-0.0064369193913597928,-0.010881106952822692,-0.59999999999999998
8.745000000000001,3.2418323008271988,-0.56306780134407453,-0.0031869978836589446,0.027666899538915265,-0.0084352986259030698,-0.00056097274367538058,-0.59999999999999998
8.7475000000000005,3.240422323494931,-0.56491459122205701,-0.003099845370298092,0.042061363090093958,-0.0084352986259030698,-0.00056097274367538058,-0.59999999999999998
8.75,3.2390077246935265,-0.56676519445000961,-0.0029766533539184081,0.056501087093580669,-0.00030009977452997473,-0.0061748011544873836,-0.59999999999999998
8.7524999999999995,3.2375908571698879,-0.56672967202499069,-0.0028362753527605027,0.055811376860863085,-0.00030009977452997473,-0.0061748011544873836,-0.59999999999999998
8.7550000000000008,3.2361740721215955,-0.56669920422303155,-0.0026975464633990738,0.055181679495049492,-0.0055424592639117011,-0.011705935179881716,-0.59999999999999998
8.7575000000000003,3.2347558336629212,-0.5678924656489972,-0.0025480827635670183,0.064399998845357423,-0.0055424592639117011,-0.011705935179881716,-0.59999999999999998
8.7599999999999998,3.2333346049306679,-0.56909156277464035,-0.0023754887451159926,0.073687592790244866,0.0021399569625277313,-0.0073427508694772674,-0.59999999999999998
8.7625000000000011,3.2319126026430425,-0.56851134168003004,-0.002197508223303008,0.068709581300166064,0.0021399569625277313,-0.0073427508694772674,-0.59999999999999998
8.7650000000000006,3.2304920430382458,-0.56793734198713286,-0.0020318792850727062,0.063805440902050065,-0.0026892663316930429,-0.0083041615292302022,-0.59999999999999998
8.7675000000000001,3.2290715078394996,-0.56849181179100927,-0.0018671532322352778,0.067987211505162348,-0.0026892663316930429,-0.0083041615292302022,-0.59999999999999998
8.7699999999999996,3.2276495788475708,-0.56905244019257306,-0.0016918823030627995,0.072242097830639701,-0.0026309599133388373,-0.0096934055363484851,-0.59999999999999998
8.7725000000000009,3.2262262571285287,-0.56960605744873449,-0.001506014084670894,0.076465802427419002,-0.0026309599133388373,-0.0096934055363484851,-0.59999999999999998
8.7750000000000004,3.2248015427889163,-0.5701666010002997,-0.0013094847707995094,0.080771738329509249,-0.0037523792370129459,-0.013517812295663324,-0.59999999999999998
8.7774999999999999,3.2233750921631765,-0.57099516784112547,-0.0010994657932378328,0.087258500757406501,-0.0037523792370129459,-0.013517812295663324,-0.59999999999999998
8.7799999999999994,3.2219465603637381,-0.57183163852708163,-0.00087311407578670257,0.09383910072288032,0.0092529695043159048,-0.0031586647069294566,-0.59999999999999998
8.7825000000000006,3.2205197060114616,-0.56965312639922283,-0.000660538760229877,0.076236387410897596,0.0092529695043159048,-0.0031586647069294566,-0.59999999999999998
8.7850000000000001,3.2190982889800344,-0.567481516986862,-0.00049186384395223616,0.05871563584434248,0.003559402134611693,-0.010740183924483393,-0.59999999999999998
8.7874999999999996,3.2176806395458164,-0.56663886507110228,-0.00035362002712857322,0.051889327728854594,0.003559402134611693,-0.010740183924483393,-0.59999999999999998
8.7900000000000009,3.2162650907388408,-0.56580091260734755,-0.00023237071320201928,0.045118815449578457,0.0030372642568678764,-0.008176838903677151,-0.59999999999999998
8.7925000000000004,3.2148514798536794,-0.56508843317169766,-0.00012676692977975422,0.039371781885516516,0.0030372642568678764,-0.008176838903677151,-0.59999999999999998
8.7949999999999999,3.2134396456016239,-0.56437951970782896,-3.5476525970863174e-05,0.033667085746099994,0.0062932707898583594,-0.0088587302991091493,-0.59999999999999998
8.7974999999999994,3.2120305258526818,-0.56291669897830821,3.3999621378791084e-05,0.021918813036606064,0.0062932707898583594,-0.0088587302991091493,-0.59999999999999998
8.8000000000000007,3.2106250604524997,-0.561455863550548,7.4137179014072607e-05,0.010194110744841899,-0.00037862401240617953,-0.01389391015760089,-0.59999999999999998
8.8025000000000002,3.2092213070299422,-0.56154703398705208,0.00010055053796299857,0.010938469974030508,-0.00037862401240617953,-0.01389391015760089,-0.59999999999999998
8.8049999999999997,3.2078173244570092,-0.56163919517561667,0.00012883933025898236,0.011694591870995107,0.0034455551825962076,-0.0037983847695397819,-0.59999999999999998
8.807500000000001,3.2064142214108355,-0.56084337020757213,0.00015010890024906448,0.0053225890599766417,0.0034455551825962076,-0.0037983847695397819,-0.59999999999999998
8.8100000000000005,3.2050131072042745,-0.56004802734442649,0.00015545704465223703,-0.0010436900207072674,0.0071542956347498037,-0.0054800541936351581,-0.59999999999999998
8.8125,3.2036150590478258,-0.55839038175119404,0.00013623385590689525,-0.014336238913585063,0.0071542956347498037,-0.0054800541936351581,-0.59999999999999998
8.8149999999999995,3.2022211563775964,-0.5567314376045911,8.3763003309258484e-05,-0.027644204658618974,-0.0043419011414085962,-0.013773712408558261,-0.59999999999999998
8.8175000000000008,3.2008280633530291,-0.55774262611707059,2.4818507265554545e-05,-0.019515617992137212,-0.0043419011414085962,-0.013773712408558261,-0.59999999999999998
8.8200000000000003,3.1994324447198639,-0.5587520470162628,-1.3832573086618348e-05,-0.011408017310275274,0.0038127410965431057,-0.012234804153882084,-0.59999999999999998
8.8224999999999998,3.1980366735749794,-0.55786464288133952,-5.1263546260067027e-05,-0.018539444527810603,0.0038127410965431057,-0.012234804153882084,-0.59999999999999998
8.8250000000000011,3.1966431229046837,-0.55697555955408595,-0.00010654640804885662,-0.025690807968809421,0.0020438042021946332,-0.01906244559806073,-0.59999999999999998
8.8275000000000006,3.1952512836941054,-0.55649539187977504,-0.00017561216566146785,-0.029566749313280818,0.0020438042021946332,-0.01906244559806073,-0.59999999999999998
8.8300000000000001,3.1938606481767167,-0.55601254626321728,-0.00025440664744144506,-0.033474484707723864,-0.0035306616745524556,-0.0093584078218151602,-0.59999999999999998
8.8324999999999996,3.1924696036473086,-0.55682262075425082,-0.00033000459543400587,-0.027009293525792268,-0.0035306616745524556,-0.0093584078218151602,-0.59999999999999998
8.8350000000000009,3.1910765371114618,-0.55763024878166645,-0.00038947731699619513,-0.020573147560629244,0.0036095638570678079,-0.0059831907938737118,-0.59999999999999998
8.8375000000000004,3.1896835287799328,-0.55677605371920202,-0.00044955300732152728,-0.027491711203611002,0.0036095638570678079,-0.0059831907938737118,-0.59999999999999998
8.8399999999999999,3.1882926589175931,-0.55591936879016202,-0.00052696050575999436,-0.034439836446613803,-0.0048211769687429686,-0.012362792671202561,-0.59999999999999998
8.8424999999999994,3.1869014847108597,-0.55701954277985799,-0.00060210694043599615,-0.025682699052405986,-0.0048211769687429686,-0.012362792671202561,-0.59999999999999998
8.8450000000000006,3.1855075631422127,-0.55811739030430352,-0.00065539701524648436,-0.016953181610202608,-0.00023852117479780752,-0.0073740660423045222,-0.59999999999999998
8.8475000000000001,3.1841122306774254,-0.55814832679020832,-0.00069758328126708503,-0.016798855540601773,-0.00023852117479780752,-0.0073740660423045222,-0.59999999999999998
8.8499999999999996,3.1827168227761122,-0.55817774171837164,-0.00073940634545936875,-0.016662594108936168,-0.0021063998517680746,-0.0082740562978833344,-0.59999999999999998
8.8525000000000009,3.1813208004541065,-0.55863989157103644,-0.00077655183056103412,-0.013056457097443889,-0.0021063998517680746,-0.0082740562978833344,-0.59999999999999998
8.8550000000000004,3.1799236243037088,-0.55910085876145177,-0.00080470033045673271,-0.0094643609288870018,-0.0026659055814511282,-0.0055563568672358909,-0.59999999999999998
8.8574999999999999,3.1785251342922476,-0.55969104245099999,-0.00082257631277028503,-0.0048377065990981814,-0.0026659055814511282,-0.0055563568672358909,-0.59999999999999998
8.8599999999999994,3.1771251694565832,-0.56028078792731262,-0.00082889319831981547,-0.00021625479882511709,-0.00028975575730453337,-0.0073001312132630926,-0.59999999999999998
8.8625000000000007,3.1757244208356541,-0.56031810694279416,-0.00082920336042745333,-3.1897125820204864e-05,-0.00028975575730453337,-0.0073001312132630926,-0.59999999999999998
8.8650000000000002,3.1743235789242759,-0.56035542306917718,-0.00082905271252282909,0.00015242624653360242,0.0043957364245425642,-0.010701435728091461,-0.59999999999999998
8.8674999999999997,3.1729240052291998,-0.55930347067551511,-0.00083937633389698718,-0.0084120632272067109,0.0043957364245425642,-0.010701435728091461,-0.59999999999999998
8.870000000000001,3.1715270622057039,-0.55825075648193778,-0.00087112056574494793,-0.016985597597218644,-0.0023508711774743018,-0.014095800492001176,-0.59999999999999998
8.8725000000000005,3.170130792285172,-0.55876495376416324,-0.00090857396573362423,-0.012979807633983126,-0.0023508711774743018,-0.014095800492001176,-0.59999999999999998
8.875,3.1687332384165656,-0.55927797530556433,-0.00093603123487137879,-0.0089879762609773525,0.00073552191108087247,-0.012551311872563198,-0.59999999999999998
8.8774999999999995,3.1673352999374762,-0.55907265886427371,-0.00096072508026002177,-0.010768870275202217,0.00073552191108087247,-0.012551311872563198,-0.59999999999999998
8.8800000000000008,3.1659378759349717,-0.55886636706978798,-0.00098988523544045492,-0.012561344272572409,0.0069339273842687213,-0.010738761647349692,-0.59999999999999998
8.8825000000000003,3.164542770195149,-0.55721793430731337,-0.001038009203669616,-0.025941279369535886,0.0069339273842687213,-0.010738761647349692,-0.59999999999999998
8.8849999999999998,3.163151788220703,-0.55556715267167689,-0.0011196148722257045,-0.039349104209554592,0.00011473192185119767,-0.016821454649350413,-0.59999999999999998
8.8875000000000011,3.1617629558663447,-0.55549813147437921,-0.0012188750087162746,-0.040066120736496347,0.00011473192185119767,-0.016821454649350413,-0.59999999999999998
8.8900000000000006,3.1603743005870921,-0.55542548144179527,-0.0013199813759428988,-0.040826221130333455,0.0054116583197242789,-0.014729012087412461,-0.59999999999999998
8.8925000000000001,3.1589873707294687,-0.55411770795683146,-0.0014354049052709562,-0.051520874831732032,0.0054116583197242789,-0.014729012087412461,-0.59999999999999998
8.8949999999999996,3.1576037159342567,-0.55280526976480659,-0.0015776319034390915,-0.062270916937311169,-0.0017973160025047067,-0.020244442003292101,-0.59999999999999998
8.8975000000000009,3.1562212542862271,-0.55316312862256622,-0.0017299906634503895,-0.059627014071602417,-0.0017973160025047067,-0.020244442003292101,-0.59999999999999998
8.9000000000000004,3.1548379047915449,-0.55351558650467481,-0.0018758204040821328,-0.057047233417839828,0.005976346506693174,-0.016952087736384621,-0.59999999999999998
8.9024999999999999,3.1534559395355308,-0.55205566723813237,-0.0020334204152172883,-0.069044069133175096,0.005976346506693174,-0.016952087736384621,-0.59999999999999998
8.9049999999999994,3.1520776316630807,-0.55058949819906744,-0.0022211025906504894,-0.081115119919188863,-0.0017597725843173382,-0.025220167349992557,-0.59999999999999998
8.9075000000000006,3.1507007502014837,-0.55091446391968724,-0.0024210138723799505,-0.078828237438507656,-0.0017597725843173382,-0.025220167349992557,-0.59999999999999998
8.9100000000000001,3.1493230652929807,-0.55123228959392001,-0.0026153144130403199,-0.076626124896494813,0.0010632251699823772,-0.013057250577163953,-0.59999999999999998
8.9124999999999996,3.1479454148407435,-0.55088689212455932,-0.0028108015340457646,-0.079777583630883858,0.0010632251699823772,-0.013057250577163953,-0.59999999999999998
8.9150000000000009,3.1465686368515509,-0.55053427099089436,-0.003014273801161206,-0.083014813846230801,0.006693406726236889,-0.014279198236438324,-0.59999999999999998
8.9175000000000004,3.1451943857552531,-0.54886525004328834,-0.0032390897560254121,-0.096854054839117326,0.006693406726236889,-0.014279198236438324,-0.59999999999999998
8.9199999999999999,3.1438243179027245,-0.54718746671932483,-0.00349863079322481,-0.11079736576719534,-0.0051167677750329939,-0.014569460403554066,-0.59999999999999998
8.9224999999999994,3.1424550250171754,-0.54824522883131654,-0.0037656132329961416,-0.10280773251182587,-0.0051167677750329939,-0.014569460403554066,-0.59999999999999998
8.9250000000000007,3.1410830995215164,-0.54929367454339462,-0.0040127616081319685,-0.094928692327653233,0.0024756633619535152,-0.0031613781909107332,-0.59999999999999998
8.9275000000000002,3.1397107699795641,-0.54856847894990923,-0.004258060853777541,-0.10132828060785419,0.0024756633619535152,-0.0031613781909107332,-0.59999999999999998
8.9299999999999997,3.1383402647682264,-0.54783411281518035,-0.0045194937576734009,-0.1078367740900919,-0.0027855882725618536,4.6973077377359083e-05,-0.59999999999999998
8.932500000000001,3.1369700787731007,-0.54831307946950059,-0.0047850627943025323,-0.10463749591533077,-0.0027855882725618536,4.6973077377359083e-05,-0.59999999999999998
8.9350000000000005,3.1355987072692284,-0.54878256724341379,-0.0050427750072095899,-0.10155075192196493,-0.013096545028398281,-0.01154020155693866,-0.59999999999999998
8.9375,3.1342231775471299,-0.55163984204692407,-0.0052688444746348687,-0.079321056179921412,-0.013096545028398281,-0.01154020155693866,-0.59999999999999998
8.9399999999999995,3.1328405140602666,-0.55448991462036112,-0.0054394514836786159,-0.05717680359708624,-0.01683327466459476,5.4578361336099774e-06,-0.59999999999999998
8.9425000000000008,3.1314496465243518,-0.5582034680920207,-0.0055460593182070162,-0.028117125554422501,-0.01683327466459476,5.4578361336099774e-06,-0.59999999999999998
8.9450000000000003,3.1300494988492651,-0.56191446588652672,-0.0055800623656149248,0.00091224352891803098,-0.0074942723921297824,-0.017749880432675745,-0.59999999999999998
8.9474999999999998,3.1286427877437566,-0.56345451991122952,-0.0055632919139400926,0.012505321045676223,-0.0074942723921297824,-0.017749880432675745,-0.59999999999999998
8.9500000000000011,3.1272322253045535,-0.56499570817598277,-0.0055175245439293948,0.024111858949095379,-0.017504550134970334,-0.014764389558296799,-0.59999999999999998
8.9525000000000006,3.1258148987059546,-0.56886616562751213,-0.005419349742687595,0.054435037291359033,-0.017504550134970334,-0.014764389558296799,-0.59999999999999998
8.9550000000000001,3.1243878903532778,-0.5727415711212015,-0.0052453004599648132,0.084816896101057887,0.0019267326362035955,-0.0036311916729103292,-0.59999999999999998
8.9574999999999996,3.1229568305866184,-0.57210747764706416,-0.0050405366947884733,0.079008787575587158,0.0019267326362035955,-0.0036311916729103292,-0.59999999999999998
8.9600000000000009,3.121527347006738,-0.57148053479837935,-0.0048501857645945482,0.073285595896170855,0.0041322034106652016,-0.0039477615382183208,-0.59999999999999998
8.9625000000000004,3.12010006323418,-0.57034751460855904,-0.0046791901159455151,0.063523172248915794,0.0041322034106652016,-0.0039477615382183208,-0.59999999999999998
8.9649999999999999,3.1186756046448125,-0.56922024162518448,-0.0045325130275337099,0.053829006107471475,-0.0087770505110504535,-0.017701890341096448,-0.59999999999999998
8.9674999999999994,3.1172502068813857,-0.57109889205753595,-0.0043798696643661643,0.068296637427343196,-0.0087770505110504535,-0.017701890341096448,-0.59999999999999998
8.9700000000000006,3.1158201050231589,-0.57298373661349167,-0.0041909685871650074,0.082837778424918115,-0.0030718742322181965,-0.0026813462650937007,-0.59999999999999998
8.9725000000000001,3.1143869397200827,-0.57354978655430822,-0.0039789211289088045,0.086815392349296125,-0.0030718742322181965,-0.0026813462650937007,-0.59999999999999998
8.9749999999999996,3.1129523495367346,-0.5741237015655134,-0.0037568138221727504,0.090886378335151174,0.0060544275207232903,-0.0088562416607857637,-0.59999999999999998
8.9775000000000009,3.1115189662403657,-0.57258420878523308,-0.0035457067312811555,0.078014416735395942,0.0060544275207232903,-0.0088562416607857637,-0.59999999999999998
8.9800000000000004,3.1100894226115408,-0.57105177419648612,-0.0033666718883081505,0.065226283376638897,0.0021279199304158536,-0.0096624615817809782,-0.59999999999999998
8.9824999999999999,3.1086625614966414,-0.57043806119295315,-0.0032103531949908763,0.059839874276322036,0.0021279199304158536,-0.0096624615817809782,-0.59999999999999998
8.9849999999999994,3.1072372277913711,-0.56982976574030642,-0.0030674189144318932,0.054517794174289064,-0.0016568324212376277,0.00032111105729461053,-0.59999999999999998
8.9875000000000007,3.1058123087877649,-0.57010627372522005,-0.0029288824724151424,0.056321291547218419,-0.0016568324212376277,0.00032111105729461053,-0.59999999999999998
8.9900000000000002,3.1043866921717691,-0.57038788333096124,-0.0027857619879429326,0.058185356762660102,0.0033845511446916879,-0.015564522540605277,-0.59999999999999998
8.9924999999999997,3.1029618299004409,-0.5695027550981876,-0.002649669246216067,0.050698589841691157,0.0033845511446916879,-0.015564522540605277,-0.59999999999999998
8.995000000000001,3.1015391745718275,-0.5686222166445063,-0.0025322236260289662,0.043266323384910411,-0.0086692552590707482,-0.0050761734490108092,-0.59999999999999998
8.9975000000000005,3.1001152129617751,-0.57054783919081498,-0.0024051673603941483,0.058387802505340716,-0.0086692552590707482,-0.0050761734490108092,-0.59999999999999998
9,3.0986864309658206,-0.57247875420134464,-0.0022402322674431258,0.073572101704912934,0.0062097303283719556,0.39468768290777306,1
9.0024999999999995,3.097257137176201,-0.57095729287430308,-0.0020719659895972898,0.061052978239510218,0.0062097303283719556,0.39468768290777306,1
9.0050000000000008,3.0958316398966148,-0.56944135788414652,-0.0019349126943807942,0.048599479415207536,-0.0003311851673897569,0.40212851479354011,1
9.0075000000000003,3.0944080260559832,-0.56945044675546552,-0.0018136596178645499,0.048411674180176528,-0.0003311851673897569,0.40212851479354011,1
9.0099999999999998,3.0929843840092484,-0.56946392032745008,-0.001692810945676574,0.048275926982050556,-0.28139611669082043,0.3927404594623935,1
9.0125000000000011,3.0914790305199125,-0.63482362001587744,-0.0009162746539869744,0.57300927485644326,-0.28139611669082043,0.3927404594623935,1
9.0150000000000006,3.0898102225265371,-0.70023522984034958,0.0011727502584313,1.0983592667673756,-0.29703867877236434,0.43264960293939747,1
9.0175000000000001,3.0879732289429431,-0.76937907300421493,0.0046129911178696024,1.6540697662955419,-0.29703867877236434,0.43264960293939747,1
9.0199999999999996,3.0859632148210356,-0.83865723833116956,0.0094444846481080112,2.211439184288043,-0.29498381118453337,0.43633231299858238,1
9.0225000000000009,3.0837804047807911,-0.90761910455471728,0.01566712597070781,2.7670479961069101,-0.29498381118453337,0.43633231299858238,1
9.0250000000000004,3.0814252449949673,-0.97615843183386919,0.023279533928530587,3.3202463095668069,-0.2663288111045114,0.43633231299858238,1
9.0274999999999999,3.078906573140467,-1.0388060215765733,0.032213451906923464,3.8273190561913903,-0.2663288111045114,0.43633231299858238,1
9.0299999999999994,3.0762318656717262,-1.1005358402145131,0.042412057758781256,4.328407852963684,-0.19534174022297995,0.43633231299858238,1
9.0325000000000006,3.073422474702046,-1.1469971291893248,0.053707645323225472,4.7085017554897091,-0.19534174022297995,0.43633231299858238,1
9.0350000000000001,3.0704968016961049,-1.1935517385041106,0.065956647205587499,5.0910872984329938,-0.11900114455292593,0.43633231299858238,1
9.0374999999999996,3.067476680975036,-1.2225615396478478,0.078988451157762984,5.3348176316475673,-0.11900114455292593,0.43633231299858238,1
9.0400000000000009,3.064383931258905,-1.2516463005033198,0.092632921301707472,5.5811686615797695,-0.05138744733776543,0.43633231299858238,1
9.0425000000000004,3.0612377609495378,-1.2653120867078995,0.1067413085607095,5.706080725819473,-0.05138744733776543,0.43633231299858238,1
9.0449999999999999,3.0580572733729556,-1.2790946944414985,0.12116594006250934,5.8341301344824172,0.0038787846748297976,0.43633231299858238,1
9.0474999999999994,3.0548578538186275,-1.2804770607581699,0.13578929298955417,5.8652224019213151,0.0038787846748297976,0.43633231299858238,1
9.0500000000000007,3.0516547134185013,-1.2820689496608852,0.15049536174644032,5.9002859680616035,0.061570135364005733,0.43633231299858238,1
9.0525000000000002,3.0484634587289925,-1.2709970773874828,0.16516529591709148,5.8365461607957441,0.061570135364005733,0.43633231299858238,1
9.0549999999999997,3.0452994169275605,-1.2602984527147105,0.17968250156287435,5.7780967376972097,0.092580673285469053,0.43633231299858238,1
9.057500000000001,3.0421701884328529,-1.243164426221401,0.19399219865822287,5.6706786820435351,0.092580673285469053,0.43633231299858238,1
9.0600000000000005,3.039083194700031,-1.2265104249207026,0.20804095942262307,5.5693374632855921,0.12355478496243037,0.43633231299858238,1
9.0625,3.0360456197921639,-1.2036482724146707,0.22177732268894609,5.4209037423571083,0.12355478496243037,0.43633231299858238,1
9.0649999999999995,3.0330644619104445,-1.1813757416081552,0.23515118167473187,5.2793138059566953,0.13442372103820494,0.43633231299858238,1
9.0675000000000008,3.0301411463500934,-1.1573798665519754,0.24815660196863662,5.1261851182576299,0.13442372103820494,0.43633231299858238,1
9.0700000000000003,3.0272770518735803,-1.133996781444178,0.26078784939003641,4.9799468152700195,0.13742287586455557,0.43633231299858238,1
9.0724999999999998,3.0244714464260265,-1.1105881408155136,0.27305574730824844,4.8354901194690321,0.13742287586455557,0.43633231299858238,1
9.0750000000000011,3.0217236151776068,-1.0877746731781117,0.28497081005906061,4.6976456361296552,0.14311991040513691,0.43633231299858238,1
9.0775000000000006,3.0190335526697423,-1.0643738002440992,0.29653782464189221,4.5570461628613685,0.14311991040513691,0.43633231299858238,1
9.0800000000000001,3.0164012619796572,-1.0415539736967512,0.30776134946523526,4.4228173380016438,0.14338463049074615,0.43633231299858238,1
9.0824999999999996,3.0138253817437097,-1.0192422769933176,0.31865651455770438,4.2943231577901368,0.14338463049074615,0.43633231299858238,1
9.0850000000000009,3.0113045987659,-0.99747280483083745,0.32923791546235931,4.1717697017373334,0.15029817308067628,0.43633231299858238,1
9.0875000000000004,3.0088392939092796,-0.97486050087221876,0.3395067702327923,4.0442827791780438,0.15029817308067628,0.43633231299858238,1
9.0899999999999999,3.0064298582630204,-0.95277383967180063,0.34946407656012124,3.9224930794804105,0.14258551179355813,0.43633231299858238,1
9.0924999999999994,3.0040731283195443,-0.93268805165171143,0.35913839493659361,3.8178212659007595,0.14258551179355813,0.43633231299858238,1
9.0950000000000006,3.0017660363014609,-0.91306035463078172,0.36855739864836468,3.7182089298272802,0.14571965961860162,0.43633231299858238,1
9.0975000000000001,2.999508209995168,-0.89327412725883937,0.37772768417081604,3.6188288112279077,0.14571965961860162,0.43633231299858238,1
9.0999999999999996,2.9972993062943312,-0.87391919578459387,0.38665550952944294,3.5242094665117341,0.14235763558848905,0.43633231299858238,1
9.1025000000000009,2.9951374787037195,-0.85560853054542219,0.39535865557984706,3.4390416401765269,0.14235763558848905,0.43633231299858238,1
9.1050000000000004,2.993020942312596,-0.83768350823371285,0.4038543190789598,3.3581959728061284,0.14494129814505896,0.43633231299858238,1
9.1074999999999999,2.9909493514462069,-0.81965077815612331,0.41214849788823904,3.2778377101659157,0.14494129814505896,0.43633231299858238,1
9.1099999999999994,2.9889223870645787,-0.80197972465112666,0.420246894572329,3.2015443057580883,0.15620531695728984,0.43633231299858238,1
9.1125000000000007,2.9869417321699836,-0.78260604767162723,0.42813978472232717,3.1134493816616309,0.15620531695728984,0.43633231299858238,1
9.1150000000000002,2.9850090546043782,-0.7635950899784596,0.43581747843500429,3.0293593696974552,0.16468007610013788,0.43633231299858238,1
9.1174999999999997,2.9831253714842636,-0.74341163895728224,0.44327523681889031,2.9375041398684583,0.16468007610013788,0.43633231299858238,1
9.120000000000001,2.9812917024647829,-0.7235809771039895,0.45050821067394614,2.8495033369981746,0.15631597803660535,0.43633231299858238,1
9.1225000000000005,2.9795053344392186,-0.70556464392663465,0.45753993029965695,2.776446579770532,0.15631597803660535,0.43633231299858238,1
9.125,2.9777636289799485,-0.68784867387085413,0.46439325730948056,2.7067667800553226,0.16337675446616312,0.43583012393001513,1
9.1274999999999995,2.9760673939578721,-0.66918896892652768,0.47106476450071849,2.6309911451479051,0.16337675446616312,0.43583012393001513,1
9.1300000000000008,2.9744174417783609,-0.65082013786436654,0.47755091605337324,2.5584596054882378,0.16294257811442847,0.41592075614485807,1
9.1325000000000003,2.9728129683139044,-0.63280369230838085,0.48386036325444726,2.4896049391521071,0.16294257811442847,0.41592075614485807,1
9.1349999999999998,2.9712532031596246,-0.61505147621777101,0.49000142313160966,2.4237295565713728,0.16263770377681205,0.40423478334514262,1
9.1375000000000011,2.9697374356547437,-0.59760355972518775,0.49598188458696718,2.3611062554974533,0.16263770377681205,0.40423478334514262,1
9.1400000000000006,2.9682649847754559,-0.58039638241414382,0.50180924168761998,2.3012280696050125,0.17725064814763172,0.40914818828220711,1
9.1425000000000001,2.9668383364585815,-0.56096466448153715,0.50746711897616037,2.2255425444516921,0.17725064814763172,0.40914818828220711,1
9.1449999999999996,2.9654599547707496,-0.54178100674081642,0.51293924482126996,2.152605933946242,0.19034867039648745,0.38325639526938143,1
9.1475000000000009,2.9641319599689067,-0.52065720342034361,0.51821192037640129,2.0659930407149711,0.19034867039648745,0.38325639526938143,1
9.1500000000000004,2.9628564628148415,-0.49978057116190139,0.52327144274590776,1.9820598565300633,0.18861785462284661,0.37911392867805727,1
9.1524999999999999,2.961632506061763,-0.47942220509075673,0.52812699989127632,1.9027948167045021,0.18861785462284661,0.37911392867805727,1
9.1549999999999994,2.9604591700644693,-0.45928194719077003,0.53278740897199117,1.8259207305810932,0.20245251936275496,0.36117303276296503,1
9.1575000000000006,2.9593387458623326,-0.43709435920959872,0.53723747703743163,1.7345289308888956,0.20245251936275496,0.36117303276296503,1
9.1600000000000001,2.9582735194343801,-0.41512141270545722,0.54146196947170733,1.6454365449180866,0.2055339868499812,0.35775329707031867,1
9.1624999999999996,2.957263594237562,-0.39285186293919572,0.54546183095504386,1.5548067668934753,0.2055339868499812,0.35775329707031867,1
9.1650000000000009,2.9563091001546606,-0.37077430777458309,0.54923771607565341,1.4662326705872974,0.22151641798844413,0.35433500614436503,1
9.1675000000000004,2.9554127796697278,-0.34631400151949265,0.55277082888560092,1.3605906386577256,0.22151641798844413,0.35433500614436503,1
9.1699999999999999,2.9545773772534694,-0.3220372055333689,0.55604226612375773,1.2568651989244652,0.20935475326170322,0.32907971522837504,1
9.1724999999999994,2.9538000304252328,-0.29986498891830599,0.55907454550231384,1.1692233277365369,0.20935475326170322,0.32907971522837504,1
9.1750000000000007,2.9530779336583519,-0.2778351800782437,0.56188965557380011,1.0831090952615774,0.21529349016291299,0.31693151333782543,1
9.1775000000000002,2.9524119220359384,-0.25499579966938307,0.5644825750127096,0.99145701413369969,0.21529349016291299,0.31693151333782543,1
9.1799999999999997,2.9518028514376886,-0.23228031032401145,0.566848039244506,0.9011234889574562,0.22416437979363185,0.30825481238983027,1
9.182500000000001,2.951252176159763,-0.20827854965231865,0.56897629184166032,0.80167417572776234,0.22416437979363185,0.30825481238983027,1
9.1850000000000005,2.950761371211386,-0.18438178420004189,0.57085732873475969,0.70332740456311371,0.2277200436145482,0.29145502273396234,1
9.1875,2.9503308892031104,-0.16001828472192842,0.57248858947807724,0.60183237937837364,0.2277200436145482,0.29145502273396234,1
9.1899999999999995,2.9499612132536557,-0.13573464290917842,0.57386718651729129,0.50117257819810634,0.22600103539656372,0.28885944620803222,1
9.1925000000000008,2.9496518241589995,-0.11178646021859136,0.57499750656982807,0.40318669286896014,0.22600103539656372,0.28885944620803222,1
9.1950000000000003,2.9494022372099735,-0.08789077957995596,0.5758835796188938,0.30575247842599573,0.23998791942464381,0.2724126848884324,1
9.1974999999999998,2.9492150715660181,-0.061847625529750601,0.57650651398918362,0.19265553425492998,0.23998791942464381,0.2724126848884324,1
9.2000000000000011,2.9490929763337435,-0.035831776156899316,0.57684709105200271,0.079839166604401143,0.22421730234580808,0.26273714260639164,1
9.2025000000000006,2.9490328220045958,-0.012292381073400697,0.57692845297012318,-0.014742307191097398,0.22421730234580808,0.26273714260639164,1
9.2050000000000001,2.9490315159998537,0.011248899809549691,0.57677336292745174,-0.10934368606610625,0.22314870493354941,0.25536558879353533,1
9.2074999999999996,2.9490888692932584,0.034637041382358513,0.57638314667211521,-0.20286428064801609,0.22314870493354941,0.25536558879353533,1
9.2100000000000009,2.9492047227073206,0.058050988374388504,0.57575881421146713,-0.29665769460429242,0.22723496056717946,0.23218447135529469,1
9.2125000000000004,2.9493799555710662,0.082142865812601787,0.57489364450926483,-0.39555738327215589,0.22723496056717946,0.23218447135529469,1
9.2149999999999999,2.9496154803167469,0.10628668984421924,0.57378057354425283,-0.49500166834636261,0.22223344527746619,0.22477328835113713,1
9.2174999999999994,2.9499104619813998,0.1297101764099392,0.57242528717900232,-0.58934930689560461,0.22223344527746619,0.22477328835113713,1
9.2200000000000006,2.9502640940256439,0.15320906976818022,0.57083316345159152,-0.68449335360833685,0.22679603682501004,0.20974001454951863,1
9.2225000000000001,2.9506774789945145,0.17751518323344023,0.56899543112347095,-0.78586275817137818,0.22679603682501004,0.20974001454951863,1
9.2249999999999996,2.9511517571878039,0.20192601290850531,0.56690293770471722,-0.8883267091556013,0.22530093079396157,0.2046449590150656,1
9.2275000000000009,2.9516869125810321,0.2262191506656297,0.56455494216257718,-0.99028777993548722,0.22530093079396157,0.2046449590150656,1
9.2300000000000004,2.9522829632327876,0.25064466506261829,0.56195034614453054,-1.0936322968156269,0.21179271084422258,0.19096328650216035,1
9.2324999999999999,2.9529375720602813,0.27306579649436674,0.55910534123407818,-1.1826216993164067,0.21179271084422258,0.19096328650216035,1
9.2349999999999994,2.9536484143264867,0.29563348903373787,0.55603593400805573,-1.2731757364270375,0.20183641275006967,0.17916291876719964,1
9.2375000000000007,2.9544138791121948,0.31676392803152986,0.55275279582832826,-1.3536127143615497,0.20183641275006967,0.17916291876719964,1
9.2400000000000002,2.955232366518306,0.33805345757729344,0.54926643271174802,-1.4357752407750242,0.20114687261508576,0.17181629094976886,1
9.2424999999999997,2.9561041494699341,0.35940216514779616,0.54557341317336194,-1.5189569660146001,0.20114687261508576,0.17181629094976886,1
9.245000000000001,2.957029528636093,0.38093245608991116,0.54167001334859088,-1.6041004529344973,0.19375044402904554,0.15675093909181542,1
9.2475000000000005,2.9580074695142895,0.4014517684488661,0.53756234559387639,-1.6823782993246856,0.19375044402904554,0.15675093909181542,1
9.25,2.9590369498845628,0.42216600244296787,0.53325634955477896,-1.7627832398607723,0.18709616058963624,0.14565528698897134,1
9.2524999999999995,2.9601171066599674,0.44199308140606658,0.52875672566444143,-1.8372869863401045,0.18709616058963624,0.14565528698897134,1
9.2550000000000008,2.9612470883126423,0.46202782095893002,0.52406801068188236,-1.9140758145759711,0.18264996704293412,0.13539076962220897,1
9.2575000000000003,2.9624265074001532,0.4815436971004915,0.51919122351750002,-1.9877547460733249,0.18264996704293412,0.13539076962220897,1
9.2599999999999998,2.9636549928657421,0.50128289177832741,0.5141271834589245,-2.0638982442024472,0.1690939501792077,0.12507568235666733,1
9.2625000000000011,2.9649302795763872,0.51898232677685574,0.50889084007212904,-2.1255834690321747,0.1690939501792077,0.12507568235666733,1
9.2650000000000006,2.9662500879470266,0.53690193255091789,0.50349718846130853,-2.1897622250711382,0.16234959199512519,0.11608580455152727,1
9.2675000000000001,2.9676135534791932,0.55390752219113448,0.49795059171258504,-2.2479393943759782,0.16234959199512519,0.11608580455152727,1
9.2699999999999996,2.9690198148370839,0.57114028046290855,0.49225532870045219,-2.30871226108856,0.16251012383186614,0.10897074960614263,1
9.2725000000000009,2.9704694872228696,0.58863818689662617,0.48640452097420689,-2.3723936075886063,0.16251012383186614,0.10897074960614263,1
9.2750000000000004,2.9719632131962315,0.60638504053958042,0.48039101562063946,-2.438889394539741,0.15433726776225984,0.10580880331942692,1
9.2774999999999999,2.9734998570985334,0.62297134542252275,0.47422103195639509,-2.4975711074028828,0.15433726776225984,0.10580880331942692,1
9.2799999999999994,2.975078280718388,0.63981064064257975,0.46790074754051164,-2.5591482547772864,0.14684920957419303,0.10040386827118206,1
9.2825000000000006,2.9766974856309183,0.65559524836536565,0.46143526023580617,-2.6137283922159877,0.14684920957419303,0.10040386827118206,1
9.2850000000000001,2.9783564711259563,0.67163689001401183,0.45482962823747058,-2.6712817159275697,0.13262621391635201,0.085901836055758143,1
9.2874999999999996,2.9800527275470952,0.68540781784347904,0.44810037423046789,-2.7125965153724474,0.13262621391635201,0.085901836055758143,1
9.2900000000000009,2.981783711853669,0.6994207409960036,0.44126423393252739,-2.7568057145854241,0.11850071687300121,0.072841277179352459,1
9.2925000000000004,2.9835468538471863,0.71112941311128874,0.4343381878808168,-2.7844876508189529,0.11850071687300121,0.072841277179352459,1
9.2949999999999999,2.9853395449738058,0.72306137374904322,0.42733948280997414,-2.8149453027955667,0.11039368094611032,0.074496899913600173,1
9.2974999999999994,2.9871604993106078,0.73373776178571259,0.42027528713573864,-2.8368643536174223,0.11039368094611032,0.074496899913600173,1
9.3000000000000007,2.9890084152004497,0.7446318715016208,0.41315286745902119,-2.8615359561817804,0.11187348218969267,0.06785160111948961,1
9.3025000000000002,2.9908841896088316,0.75602654747915188,0.40596261858437216,-2.8911450937289218,0.11187348218969267,0.06785160111948961,1
9.3049999999999997,2.9927887458124602,0.76765869647306217,0.39869470029680043,-2.9236845463679639,0.10381785321226596,0.058906666435458901,1
9.307500000000001,2.9947207942593255,0.77801808977509512,0.39135628406601702,-2.9475274773789781,0.10381785321226596,0.058906666435458901,1
9.3100000000000005,2.9966790296408172,0.78860955918887976,0.38395463807895142,-2.9742804659006188,0.092420158275670142,0.05691499293519716,1
9.3125,2.998661325553635,0.79726260322835207,0.37650339763854079,-2.9871732946780876,0.092420158275670142,0.05691499293519716,1
9.3149999999999995,3.0006655227243653,0.80613174410562372,0.36901643932464301,-3.0028650792559533,0.074643226864287204,0.052480935705456977,1
9.3175000000000008,3.002687875223204,0.81177988490366415,0.36151999283362474,-2.9947085257607475,0.074643226864287204,0.052480935705456977,1
9.3200000000000003,3.0047245727208711,0.81760871956968928,0.35404079672786515,-2.9890720769167411,0.070121288626755096,0.047272853562470352,1
9.3224999999999998,3.0067749671391284,0.82273635932589018,0.34658110508136392,-2.9790959624883864,0.070121288626755096,0.047272853562470352,1
9.3250000000000011,3.0088384045715464,0.82804407056454321,0.33914322635012834,-2.9716286619211747,0.060355930772712743,0.047664429062287933,1
9.3275000000000006,3.0109129203051772,0.83159561797454873,0.33173972132110313,-2.9515690663466572,0.060355930772712743,0.047664429062287933,1
9.3300000000000001,3.0129965203022624,0.83531233714034048,0.32438339874189509,-2.9338883033219494,0.056274186853573827,0.047130533682299629,1
9.3324999999999996,3.0150885989342804,0.83837761836334368,0.31707628186647935,-2.9121959511396449,0.056274186853573827,0.047130533682299629,1
9.3350000000000009,3.0171885456589322,0.84160761954985286,0.30982045259827434,-2.8928633591949509,0.04347527937189552,0.038547758798926801,1
9.3375000000000004,3.019293526062393,0.8424000469445071,0.30263545854028712,-2.8554897480575541,0.04347527937189552,0.038547758798926801,1
9.3399999999999999,3.021400664420546,0.84333470297522539,0.29554120607763668,-2.8202735167043969,0.032438403857193744,0.046310620949058197,1
9.3424999999999994,3.0235074854611246,0.84214252977817061,0.28855455137496594,-2.7693793571160805,0.032438403857193744,0.046310620949058197,1
9.3450000000000006,3.0256114807033203,0.84107470869137912,0.28169265874648358,-2.7204658517109075,0.035243482041657906,0.031722250768033811,1
9.3475000000000001,3.0277136941763536,0.8407187554884098,0.27494482921247243,-2.6781391897817857,0.035243482041657906,0.031722250768033811,1
9.3499999999999996,3.0298151893226697,0.84050060786197722,0.26830025102233379,-2.6378666880925681,0.028772557000336124,0.038715113257911132,1
9.3525000000000009,3.0319146177915326,0.83906366445575653,0.26176715590310407,-2.5889358492544892,0.028772557000336124,0.038715113257911132,1
9.3550000000000004,3.0340106163449576,0.83775715434841524,0.25535393742120827,-2.5419662471935318,0.028429901394124855,0.046768616497184057,1
9.3574999999999999,3.0361034238686244,0.83651116591845864,0.24905640277673338,-2.4963885327518778,0.028429901394124855,0.046768616497184057,1
9.3599999999999994,3.0381932846932584,0.83540019510096752,0.2428703583058931,-2.4527745848221816,0.020242930564595356,0.0473731364141236,1
9.3625000000000007,3.0402783541241938,0.83267588834929118,0.23680817967980577,-2.3972753479328222,0.020242930564595356,0.0473731364141236,1
9.3650000000000002,3.0423567676182208,0.83007575358994445,0.2308824485295411,-2.343615751967199,0.013119049663256614,0.043661783552374003,1
9.3674999999999997,3.0444269215221094,0.82606644809692875,0.22510375593946411,-2.2796266215280578,0.013119049663256614,0.043661783552374003,1
9.370000000000001,3.0464871957942976,0.8221722551147298,0.21948287924284862,-2.2173608807260567,0.0052390689686977431,0.043204771982636857,1
9.3725000000000005,3.0485357448892358,0.81668440849967416,0.21403246335611859,-2.1432384986843793,0.0052390689686977431,0.043204771982636857,1
9.375,3.0505707050435422,0.81130119702053516,0.20876536237953597,-2.0707053093854113,0.0034751761802973027,0.042841878484797202,1
9.3774999999999995,3.0525918574917115,0.80563786169319196,0.20368145147283181,-1.9966789671921694,0.0034751761802973027,0.042841878484797202,1
9.3800000000000008,3.0545989798123823,0.80007706729126526,0.19878070114498658,-1.9241722605906473,-0.0029060385247034613,0.051641659297026347,1
9.3825000000000003,3.0565905783295229,0.79321738682718002,0.19407325980236828,-1.8420155888517056,-0.0029060385247034613,0.051641659297026347,1
9.3849999999999998,3.0585651445969098,0.78645111379699228,0.18956946430940011,-1.761249528034402,0.0073674721788904076,0.054893766284721764,1
9.3875000000000011,3.0605257418897507,0.78204392597424754,0.1852433533100003,-1.6998777614136338,0.0073674721788904076,0.054893766284721764,1
9.3900000000000006,3.062475449735802,0.77773934416582968,0.18106889623980907,-1.6399211152598578,0.0012103279039945018,0.060771164856292643,1
9.3925000000000001,3.0644128186530426,0.77217148772869537,0.17705617014070843,-1.5704786999215274,0.0012103279039945018,0.060771164856292643,1
9.3949999999999996,3.0663363848713492,0.76669686129628123,0.1732154246063396,-1.5023300354589171,-0.011519853446400413,0.056712315464495941,1
9.3975000000000009,3.0682428412628715,0.75848134710051318,0.1695716730321056,-1.4128604549628079,-0.011519853446400413,0.056712315464495941,1
9.4000000000000004,3.0701288559055375,0.75034298037855995,0.16615019867779543,-1.3244992073309092,0.00070997924200958545,0.060789894466903784,1
9.4024999999999999,3.0719980280498613,0.74500840394447665,0.1629211020537005,-1.2589624146564167,0.00070997924200958545,0.060789894466903784,1
9.4049999999999994,3.0738539650961774,0.73975442934240609,0.15985448393903226,-1.1945088277626954,-0.0025818796369156435,0.070866292142221815,1
9.4075000000000006,3.075695944357419,0.73384129915791063,0.1569550393843403,-1.1252126102651965,-0.0025818796369156435,0.070866292142221815,1
9.4100000000000001,3.0775232318076196,0.72800042437324985,0.15422761305906812,-1.0568857900525015,0.0070133207184180819,0.065318634036218945,1
9.4124999999999996,3.0793386939683551,0.72438145924928277,0.1516483693904504,-1.0066662885346671,0.0070133207184180819,0.065318634036218945,1
9.4150000000000009,3.0811451987123921,0.72083402499781335,0.14919351253495333,-0.95736971766287082,-0.0025337092349411706,0.064180409106832551,1
9.4175000000000004,3.0829402388446456,0.71520843168742232,0.14688220826094547,-0.89181007564282666,-0.0025337092349411706,0.064180409106832551,1
9.4199999999999999,3.0847212910675941,0.70964307290885065,0.14473380226713298,-0.82704231283534968,0.0065486820269611314,0.074789016928312774,1
9.4224999999999994,3.0864910579574456,0.70618023235300376,0.14272595533005766,-0.77936018904587367,0.0065486820269611314,0.074789016928312774,1
9.4250000000000007,3.08825223992313,0.70277462550028402,0.14083639366986886,-0.73240727908612735,0.0089048373374155561,0.07140008370731421,1
9.4275000000000002,3.0900056405558787,0.69995481756472344,0.13905803650667323,-0.69039124057066747,0.0089048373374155561,0.07140008370731421,1
9.4299999999999997,3.091752057508645,0.69718720862388284,0.13738388911490945,-0.64903325845009774,0.0072371646858484118,0.073490112957195125,1
9.432500000000001,3.093491146867942,0.69409216505406046,0.13581611649764516,-0.60528431673243566,0.0072371646858484118,0.073490112957195125,1
9.4350000000000005,3.0952225564930909,0.69104291398956308,0.13435698665034093,-0.56211246147579053,0.00808066172201009,0.075724356512810426,1
9.4375,3.096946635495573,0.68822720373566404,0.13300319987235465,-0.52100371526465639,0.00808066172201009,0.075724356512810426,1
9.4399999999999995,3.0986637258520848,0.68545150343109407,0.13175155017555693,-0.48039647492846044,0.010866933344741621,0.086758259767039533,1
9.4425000000000008,3.1003747122874667,0.68334370520824916,0.13059452684310718,-0.44529754827085022,0.010866933344741621,0.086758259767039533,1
9.4450000000000003,3.1020804735811822,0.68127095242407365,0.12952469953240839,-0.41063413107449842,0.013917670496897089,0.077468766505523437,1
9.4474999999999998,3.1037819580271768,0.67992191933417678,0.12853411134945578,-0.38190195753592421,0.013917670496897089,0.077468766505523437,1
9.4500000000000011,3.1054801088233188,0.6786036626704709,0.12761487364119145,-0.35354913459506998,0.014944988691947249,0.076197516708912186,1
9.4525000000000006,3.1071752912817692,0.67754692027512997,0.12676374389123016,-0.32741138096920591,0.014944988691947249,0.076197516708912186,1
9.4550000000000001,3.1088678656437696,0.67651684250236821,0.12597754385020477,-0.30160111444301274,0.022997238663982782,0.079598257627922026,1
9.4574999999999996,3.1105601793655113,0.67733834504579993,0.12523722132360235,-0.29070782492908898,0.022997238663982782,0.079598257627922026,1
9.4600000000000009,3.1122545780477417,0.6781846640757313,0.124523754694689,-0.28011459729277111,0.024508035543684848,0.08058377504938824,1
9.4625000000000004,3.1139515512862257,0.67939789721385957,0.12383297799702998,-0.27255461419320304,0.024508035543684848,0.08058377504938824,1
9.4649999999999999,3.1156515871272328,0.68063464441071186,0.12316074552831925,-0.26527796954598154,0.019454860102985392,0.083127205551841596,1
9.4674999999999994,3.1173533091810963,0.68074660793840236,0.12251783457000363,-0.24909463330477771,0.019454860102985392,0.083127205551841596,1
9.4700000000000006,3.1190553376573069,0.68087956153831208,0.12191505998113725,-0.23316617439181866,0.017694539429317417,0.087532581710548105,1
9.4725000000000001,3.1207572234665664,0.68063220503628397,0.12135580472031381,-0.21427599955526827,0.017694539429317417,0.087532581710548105,1
9.4749999999999996,3.1224585136289744,0.68040278566713108,0.1208434980982946,-0.19560410420493349,0.013713155561386234,0.077902455852247254,1
9.4775000000000009,3.1241581199565522,0.67928477765618656,0.12038666893560954,-0.16988985776355267,0.013713155561386234,0.077902455852247254,1
9.4800000000000004,3.1258549491499101,0.67818072981226662,0.11999390637659506,-0.1443465439602008,0.010392494690599607,0.079886864250714285,1
9.4824999999999999,3.1275480898475307,0.67633356162174219,0.11967236648444342,-0.1129067083448265,0.010392494690599607,0.079886864250714285,1
9.4849999999999994,3.1292366245684069,0.67449552652269718,0.11942927915915214,-0.081579292317331784,0.023237682166357153,0.087201416212696947,1
9.4875000000000007,3.1309242238950095,0.67558505381130451,0.11923518569296523,-0.073708953764372254,0.023237682166357153,0.087201416212696947,1
9.4900000000000002,3.1326145551499844,0.67668095667996786,0.11906067043231407,-0.065915371618025756,0.032239548103828911,0.082423777118392216,1
9.4924999999999997,3.1343101923136967,0.67982983243780548,0.11888507357546434,-0.074574675571163498,0.032239548103828911,0.082423777118392216,1
9.495000000000001,3.1360137099297343,0.68298544985990139,0.11868773036828902,-0.083314009861802374,0.027769794088234663,0.084708816673307097,1
9.4975000000000005,3.1377238550738231,0.68513189967043309,0.11847859884731521,-0.084005956221164343,0.027769794088234663,0.084708816673307097,1
9.5,3.139439375625888,0.68728578749815195,0.11826762652754604,-0.084786781966609298,0.019599694715406273,0.077790306653578625,1
9.5024999999999995,3.141157967133072,0.68758852150888483,0.11807318249748674,-0.070781794641714274,0.019599694715406273,0.077790306653578625,1
9.5050000000000008,3.1428773232539515,0.68789728065911626,0.11791365679562957,-0.056849724225007565,0.020935499619986957,0.074244141562005511,1
9.5075000000000003,3.1445978374421868,0.6885148004284507,0.11778584484130129,-0.045408659355465501,0.020935499619986957,0.074244141562005511,1
9.5099999999999998,3.1463199005002127,0.68913621349310472,0.11768657433053903,-0.034014600819013127,0.032180478797927549,0.078847536342057711,1
9.5125000000000011,3.1480467189820436,0.69231915392200427,0.11759014731224866,-0.043133919164305777,0.032180478797927549,0.078847536342057711,1
9.5150000000000006,3.14978149952382,0.69550599947427449,0.11747086612389578,-0.052299574324036799,0.034120886861900818,0.078226326545869085,1
9.5175000000000001,3.1515248048234956,0.69913913378625869,0.11732418550592127,-0.065055491710844238,0.034120886861900818,0.078226326545869085,1
9.5199999999999996,3.153277200146511,0.70277821311975153,0.11714553005649825,-0.077881745653976209,0.034393689731870278,0.072686190524537619,1
9.5225000000000009,3.1550387794226311,0.70648649793935447,0.11693408550464439,-0.091289152682199073,0.034393689731870278,0.072686190524537619,1
9.5250000000000004,3.1568096395992264,0.71020313911770194,0.11668900195448885,-0.10479537461085833,0.035548516983484026,0.083758568560270044,1
9.5274999999999999,3.1585901316769047,0.71419225136007669,0.1164073843128423,-0.12051914066736014,0.035548516983484026,0.083758568560270044,1
9.5299999999999994,3.1603806101022531,0.71819246006799464,0.11608629710933697,-0.13637388845416065,0.033083901764054527,0.068823465816338136,1
9.5325000000000006,3.1621804030638136,0.72164406664289438,0.11573100529827675,-0.14788511264804094,0.033083901764054527,0.068823465816338136,1
9.5350000000000001,3.163988841661987,0.72510914625826794,0.1153467385907299,-0.15955589751553825,0.019495978615824385,0.065430884935588907,1
9.5374999999999996,3.1658020930148338,0.72549411786604556,0.11496404296638145,-0.14662696848023798,0.019495978615824385,0.065430884935588907,1
9.5400000000000009,3.1676163227035969,0.72589163323909855,0.1146134774529235,-0.13384960676177624,0.037330778268488615,0.067064227649913946,1
9.5425000000000004,3.1694366387693882,0.73036344802366993,0.11425403060320204,-0.15373409879421773,0.037330778268488615,0.067064227649913946,1
9.5449999999999999,3.1712681518593651,0.73484956288194703,0.11384466674520737,-0.17378686231483614,0.035863044271504246,0.063276822587753925,1
9.5474999999999994,3.1731104820308995,0.73901738756162694,0.11338828415011261,-0.19135237915599124,0.035863044271504246,0.063276822587753925,1
9.5500000000000007,3.174963253543142,0.74320290902209585,0.1128877310169409,-0.20912651378384489,0.03319623316654749,0.062371696761637521,1
9.5525000000000002,3.1768257528928858,0.74679985831141693,0.11234854429247909,-0.22226175564181205,0.03319623316654749,0.062371696761637521,1
9.5549999999999997,3.1786972697777234,0.75041714108867485,0.11177622182748077,-0.23563751272084546,0.027790227966429399,0.076558691669811441,1
9.557500000000001,3.18057631572636,0.75282315588880355,0.11118248044538656,-0.23939774983548837,0.027790227966429399,0.076558691669811441,1
9.5600000000000005,3.1824614033945378,0.75525057744430857,0.11057902056726134,-0.2434130228769486,0.024457587713025843,0.055624949665321805,1
9.5625,3.1843516364897213,0.75693946299581505,0.10997280771984343,-0.24159990628088973,0.024457587713025843,0.055624949665321805,1
9.5649999999999995,3.1862461184723347,0.75864966578604631,0.10937080851148182,-0.24004184125026354,0.019970738134041308,0.055438519989725807,1
9.5675000000000008,3.1881436225783024,0.75935701384003695,0.10878263575806391,-0.23053722738836097,0.019970738134041308,0.055438519989725807,1
9.5700000000000003,3.1900429201813236,0.76008433130239783,0.10821792210415035,-0.22127295842063574,0.03602979060486082,0.060160043530158226,1
9.5724999999999998,3.1919486429040722,0.76449743509832757,0.10763938154368977,-0.24160171569339112,0.03602979060486082,0.060160043530158226,1
9.5750000000000011,3.193865426089979,0.76893302075305459,0.1070096930872268,-0.26219502308779313,0.037737087696201176,0.049497920089466657,1
9.5775000000000006,3.1957938157568315,0.77378299786523352,0.1063242637932805,-0.28619871846038114,0.037737087696201176,0.049497920089466657,1
9.5800000000000001,3.1977343634476876,0.77865981950388707,0.10557843690909881,-0.31051754549440741,0.030649921885789667,0.046504458994307107,1
9.5824999999999996,3.1996851148476733,0.78194610614693139,0.10478760344017303,-0.32220614666805458,0.030649921885789667,0.046504458994307107,1
9.5850000000000009,3.2016441184601589,0.7852617735544225,0.10396711625247625,-0.33424268724146966,0.031996238987293438,0.051375950210007411,1
9.5875000000000004,3.2036118338798945,0.78891578933214235,0.10311300739489829,-0.34910617329323068,0.031996238987293438,0.051375950210007411,1
9.5899999999999999,3.2055887241206169,0.79260186460418702,0.10222126971101446,-0.3643485037359554,0.028558586050318406,0.054939723813758508,1
9.5924999999999994,3.207573888137802,0.79553492456106945,0.10129880914920318,-0.37368609628272598,0.028558586050318406,0.054939723813758508,1
9.5950000000000006,3.2095664269863868,0.79850187914441839,0.10035250418112604,-0.38342578318585901,0.028960414301678068,0.06616077857672055,1
9.5975000000000001,3.2115665415065204,0.8015956327094298,0.099380415210549758,-0.39431527158258567,0.028960414301678068,0.06616077857672055,1
9.5999999999999996,3.2135744350550262,0.8047252756422687,0.098380573424496867,-0.40563007679697777,0.025274608086808047,0.048774902918168682,1
9.6025000000000009,3.2155891434836188,0.80704757658712323,0.097360354148724529,-0.41061804656339007,0.025274608086808047,0.048774902918168682,1
9.6050000000000004,3.2176097036886717,0.80940678167478941,0.096327117312762098,-0.41604511012058293,0.013386588196495373,0.042820110279574192,1
9.6074999999999999,3.2196328031210983,0.80907860341067162,0.095307044698635449,-0.40008347897438046,0.013386588196495373,0.042820110279574192,1
9.6099999999999994,3.2216551253564836,0.80878480874712599,0.094326354112573285,-0.38453684804049337,0.023185580579636933,0.057536757880047265,1
9.6125000000000007,3.22367956338825,0.81077137539293853,0.093361520624932137,-0.38739854437157878,0.023185580579636933,0.057536757880047265,1
9.6150000000000002,3.2257090111494486,0.81279264431420362,0.092389016978015923,-0.39067357257140933,0.020593371543474126,0.044683269002452564,1
9.6174999999999997,3.2277428123918295,0.81425412622784332,0.091413763055798944,-0.38959854886303275,0.020593371543474126,0.044683269002452564,1
9.620000000000001,3.2297803106412206,0.81575024392040718,0.090440679648717506,-0.38893706337633532,0.0046993651076915298,0.048665060349160981,1
9.6225000000000005,3.2318170317978985,0.813631908044397,0.089505287067174144,-0.35944060613438633,0.0046993651076915298,0.048665060349160981,1
9.625,3.2338484953101529,0.81154372865160651,0.088643170926835657,-0.33031100570038174,0.018943956700817964,0.047325658214048279,1
9.6274999999999995,3.2358788628643924,0.81275518131492208,0.087820672533402075,-0.32774584328573919,0.018943956700817964,0.047325658214048279,1
9.6300000000000008,3.2379122954669914,0.81399573682864501,0.087004152071813848,-0.32552827762859954,0.01172029894104052,0.041164941367711066,1
9.6325000000000003,3.239946790996528,0.8136052768896932,0.086209374222900217,-0.31034925943287989,0.01172029894104052,0.041164941367711066,1
9.6349999999999998,3.2419803442685136,0.81324171960970881,0.085452135963648604,-0.29549404145469255,0.021257217044944023,0.050100059224177151,1
9.6375000000000011,3.2440157611008682,0.81509619265108779,0.084709679877193494,-0.29852374009411953,0.021257217044944023,0.050100059224177151,1
9.6400000000000006,3.2460558475853958,0.8169774924326435,0.083959251282485603,-0.30187264394756863,0.019378626946235284,0.039966161048575095,1
9.6425000000000001,3.2481001312165141,0.81845391081002083,0.08320437662712532,-0.30208069594925868,0.019378626946235284,0.039966161048575095,1
9.6449999999999996,3.2501481396480916,0.81995734194585579,0.082448579556768931,-0.30261067158127231,0.017909824562849074,0.044553782406725306,1
9.6475000000000009,3.252199518147163,0.82114993616576659,0.08169444068128183,-0.3007538695773605,0.017909824562849074,0.044553782406725306,1
9.6500000000000004,3.2542539116637541,0.82236933453512817,0.080944543749463929,-0.29921684702693402,0.0274394090542475,0.038823160385932316,1
9.6524999999999999,3.2563141282760228,0.82580867167447625,0.080176111307345255,-0.31558480648236742,0.0274394090542475,0.038823160385932316,1
9.6549999999999994,3.2583829792368046,0.82927706904762899,0.079366333760158031,-0.33229594499956783,0.019009777302321083,0.040849549320250048,1
9.6575000000000006,3.2604581133326933,0.8308351853338487,0.078533782397229565,-0.33380441594006355,0.019009777302321083,0.040849549320250048,1
9.6600000000000001,3.2625371801183234,0.83242325009077833,0.077697014572409601,-0.33566944814119098,0.022560940963259807,0.035102738228466122,1
9.6624999999999996,3.264621277030944,0.83485942801874302,0.076846937774403379,-0.34445304457840309,0.022560940963259807,0.035102738228466122,1
9.6650000000000009,3.2667115033388749,0.83732690530598419,0.075974440067820947,-0.35360781226552923,0.021247462972627973,0.042395118308849906,1
9.6675000000000004,3.2688075600563149,0.83952386022072345,0.075081614925881918,-0.36071630278819111,0.021247462972627973,0.042395118308849906,1
9.6699999999999999,3.2709091498752243,0.84175350035572361,0.074170535285065703,-0.36821275053412456,0.026250994879502113,0.044128168758630071,1
9.6724999999999994,3.2730177970429959,0.84517001474273667,0.073228658239258462,-0.38535716566843736,0.026250994879502113,0.044128168758630071,1
9.6750000000000007,3.2751350295165382,0.84862201343042432,0.072243400241230146,-0.40292067689235317,0.013694829627162276,0.040694409788324282,1
9.6775000000000002,3.2772573186116274,0.8492151865030253,0.071242721096404518,-0.39769340593039737,0.013694829627162276,0.040694409788324282,1
9.6799999999999997,3.2793811348912483,0.84984369325424258,0.070254581554112003,-0.39288816067687898,0.0094421010101293328,0.039516102640091207,1
9.682500000000001,3.2815053397802498,0.84952588283049701,0.06928777043608729,-0.3806286283344455,0.0094421010101293328,0.039516102640091207,1
9.6850000000000005,3.2836287921986269,0.84924154706459398,0.068351104176636535,-0.36877021312400182,0.0072859640576583458,0.030108916418238131,1
9.6875,3.2857509525316515,0.84849198790266955,0.067448585375832218,-0.35330804618205713,0.0072859640576583458,0.030108916418238131,1
9.6899999999999995,3.2878712779330397,0.84777338515532841,0.066584254490397246,-0.33821725697666521,0.0062867497721916469,0.037354041659251921,1
9.6925000000000008,3.2899895558059615,0.84685372590325014,0.065759516129456741,-0.32163118665212065,0.0062867497721916469,0.037354041659251921,1
9.6950000000000003,3.2921055700349138,0.845962235784537,0.064975816932196173,-0.30538309478726378,0.018566653349194905,0.033473220516327291,1
9.6974999999999998,3.2942229344223359,0.84793394043531056,0.064203890350829407,-0.31221354640018084,0.018566653349194905,0.033473220516327291,1
9.7000000000000011,3.2963452633321833,0.84993396172665292,0.063414469209671614,-0.31938001660419529,0.0086899987399966412,0.041359565501537562,1
9.7025000000000006,3.2984697761533122,0.84968092316120969,0.062629588457699614,-0.30857993955164115,0.0086899987399966412,0.041359565501537562,1
9.7050000000000001,3.3005936907004045,0.84945518981846946,0.061871297414666702,-0.29810640747530237,0.020708740988424845,0.03667589504004809,1
9.7074999999999996,3.3027205459477118,0.85203363882177108,0.061110935840159059,-0.31023768042825806,0.020708740988424845,0.03667589504004809,1
9.7100000000000009,3.3048538825138905,0.85464043360578801,0.060319829371678839,-0.32270455227260197,-0.0047936471650723584,0.031714121042083904,1
9.7125000000000004,3.3069864036232102,0.85138081746875871,0.059556253270640118,-0.28820904885011583,-0.0047936471650723584,0.031714121042083904,1
9.7149999999999999,3.3091108072024378,0.84814592449678683,0.058878535291443816,-0.25401217161759837,0.0070373326168199028,0.038919518935344587,1
9.7174999999999994,3.3112305708908494,0.84766868575540244,0.058258533140416367,-0.24203330501344131,0.0070373326168199028,0.038919518935344587,1
9.7200000000000006,3.3133491684932945,0.84721288334634703,0.057668155219802238,-0.23031071664950792,0.01032967236014239,0.04255301566523309,1
9.7225000000000001,3.3154676040927664,0.84753898616723833,0.057099138377524318,-0.2249431704033214,0.01032967236014239,0.04255301566523309,1
9.7249999999999996,3.3175868801783346,0.84788519580177846,0.056543239648606289,-0.21981530839967323,0.012478831579379217,0.043878437564151919,1
9.7275000000000009,3.3197076678717194,0.84874824561425644,0.055994879630303342,-0.21891181432812537,0.012478831579379217,0.043878437564151919,1
9.7300000000000004,3.3218306378095295,0.84963098092297806,0.055448485411044336,-0.21824254020177455,0.0068071087450955929,0.049508966191157473,1
9.7324999999999999,3.3239541988725354,0.84922101844970332,0.054916636041673482,-0.20727456943015096,0.0068071087450955929,0.049508966191157473,1
9.7349999999999994,3.3260767582451014,0.84882946956231009,0.054411929306311148,-0.19652652712172367,0.00469616033270204,0.039542925374346803,1
9.7375000000000007,3.3281977501855318,0.84796687410608917,0.053938729948132244,-0.18206634060545113,0.00469616033270204,0.039542925374346803,1
9.7400000000000002,3.3303166060428109,0.84712039265248329,0.053501437043560363,-0.16779884269918327,-0.0037676094655297171,0.026277950838864955,1
9.7424999999999997,3.3324309160387755,0.844329818055783,0.053119238830850707,-0.13798635752944832,-0.0037676094655297171,0.026277950838864955,1
9.745000000000001,3.3345382651264406,0.84155123644517627,0.052811385064981273,-0.10831811386603026,-0.00086191588478501304,0.040084922051563256,1
9.7475000000000005,3.3366395207420085,0.83945466028770199,0.052570806681382462,-0.084161442629480748,-0.00086191588478501304,0.040084922051563256,1
9.75,3.3387355445689142,0.83736545402719842,0.05239050417118786,-0.060093196357550512,0.017827117536308203,0.041048967698995659,1
9.7524999999999995,3.3408317598053001,0.83960773054197602,0.052226887985658235,-0.070811541184803053,0.017827117536308203,0.041048967698995659,1
9.7550000000000008,3.342933588606726,0.84185646972437622,0.052036382690601082,-0.081606422042598936,0.0087331132492370796,0.046684537023285302,1
9.7575000000000003,3.3450384169675265,0.84200739134812075,0.051839902254459211,-0.075591896536658779,0.0087331132492370796,0.046684537023285302,1
9.7599999999999998,3.3471436312017597,0.84216507953726583,0.051658356028816431,-0.069657993310352606,0.0084072887785568914,0.04569104779898342,1
9.7625000000000011,3.3492491532775417,0.84225357155346192,0.051492307119439334,-0.063192937113165426,0.0084072887785568914,0.04569104779898342,1
9.7650000000000006,3.3513549037711319,0.84234771801332575,0.051342335198487132,-0.056795260842174192,0.013426768735673472,0.038368733252567885,1
9.7675000000000001,3.3534623486650545,0.84360907587403777,0.051196621697227725,-0.059785975821985783,0.013426768735673472,0.038368733252567885,1
9.7699999999999996,3.3555729536571834,0.84487584222733847,0.051043351800596451,-0.062840918967786763,0.014988596340775319,0.049626497591190345,1
9.7725000000000009,3.357687184605866,0.8465099129187531,0.05087873300620413,-0.068865934255013431,0.014988596340775319,0.049626497591190345,1
9.7750000000000004,3.3598055084309029,0.84815023510245124,0.050698960335269584,-0.074965108813498535,0.012219278597968435,0.039489883085714036,1
9.7774999999999999,3.3619271399663559,0.84915612870748802,0.050510273239612061,-0.075998061046223628,0.012219278597968435,0.039489883085714036,1
9.7799999999999994,3.3640512947908738,0.8501688826427638,0.050318902098802215,-0.077112538009619799,0.01029196400687535,0.043059301171593886,1
9.7825000000000006,3.3661774323505664,0.85074230284509911,0.050129119027403961,-0.074727455682776806,0.01029196400687535,0.043059301171593886,1
9.7850000000000001,3.3683050119047762,0.85132244326476858,0.049945198197761248,-0.072422327718601603,0.0098856713984979798,0.029056361948715439,1
9.7874999999999996,3.3704339323930452,0.85181500970957891,0.049767886750498008,-0.069439472156134691,0.0098856713984979798,0.029056361948715439,1
9.7900000000000009,3.3725640921537448,0.8523138172230621,0.049597938953283828,-0.066530883753576991,0.012008463278881491,0.032019426991868889,1
9.7925000000000004,3.374696120937573,0.85331021925373196,0.049430240872143205,-0.067639575789404965,0.012008463278881491,0.032019426991868889,1
9.7949999999999999,3.376830648339062,0.85431272868566921,0.049259680603308847,-0.068820839503015055,0.016338169315702651,0.047529024817140074,1
9.7974999999999994,3.3789689431277155,0.85632421774786804,0.049076014738564974,-0.078125070522228349,0.016338169315702651,0.047529024817140074,1
9.8000000000000007,3.3811122753587939,0.85834282461035838,0.048868984972048363,-0.087513643115798526,0.015656403997572985,0.034819895852239997,1
9.8025000000000002,3.3832604665238462,0.8602114967741129,0.048639952048065357,-0.09572916548550392,0.015656403997572985,0.034819895852239997,1
9.8049999999999997,3.3854133401012203,0.86208887996171546,0.048390253101934115,-0.10404794802934719,0.0022694846505311572,0.036667487518075671,1
9.807500000000001,3.38756704300717,0.86087485942203423,0.04815072937354236,-0.087587945490246094,0.0022694846505311572,0.036667487518075671,1
9.8100000000000005,3.3897177208646623,0.85966859918245275,0.047952236077650243,-0.071220707728010396,0.016214695546811542,0.034801847471861373,1
9.8125,3.391869428939061,0.86169901517439385,0.047762152727012126,-0.080859655830343019,0.016214695546811542,0.034801847471861373,1
9.8149999999999995,3.3940262220809796,0.86373680033078248,0.047547865044258807,-0.090585916467050456,0.016774867041736613,0.032242287323471577,1
9.8175000000000008,3.396188282022361,0.86591261281193166,0.047307839633160917,-0.10145170516844633,0.016774867041736613,0.032242287323471577,1
9.8200000000000003,3.3983557928586405,0.86809768241134211,0.047040515158850937,-0.11242713476296815,0.009323519285414951,0.03575340077198521,1
9.8224999999999998,3.4005266212132721,0.86856666585912956,0.046762923414382915,-0.10966606445245872,0.009323519285414951,0.03575340077198521,1
9.8250000000000011,3.4026986344080679,0.8690455143490291,0.04649208704313551,-0.10702235682820196,0.013683258082645151,0.034823804856994205,1
9.8275000000000006,3.4048731194057678,0.87054414434907168,0.046217581015044945,-0.11260216734621935,0.013683258082645151,0.034823804856994205,1
9.8300000000000001,3.4070513636439941,0.87205299226679667,0.045928975190310632,-0.11830320783961301,0.015311609423097082,0.027733342423219193,1
9.8324999999999996,3.4092338649303024,0.87394989883373075,0.045622173005782071,-0.12716060977962557,0.015311609423097082,0.027733342423219193,1
9.8350000000000009,3.4114211227849291,0.87585838253390835,0.045293057804493921,-0.1361552280053584,0.0089906705131087075,0.030428188683575236,1
9.8375000000000004,3.4136113362763001,0.87631443280971011,0.044955971886746986,-0.13353756216030929,0.0089906705131087075,0.030428188683575236,1
9.8399999999999999,3.4158027049631858,0.87678250120969869,0.044625250872264127,-0.13106285484127053,0.011561401260810969,0.025786770400247676,1
9.8424999999999994,3.4179960033089523,0.87785816959107288,0.04429456257268588,-0.1335114685283999,0.011561401260810969,0.025786770400247676,1
9.8450000000000006,3.4201920058752169,0.87894591593769367,0.043957574007899389,-0.1361035210327359,0.0086721461081123198,0.02713413572800611,1
9.8475000000000001,3.4223899061047143,0.87937628952222879,0.043620642662026941,-0.13346560517837702,0.0086721461081123198,0.02713413572800611,1
9.8499999999999996,3.4245888973342966,0.87981867794375668,0.043290126902351643,-0.13097059772305505,0.010048809395790899,0.023102162516301077,1
9.8525000000000009,3.4267894081892667,0.88059197794765443,0.042962470757424986,-0.13117775235078197,0.010048809395790899,0.023102162516301077,1
9.8550000000000004,3.4289918670923045,0.88137712093205067,0.042634120869881317,-0.13152564440266168,0.0096339384887439098,0.034476980302457889,1
9.8574999999999999,3.4311961834766569,0.88207796239555347,0.042305690005441036,-0.13124253078628131,0.0096339384887439098,0.034476980302457889,1
9.8599999999999994,3.4334022667737778,0.88279064831172804,0.04197779091676386,-0.1311001887726512,0.013563902460732125,0.033663101621442475,1
9.8625000000000007,3.4356112854291148,0.88442631709630437,0.041640929125880459,-0.13841344945400985,0.013563902460732125,0.033663101621442475,1
9.8650000000000002,3.4378244088424945,0.88607456687012942,0.041285599352280697,-0.14587590389897592,0.016020932614008908,0.019069743942830061,1
9.8674999999999997,3.4400423813940293,0.88830578632321466,0.040905701869926994,-0.15806946227960758,0.016020932614008908,0.019069743942830061,1
9.870000000000001,3.442265949798113,0.89055143583374352,0.04049510964285194,-0.17043391314858297,0.0060171399075776818,0.02888613363643763,1
9.8725000000000005,3.4444922519962433,0.89049282739500812,0.0400766571608695,-0.16435788993801251,0.0060171399075776818,0.02888613363643763,1
9.875,3.4467184262332338,0.89044897804729739,0.039673173796910953,-0.15845755798070452,0.021913449176124221,0.030564231298705166,1
9.8774999999999995,3.4489491166657213,0.89410598575503086,0.039247233818671984,-0.18232533312347401,0.021913449176124221,0.030564231298705166,1
9.8800000000000008,3.4511889701671943,0.89777980107216548,0.038761381767818834,-0.20639156099214184,0.015132233859221926,0.028870402476582645,1
9.8825000000000003,3.4534360655871716,0.89989975991497451,0.038230872515186087,-0.21805404900828626,0.015132233859221926,0.028870402476582645,1
9.8849999999999998,3.455688485535469,0.90203960294103058,0.037670915227850113,-0.22995211160207196,0.0093763929161033363,0.022549181251236179,1
9.8875000000000011,3.4579446121828434,0.90286518962421303,0.037094304070368192,-0.23137809342477195,0.0093763929161033363,0.022549181251236179,1
9.8900000000000006,3.4602028289128417,0.90371169327156242,0.036513817709032254,-0.2330525594191028,-0.0026913262030075066,0.023163567478140839,1
9.8925000000000001,3.4624596887379355,0.90177946344104343,0.035956929688611389,-0.21249724085018296,-0.0026913262030075066,0.023163567478140839,1
9.8949999999999996,3.4647117419576472,0.89986610833338654,0.03545114363194142,-0.19216738941483591,0.0078553547180527372,0.028879267251346374,1
9.8975000000000009,3.4669620922418609,0.90041700715352724,0.034971363971318364,-0.19169066075458546,0.0078553547180527372,0.028879267251346374,1
9.9000000000000004,3.469213841417699,0.90098521665883602,0.034492518919446234,-0.19141964093329283,0.0062299016175823875,0.02252549236760849,1
9.9024999999999999,3.4714665612714737,0.90119351819691929,0.03401788003595959,-0.18832537630948046,0.0062299016175823875,0.02252549236760849,1
9.9049999999999994,3.4737198231534907,0.90141879501881961,0.033550723852477142,-0.18543295225924317,0.0051461373705682881,0.030722453688894168,1
9.9075000000000006,3.4759733548021137,0.9014092708994611,0.03309307387477952,-0.18071970421768227,0.0051461373705682881,0.030722453688894168,1
9.9100000000000001,3.4782268830680718,0.90141602033423984,0.032646964048404746,-0.17620001311260988,0.0098896044480632044,0.025208715604709459,1
9.9124999999999996,3.4804818242274425,0.90253960339951322,0.032200867181676904,-0.18070948133338816,0.0098896044480632044,0.025208715604709459,1
9.9150000000000009,3.4827395947374606,0.90367957078752648,0.031743254607186383,-0.18541340825740124,0.0012224211925098609,0.022619358461912115,1
9.9175000000000004,3.4849977214741519,0.90282450488595556,0.031293825215807071,-0.17416209968712806,0.0012224211925098609,0.022619358461912115,1
9.9199999999999999,3.4872537302753916,0.90198505657433947,0.030872289123123918,-0.16309679058397503,0.0082826196395599273,0.017890344709095819,1
9.9224999999999994,3.4895097074949462,0.90279919683525467,0.030461746870224463,-0.16536643304266155,0.0082826196395599273,0.017890344709095819,1
9.9250000000000007,3.4917677387348554,0.90362830877376854,0.030045308827662844,-0.16781384761936288,0.0077290583829597278,0.018416610700412089,1
9.9275000000000002,3.4940277010693745,0.90434410161565693,0.029623817131243534,-0.16940970686862228,0.0077290583829597278,0.018416610700412089,1
9.9299999999999997,3.496289472017891,0.90507522577214861,0.029198108584309115,-0.17118763315485927,0.0067159672171339278,0.023622901219655192,1
9.932500000000001,3.4985527961096716,0.90558662739563733,0.028770086436814446,-0.17126073035829997,0.0067159672171339278,0.023622901219655192,1
9.9350000000000005,3.5008174180573768,0.90611351341063939,0.028341651663648538,-0.17151776663853649,0.0054549128118454625,0.019917087555869021,1
9.9375,3.5030830106141635,0.90636309881927568,0.02791528296163635,-0.16960769786802574,0.0054549128118454625,0.019917087555869021,1
9.9399999999999995,3.5053492463147662,0.90662800154981493,0.027493461504438401,-0.16787964925389273,0.0061670981657131101,0.021293029875413365,1
9.9425000000000008,3.5076163699648273,0.90707344620776742,0.027074074690547751,-0.16765982930436871,0.0061670981657131101,0.021293029875413365,1
9.9450000000000003,3.5098846261770289,0.90753404968824047,0.026655012311140917,-0.16762008158494271,0.0014401402520403291,0.023136070545230945,1
9.9474999999999998,3.5121526807763606,0.90691207783932226,0.026246842222189589,-0.15894511562918578,0.0014401402520403291,0.023136070545230945,1
9.9500000000000011,3.5144191984828339,0.9063044072038885,0.025860144959941021,-0.15044029271180995,-0.0028121972846915201,0.018818115524723549,1
9.9525000000000006,3.5166829797158132,0.90472270401710841,0.02550441895280544,-0.13416582572491492,-0.0028121972846915201,0.018818115524723549,1
9.9550000000000001,3.5189428220209771,0.90315302357887106,0.02518919649444791,-0.11803457605212239,-0.0016114793599823372,0.031467829864702992,1
9.9574999999999996,3.5211991022138998,0.90187279347863925,0.024911341972299904,-0.10426883777247437,-0.0016114793599823372,0.031467829864702992,1
9.9600000000000009,3.5234521937878664,0.90060192363054792,0.024667759449133686,-0.090614537556788374,0.0041818971310951109,0.019370210089661451,1
9.9625000000000004,3.5257038004712578,0.90068476647943674,0.024444682567892621,-0.087862929939226245,0.0041818971310951109,0.019370210089661451,1
9.9649999999999999,3.5279556242339685,0.9007755464916859,0.024228366215254097,-0.085205631882814908,-0.0095858175503801199,0.030798702542292743,1
9.9674999999999994,3.5302036876195189,0.89767621741525039,0.024050675873898805,-0.056959236818987236,-0.0095858175503801199,0.030798702542292743,1
9.9700000000000006,3.5324440095500282,0.8945819636240836,0.023943519565502988,-0.028773406796380525,0.0099035222808191471,0.02400476260288157,1
9.9725000000000001,3.534682257738746,0.89601708519709622,0.023861345611029643,-0.036971661117381135,0.0099035222808191471,0.02400476260288157,1
9.9749999999999996,3.5369240977757448,0.89745556671626514,0.023758628055835087,-0.04520976352207122,0.0014942121796564104,0.024360076337587803,1
9.9775000000000009,3.5391670975559939,0.89694488097455416,0.02365486215120978,-0.037810373810930678,0.0014942121796564104,0.024360076337587803,1
9.9800000000000004,3.5414088250202331,0.89643760310095022,0.023569542422613117,-0.030451505038220278,0.0072090323720004736,0.021305561900161363,1
9.9824999999999999,3.5436509470383921,0.89726049660293594,0.023489253374334162,-0.033785492300652697,0.0072090323720004736,0.021305561900161363,1
9.9849999999999994,3.545895130055094,0.89808645258175346,0.023400584672515937,-0.037155828979012567,0.0055394523173345729,0.022390605518667648,1
9.9875000000000007,3.548140897373151,0.89852796447875605,0.02330733359233899,-0.037451716335143666,0.0055394523173345729,0.022390605518667648,1
9.9900000000000002,3.5503877727017619,0.89897286580672642,0.023213292552134498,-0.037787853728895468,0.0038448321049728584,0.036284107782875739,1
9.9924999999999997,3.5526352725405976,0.89902755331698159,0.023122311601024906,-0.035003418649173161,0.0038448321049728584,0.036284107782875739,1
9.995000000000001,3.5548829131038207,0.89908540368859868,0.023038244146780167,-0.032256561585872409,-0.0043367906161921061,0.023124411474792998,1
9.9975000000000005,3.5571283265311209,0.89724568583748876,0.02298007618266535,-0.014281950728966708,-0.0043367906161921061,0.023124411474792998,1
10,3.5593691425998908,0.89540724842527408,0.022966821686388608,0.0036774098680206688,-0.0043367906161921061,0.023124411474792998,1
