# {"fell": false, "fall_time": null, "duration": 10.0, "label": "hand-tuned", "gains": [4.0, 0.5, 0.15, 0.1], "start_pitch": 0.10000736613927509, "seed": 100}
t,x,x_dot,theta,theta_dot,torque,pitch_reference,velocity_goal
0,0,0,0.10000736613927509,0,0,-0.00057951160465550275,0
0.0025000000000000001,-4.433636440817969e-06,-0.0035471932433703592,0.10006026873295047,0.042325577147496726,0,-0.00057951160465550275,0
0.0050000000000000001,-1.7738807446616197e-05,-0.0070977959565019129,0.10021902905222681,0.084693187515085616,0,-0.0014322377355529708,0
0.0074999999999999997,-3.9928298740458011e-05,-0.010655217833056589,0.10048380473716845,0.12714488083168957,0,-0.0014322377355529708,0
0.01,-7.1023420768283877e-05,-0.014222868986320608,0.10085485858980683,0.16972273962666784,0.40000000000000002,-0.00078640757811256805,0
0.012500000000000001,3.3479765439615875e-06,0.073726629150871151,0.10041609663183704,-0.52079629405178662,0.40000000000000002,-0.00078640757811256805,0
0.014999999999999999,0.00029770795531269595,0.16179381085837879,0.098249930086506232,-1.2124503000906137,0.40000000000000002,-0.019687850450725387,0
0.017500000000000002,0.00081254168324463357,0.25013012566534526,0.094351671447830091,-1.9067093333958984,0.40000000000000002,-0.019687850450725387,0
0.02,0.0015487003329798612,0.33887580908902992,0.088713053964894997,-2.6049581977077341,0.40000000000000002,-0.033847937288919154,0
0.022499999999999999,0.002507364402167216,0.42775876514260402,0.081322510869186168,-3.3052828706090867,0.40000000000000002,-0.033847937288919154,0
0.025000000000000001,0.0036840591491176609,0.51290900222621583,0.072213140619623528,-3.9769260755740432,0.26587882291902026,-0.048479958057433978,0
0.0275,0.0050406895311425866,0.57248642771439617,0.061687037063354641,-4.4449539059147254,0.26587882291902026,-0.048479958057433978,0
0.029999999999999999,0.0065469455566158118,0.63260805883149829,0.049983315040128172,-4.9190420411927178,0.10529245262730051,-0.062054462790047948,0
0.032500000000000001,0.0081576296583353424,0.65600070412849898,0.037460285573001684,-5.1001935559694909,0.10529245262730051,-0.062054462790047948,0
0.035000000000000003,0.0098272481536219279,0.67975203232806602,0.024478321550485412,-5.286174436382379,-0.11806566740299954,-0.068054883632980345,0
0.037499999999999999,0.01149179167273703,0.65192362923818747,0.011546482354325502,-5.0599525803262866,-0.11806566740299954,-0.068054883632980345,0
0.040000000000000001,0.013087085003069513,0.62435738486720427,-0.00082479572193150386,-4.8377538718515467,-0.25395943652923186,-0.063203521583849925,0
0.042500000000000003,0.014574339658188214,0.56549937672253126,-0.012328652029800036,-4.3660448192655403,-0.25395943652923186,-0.063203521583849925,0
0.044999999999999998,0.015914862724978957,0.50697743655862748,-0.022658633096825639,-3.8986645223780592,-0.40000000000000002,-0.050102585244801962,0
0.047500000000000001,0.017067144641999793,0.41491535932145152,-0.031485232195654959,-3.1633720903740019,-0.40000000000000002,-0.050102585244801962,0
0.050000000000000003,0.017989765144183555,0.32324245029740029,-0.038479075343484284,-2.4323656628852164,-0.40000000000000002,-0.031053267443060778,0
0.052499999999999998,0.018683638225669593,0.23190596617948589,-0.043650055500402393,-1.7049442212244135,-0.40000000000000002,-0.031053267443060778,0
0.055,0.019149508011287363,0.14082432690975849,-0.047006018928452693,-0.98018364925939627,-0.40000000000000002,-0.014297264491264223,0
0.057500000000000002,0.019387888187354832,0.049896232166995236,-0.048552296934917465,-0.25700749261522848,-0.40000000000000002,-0.014297264491264223,0
0.059999999999999998,0.019399023519924771,-0.040990758036087385,-0.048291408762874861,0.46574666177567847,-0.38624117043770528,0.0051420437501312997,0
0.0625,0.019186856630118054,-0.1287639001577176,-0.046254908029065789,1.1636723032507128,-0.38624117043770528,0.0051420437501312997,0
0.065000000000000002,0.018755055441786517,-0.21671482965262107,-0.042471506590327085,1.8634428475032021,-0.24959091809568701,0.023529265597968814,0
0.067500000000000004,0.018142670775443171,-0.27323488026683901,-0.037253344376002237,2.3115486353839807,-0.24959091809568701,0.023529265597968814,0
0.070000000000000007,0.01738865559822339,-0.33002504685564071,-0.030911261221668606,2.7626539134882249,-0.10540465012861032,0.034846153610840723,0
0.072499999999999995,0.016534148919273895,-0.35362316517541587,-0.023773308722869368,2.9482233991583335,-0.10540465012861032,0.034846153610840723,0
0.074999999999999997,0.015620323283815251,-0.37748098022826126,-0.016167521390298513,3.1369396842522104,0.042749281991138088,0.037784224974168071,0
0.077499999999999999,0.014689567275405815,-0.3671629976631498,-0.0084315874244877218,3.0523074887771107,0.042749281991138088,0.037784224974168071,0
0.080000000000000002,0.01378431249735188,-0.3570799549375504,-0.00090349765368300146,2.9706587961791344,0.14360221773668952,0.033373055929109503,0
0.082500000000000004,0.012933277171786106,-0.32378683100950612,0.0061887958079366399,2.7036547085242377,0.14360221773668952,0.033373055929109503,0
0.085000000000000006,0.012165188444362781,-0.29072141141057128,0.012617106302108317,2.4394458555207796,0.29223176581750998,0.029887312396508409,0
0.087500000000000008,0.011522658681605166,-0.22333893399991517,0.018041494815152513,1.9004871633430529,0.29223176581750998,0.029887312396508409,0
0.089999999999999997,0.011048327224962923,-0.15615581333790018,0.022121442079556908,1.3638045891239341,0.30030811934247248,0.016719253051117853,0
0.092499999999999999,0.010744097304213565,-0.087248986140559828,0.024843110133464481,0.81376146239072056,0.30030811934247248,0.016719253051117853,0
0.095000000000000001,0.010612003003828214,-0.018437089408031876,0.026191125214183486,0.26476766928830764,0.28345265343778758,0.0037749266685203221,0
0.097500000000000003,0.010646992957600521,0.04642893063628864,0.026206526102862556,-0.25244561588280823,0.28345265343778758,0.0037749266685203221,0
0.10000000000000001,0.01084417238571779,0.11132456254460819,0.024928624537499718,-0.76998553058211483,0.24060239857375312,-0.0073891782477890806,0
0.10250000000000001,0.011191248949827381,0.16635485117890225,0.02245568283843033,-1.2085717268849909,0.24060239857375312,-0.0073891782477890806,0
0.105,0.01167605577214865,0.22151588769920141,0.018884534503727603,-1.6486340150911314,0.14346752812076891,-0.018746505321576658,0
0.1075,0.01227075622075275,0.25427268741005721,0.014437472997722894,-1.9093464680154888,0.14346752812076891,-0.018746505321576658,0
0.11,0.012947567761855728,0.28720763792047826,0.0093360467046721164,-2.1721646569403754,0.039776185039085331,-0.025579757407971984,0
0.1125,0.013676826819797185,0.29623094373128916,0.0038166925469318297,-2.2437006220263558,0.039776185039085331,-0.025579757407971984,0
0.115,0.014428880575338169,0.30544396112308109,-0.0018843883914563065,-2.3175550228256894,-0.092244908492309222,-0.030762643777483101,0
0.11750000000000001,0.015165846754316554,0.28416085598086749,-0.0074649595078004312,-2.1472896821373779,-0.092244908492309222,-0.030762643777483101,0
0.12,0.01584984066197366,0.26306467168367137,-0.012622721503386834,-1.9792856867205877,-0.17320754585882051,-0.028940366879965908,0
0.1225,0.016457801086845851,0.22333272109095562,-0.017174286907034434,-1.6623071894789394,-0.17320754585882051,-0.028940366879965908,0
0.125,0.016966639751128845,0.18376320871896951,-0.020935834290021757,-1.3472198556889234,-0.25088890048967505,-0.01838143597679728,0
0.1275,0.017354176799358873,0.12628683482403166,-0.023730569066151726,-0.88879748792666846,-0.25088890048967505,-0.01838143597679728,0
0.13,0.017598156303706508,0.068909152498865769,-0.025380743934996074,-0.43148054442965328,-0.22749638472883088,-0.0072287253810254014,0
0.13250000000000001,0.017705553721722604,0.017012972743714196,-0.025942954559011189,-0.018334766859365803,-0.22749638472883088,-0.0072287253810254014,0
0.13500000000000001,0.017683222876588765,-0.034881156752622114,-0.025472436849867913,0.39478811103829953,-0.18967345887794085,0.0045097520451601036,0
0.13750000000000001,0.017542091602296545,-0.078033980189489038,-0.024056779729792893,0.73785193205150135,-0.18967345887794085,0.0045097520451601036,0
0.14000000000000001,0.017292987571830669,-0.12126521328058437,-0.021782436201158953,1.0818043777375421,-0.12666921720040317,0.012936337311886387,0
0.14250000000000002,0.016953968473508,-0.14996958731394322,-0.018793623255783612,1.309472691535835,-0.12666921720040317,0.012936337311886387,0
0.14499999999999999,0.016543033882509633,-0.17880081066262127,-0.015233840191701957,1.5386196893065949,-0.048074135588093918,0.020639450691483416,0
0.14749999999999999,0.016082675968688748,-0.18950910859233944,-0.011282474530280511,1.6227548272941192,-0.048074135588093918,0.020639450691483416,0
0.14999999999999999,0.015595367922162821,-0.20036190639781895,-0.0071186237385360692,1.7086207895886862,0.022465864143919181,0.019678442612111883,0
0.1525,0.015101238192381678,-0.19496616614172124,-0.002902486712655303,1.6645826656407026,0.022465864143919181,0.019678442612111883,0
0.155,0.01462041683184049,-0.18971474422702492,0.0012057427171721482,1.6222884017786308,0.12237704902902301,0.022314822194719877,0
0.1575,0.014181578190642649,-0.16137854881755451,0.0049772053556507104,1.3951496902716272,0.12237704902902301,0.022314822194719877,0
0.16,0.013813419154682382,-0.13316821551836297,0.0081827415534080905,1.1695110416275996,0.13629354591572659,0.012937459492592274,0
0.16250000000000001,0.013519690258938739,-0.10183124862649182,0.010793352049477553,0.91916955195814776,0.13629354591572659,0.012937459492592274,0
0.16500000000000001,0.013304190263478604,-0.070581413940889307,0.012779440615564453,0.66984930667627762,0.16056096436560269,0.0069770691884804047,0
0.16750000000000001,0.013173779012155603,-0.033756141079050658,0.014086607993855966,0.37598374164054266,0.16056096436560269,0.0069770691884804047,0
0.17000000000000001,0.013135378653062106,0.0030320714760675854,0.014659716939843699,0.082547134091824625,0.13102544960539464,-0.0028003603204533479,0
0.17250000000000001,0.013180352920208756,0.032947936351630056,0.014568327194578767,-0.15566582607716481,0.13102544960539464,-0.0028003603204533479,0
0.17500000000000002,0.013300130980085966,0.062878967690871673,0.013881240992676095,-0.39405490654234299,0.13872748564064588,-0.0072886426267420347,0
0.17749999999999999,0.013497017087374984,0.094638330451584901,0.012579712501845032,-0.64726574468911202,0.13872748564064588,-0.0072886426267420347,0
0.17999999999999999,0.013773374625138883,0.12646005002128763,0.010644306295315955,-0.90120350065668586,0.1098000378746883,-0.01511679397319215,0
0.1825,0.014120983866378755,0.15164287727288847,0.0081403620251693787,-1.1021350481594236,0.1098000378746883,-0.01511679397319215,0
0.185,0.014531673742734967,0.17692734723902323,0.0051326292337113433,-1.3042685435166397,0.0142275084368022,-0.017460922468153894,0
0.1875,0.014977947576868579,0.18011113868710257,0.0018408971764028496,-1.3293498853408283,0.0142275084368022,-0.017460922468153894,0
0.19,0.015432327316905607,0.183412394949652,-0.0015152941276761018,-1.3558400534426231,-0.02026625232394862,-0.018404995481650546,0
0.1925,0.015885086051098406,0.17881431467479303,-0.0048589967123480937,-1.3193584664007447,-0.02026625232394862,-0.018404995481650546,0
0.19500000000000001,0.016326496350321421,0.17433319393036986,-0.0081132541008731365,-1.2842781507137531,-0.11478185048412005,-0.018058634337264373,0
0.19750000000000001,0.016729387239253077,0.14799775652215522,-0.011060981712854464,-1.0741192456288178,-0.11478185048412005,-0.018058634337264373,0
0.20000000000000001,0.017066568996599803,0.12176292049698328,-0.013484837105645006,-0.86514423986219458,-0.15047674537895306,-0.013172824765523014,0
0.20250000000000001,0.017327901745654201,0.087315145220354384,-0.015304232153634309,-0.59050951600438339,-0.15047674537895306,-0.013172824765523014,0
0.20500000000000002,0.017503193192125746,0.052925498193064004,-0.016437945926962998,-0.31654803444770396,-0.13343489353204499,-0.0030211348161340249,0
0.20750000000000002,0.017597505334802727,0.022527432068525432,-0.016927027936575797,-0.074754785870826623,-0.13343489353204499,-0.0030211348161340249,0
0.20999999999999999,0.017615836502616881,-0.0078632562007292899,-0.016811790988413542,0.16695311535134499,-0.10922366177579859,-0.0016447003168518397,0
0.21249999999999999,0.017565207727521678,-0.032644051892463756,-0.016148581241239982,0.36366454538794712,-0.10922366177579859,-0.0016447003168518397,0
0.215,0.017452586921638081,-0.05746002276294955,-0.014993127029655971,0.56078538011236911,-0.1183945333848648,0.0072962124268958197,0
0.2175,0.017275198627880115,-0.084461314082024022,-0.013322734817968918,0.77565323652112295,-0.1183945333848648,0.0072962124268958197,0
0.22,0.017030218611410127,-0.11153666521116723,-0.011114139136977098,0.99138695038350066,-0.019038965525723133,0.0095915934679028352,0
0.2225,0.016746304578028524,-0.11560964274770304,-0.008596729301253915,1.022720653795854,-0.019038965525723133,0.0095915934679028352,0
0.22500000000000001,0.016452093911026183,-0.11977441072297758,-0.0059996239254857808,1.0551487717747696,0.0036001605185257135,0.011822805627168084,0
0.22750000000000001,0.016153932162571338,-0.11877058192916523,-0.0033728806425214249,1.0464322566956206,0.0036001605185257135,0.011822805627168084,0
0.23000000000000001,0.015858163320401408,-0.11785997779805805,-0.00076653422265286547,1.0388299375632104,0.047919205251843677,0.012284812668872935,0
0.23250000000000001,0.015577433398369148,-0.10673876720037073,0.0017187572759440163,0.94958003414438985,0.047919205251843677,0.012284812668872935,0
0.23500000000000001,0.015324398510270825,-0.095702725834641317,0.0039822121665435053,0.86134562771954282,0.088105147338242054,0.0067684628800510436,0
0.23750000000000002,0.015110531746567622,-0.075402568750003729,0.0059324729818044496,0.6990038290657965,0.088105147338242054,0.0067684628800510436,0
0.23999999999999999,0.014947332167519815,-0.055166599384326082,0.0074778641287622022,0.53742135044358152,0.1519230507501316,0.008404882577380068,0
0.24249999999999999,0.014853199666223109,-0.020145683378002537,0.0084711452558700537,0.25727709681621197,0.1519230507501316,0.008404882577380068,0
0.245,0.014846583341826506,0.014850757738173424,0.0087644882643045288,-0.022580883536565177,0.14263889678130715,-0.0023731170700840489,0
0.2475,0.014924757746296886,0.047691203022675557,0.0083798848201250761,-0.28513038188622175,0.14263889678130715,-0.0023731170700840489,0
0.25,0.015085061892762845,0.080558674044828082,0.0073385725284797381,-0.54799634280160303,0.080331405313352713,-0.0085664164437240821,0
0.2525,0.015309489696574254,0.098993099866549278,0.0057848047646092988,-0.69513052890500648,0.080331405313352713,-0.0085664164437240821,0
0.255,0.015580080476350415,0.11749121743485424,0.0038622915413107973,-0.84301867406048214,0.039988082120735097,-0.010233876983298732,0
0.25750000000000001,0.015885286604790241,0.12668687646513405,0.0016631083205976543,-0.9164850017268219,0.039988082120735097,-0.010233876983298732,0
0.26000000000000001,0.016213583377399185,0.13596475972302391,-0.00072095027621727663,-0.99093154271474193,-0.052557450650710026,-0.012873002633243641,0
0.26250000000000001,0.016538292212481265,0.12381640806887911,-0.0030764435409845158,-0.89363112399326738,-0.052557450650710026,-0.012873002633243641,0
0.26500000000000001,0.016832732527541965,0.1117485873661492,-0.0051899047396002668,-0.79728934216814573,-0.06039027113761837,-0.011382066512495233,0
0.26750000000000002,0.017094819504232792,0.09793227643750145,-0.0070453268440380966,-0.68718209752919224,-0.06039027113761837,-0.011382066512495233,0
0.27000000000000002,0.017322446305176997,0.084178838222451438,-0.0086264357021933885,-0.57781943343447739,-0.11882479764602694,-0.012739604228740559,0
0.27250000000000002,0.017498780363624795,0.056895779579308664,-0.0097985920064389345,-0.35999206285552088,-0.11882479764602694,-0.012739604228740559,0
0.27500000000000002,0.017606953597929499,0.029646782734434361,-0.010426728649677327,-0.1425637744919816,-0.10906874022786842,-0.0016712708323013089,0
0.27750000000000002,0.017649860017823042,0.0046790331169572728,-0.01053430761666276,0.056492639662381827,-0.10906874022786842,-0.0016712708323013089,0
0.28000000000000003,0.017630344302128013,-0.020294067723131835,-0.010144213213142496,0.25561171921126535,-0.059356914719124146,0.0024373264695878478,0
0.28250000000000003,0.017562812841484327,-0.033735864499539914,-0.0093720134565259076,0.3622042755922224,-0.059356914719124146,0.0024373264695878478,0
0.28500000000000003,0.017461637090406115,-0.047211127089732872,-0.0083328627119554025,0.46919178050136606,-0.077248674298315487,0.0069370557368964129,0
0.28750000000000003,0.017321522629333699,-0.064888748151567852,-0.0069838768179396275,0.61009499324977368,-0.077248674298315487,0.0069370557368964129,0
0.28999999999999998,0.017137146548988222,-0.082622522916268246,-0.0052818346320644537,0.75166190527817223,-0.015898831070900024,0.0072624235476713879,0
0.29249999999999998,0.016926179553559254,-0.086162562535331888,-0.0033680664517384317,0.77948939655131599,-0.015898831070900024,0.0072624235476713879,0
0.29499999999999998,0.016706275297562686,-0.089772733921869893,-0.0013836918279884424,0.80815193970619392,0.02573697176416332,0.011833142894769631,0
0.29749999999999999,0.016489354033932827,-0.083776001789642979,0.00057624198556790584,0.75993483500015879,0.02573697176416332,0.011833142894769631,0
0.29999999999999999,0.016287338377710854,-0.077847567085780195,0.0024166601803981454,0.71253119001321308,0.069652977987696207,0.009740348479307763,0
0.30249999999999999,0.016112823637829808,-0.061774040278410935,0.0040370434365179743,0.58389189919367956,0.069652977987696207,0.009740348479307763,0
0.30499999999999999,0.015978423823911451,-0.045753732437788255,0.0053366454303481496,0.4558835041555549,0.046934417920229281,0.0041787704838720336,0
0.3075,0.015877418920318388,-0.035056483244311085,0.0063698912987218085,0.37078771983408965,0.046934417920229281,0.0041787704838720336,0
0.31,0.015803113144921818,-0.024393150259566343,0.007190918605700417,0.28609344765428169,0.056347243459612215,0.0022690511769525219,0
0.3125,0.015758166265318837,-0.011567959739161188,0.0077786512069375714,0.18413524021277672,0.056347243459612215,0.0022690511769525219,0
0.315,0.015745259213069344,0.0012402708184306235,0.0081117617339186692,0.082377354619628543,0.070083457114270192,0.00022794044566099708,0
0.3175,0.015768352374272453,0.017233968903018083,0.0081585582891299628,-0.044936700490649115,0.070083457114270192,0.00022794044566099708,0
0.32000000000000001,0.015831432527192831,0.033231829690505435,0.0078870373262875468,-0.17229983474665533,0.092140055423439809,0.00015024286620162408,0
0.32250000000000001,0.015940933507680874,0.054372934827972959,0.0072454308479737413,-0.34103221300168396,0.092140055423439809,0.00015024286620162408,0
0.32500000000000001,0.016103323591401188,0.07554570103448538,0.0061815653086914231,-0.5101376884102452,0.042752731313875476,-0.011182943893078183,0
0.32750000000000001,0.016304350783790503,0.085284379842154881,0.0048095358488868499,-0.58758462347964902,0.042752731313875476,-0.011182943893078183,0
0.33000000000000002,0.016529789983018586,0.095076450558185185,0.0032431142562915475,-0.6656651067504612,0.0047832036332063231,-0.0063498718951454682,0
0.33250000000000002,0.016768750038783392,0.096101640477163838,0.001569228297862839,-0.67356323288704978,0.0047832036332063231,-0.0063498718951454682,0
0.33500000000000002,0.017010348703274305,0.09718745698015327,-0.00012530321754298645,-0.68218299243074421,0.0059685292840573716,-0.0081299128737534702,0
0.33750000000000002,0.01725508289708922,0.098610209113564357,-0.0018450618450948201,-0.69374667603332008,0.0059685292840573716,-0.0081299128737534702,0
0.34000000000000002,0.017503451718612426,0.10009533017009903,-0.0035946554427125832,-0.7060530368048108,-0.083660917450055466,-0.01017924582733489,0
0.34250000000000003,0.017729568593919026,0.080807751594755797,-0.0051667827462481284,-0.55176229485165151,-0.083660917450055466,-0.01017924582733489,0
0.34500000000000003,0.017907532664648621,0.061570791410252873,-0.0063539659733315591,-0.39807038480388696,-0.053304474935563811,-0.0043113836854073509,0
0.34750000000000003,0.018046273550909649,0.049427265006420751,-0.007228337531810871,-0.30149010889910438,-0.053304474935563811,-0.0043113836854073509,0
0.35000000000000003,0.018154692063962155,0.03731142801457725,-0.0078616893118679809,-0.20523719970876714,-0.099268303951731099,-0.0064309778618096367,0
0.35249999999999998,0.01821949152696091,0.014529923582115852,-0.00814744938162105,-0.023391798472257724,-0.099268303951731099,-0.0064309778618096367,0
0.35499999999999998,0.018227343504308536,-0.0082493937010177376,-0.0079786697277152204,0.15842788894278759,-0.054015486102401054,-0.0034199703240936153,0
0.35749999999999998,0.01819138070470044,-0.02052402338707382,-0.0074607670766832623,0.25593177137101297,-0.054015486102401054,-0.0034199703240936153,0
0.35999999999999999,0.018124703778719924,-0.032822182905947836,-0.0066987791316549918,0.35371374351576285,-0.067424732785110214,0.0037746019358175886,0
0.36249999999999999,0.018023346484963433,-0.048270011282267725,-0.005660585493959606,0.47691634814124551,-0.067424732785110214,0.0037746019358175886,0
0.36499999999999999,0.017883317291197132,-0.063761553517387312,-0.0043137663517969285,0.60063618657973084,-0.0056001829120479601,0.0081424146808772527,0
0.36749999999999999,0.017722457914331961,-0.064935039791054472,-0.0028011500778979018,0.60956498215116017,-0.0056001829120479601,0.0081424146808772527,0
0.37,0.017558596306980714,-0.066163473059398362,-0.0012653967741975637,0.6191474343836687,-0.0044102942384794891,0.0094540063552395383,0
0.3725,0.017391939826005447,-0.067171066223529211,0.00029236313286388343,0.6271718012113765,-0.0044102942384794891,0.0094540063552395383,0
0.375,0.017222693912348236,-0.068235140413068565,0.0018710222861683138,0.63586829122136179,0.073021180873621097,0.004670681995686249,0
0.3775,0.017073216348162768,-0.051355515210054631,0.003291561130240117,0.50066488413934795,0.073021180873621097,0.004670681995686249,0
0.38,0.016965878319522364,-0.034521506053344878,0.0043747973553421686,0.36600224229145611,0.041342804291620211,0.004640301204185948,0
0.38250000000000001,0.016891376062520461,-0.025085289190924332,0.0051958323474420214,0.29088488114676919,0.041342804291620211,0.004640301204185948,0
0.38500000000000001,0.016840429757935087,-0.01567561224328233,0.0058294837568142101,0.21608193484056487,0.081282841348655779,0.0028353690911859133,0
0.38750000000000001,0.016824586739547891,0.0029990194337020416,0.0061832289144594091,0.06693989641930162,0.081282841348655779,0.0028353690911859133,0
0.39000000000000001,0.016855419701218729,0.021667466677602859,0.0061642440499973918,-0.082129165722869185,0.062578979964471745,-0.0029300494340368001,0
0.39250000000000002,0.016927495681973406,0.035995450976151519,0.0058161577292242493,-0.1963651000436345,0.062578979964471745,-0.0029300494340368001,0
0.39500000000000002,0.017035411985838883,0.050341469706930993,0.0051822408753332593,-0.31081423859344359,0.025309929067316488,-0.0060448332219576809,0
0.39750000000000002,0.017168397390095992,0.056051902292359762,0.0043487828131052028,-0.35601210005435313,0.025309929067316488,-0.0060448332219576809,0
0.40000000000000002,0.017315698434658369,0.061794661718076856,0.0034018607613483867,-0.40159352471437104,-0.0075366708626866336,-0.0060825679146816747,0
0.40250000000000002,0.017467856507617521,0.059937723616955485,0.0024171130512983729,-0.38627509690555745,-0.0075366708626866336,-0.0060825679146816747,0
0.40500000000000003,0.017615416119066342,0.058115668158216637,0.0014701397985993942,-0.37137127977671658,0.0045589256141003905,-0.0062166962270458004,0
0.40750000000000003,0.017761977571108339,0.059139149638036216,0.00053169508566140646,-0.37945169444078403,0.0045589256141003905,-0.0062166962270458004,0
0.41000000000000003,0.017911140448901394,0.060196932068740217,-0.00042745828208229982,-0.38793967489001446,-0.06580695951839452,-0.0064958520023681333,0
0.41250000000000003,0.01804254439099845,0.044931156545609127,-0.0012441270406841664,-0.26545391758688425,-0.06580695951839452,-0.0064958520023681333,0
0.41500000000000004,0.018135816310335857,0.029689474322530988,-0.001754966111490037,-0.14325405192831744,-0.053368555226333388,-0.0013500715508495454,0
0.41749999999999998,0.01819461698223904,0.017352485488289202,-0.0019895552751214738,-0.044434144445489446,-0.053368555226333388,-0.0013500715508495454,0
0.41999999999999998,0.018222582105276289,0.0050195380054260247,-0.0019771767615383586,0.05433784378855426,-0.02238436104933416,-0.0014406161570630273,0
0.42249999999999999,0.018228713969981221,-0.00011517748877694356,-0.0017901293600127099,0.095313501380952584,-0.02238436104933416,-0.0014406161570630273,0
0.42499999999999999,0.018221999013428511,-0.0052585387248254211,-0.0015005237592961732,0.13639175942180307,0.0076065148428336145,0.0040987350636216601,0
0.42749999999999999,0.018211125772027374,-0.0034420003372816637,-0.0011780423681403715,0.12161646204633586,0.0076065148428336145,0.0040987350636216601,0
0.42999999999999999,0.018204779838627543,-0.001636470705998276,-0.00089233251902440833,0.10697189292704483,0.01240690696813004,-0.00060160078440274023,0
0.4325,0.018204330257419195,0.0012753691011405765,-0.00065429048452597736,0.083478794166219381,0.01240690696813004,-0.00060160078440274023,0
0.435,0.018211150386679694,0.0041796512365815386,-0.00047486377079615933,0.060075437102102627,-0.0021866151210645866,-0.0011199224885510071,0
0.4375,0.018220983360330182,0.0036857913806823154,-0.00031980033907719511,0.063986424613468207,-0.0021866151210645866,-0.0011199224885510071,0
0.44,0.018229574514493602,0.0031861361150619877,-0.00015487431374348396,0.06796621887552283,0.011358560048969953,-0.0025584469923635544,0
0.4425,0.018240844901969741,0.0058293082943397679,-1.1520807762992939e-05,0.04672686269238234,0.011358560048969953,-0.0025584469923635544,0
0.44500000000000001,0.018258717529582875,0.0084682483695526882,7.880186718527306e-05,0.025537752837067603,0.005231552827183206,-0.0010604465776618004,0
0.44750000000000001,0.01828140381559477,0.0096804683081505409,0.00013049037957764122,0.01581676282931465,0.005231552827183206,-0.0010604465776618004,0
0.45000000000000001,0.018307118677394839,0.010891255605805681,0.00015789985371628579,0.0061127816642329164,0.022607439079733747,0.0027745550879775672,0
0.45250000000000001,0.018340908760040145,0.016141036272305603,0.00012050698319097556,-0.036029758331458113,0.022607439079733747,0.0027745550879775672,0
0.45500000000000002,0.018387826578367926,0.021394080532691165,-2.2281225698741081e-05,-0.078211044599110491,-0.0086526272098478834,-0.0054087223866921864,0
0.45750000000000002,0.018438801438150153,0.019386866291459044,-0.00019766188647004791,-0.062106057131287792,-0.0086526272098478834,-0.0054087223866921864,0
0.46000000000000002,0.018484765597140219,0.01738527738217514,-0.00033286716133173897,-0.046067856275124136,0.029917333770615107,0.00048493636395430115,0
0.46250000000000002,0.01853693905333615,0.024354605055986051,-0.00051805908114846617,-0.10209894951255777,0.029917333770615107,0.00048493636395430115,0
0.46500000000000002,0.018606546321867735,0.031333172357189645,-0.00084345334533721702,-0.15823977119248397,0.013377317177132603,-0.0026943197961676424,0
0.46750000000000003,0.018688810612066706,0.034480837576554832,-0.0012707976958857882,-0.18366632473868058,0.013377317177132603,-0.0026943197961676424,0
0.47000000000000003,0.018778964354701895,0.037645118000998117,-0.0017619494125490935,-0.20929022600602518,-0.026599461175528253,-0.0016523399232698671,0
0.47250000000000003,0.01886543550309789,0.031534596285326309,-0.0022241369264927083,-0.16049295969141716,-0.026599461175528253,-0.0016523399232698671,0
0.47500000000000003,0.018936649473227655,0.02543864023249082,-0.002564558222559115,-0.11186852228657748,0.0030759523655804573,-0.0042284130421062788,0
0.47750000000000004,0.019001260221579597,0.026251698085561593,-0.0028528371022494324,-0.11877523958333876,0.0030759523655804573,-0.0042284130421062788,0
0.47999999999999998,0.019067916922023111,0.027075506907195773,-0.0031585408021831858,-0.12580962597183398,-0.067315845760405446,-0.0055840652364637254,0
0.48249999999999998,0.0191161929785835,0.011546308192676774,-0.0033177170071408309,-0.0015428210612759424,-0.067315845760405446,-0.0055840652364637254,0
0.48499999999999999,0.019125648580056109,-0.0039827495407713867,-0.0031662562935027378,0.12272231463487961,-0.012837878555005251,0.0021175420130530504,0
0.48749999999999999,0.019112100023470691,-0.0068581217861350095,-0.0028311364559839482,0.1453976008978688,-0.012837878555005251,0.0021175420130530504,0
0.48999999999999999,0.019091346985257985,-0.0097466780918752816,-0.0024391379016187082,0.16822936442279893,-0.019019225390914964,0.0020566076796914913,0
0.49249999999999999,0.01906155774756697,-0.014087515503578969,-0.0019754125632424923,0.2027841791096778,-0.019019225390914964,0.0020566076796914913,0
0.495,0.01902089408889733,-0.018446736800579077,-0.0014250351760811551,0.23755720585960732,0.012155135723069754,-0.00034177276787731442,0
0.4975,0.018978364836794413,-0.015580071227680748,-0.00086016986659775735,0.21437550295582286,0.012155135723069754,-0.00034177276787731442,0
0.5,0.018942977571345242,-0.012732801064532373,-0.00035296570738256887,0.19142416558107939,0.00094879902724547352,-0.00096612861599960236,0
0.50250000000000006,0.018911430029754827,-0.012508106412236738,0.00012327636233270308,0.18960362129073008,0.00094879902724547352,-0.00096612861599960236,0
0.505,0.018880422736741825,-0.012300576350588182,0.00059522224054127967,0.18798690507084478,0.027016148627046117,0.0022697532397806448,0
0.50750000000000006,0.018857487671932443,-0.0060499363410026494,0.0010025419781476165,0.13789809773174991,0.027016148627046117,0.0022697532397806448,0
0.51000000000000001,0.018850162639147218,0.00018820360692804565,0.0012848363629509444,0.087957664038662564,0.022488052552100745,-0.00033409858696255426,0
0.51249999999999996,0.018857106261881355,0.005365678020661957,0.0014529770598377854,0.046566958118251379,0.022488052552100745,-0.00033409858696255426,0
0.51500000000000001,0.018876987510322213,0.010538929248994588,0.0015177129151760654,0.0052263720614956904,0.048381463366467349,-7.1138142413703506e-05,0
0.51749999999999996,0.018917324658851372,0.021731389161565862,0.0014186824041117281,-0.084457893116138466,0.048381463366467349,-7.1138142413703506e-05,0
0.52000000000000002,0.018985650847615856,0.032931518532274336,0.0010953476287732769,-0.17423314206195673,0.028745086044710013,-0.0038087117178334691,0
0.52249999999999996,0.019076289441822748,0.039582390228150181,0.00059318876878222801,-0.22752995706422513,0.028745086044710013,-0.0038087117178334691,0
0.52500000000000002,0.019183579970059688,0.046253868489925305,-4.2506040429002583e-05,-0.28107144718318056,0.017826076991863383,-0.0045102061394440979,0
0.52749999999999997,0.01930440710113572,0.050412324307382808,-0.00078693677829387142,-0.31452645867679396,0.017826076991863383,-0.0045102061394440979,0
0.53000000000000003,0.019435665281681332,0.054599210270472757,-0.0016154198085165852,-0.34831926558527959,0.016243821683355236,-0.0048291333794528955,0
0.53249999999999997,0.0195769695906087,0.058449711638957499,-0.0025251519045101636,-0.37953148995182107,0.016243821683355236,-0.0048291333794528955,0
0.53500000000000003,0.019727942373379159,0.062334455739108216,-0.0035134164961591217,-0.41115083148674325,-0.010951469840950443,-0.0044253686810293794,0
0.53749999999999998,0.019880770495235584,0.059934102539326919,-0.0045178054592675092,-0.39243232589602284,-0.010951469840950443,-0.0044253686810293794,0
0.54000000000000004,0.020027642492405923,0.057569280039059867,-0.0054759297391255603,-0.37413579397807317,-0.049660047135679022,-0.0050271181912068027,0
0.54249999999999998,0.020157397758377289,0.046239950497278637,-0.0062984855621623162,-0.28396825802456566,-0.049660047135679022,-0.0050271181912068027,0
0.54500000000000004,0.020258863919806663,0.034936631409397963,-0.0068960274892354767,-0.19410848939917802,-0.059793453702029993,-0.0031969804424707713,0
0.54749999999999999,0.020329151404032832,0.021295502048593429,-0.0072455558137115824,-0.085539519098272149,-0.059793453702029993,-0.0031969804424707713,0
0.55000000000000004,0.020365347996961207,0.0076622532007344975,-0.0073238026382536773,0.022936380567791029,-0.059303064906424743,0.0019594264589503064,0
0.55249999999999999,0.020367603395011702,-0.0058591126820796303,-0.0071319974935332405,0.13052164650139686,-0.059303064906424743,0.0019594264589503064,0
0.55500000000000005,0.02033604241780795,-0.01939249668924959,-0.0066710761011719109,0.23824887453373222,-0.014636583943847918,0.0022288210265125428,0
0.5575,0.020283601166530253,-0.022564295648383085,-0.0060447749614035663,0.26283701785030356,-0.014636583943847918,0.0022288210265125428,0
0.56000000000000005,0.020223201057335036,-0.025759955174764353,-0.0053566551072702188,0.28770826979280772,-0.03914853807440203,0.00071566189143638839,0
0.5625,0.020147657156201516,-0.034680074615679166,-0.004548770658845052,0.35865746375553675,-0.03914853807440203,0.00071566189143638839,0
0.56500000000000006,0.020049773471956883,-0.043632849735740241,-0.0035630451876321615,0.4299937966741878,-0.026693231721144118,-0.0014421428496356214,0
0.5675,0.019933079607292514,-0.049729100597010294,-0.0024274839196002746,0.47853666188029381,-0.026693231721144118,-0.0014421428496356214,0
0.57000000000000006,0.019801091877151251,-0.055868664181883583,-0.0011699331582878517,0.52759402584366577,0.03672859240476728,0.0038782061811937774,0
0.57250000000000001,0.019672125837863343,-0.047311579324291517,6.2941061232259883e-05,0.45879349834203914,0.03672859240476728,0.0038782061811937774,0
0.57500000000000007,0.019564499457770751,-0.038795923632162624,0.0011244447009523231,0.3904854426096574,0.041795825374094195,0.0037422186158575649,0
0.57750000000000001,0.01947958920656017,-0.029137592617845622,0.0020038919858030571,0.31313548345687831,0.041795825374094195,0.0037422186158575649,0
0.57999999999999996,0.019418787815100435,-0.019507678174331303,0.0026904031167853692,0.23612274259215782,0.0459464911100654,0.0033730883417473351,0
0.58250000000000002,0.019383239021577108,-0.0089342976259075592,0.0031750309439951205,0.15161438386487872,0.0459464911100654,0.0033730883417473351,0
0.58499999999999996,0.019374104820802367,0.0016252749575601921,0.0034486114108662584,0.067269685677876209,0.058486023767987554,-0.0023008944215736778,0
0.58750000000000002,0.019395003986149011,0.015093852826009901,0.0034821751172391256,-0.040416298944089768,0.058486023767987554,-0.0023008944215736778,0
0.58999999999999997,0.01944957716068817,0.028566121050313937,0.0032464934920417785,-0.14814598775081417,-0.0078028377926037578,-0.0028081997304615302,0
0.59250000000000003,0.019518583739447416,0.026641255330594554,0.0028960177465956727,-0.13225971107550738,-0.0078028377926037578,-0.0028081997304615302,0
0.59499999999999997,0.019582793406371042,0.024728353546773059,0.002585076529346191,-0.11651553639038816,0.026328315692790979,-0.00070896733085406183,0
0.59750000000000003,0.019652152117795692,0.030760742244181752,0.0022336794478050961,-0.16462736008217582,0.026328315692790979,-0.00070896733085406183,0
0.59999999999999998,0.019736609567260574,0.03680807132575039,0.0017617920067970715,-0.2129164610953973,-0.0033264648708172841,-0.0053342909313563829,0
0.60250000000000004,0.019827591430623112,0.035980578777476124,0.0012381158539645893,-0.20606198345778498,-0.0033264648708172841,-0.0053342909313563829,0
0.60499999999999998,0.019916528000708037,0.035171735383983681,0.00073129754035889446,-0.19942898484383045,0.016333673739196204,-0.0038368732513933291,0
0.60750000000000004,0.020009178038712473,0.038951532742718037,0.00019490842977618289,-0.22972074991044578,0.016333673739196204,-0.0038368732513933291,0
0.60999999999999999,0.020111302991109782,0.042752123655507582,-0.00041751197476288843,-0.26025945267068534,0.0098688496125608881,-0.004599248412141585,0
0.61250000000000004,0.020221079712527918,0.045073317879488831,-0.0010915339202386635,-0.27900638332618682,0.0098688496125608881,-0.004599248412141585,0
0.61499999999999999,0.020336690604480734,0.04741974294225728,-0.0018127936470534937,-0.2980530458246099,-0.0054191216568779312,-0.0030177618886205633,0
0.61750000000000005,0.020453758497760339,0.046238997835542625,-0.0025463863164119586,-0.28887365807216703,-0.0054191216568779312,-0.0030177618886205633,0
0.62,0.020567907380416611,0.045084399182019681,-0.003257420684619222,-0.28000479494002861,-0.0062076626409453056,-0.0031490551603132414,0
0.62250000000000005,0.020678972484351542,0.043771833483984904,-0.0039448208309065718,-0.26996459659144689,-0.0062076626409453056,-0.0031490551603132414,0
0.625,0.020786786918558023,0.042483714848692268,-0.0046074855565508286,-0.26021469123793939,-0.027675656430179097,-0.0054771948247619136,0
0.62750000000000006,0.0208851727238662,0.036228499565144935,-0.0051960265790883114,-0.21066045618400769,-0.027675656430179097,-0.0054771948247619136,0
0.63,0.020967945395291922,0.029992460417808009,-0.0056609772609539921,-0.1613335484135609,-0.040392513581435786,-0.002236009564888571,0
0.63250000000000006,0.021031452178549577,0.020814868669294703,-0.0059731620363885889,-0.088436795423467315,-0.040392513581435786,-0.002236009564888571,0
0.63500000000000001,0.021072026476326902,0.011645362737840332,-0.0061032409969766109,-0.015635761892862754,-0.015547789829056189,-0.0028973388095901707,0
0.63750000000000007,0.021096899203029554,0.0082528555877345901,-0.0061093349726715155,0.01076014297278316,-0.015547789829056189,-0.0028973388095901707,0
0.64000000000000001,0.021113289939212215,0.0048593703996628055,-0.006049430616069237,0.037167646806888596,-0.039751508150672334,0.00074980346959407928,0
0.64249999999999996,0.02111416045549324,-0.0041640693239898057,-0.0058669790753357294,0.10880674913006139,-0.039751508150672334,0.00074980346959407928,0
0.64500000000000002,0.02109246130554113,-0.013197453592910618,-0.0055052987586648909,0.18056358865201566,-0.018119463600319314,-0.0028504311364473574,0
0.64749999999999996,0.021054445076756162,-0.017218502317336255,-0.0050144819483904073,0.21212512263775474,-0.018119463600319314,-0.0028504311364473574,0
0.65000000000000002,0.021006352738611466,-0.021258818857034633,-0.0044444826869992592,0.24391522425515821,-0.032904526825190149,0.0033903565708360349,0
0.65249999999999997,0.020943836359469392,-0.028758434402512207,-0.0037601817640263483,0.30357472242943617,-0.032904526825190149,0.0033903565708360349,0
0.65500000000000003,0.020862537571444774,-0.036285645334014675,-0.0029263363416236446,0.36356151893494659,0.015964210991955836,0.0024136385053839925,0
0.65749999999999997,0.020776580917928313,-0.032484914038399954,-0.0020560992074155522,0.33269043691608524,0.015964210991955836,0.0024136385053839925,0
0.66000000000000003,0.020700087968216908,-0.028714224865307739,-0.0012625866288685579,0.30217641952338664,0.036854346027030034,0.00075780695613050027,0
0.66249999999999998,0.020639057337852002,-0.020114308447589525,-0.00059370117851205027,0.23297981690344793,0.036854346027030034,0.00075780695613050027,0
0.66500000000000004,0.020599498873371109,-0.011535456247318892,-9.7479022649817493e-05,0.16403345764380395,0.026878772889941231,7.4365302131691217e-05,0
0.66749999999999998,0.020578468957591488,-0.0052905735861845478,0.00024989456535605338,0.11389031399998628,0.026878772889941231,7.4365302131691217e-05,0
0.67000000000000004,0.02057303740943376,0.0009439930137205314,0.00047207460271991245,0.063869648051193134,0.040079160864410573,-0.0014947341279996933,0
0.67249999999999999,0.020587019899903393,0.010241597881732359,0.0005384922873099483,-0.010730735018709608,0.040079160864410573,-0.0014947341279996933,0
0.67500000000000004,0.020624246209650119,0.0195401754461355,0.00041841130384558751,-0.085342663618847375,0.044607576472054662,-0.0046281079769271722,0
0.67749999999999999,0.020686043099946615,0.029899252945730176,0.00010113380622386409,-0.16850208285899432,0.044607576472054662,-0.0046281079769271722,0
0.68000000000000005,0.020773755188221738,0.040273586963369072,-0.0004242500747642049,-0.25184266274398326,0.03240997271845944,-0.005135068432981389,0
0.6825,0.020883885603711662,0.047834996480728094,-0.0011298375306188233,-0.31267781273556849,0.03240997271845944,-0.005135068432981389,0
0.68500000000000005,0.021012953698881408,0.055424641039616931,-0.0019879187743994001,-0.37384854403060402,0.0033566172787000991,-0.011520112574645167,0
0.6875,0.02115259458946904,0.0562937557028515,-0.0029316087445429928,-0.38117098307707614,0.0033566172787000991,-0.011520112574645167,0
0.69000000000000006,0.021294451170556328,0.057197305149755226,-0.0038941146905319933,-0.3889026588014371,-0.010748746098756026,-0.0077677206568994338,0
0.6925,0.021434511745504047,0.054856885942021351,-0.0048435512428621503,-0.37071464568704243,-0.010748746098756026,-0.0077677206568994338,0
0.69500000000000006,0.021568763576878067,0.052550041614670452,-0.0057480201377286865,-0.35292533062790021,-0.00010660970589751679,-0.0064791022353252173,0
0.69750000000000001,0.021700380821819503,0.05274908830910658,-0.0066333296715660548,-0.35538567797106996,-0.00010660970589751679,-0.0064791022353252173,0
0.70000000000000007,0.021832535778907557,0.052980250413950519,-0.0075252665199939612,-0.35822764996231432,-0.049414335651430892,-0.0038907538169195193,0
0.70250000000000001,0.02195098256889445,0.041781985638771918,-0.008309724993072181,-0.26939592320212469,-0.049414335651430892,-0.0038907538169195193,0
0.70499999999999996,0.022041466348322287,0.030608490965746513,-0.0088724900742265227,-0.18085693780831694,-0.010878639815869701,-0.004044055215148056,0
0.70750000000000002,0.022115235226244017,0.028409224767988607,-0.0093040966603903253,-0.16445933302625265,-0.010878639815869701,-0.004044055215148056,0
0.70999999999999996,0.022183524919618221,0.026224896889767535,-0.0096949343948856629,-0.14823893130554247,-0.038497448245275574,0.0013072019027091097,0
0.71250000000000002,0.02223834663433813,0.017634227246899919,-0.0099809776870839022,-0.080616414802499994,-0.038497448245275574,0.0013072019027091097,0
0.71499999999999997,0.022271702229749703,0.0090509668952709899,-0.010098089435894075,-0.013081467324521881,-0.020259925618303917,0.00028957404549838833,0
0.71750000000000003,0.022288901126749729,0.004708095172672489,-0.010088952665944787,0.020391541076601891,-0.020259925618303917,0.00028957404549838833,0
0.71999999999999997,0.022295241155179338,0.00036336291790162439,-0.0099961133650658032,0.05388658822640853,-0.043474757009595397,0.00036346525874019636,0
0.72250000000000003,0.022283969054701109,-0.0093824601533702805,-0.0097653008348930967,0.13078017150870769,-0.043474757009595397,0.00036346525874019636,0
0.72499999999999998,0.022248318822723538,-0.019140321319146097,-0.0093420940012979795,0.2078159659000399,-0.036908156639447229,0.0038377464683652333,0
0.72750000000000004,0.022190159423202696,-0.027390869742221713,-0.008741356049537987,0.27281782448135683,-0.036908156639447229,0.0038377464683652333,0
0.72999999999999998,0.022111343647177286,-0.035666411292912127,-0.0079777584654173728,0.33811539449493921,-0.058123430950465162,0.0039088581428645712,0
0.73250000000000004,0.022005637331556773,-0.048904629457180382,-0.0070009656286874992,0.44338965025973232,-0.058123430950465162,0.0039088581428645712,0
0.73499999999999999,0.021866786584762949,-0.062183544354606275,-0.005760409125499643,0.54914521440701269,-0.05186202769094269,0.0031772663658833247,0
0.73750000000000004,0.021696497174426496,-0.074057036020709718,-0.0042693567667512504,0.64380401312487812,-0.05186202769094269,0.0031772663658833247,0
0.73999999999999999,0.021496452670473079,-0.085989007924100941,-0.0025408106832842891,0.73915687744616776,0.029388953041769555,0.011318039859636057,0
0.74250000000000005,0.021290106524558282,-0.079098546258116062,-0.00076253780853991729,0.68358817233752078,0.029388953041769555,0.011318039859636057,0
0.745,0.021100908744714042,-0.072269521442829845,0.00087773983332634564,0.62875110372212395,0.039948054050646623,0.0034489053384215737,0
0.74750000000000005,0.02093177995559338,-0.063042421663634468,0.0023571363423075435,0.55487203698335263,0.039948054050646623,0.0034489053384215737,0
0.75,0.020785654785149318,-0.053865545223770975,0.0036525971948457897,0.4815896161197068,0.041479941821842538,0.0066113787855756655,0
0.75250000000000006,0.020662860916402789,-0.044376276796901211,0.0047619417541527702,0.40596581347214383,0.041479941821842538,0.0066113787855756655,0
0.755,0.020563742591973341,-0.034923980831214257,0.0056827914919614347,0.33078031245441575,0.058294147355844969,0.0016486556807007728,0
0.75750000000000006,0.020493101471150865,-0.021593162183272334,0.006376902135420086,0.22455841866552462,0.058294147355844969,0.0016486556807007728,0
0.76000000000000001,0.020455759592618729,-0.0082829695881547101,0.0068057867759280088,0.11858036238012339,0.077378539328835774,-0.0017827143677128282,0
0.76250000000000007,0.02045722270643505,0.0094527227849685938,0.0069253750325050075,-0.022901054480701719,0.077378539328835774,-0.0017827143677128282,0
0.76500000000000001,0.02050302497276638,0.027190533804156317,0.0066912606723336897,-0.16440746076597074,0.075446920385865895,-0.0033457212494854647,0
0.76750000000000007,0.020592626778978471,0.04449450109721368,0.0061076961079181199,-0.30248656945502356,0.075446920385865895,-0.0033457212494854647,0
0.77000000000000002,0.020725520702876407,0.061826334430995278,0.0051785535200289945,-0.4408948246971337,0.055410641795214877,-0.0037725849617372188,0
0.77249999999999996,0.020895970141157974,0.074540687475567122,0.003949583339242637,-0.54236986373477658,0.055410641795214877,-0.0037725849617372188,0
0.77500000000000002,0.021098265263429668,0.087304386941182033,0.0024662164776730485,-0.6444301767164482,0.022516038177709585,-0.010678175476029219,0
0.77749999999999997,0.021322982126576847,0.092479093931807199,0.00080362573573319494,-0.68576127759828431,0.022516038177709585,-0.010678175476029219,0
0.78000000000000003,0.021560712176600334,0.097715537134890937,-0.00096320221155334713,-0.72782719304721599,-0.065211325580911805,-0.0096863923839889746,0
0.78249999999999997,0.021786122448033771,0.082622737220139519,-0.0026314178560811249,-0.606864857249102,-0.065211325580911805,-0.0096863923839889746,0
0.78500000000000003,0.021973871738420459,0.067584985056774696,-0.0039980711460835729,-0.48655609724896109,-0.065790724502934286,-0.0051578211456338192,0
0.78749999999999998,0.022123915999539803,0.052456917496378402,-0.0050632844140434631,-0.36569140404886008,-0.065790724502934286,-0.0051578211456338192,0
0.79000000000000004,0.022236184243474701,0.037362349488352292,-0.0058268584962557612,-0.24522310904773154,-0.046927730525278932,-0.0034373281767619414,0
0.79249999999999998,0.022316227451385548,0.026675310357751551,-0.0063336423653910312,-0.16024059267192245,-0.046927730525278932,-0.0034373281767619414,0
0.79500000000000004,0.022369573027867462,0.016002950947386012,-0.0066282061801794957,-0.075431752393249452,-0.055101324576435337,-0.00033010479949644318,0
0.79749999999999999,0.022393873032905198,0.0034374428594717895,-0.0066917948662821155,0.024556196898153831,-0.055101324576435337,-0.00033010479949644318,0
0.80000000000000004,0.022386758361137054,-0.0091303220268045722,-0.0065054029646122004,0.12457081924382798,-0.054514475311451455,6.6363078371523519e-05,0
0.80249999999999999,0.022348382405458108,-0.021573105475121986,-0.0060701975787020301,0.22362497633773126,-0.054514475311451455,6.6363078371523519e-05,0
0.80500000000000005,0.02227887574373626,-0.034036396334904587,-0.0053870759547260403,0.32292168828287532,-0.040929523230220394,0.001501333196422025,0
0.8075,0.022182123207605174,-0.043371101509403862,-0.0044870016190163408,0.39720259485884363,-0.040929523230220394,0.001501333196422025,0
0.81000000000000005,0.022061990104952731,-0.052741965010392772,-0.0034007057413832161,0.4719122068444116,-0.04944533792838994,0.0061619431745912629,0
0.8125,0.021915903159029089,-0.064135415959973782,-0.002107142490676599,0.56303127001420439,-0.04944533792838994,0.0061619431745912629,0
0.81500000000000006,0.021741270546517089,-0.075579840878688326,-0.00058504479736007299,0.6547558599887241,0.028808412772846247,0.0095451698440923889,0
0.8175,0.021560693931886234,-0.068890877258897226,0.00098458914295071758,0.60106345707049336,0.028808412772846247,0.0095451698440923889,0
0.82000000000000006,0.021396770980789234,-0.062256132252342465,0.0024208098183949502,0.5480158970213227,0.013786415442687151,0.0073099004174680144,0
0.82250000000000001,0.021245006922042436,-0.059163182645064233,0.0037602178272110459,0.52360640603053121,0.013786415442687151,0.0073099004174680144,0
0.82500000000000007,0.021100915626827248,-0.056117565889589056,0.005039310562053206,0.49975941988950606,0.040564654691918091,0.0050318496499781326,0
0.82750000000000001,0.020972162275484447,-0.046892147893098604,0.0061969698836200973,0.42645139983348845,0.040564654691918091,0.0050318496499781326,0
0.83000000000000007,0.020866422464688259,-0.037705638746195737,0.0071719517096307927,0.35360438610287892,0.069300124863384688,0.0010321314905365497,0
0.83250000000000002,0.020791956378951156,-0.021871702835513044,0.007898253585107361,0.22748990274376821,0.069300124863384688,0.0010321314905365497,0
0.83499999999999996,0.020757046417347151,-0.0060588057677390256,0.0083096080496521708,0.1016236133144717,0.038562895929557396,-0.00084302443490339015,0
0.83750000000000002,0.020752723798767012,0.0025996799966538746,0.0084781911096915939,0.033255026557271292,0.038562895929557396,-0.00084302443490339015,0
0.83999999999999997,0.020770042275691219,0.011255115380212902,0.0084759132392561061,-0.035077486537829286,0.10583173214328787,-0.0018198356011899968,0
0.84250000000000003,0.020828547077176945,0.035550789725689647,0.0081457962313677672,-0.22904036193672817,0.10583173214328787,-0.0018198356011899968,0
0.84499999999999997,0.020947814100193137,0.059867908134157308,0.0073305013647166012,-0.42325526525043078,0.050992506352081933,-0.0058284872356332727,0
0.84750000000000003,0.021111985223796995,0.071476151296157614,0.0061571095859306833,-0.51554291652285866,0.050992506352081933,-0.0058284872356332727,0
0.84999999999999998,0.021305234107007971,0.083131494509980169,0.0047523218838190712,-0.60838845869924563,0.019069317579947197,-0.0086870751001557854,0
0.85250000000000004,0.02151841269783723,0.087420792202126466,0.0031891222754899251,-0.6422831463924219,0.019069317579947197,-0.0086870751001557854,0
0.85499999999999998,0.021742386371744603,0.091768058542310571,0.0015403317207536883,-0.67686720462289018,0.017103979929639791,-0.0095345965108745712,0
0.85750000000000004,0.021976732706887037,0.095719398010264689,-0.00019123155502679431,-0.70850708019514774,0.017103979929639791,-0.0095345965108745712,0
0.85999999999999999,0.022221036440237842,0.099734436232373727,-0.0020028357339290852,-0.74090547905784421,0.011001597504006271,-0.0069178181515115143,0
0.86250000000000004,0.022473687067367194,0.10239730472930514,-0.0038821772262395719,-0.76270165594956385,0.011001597504006271,-0.0069178181515115143,0
0.86499999999999999,0.022733079931969272,0.10512854025391823,-0.0058170230933047877,-0.78531279458908454,-0.060983750705759641,-0.011074190069005762,0
0.86750000000000005,0.022978472343331627,0.091196503543556684,-0.007641451450118482,-0.67436157878121517,-0.060983750705759641,-0.011074190069005762,0
0.87,0.023189113961316708,0.077326278933547404,-0.0091894406373538434,-0.56414195313246041,-0.082384357575866762,-0.0084308173426309967,0
0.87250000000000005,0.023358929420076915,0.058533689703924661,-0.01041273624332645,-0.41458401410763751,-0.082384357575866762,-0.0084308173426309967,0
0.875,0.023481814695699401,0.039779839010168405,-0.011262740413112253,-0.26548170294525253,-0.099349731493196994,-0.0063430061561784079,0
0.87750000000000006,0.023552920574659852,0.017107630023959968,-0.011700803496045631,-0.085001156269636169,-0.099349731493196994,-0.0063430061561784079,0
0.88,0.023567359558731082,-0.0055565245525030782,-0.011687824789180378,0.095385079174464621,-0.082643151355505359,0.00059973695850420821,0
0.88250000000000006,0.023529984066002808,-0.024346532472440622,-0.011262771305772273,0.24468896599641612,-0.082643151355505359,0.00059973695850420821,0
0.88500000000000001,0.023445607758251354,-0.043159502527621747,-0.010464155208420428,0.39426253149960094,-0.053375628544008021,0.0044924294122258802,0
0.88750000000000007,0.023322659204381382,-0.055206132215129565,-0.0093593915811974321,0.48962857644791802,-0.053375628544008021,0.0044924294122258802,0
0.89000000000000001,0.023169539540869442,-0.067297828953770011,-0.0080155685342677419,0.58552718254931868,-0.037192361529441123,0.0051688149518654899,0
0.89250000000000007,0.022990827548173731,-0.075681151672420122,-0.0064689923082349469,0.65184511753183794,-0.037192361529441123,0.0051688149518654899,0
0.89500000000000002,0.022791084418559857,-0.084123713322981158,-0.0047557571679311987,0.71886602461484372,-0.031056596194805584,0.0091938221799370539,0
0.89749999999999996,0.022571937657217767,-0.091204935053412206,-0.0028883373922546623,0.77520346880310165,-0.031056596194805584,0.0091938221799370539,0
0.90000000000000002,0.022335001531368207,-0.098356014453697821,-0.00087904706173957698,0.8323722784504447,0.038905915341433346,0.01547963963793525,0
0.90249999999999997,0.022100425172386161,-0.08931698169495747,0.0011109838963135636,0.75979439486614442,0.038905915341433346,0.01547963963793525,0
0.90500000000000003,0.021888359656810148,-0.080346310574900409,0.0029206031574631132,0.68803044957002957,0.037148685755930458,0.0077461443587422451,0
0.90749999999999997,0.021698131201270517,-0.071846322813865812,0.0045558530893735905,0.62028675078183182,0.037148685755930458,0.0077461443587422451,0
0.91000000000000003,0.021529081170316992,-0.063402584495731731,0.0060225934697021493,0.55321096343782639,0.090836234030886184,0.0077426868125281354,0
0.91249999999999998,0.021396675832556927,-0.042528929055977861,0.0071971169851743951,0.38649331122570429,0.090836234030886184,0.0077426868125281354,0
0.91500000000000004,0.021316406648543552,-0.02169111922298388,0.0079554121830669108,0.22019821536310025,0.1176879918242751,0.0030381966764416509,0
0.91749999999999998,0.021296004974047589,0.005368021736367197,0.0082356487619636761,0.0040116764497031832,0.1176879918242751,0.0030381966764416509,0
0.92000000000000004,0.021343246443341696,0.032426785276540068,0.0079754742479815881,-0.21217043353919193,0.10134132557483159,-0.0026028282707252167,0
0.92249999999999999,0.02145340587164378,0.055705500857411952,0.0072127483750809027,-0.39806607713287634,0.10134132557483159,-0.0026028282707252167,0
0.92500000000000004,0.021621804810531029,0.07902124146600184,0.005984780400836269,-0.58439780338471048,0.068212658885683994,-0.0077706654272638662,0
0.92749999999999999,0.021838930802562221,0.09468939895857427,0.0043675422999528545,-0.70950934550185429,0.068212658885683994,-0.0077706654272638662,0
0.93000000000000005,0.022095305611379967,0.1104221182038797,0.0024365953907605244,-0.83538680525206854,-0.028338749511660197,-0.011081497702629192,0
0.9325,0.022363048153429262,0.10378398548707124,0.00041519685182838436,-0.78187595569538815,-0.028338749511660197,-0.011081497702629192,0
0.93500000000000005,0.022614283998360244,0.097216008261816075,-0.0014734810511493536,-0.72920116029408089,-0.05165283445466675,-0.011494813439841347,0
0.9375,0.022842408316838016,0.085293715190465802,-0.0031770491218281339,-0.6337753531452468,-0.05165283445466675,-0.011494813439841347,0
0.94000000000000006,0.023040800447525552,0.073428869925639878,-0.0046429263404983556,-0.53903179654215383,-0.074235456972407743,-0.0070402103916264299,0
0.9425,0.023203031769225654,0.056363384973149647,-0.0058199913618510804,-0.40270536534600543,-0.074235456972407743,-0.0070402103916264299,0
0.94500000000000006,0.023322648224585161,0.039334919486791318,-0.0066568178353234603,-0.26681652697369851,-0.072898708611245311,-0.004800162120946817,0
0.94750000000000001,0.023400115289753678,0.022641815677530576,-0.0071574357020286351,-0.13371414949661969,-0.072898708611245311,-0.004800162120946817,0
0.95000000000000007,0.023435867603666352,0.0059610721487524561,-0.0073255101048207531,-0.00075760088068346776,-0.023081445000888851,0.0024768162870045371,0
0.95250000000000001,0.023444395531536925,0.00086097831502407202,-0.0072774793933726616,0.039185627910168837,-0.023081445000888851,0.0024768162870045371,0
0.95500000000000007,0.023440169518827339,-0.0042426873185184427,-0.0071295466977229147,0.079171179200340308,-0.03273221216798898,0.0015688182990258566,0
0.95750000000000002,0.023420371952508935,-0.011597013529201044,-0.0068590307751206347,0.1372610691479684,-0.03273221216798898,0.0015688182990258566,0
0.95999999999999996,0.023382174003184084,-0.018963877802907585,-0.0064431176330218822,0.19549942909806248,-0.040110989335461048,0.0013355107366531929,0
0.96250000000000002,0.023323393674785059,-0.028063912643423533,-0.00586413769369315,0.26772629048667085,-0.040110989335461048,0.0013355107366531929,0
0.96499999999999997,0.023241834065220911,-0.037188397772575231,-0.0051042448838932398,0.34024272026699393,0.0068410062635729362,0.0043690749754896402,0
0.96750000000000003,0.023151068829163964,-0.035428799317787335,-0.0042721926979520071,0.32545855654783357,0.0068410062635729362,0.0043690749754896402,0
0.96999999999999997,0.023064665578055438,-0.033698592146728192,-0.0034766610285716744,0.31102371111758509,-0.022054700371725806,0.00016885248334838762,0
0.97250000000000003,0.022974155983056917,-0.038714084986286652,-0.0026493586577402053,0.35087754893334672,-0.022054700371725806,0.00016885248334838762,0
0.97499999999999998,0.022871068656263486,-0.043761376193099069,-0.0017219587059128839,0.39110890794228059,0.025735872131883428,0.0076902114429911938,0
0.97750000000000004,0.022769206679055611,-0.037733724170892206,-0.00080499968834611268,0.34252390522694087,0.025735872131883428,0.0076902114429911938,0
0.97999999999999998,0.022682374251257825,-0.031737015294545486,-9.0327632490621148e-06,0.29430663132788276,0.014157409530593856,0.0030015951211130845,0
0.98250000000000004,0.022607134922391837,-0.028458687915090802,0.00069381940701114303,0.2680254654982005,0.014157409530593856,0.0030015951211130845,0
0.98499999999999999,0.022540060596069732,-0.025204621364237997,0.001331334643671325,0.24203242060241342,0.0089288497359740777,0.0006160004769587904,0
0.98750000000000004,0.022479574229834948,-0.023188003725259407,0.0019164010168264264,0.22606261845835166,0.0089288497359740777,0.0006160004769587904,0
0.98999999999999999,0.022424103517079966,-0.021191860362463701,0.0024618503020981479,0.21033591776528165,0.029564384623804913,0.0040046544843839295,0
0.99250000000000005,0.022379595300704439,-0.01441748753445439,0.0029201094568042122,0.15630432298498631,0.029564384623804913,0.0040046544843839295,0
0.995,0.022352004246035395,-0.0076573158186291996,0.0032435122762152608,0.10244117362402944,0.049635971319807654,5.5282194896730777e-05,0
0.99750000000000005,0.022347133309169848,0.0037597027256178915,0.0033855641537348029,0.011210560334637854,0.049635971319807654,5.5282194896730777e-05,0
1,0.022370801908134254,0.015175699058997055,0.003299575166355245,-0.08000794197550963,0.040414106590838425,0.00018713634586256558,0
1.0024999999999999,0.022420338210811706,0.024455118622758197,0.0030069745302060383,-0.15409361470855815,0.040414106590838425,0.00018713634586256558,0
1.0050000000000001,0.02249308918449807,0.033748558242434196,0.0025289685763635553,-0.22834551228680139,0.040156370883101491,-0.0039569930040265671,0
1.0075000000000001,0.022589023401473139,0.043002831020123436,0.0018656433795866505,-0.30236228712949265,0.040156370883101491,-0.0039569930040265671,0
1.01,0.022708126199016548,0.052284535660839279,0.0010168858550562501,-0.37670461793828269,0.0012725195514597864,-0.0062829970916460894,0
1.0125,0.022839175538030079,0.052560626316064347,7.2531958561506023e-05,-0.37884611821493586,0.0012725195514597864,-0.0062829970916460894,0
1.0150000000000001,0.022970957864123072,0.052870960221102964,-0.00087768378176748027,-0.38139450940142816,0.0026800366167112153,-0.0031111344272010013,0
1.0175000000000001,0.023103968060272397,0.053542982493718534,-0.001838066821230464,-0.38698067651561746,0.0026800366167112153,-0.0031111344272010013,0
1.02,0.023238701912931196,0.054249971427870122,-0.0028129334123885089,-0.39298237777873252,0.014696220655732613,-0.0075303036177160505,0
1.0225,0.023378739122975098,0.057785918249668312,-0.003831373688635144,-0.42184264187937659,0.014696220655732613,-0.0075303036177160505,0
1.0249999999999999,0.023527663179828049,0.061359878719134085,-0.0049225233781764639,-0.45115504943878237,-0.016457536573201963,-0.0085063847060728361,0
1.0275000000000001,0.0236765200844564,0.057732245237417448,-0.0060148474427832712,-0.42278256685167109,-0.016457536573201963,-0.0085063847060728361,0
1.03,0.023816356350730698,0.054142948624460743,-0.0070368154288180705,-0.39486518343251986,-0.023900997124092844,-0.0021787510691947064,0
1.0325,0.023945101951818201,0.048859207464491967,-0.0079721576310819754,-0.35347586847461121,-0.023900997124092844,-0.0021787510691947064,0
1.0349999999999999,0.024060679210046163,0.043607655199374928,-0.008804512730513147,-0.3124681366685334,-0.027027806813677505,-0.0050079819116468291,0
1.0375000000000001,0.024162255491222272,0.037657771018995659,-0.0095274832052266428,-0.26596037047509863,-0.027027806813677505,-0.0050079819116468291,0
1.04,0.024248988311779046,0.031732184667797793,-0.010134554336567961,-0.21974033287789915,-0.10213530557981897,-0.0038074691395075591,0
1.0425,0.024299111965700802,0.0083687311706669536,-0.01045112768748885,-0.033541707187531022,-0.10213530557981897,-0.0038074691395075591,0
1.0449999999999999,0.024290834607102775,-0.014991554981830985,-0.010302293807255494,0.15261979263041983,-0.053925313677789452,0.0026776907926936745,0
1.0475000000000001,0.02423814899324004,-0.027160029888316006,-0.0098003826337928757,0.24894564462981533,-0.053925313677789452,0.0026776907926936745,0
1.05,0.024155015293542883,-0.039351501286132497,-0.0090573394311797128,0.34554288341534944,-0.062852551816958549,0.0057681108837473408,0
1.0525,0.024038771135903528,-0.0536500149133931,-0.0080515226479418427,0.45918361759469045,-0.062852551816958549,0.0057681108837473408,0
1.0549999999999999,0.023886729966402245,-0.067990829378273554,-0.0067610049031423727,0.57332407586407186,0.0014736290719344529,0.0085899089889572844,0
1.0575000000000001,0.02371746426905319,-0.067430295057921238,-0.0053345023654332952,0.56797987883252365,0.0014736290719344529,0.0085899089889572844,0
1.0600000000000001,0.023549535851308645,-0.066920932955581713,-0.0039205982126817081,0.56324449087919626,0.019475003281727792,0.006425365930721994,0
1.0625,0.023388048115453357,-0.06227741509802371,-0.0025597885653965025,0.52550035064612965,0.019475003281727792,0.006425365930721994,0
1.0649999999999999,0.023238109358878233,-0.057681201123689824,-0.001292627408816732,0.4883191168039806,0.026537497256948425,0.0075050269142686275,0
1.0675000000000001,0.023101657657286272,-0.051487127711745129,-0.00013423946332669166,0.43847408619873895,0.026537497256948425,0.0075050269142686275,0
1.0700000000000001,0.022980640725121921,-0.04533265118989218,0.00090013521699063644,0.38909972534633586,0.071254848914277844,0.0046426625003878176,0
1.0725,0.022887959101327248,-0.02881753281309727,0.0017072442219960506,0.25664544207196394,0.071254848914277844,0.0046426625003878176,0
1.075,0.0228365336160412,-0.012325746791181109,0.002183593028003597,0.1244678773258116,0.013191553782529397,0.0028060512325975935,0
1.0775000000000001,0.022809448886398562,-0.0093437391886029598,0.0024652055284392605,0.10084232691170673,0.013191553782529397,0.0028060512325975935,0
1.0800000000000001,0.022789807300693167,-0.0063708757357876424,0.0026878950927364804,0.077325303171830465,0.017980812270700759,0.0031463360945840958,0
1.0825,0.022778980321612307,-0.0022916321896991002,0.0028407241211416919,0.04494889099695043,0.017980812270700759,0.0031463360945840958,0
1.085,0.02277834574065642,0.0017835319965292182,0.0029126798781936407,0.01262088095437322,0.014774256761643687,-0.0047925223985799126,0
1.0875000000000001,0.02278696527081284,0.0051121002979537056,0.0029113233664077656,-0.013706187321718445,0.014774256761643687,-0.0047925223985799126,0
1.0900000000000001,0.02280390727842499,0.0084419121298058442,0.002844136644889046,-0.040048011618975102,0.011664286576198373,0.0033008833899954323,0
1.0925,0.022828274167016598,0.011052359461764453,0.0027183054970567151,-0.060625934807834972,0.011664286576198373,0.0033008833899954323,0
1.095,0.02285917365681293,0.013668304474523494,0.0025409526020048435,-0.08126910528633452,0.059838461551398429,-0.0020440940985824484,0
1.0974999999999999,0.022910620278740291,0.027491066419768184,0.0021994567562434774,-0.1919521454521374,0.059838461551398429,-0.0020440940985824484,0
1.1000000000000001,0.022996643545649155,0.041331295322258765,0.0015810192980171547,-0.3028422734403125,-0.002419337056534852,-0.003089539034334845,0
1.1025,0.023099208675459931,0.040725335284914739,0.00083027381110805482,-0.29780789033702332,-0.002419337056534852,-0.003089539034334845,0
1.105,0.02320029266763117,0.040146312324127485,9.1713217328370463e-05,-0.29309349073379354,0.024849560849904962,-0.004683070191632467,0
1.1074999999999999,0.023307886190437044,0.045933272625478597,-0.00069909767647676271,-0.33961185552345774,0.024849560849904962,-0.004683070191632467,0
1.1100000000000001,0.023429984600422709,0.051750918340241835,-0.0016066499106941021,-0.38649486540497163,-0.0040664469604562289,-0.0058549891438858907,0
1.1125,0.023558267425343529,0.050881114568110515,-0.00256443234162882,-0.37979967071829657,-0.0040664469604562289,-0.0058549891438858907,0
1.115,0.023684418788493478,0.050045652124728057,-0.0035059882442567683,-0.3735124884557563,-0.023324432378335713,-0.0080650361229912173,0
1.1174999999999999,0.023802927950485723,0.044767009655449934,-0.0043873852023643359,-0.33166835766779507,-0.023324432378335713,-0.0080650361229912173,0
1.1200000000000001,0.023908278929839238,0.039518481188434755,-0.0051646277646777298,-0.29018153516199452,-0.087820370820016064,-0.0042325983603132408,0
1.1225000000000001,0.023981801865187037,0.019303087351963514,-0.0056880378635809081,-0.12858455838004693,-0.087820370820016064,-0.0042325983603132408,0
1.125,0.024004804264434042,-0.00090043051349305431,-0.0058076673536387093,0.032872266041688247,-0.034388816657577474,0.0020648921768761058,0
1.1274999999999999,0.023992822669973431,-0.0086858145215555453,-0.0056483407557388135,0.09460049456961972,-0.034388816657577474,0.0020648921768761058,0
1.1300000000000001,0.023961367997782694,-0.016479831573155936,-0.005334579669247044,0.15643098056772242,-0.04006689766599425,0.0018560290107942246,0
1.1325000000000001,0.023908761738199745,-0.025608107496788601,-0.0048527938135914739,0.22903242596983259,-0.04006689766599425,0.0018560290107942246,0
1.135,0.023833310052739715,-0.034757272936366088,-0.0041892113052601366,0.3018813622316715,0.0067754499282995304,0.0060930566618295091,0
1.1375,0.023748563743735476,-0.03304421208286934,-0.0034524358854733216,0.28759170853114219,0.0067754499282995304,0.0060930566618295091,0
1.1400000000000001,0.023668067337102597,-0.03135713980404331,-0.0027509954487020213,0.27361085923305317,-0.0067510773043100982,0.0014778849646756289,0
1.1425000000000001,0.02358782689575975,-0.03283942844067865,-0.0020525681050544801,0.28518107325118786,-0.0067510773043100982,0.0014778849646756289,0
1.145,0.02350384868531202,-0.034347530796967819,-0.0013248346323474886,0.29705785389681849,0.025918446353969619,0.004653838410110969,0
1.1475,0.023425560022003002,-0.028287506646274468,-0.00064325857552438321,0.24825178696698436,0.025918446353969619,0.004653838410110969,0
1.1500000000000001,0.023362392446251341,-0.022249931121193139,-8.3353483251491002e-05,0.19971239886794062,0.037026071353607193,-2.8727269416729819e-05,0
1.1525000000000001,0.023317522984837757,-0.013648130865010133,0.00032955871959567149,0.13064696285227057,0.037026071353607193,-2.8727269416729819e-05,0
1.155,0.023294141929795554,-0.0050581659098686855,0.00056999841373779766,0.061722037376290007,0.0053306275359483214,0.0019013288704781252,0
1.1575,0.023283017359329663,-0.003842349198009974,0.00071219672607932558,0.052046807540533355,0.0053306275359483214,0.0019013288704781252,0
1.1599999999999999,0.023274926255283844,-0.0026312471692959008,0.00083027909114063915,0.042427550791162699,0.025996977052775486,-0.00021753491359858824,0
1.1625000000000001,0.023275863192451944,0.0033805196617525462,0.00087614032339977264,-0.0057352743658309058,0.025996977052775486,-0.00021753491359858824,0
1.165,0.023291829287009073,0.0093928064309294589,0.00080159757506303325,-0.053904270753536231,0.023666166511568647,0.0012037421488972607,0
1.1675,0.02332215400410962,0.014868112674779813,0.00061201040736154496,-0.097779059966487142,0.023666166511568647,0.0012037421488972607,0
1.1699999999999999,0.023366177233441723,0.020352279024545131,0.00031261463117019268,-0.14175902795653553,0.01946184444752537,-0.00057434281640449971,0
1.1725000000000001,0.023422704396044932,0.02487186394526145,-8.7099486129553645e-05,-0.17804091626048024,0.01946184444752537,-0.00057434281640449971,0
1.175,0.023490549983238605,0.029407566017204043,-0.00057774943165860666,-0.21451419599841429,0.011875532888362612,-0.001021185805646891,0
1.1775,0.023567553951879865,0.03219901297021549,-0.0011421572263763924,-0.23705247198236912,0.011875532888362612,-0.001021185805646891,0
1.1799999999999999,0.023651562914174227,0.035011900924936029,-0.0017632240140443307,-0.25984543565106361,-0.002955161602642243,-0.0042859592316972913,0
1.1825000000000001,0.023738323524793322,0.034400472046087323,-0.0024070045798742427,-0.25522515004798818,-0.002955161602642243,-0.0042859592316972913,0
1.1850000000000001,0.023823584523282985,0.033812143894321599,-0.003039578365700916,-0.25087921082327275,0.026973471381312092,-0.0051978316982103142,0
1.1875,0.023916099734874116,0.040204182095429863,-0.0037314728996531914,-0.3026858500020525,0.026973471381312092,-0.0051978316982103142,0
1.1899999999999999,0.024024628148047161,0.046623478840563289,-0.0045532778058130228,-0.35481673731979413,-0.010102612761761588,-0.0044025260477560798,0
1.1925000000000001,0.024138470512573156,0.044455642905752012,-0.0054193469651257105,-0.33810069255006975,-0.010102612761761588,-0.0044025260477560798,0
1.1950000000000001,0.024246931887575762,0.04231843968186174,-0.0062440843296036452,-0.32174835363520582,-0.013149386199768943,-0.0049502819378354351,0
1.1975,0.024349201736367877,0.039502140477830551,-0.0070212670737396787,-0.30005363219873171,-0.013149386199768943,-0.0049502819378354351,0
1.2,0.024444465280819505,0.036713072697036241,-0.0077446217509254383,-0.27868205215844599,-0.044734581228944678,-0.0025381177533545895,0
1.2025000000000001,0.024523611049167119,0.026607192966451233,-0.0083412211707975178,-0.19864065376458523,-0.044734581228944678,-0.0025381177533545895,0
1.2050000000000001,0.024577516449370687,0.016519558504880703,-0.0087380047485933841,-0.11881494427221612,-0.026692026208995676,-0.0010129490670410927,0
1.2075,0.024611460141953565,0.010636854591765676,-0.0089775060930114229,-0.072803406358565664,-0.026692026208995676,-0.0010129490670410927,0
1.21,0.024630706266203162,0.0047608039781805072,-0.0091020874171080287,-0.026870640783709238,-0.059002003601026615,-0.0032431814607976903,0
1.2125000000000001,0.024625878716251073,-0.0086232483591877872,-0.0090364881426466623,0.07935483048871364,-0.059002003601026615,-0.0032431814607976903,0
1.2150000000000001,0.024587583908491261,-0.022014639194455621,-0.0087052411215680688,0.185666869687175,-0.067789613351469005,0.002093432600389104,0
1.2175,0.024513237978788446,-0.03746591678829151,-0.0080874787453331289,0.30858799112776519,-0.067789613351469005,0.002093432600389104,0
1.22,0.024400230554298366,-0.052945716381450375,-0.0071620206972793426,0.43184566535689445,-0.017449521613153589,-0.0015590329271732845,0
1.2224999999999999,0.024263103268535927,-0.056762864807803008,-0.0060453363162780742,0.46158199415671181,-0.017449521613153589,-0.0015590329271732845,0
1.2250000000000001,0.024116381361671452,-0.060621858739929528,-0.0048536967525821323,0.49181513140888888,-0.017307864325405025,0.003574855120738029,0
1.2275,0.023959998026632338,-0.064492456558674888,-0.0035861504949445452,0.522312721668025,-0.017307864325405025,0.003574855120738029,0
1.23,0.023793879717382733,-0.068410291731018188,-0.0022416654401543482,0.55337160134955377,0.030217796988853938,0.0026678601468538101,0
1.2324999999999999,0.023631715004287731,-0.061329353255678926,-0.00092971491312411614,0.49628252055856137,0.030217796988853938,0.0026678601468538101,0
1.2350000000000001,0.023487195673998044,-0.054293149909867451,0.00024019053934177148,0.43972552938858905,0.041228534503521409,0.003891564167341119,0
1.2375,0.023363415673240056,-0.044736903304594761,0.0012436087509994068,0.36308093869614488,0.041228534503521409,0.003891564167341119,0
1.24,0.023263483750614558,-0.035213546137545314,0.0020559206601865293,0.2868268835218416,0.055053904321393989,0.0036850158070926391,0
1.2424999999999999,0.023191343617616936,-0.022502137930431439,0.0026457345542554899,0.18506665131290756,0.055053904321393989,0.0036850158070926391,0
1.2450000000000001,0.023150959018442573,-0.009807580857261456,0.0029814203645836083,0.083506165203730193,0.045074384258546131,0.0045050463537625526,0
1.2475000000000001,0.023139399538876556,0.0005593582658008113,0.0030866308893665625,0.00066982735331848342,0.045074384258546131,0.0045050463537625526,0
1.25,0.023153755759214825,0.010926236382155528,0.0029847701005301969,-0.082165787443452112,0.038689857316152938,-0.003297024175079483,0
1.2524999999999999,0.023192181746469705,0.019816337047037613,0.0026906283928472509,-0.15316872700228812,0.038689857316152938,-0.003297024175079483,0
1.2550000000000001,0.023252849049498609,0.028720363998604732,0.0022187888465293936,-0.22433681503750247,-0.029296206157262188,-0.0026387966828814464,0
1.2575000000000001,0.023316045091681992,0.021839427960495851,0.0017274114236658514,-0.16880027954494392,-0.029296206157262188,-0.0026387966828814464,0
1.26,0.023362058895933107,0.014973740962968001,0.0013746364619426701,-0.11344494320962137,0.02749429566391761,-0.0024487445398857274,0
1.2625,0.023407424629435382,0.02132094388571646,0.0010275448003336336,-0.16425328733956818,0.02749429566391761,-0.0024487445398857274,0
1.2650000000000001,0.023468676021480953,0.027683034872130981,0.00055322276336379906,-0.21523835594144033,0.003129502894293991,-0.0049379866047214284,0
1.2675000000000001,0.023538776066671853,0.028400291238513554,8.0240142091231662e-06,-0.22095971361366565,0.003129502894293991,-0.0049379866047214284,0
1.27,0.0236106941423956,0.029137547025175438,-0.00055177371193685168,-0.22691858084916156,-0.027468244856923278,-0.0026329360359100707,0
1.2725,0.023675589757427153,0.022781986884538873,-0.0010553615460515207,-0.17598779941879567,-0.027468244856923278,-0.0026329360359100707,0
1.2750000000000001,0.02372461736853029,0.016442377998947232,-0.0014318704851610962,-0.12524636537416864,-0.0044882251565819438,-0.00258514837689956,0
1.2775000000000001,0.023764488675850164,0.015456500410750624,-0.0017353374663203044,-0.11754897649777701,-0.0044882251565819438,-0.00258514837689956,0
1.28,0.023801908743102267,0.014481270822804293,-0.0020197207050810352,-0.10997800418301518,-0.0096175735756282178,0.00035318922792125702,0
1.2825,0.023835412844230176,0.012323542647148699,-0.0022733549975667774,-0.092947621637483935,-0.0096175735756282178,0.00035318922792125702,0
1.2849999999999999,0.023863533476380927,0.01017423932254282,-0.0024845421404313785,-0.076017241280034981,-0.0066913385240599949,-0.0023526259691530309,0
1.2875000000000001,0.023887140086348981,0.0087121107958003444,-0.0026603386799691582,-0.064632598431177621,-0.0066913385240599949,-0.0023526259691530309,0
1.29,0.023907098911247735,0.0072558398983051439,-0.0028077630701205075,-0.053317487346246584,-0.050885626498581069,-0.0010769144261682801,0
1.2925,0.023910581392138402,-0.0044697574575625707,-0.0028238324247603069,0.040460845463635417,-0.050885626498581069,-0.0010769144261682801,0
1.2949999999999999,0.02388474705227088,-0.016199040452246308,-0.0026054224396637967,0.13428285880289864,-0.0057579015459364967,0.0041462259463888084,0
1.2975000000000001,0.023842689216238243,-0.017449329028162059,-0.0022576178223081534,0.14398577377219898,-0.0057579015459364967,0.0041462259463888084,0
1.3,0.023797489538096423,-0.01871266156005201,-0.0018853645326984525,0.15384354776838635,-0.013948442350034273,0.00066162652980113516,0
1.3025,0.023746734278789983,-0.02189406048573149,-0.0014691467889505626,0.17916049773787887,-0.013948442350034273,0.00066162652980113516,0
1.3049999999999999,0.023688005708970887,-0.025091692687583236,-0.00098940146028374102,0.20467016335546045,-0.005465838441026263,0.0042283218760375439,0
1.3075000000000001,0.023623725263297216,-0.026335826388850982,-0.00046540971530960264,0.21456078741428017,-0.005465838441026263,0.0042283218760375439,0
1.3100000000000001,0.023556310392593701,-0.027599383082610163,8.3594670954103677e-05,0.22468206444773406,-0.010446420870947781,0.0054421659996522062,0
1.3125,0.023484264133865253,-0.030041160349325385,0.00066982579033595454,0.24434483300507256,-0.010446420870947781,0.0054421659996522062,0
1.3149999999999999,0.023406086170840973,-0.032505043420343493,0.0013055376231825169,0.26427016796674302,0.0028656932912273338,0.0022031349008542209,0
1.3175000000000001,0.02332558725100814,-0.031898043155211678,0.0019603448278380804,0.25962251665600689,0.0028656932912273338,0.0022031349008542209,0
1.3200000000000001,0.023246576375967654,-0.031314539914513072,0.0026038827356000003,0.25525392540382436,0.056113179144939268,0.0036479842223938585,0
1.3225,0.023184467865913456,-0.01837535824865151,0.0031125732075213074,0.15173507364940647,0.056113179144939268,0.0036479842223938585,0
1.325,0.02315468805609399,-0.0054500110656500091,0.0033626946957497792,0.048380139934715058,0.042858349057268104,-0.00036010317562442176,0
1.3275000000000001,0.023153362579435188,0.0043894914088656346,0.0033854516783088256,-0.030172914566241382,0.042858349057268104,-0.00036010317562442176,0
1.3300000000000001,0.023176637803951756,0.014231742611056336,0.0032118029746089627,-0.10875854480090109,0.032529424200866242,-0.0018989399039851963,0
1.3325,0.023221528182511608,0.021682658047989807,0.0028656669422314207,-0.16817515901199381,0.032529424200866242,-0.0018989399039851963,0
1.335,0.023285063829576756,0.029148856514184543,0.0023707761312391109,-0.22777304021417297,0.029177881050074191,-0.0035015404231798805,0
1.3375000000000001,0.023366315802782901,0.035856570321737842,0.0017344192523736802,-0.28135813375048752,0.029177881050074191,-0.0035015404231798805,0
1.3400000000000001,0.023464367935483232,0.042589790571782887,0.0009637331667399563,-0.33524600063390714,-0.024401617834231171,-0.0033613339085836929,0
1.3425,0.023563720788381679,0.036897197111117115,0.00018293556998966122,-0.28944798314065706,-0.024401617834231171,-0.0033613339085836929,0
1.345,0.023648875735370795,0.031230782783335961,-0.00048376588193324382,-0.24396095061341294,-0.023900185214551353,-0.0035247555615951034,0
1.3474999999999999,0.023720038814711675,0.025703029093127279,-0.0010382580092066019,-0.19967250710680931,-0.023900185214551353,-0.0035247555615951034,0
1.3500000000000001,0.02377740595696266,0.020193368180383777,-0.0014823073936063684,-0.15559885342583471,-0.0092141374932396981,-0.0017032714704431928,0
1.3525,0.023825284899537464,0.01811201084363261,-0.0018506667182727906,-0.13911502040114115,-0.0092141374932396981,-0.0017032714704431928,0
1.355,0.023867976514614593,0.016043258788039881,-0.0021780071850534726,-0.12278082863180664,-0.025945811533466132,-0.0064094011894453686,0
1.3574999999999999,0.023900648576944093,0.010095889800111876,-0.0024256320285851903,-0.075336827318444655,-0.025945811533466132,-0.0064094011894453686,0
1.3600000000000001,0.023918461663282112,0.0041553610599353507,-0.0025547589394884708,-0.027973975748043209,-0.012887184133090306,-0.0024072761451497918,0
1.3625,0.023925222067551412,0.0012532117610959325,-0.002596003579746708,-0.0050246963114101359,-0.012887184133090306,-0.0024072761451497918,0
1.365,0.023924728101735383,-0.0016484818287364009,-0.0025798869265482617,0.017919174949079207,0.0040555279372253769,-0.0010967142336652939,0
1.3674999999999999,0.023921901509061056,-0.00061299724355699651,-0.0025459329815875563,0.0092464144623712,0.0040555279372253769,-0.0010967142336652939,0
1.3700000000000001,0.023921662418048995,0.00042165026987822781,-0.0025336465722674796,0.00058359364058275555,0.014888662644007969,-0.0002846984472163822,0
1.3725000000000001,0.023927157603199752,0.0039747066957898664,-0.0025682971466504494,-0.028306533940233684,0.014888662644007969,-0.0002846984472163822,0
1.375,0.023941538084381386,0.0075303226343222378,-0.0026752045775748088,-0.057227065395789894,-0.030383470448006985,-0.00064489716520767498,0
1.3774999999999999,0.023951658397888244,0.00056637428357088175,-0.0027488266006836406,-0.0016758440610211769,-0.030383470448006985,-0.00064489716520767498,0
1.3800000000000001,0.023944370082517225,-0.0063974217708311545,-0.0026835853007559241,0.053873571015571692,-0.026583621172673717,0.00034403027606687601,0
1.3825000000000001,0.023920771367950806,-0.012482732328314003,-0.0024882785492372846,0.10238585706818373,-0.026583621172673717,0.00034403027606687601,0
1.385,0.023881948673945268,-0.018577339611757275,-0.0021715641110491945,0.15100843414399057,-0.016342457935352026,0.0020611756460047147,0
1.3875,0.023830849135735369,-0.022304796433206035,-0.0017570020950155429,0.18067091759901685,-0.016342457935352026,0.0020611756460047147,0
1.3900000000000001,0.023770411046636995,-0.02604862861908672,-0.001268047549343212,0.21052778430470809,-0.0089523692300812127,0.0010907089200324226,0
1.3925000000000001,0.023702737527711175,-0.028093486133027253,-0.00072142185297137569,0.22681195376116317,-0.0089523692300812127,0.0010907089200324226,0
1.395,0.023629926506033357,-0.030158877281282657,-0.00013378459939668893,0.24333996113548495,0.015636432147897675,0.0045403825249840882,0
1.3975,0.023559069863691436,-0.026529887658062742,0.00043810922906742497,0.2142160854966125,0.015636432147897675,0.0045403825249840882,0
1.4000000000000001,0.023497260906624629,-0.022920293054375866,0.00093748773494933824,0.18532251873739553,0.06154110542780411,0.0060127894310938804,0
1.4025000000000001,0.023457793473068971,-0.0086555927002725033,0.0012577533578071892,0.070912981688617857,0.06154110542780411,0.0060127894310938804,0
1.405,0.023453977575451538,0.0056026662902736238,0.0012921163119741406,-0.043420147586782351,0.013958443136604364,-0.0015169368587991167,0
1.4075,0.02347198343402792,0.0088028691839797581,0.0011516643351619422,-0.068951506989922473,0.013958443136604364,-0.0015169368587991167,0
1.4099999999999999,0.023497997128433458,0.012009320965911211,0.00094729696724037485,-0.094557043220022591,0.036219108396942146,0.001463925884002182,0
1.4125000000000001,0.02353850573162157,0.020399498317969979,0.00062684127837332672,-0.16183049550964174,0.036219108396942146,0.001463925884002182,0
1.415,0.023600006840357284,0.028804340407548135,0.00013799942260685769,-0.22927803516970471,-0.0071289720242851641,-0.0033709123085992176,0
1.4175,0.02366994853806216,0.027152376373713892,-0.00041858619734432738,-0.21603034679716826,-0.0071289720242851641,-0.0033709123085992176,0
1.4199999999999999,0.023735785017576082,0.025519968523813268,-0.00094234582234131573,-0.20301489269240927,-0.027077908942059289,-0.00399701448352076,0
1.4225000000000001,0.023791766901314092,0.019268227478999912,-0.0013872847624097693,-0.15296817756589004,-0.027077908942059289,-0.00399701448352076,0
1.425,0.023832137713372354,0.013030357598328216,-0.0017073238904571667,-0.10308609311803096,-0.015845370028057831,-0.00061480911231110357,0
1.4275,0.023860190443897047,0.0094131669599611754,-0.0019290226517342534,-0.074288821597198171,-0.015845370028057831,-0.00061480911231110357,0
1.4299999999999999,0.023879209161271949,0.0058027127047380594,-0.0020788346163876587,-0.045571499718891934,-0.023131036084355107,0.00070660314044813954,0
1.4325000000000001,0.023887090379427239,0.0005026314436595257,-0.0021399174780005596,-0.0032991752279943817,-0.023131036084355107,0.00070660314044813954,0
1.4350000000000001,0.023881722567841358,-0.0047971504029799576,-0.0020953334510969771,0.038969596664628396,-0.031139806445985418,0.0011467381436555447,0
1.4375,0.023860774486658232,-0.011962337428771608,-0.0019263433632180941,0.096234608464149107,-0.031139806445985418,0.0011467381436555447,0
1.4399999999999999,0.023821903600762188,-0.019136260628315971,-0.0016140740386917153,0.15360326856678785,-0.062526175181352658,0.0022626894108700667,0
1.4425000000000001,0.023755961266087727,-0.033620811032989126,-0.0010849382488551194,0.26974337088542527,-0.062526175181352658,0.0022626894108700667,0
1.4450000000000001,0.023653779153827194,-0.048129829785504695,-0.00026511518243376104,0.38617386856518932,-0.019728778509639763,0.0075080261061818022,0
1.4475,0.023527719184099818,-0.052724238150325189,0.00074639398889249538,0.42310587094758645,-0.019728778509639763,0.0075080261061818022,0
1.45,0.02339012613266854,-0.057356845655496591,0.0018507925471937668,0.46049195722500263,0.030402268287311462,0.0071667441951567424,0
1.4525000000000001,0.023255467401915995,-0.050376671071174689,0.002932268067792761,0.40476602442286891,0.030402268287311462,0.0071667441951567424,0
1.4550000000000001,0.023138212191133642,-0.04343320220586127,0.0038749857415515485,0.34947581061173683,0.0092671254727408024,0.004771192124996845,0
1.4575,0.02303213362760069,-0.041434806022955309,0.0047292855547355194,0.3340252847054378,0.0092671254727408024,0.004771192124996845,0
1.46,0.02293101295216815,-0.039466663144761646,0.0055454115028844043,0.31893399640019265,0.066000572690737183,0.0026129172074976642,0
1.4625000000000001,0.022851261029585176,-0.024338836069252311,0.006191842499842286,0.19825762054745077,0.066000572690737183,0.0026129172074976642,0
1.4650000000000001,0.022809303571287597,-0.0092292490688210393,0.0065368792015770092,0.077796764105697747,0.021787439019014868,0.00086484279349520986,0
1.4675,0.022792262133166832,-0.0044047951545950906,0.0066840756437736874,0.039970982437434334,0.021787439019014868,0.00086484279349520986,0
1.47,0.022787276562240066,0.0004160183997094077,0.0067367700643581304,0.0021883467955798458,0.096939609190737769,-8.8308778014396393e-05,0
1.4724999999999999,0.022816178440872529,0.022706829581507104,0.0065196393793035779,-0.17590873774467297,0.096939609190737769,-8.8308778014396393e-05,0
1.4750000000000001,0.022900824320464752,0.045013968612935669,0.0058570660151501478,-0.35419822250536592,0.045376886318508169,-0.0069140721678700697,0
1.4775,0.02302629298530235,0.055366976568997125,0.0048686600334075184,-0.43659780332650416,0.045376886318508169,-0.0069140721678700697,0
1.48,0.023177692356903559,0.065759769232676027,0.0036736840340161558,-0.51946895780202296,0.040850048329003151,-0.0065846126605030022,0
1.4824999999999999,0.023353815744984834,0.075147352256403316,0.0022814135151758832,-0.59444734253621412,0.040850048329003151,-0.0065846126605030022,0
1.4850000000000001,0.023553473923775547,0.084588703165524276,0.00070091490064829245,-0.67006465970046014,0.01106245685571957,-0.010482656591056076,0
1.4875,0.023768153819441088,0.08716541478494301,-0.00099998852071666059,-0.6907795241077167,0.01106245685571957,-0.010482656591056076,0
1.49,0.023989352749457314,0.089804233454502419,-0.0027535989497971883,-0.71223392531779361,-0.068689021989377,-0.0061445913570149077,0
1.4924999999999999,0.024194054473933375,0.073966979656425014,-0.0043756696775430013,-0.58553932670024844,-0.068689021989377,-0.0061445913570149077,0
1.4950000000000001,0.024359232158591364,0.058183135229684525,-0.0056818230939176288,-0.4594777339820883,-0.019368694885368885,-0.0020746398147679537,0
1.4975000000000001,0.024499335960757807,0.053906601325630625,-0.0067885717861861476,-0.42600068032221611,-0.019368694885368885,-0.0020746398147679537,0
1.5,0.024628797391683818,0.049668742320459987,-0.007812208914801496,-0.39298256897329387,-0.12754573104779812,-0.0016491143765410305,0
1.5024999999999999,0.024716278561660986,0.020320527704949475,-0.0085014001430477899,-0.1584212373869463,-0.12754573104779812,-0.0016491143765410305,0
1.5050000000000001,0.02473041250579568,-0.0090127220791346059,-0.0086044612982009421,0.075964694775467634,-0.066404628901584939,0.0004156318338154111,0
1.5075000000000001,0.024688973555952107,-0.024140538054734376,-0.008264182685894449,0.19628296162241118,-0.066404628901584939,0.0004156318338154111,0
1.51,0.024609694683845097,-0.039286510536435337,-0.0076228680061542617,0.31681540206092812,-0.058495791196251347,0.0037577264707503218,0
1.5125,0.024494814633560826,-0.05262319567611852,-0.0066982744527829541,0.42292641395220215,-0.058495791196251347,0.0037577264707503218,0
1.5150000000000001,0.024346546366075229,-0.065998686632181877,-0.0055078534531509023,0.5294964068356186,0.0068519308755289965,0.0076828134223737108,0
1.5175000000000001,0.024183769153122481,-0.064230920011325243,-0.0042028207390188204,0.51462299681063151,0.0068519308755289965,0.0076828134223737108,0
1.52,0.024025353128841773,-0.062509521998687492,-0.0029342788393118199,0.50030119088066138,0.0076316338963954948,0.0065352076596560272,0
1.5225,0.023871410522117522,-0.060651968236314427,-0.0017026874427231765,0.48505998678015549,0.0076316338963954948,0.0065352076596560272,0
1.5250000000000001,0.023722056824170494,-0.05883817445161478,-0.00050854532152812401,0.47033912913580439,0.011645141965178386,0.00171335543291151,0
1.5275000000000001,0.023578350525806476,-0.056133779086906449,0.00064006185980862809,0.44862881240569191,0.011645141965178386,0.00171335543291151,0
1.53,0.023441354157553596,-0.05346991260024675,0.0017350001198391354,0.4274001930233321,0.041827178385353755,0.0033617134026721926,0
1.5325,0.023319739051862808,-0.043828050893146044,0.0027070056620027731,0.35027401688612519,0.041827178385353755,0.0033617134026721926,0
1.5350000000000001,0.023222187392873454,-0.034218002624287432,0.0034866847213177992,0.27352528331287118,0.074810209525694879,0.0049640404652165661,0
1.5375000000000001,0.02315821236012118,-0.016965144185965439,0.0039979024807913896,0.13548585164614579,0.074810209525694879,0.0049640404652165661,0
1.54,0.02313735132590555,0.00027529976754173124,0.0041642363676261569,-0.0024067134265861323,0.026534221889354809,-0.00064463440494650964,0
1.5425,0.023145561255938429,0.0062930426687799607,0.0040985323930970473,-0.05016118989155717,0.026534221889354809,-0.00064463440494650964,0
1.5449999999999999,0.023168820341442801,0.012315348311459629,0.0039133853368080842,-0.097969765716163046,0.034283440933163101,-0.0031140864221762929,0
1.5475000000000001,0.023209397159880931,0.020148065645989505,0.0035905104476089554,-0.16035337097417002,0.034283440933163101,-0.0031140864221762929,0
1.55,0.023269572827606288,0.027995372968677028,0.0031114743378368483,-0.22290995709452693,0.019936090937722393,-0.0032860253098833414,0
1.5525,0.023345221868202544,0.032527501056736081,0.0025092445751650921,-0.25891707148367016,0.019936090937722393,-0.0032860253098833414,0
1.5549999999999999,0.023432229894438095,0.037083104634241075,0.0018166567914401535,-0.29520283334851855,0.0054915301986079561,-0.0061582961697017151,0
1.5575000000000001,0.023526462351201032,0.038307384923147988,0.0010666772031811338,-0.3048345729528707,0.0054915301986079561,-0.0061582961697017151,0
1.5600000000000001,0.023623789800273305,0.039559245060605201,0.00029221095538378933,-0.31479390662117274,-0.0010373199392136752,-0.0040073979286973805,0
1.5625,0.023722385133558545,0.039321752247341343,-0.00049233679217552517,-0.31290048831288503,-0.0010373199392136752,-0.0040073979286973805,0
1.5649999999999999,0.023820422144069937,0.039112561026708265,-0.0012725716269179157,-0.31134326891379832,-0.012244225543360169,-0.0061151852926362915,0
1.5675000000000001,0.023914714891361946,0.036326167040551402,-0.0020231767541823288,-0.28919463248090982,-0.012244225543360169,-0.0061151852926362915,0
1.5700000000000001,0.02400207480063463,0.033565960979943535,-0.0027188039089112029,-0.26735696735161968,-0.040881502017003156,-0.00546244098411389,0
1.5725,0.024074243519153708,0.024172498082509639,-0.0032933671673740375,-0.19233495433866954,-0.040881502017003156,-0.00546244098411389,0
1.575,0.024122951878014956,0.014796540403539688,-0.0036806516085643947,-0.1175204691980595,-0.016534988376119136,-0.0021152995664351477,0
1.5775000000000001,0.024155309648177095,0.01109123267741967,-0.003937894934425713,-0.08829266328456406,-0.016534988376119136,-0.0021152995664351477,0
1.5800000000000001,0.024178414721112394,0.0073939413732602485,-0.004122194170543117,-0.059159961450070311,-0.022787163328992544,-0.0040552354791330647,0
1.5825,0.024190467109432137,0.0022485570218574273,-0.0042191566489554822,-0.018416991083472667,-0.022787163328992544,-0.0040552354791330647,0
1.585,0.024189658901328126,-0.0028951529137510954,-0.004214295669787863,0.02230612315720034,-0.036966624994924313,-0.00040317453469906531,0
1.5875000000000001,0.024171869462664818,-0.011337247155643104,-0.0040745142357944903,0.089529086253397255,-0.036966624994924313,-0.00040317453469906531,0
1.5900000000000001,0.024132965868221858,-0.019787498271217764,-0.0037665696852369154,0.15684871577680815,-5.467551693417224e-05,-0.00098567461906170074,0
1.5925,0.024083645832724231,-0.019670885717792769,-0.003376274761538975,0.15541519495731473,-5.467551693417224e-05,-0.00098567461906170074,0
1.595,0.02403459971555082,-0.019568343326062058,-0.0029893544921031339,0.1541487511659857,-0.019697492761821981,0.0022714408449844327,0
1.5975000000000001,0.023980084695103758,-0.024046272870504183,-0.002559550082994794,0.18972562683049052,-0.019697492761821981,0.0022714408449844327,0
1.6000000000000001,0.023914354010528851,-0.028541412387740751,-0.0020405561704458335,0.22550674231585718,0.00038942600364678362,0.0055747960039839754,0
1.6025,0.023843197479730554,-0.028387202291948358,-0.0014786938583976213,0.22402336803767439,0.00038942600364678362,0.0055747960039839754,0
1.605,0.023772401104482855,-0.028253267513675222,-0.0009202386885209644,0.22278078541723639,-0.0064750938376779577,0.0051989540112333159,0
1.6074999999999999,0.023699919632647372,-0.029735359853816312,-0.00034856962154639971,0.23459543724737725,-0.0064750938376779577,0.0051989540112333159,0
1.6100000000000001,0.023623706612049301,-0.031238685805042014,0.00025294862019886526,0.24666225775914177,0.00055718840887862932,0.0036454828069553422,0
1.6125,0.023545751061220376,-0.031129468868889166,0.00086855025480027468,0.24586315975368894,0.00055718840887862932,0.0036454828069553422,0
1.615,0.023468040727700749,-0.031042501923817117,0.0014824846108513502,0.24532831563552496,0.024816867273972268,0.0027980500705244325,0
1.6174999999999999,0.02339756944924256,-0.02533788368054294,0.0020387933490355627,0.19975858937553809,0.024816867273972268,0.0027980500705244325,0
1.6200000000000001,0.023341336211005832,-0.019651384804098941,0.0024814567389624701,0.15440389900945273,0.029426643124115387,1.4273951055501084e-05,0
1.6225000000000001,0.023300640351779658,-0.012907232911412849,0.0028001929999917066,0.10060800730330925,0.029426643124115387,1.4273951055501084e-05,0
1.625,0.023276792429376161,-0.0061722222718387969,0.0029845871207651495,0.046920540142665092,0.038805053921593773,-5.1785384403954787e-05,0
1.6274999999999999,0.023272500849767411,0.0027387864101252454,0.0030129503630405203,-0.024227905187506095,0.038805053921593773,-5.1785384403954787e-05,0
1.6300000000000001,0.023290488198834485,0.011651999774098885,0.002863425812192448,-0.095402487688677567,0.040733340694353283,1.0352700850750456e-05,0
1.6325000000000001,0.023331328400733358,0.021022175302788694,0.002531351897807886,-0.17028051886293127,0.040733340694353283,1.0352700850750456e-05,0
1.635,0.023395611975371905,0.030407831036394446,0.0020118702356451447,-0.24534213450637993,0.029343851568741544,-0.0046984955302707063,0
1.6375,0.023480076544839867,0.037167939636726224,0.0013310022758653052,-0.2994010801786649,0.029343851568741544,-0.0046984955302707063,0
1.6400000000000001,0.023581474276840059,0.043955173536253507,0.00051459647051040774,-0.35378208254220561,0.015186490124443628,-0.0069679738523527046,0
1.6425000000000001,0.023695765201147623,0.047483109177814356,-0.0004051837243757015,-0.38210793679432326,0.015186490124443628,-0.0069679738523527046,0
1.645,0.023818918593165442,0.051045571980831615,-0.0013962851083367562,-0.4108440976132362,0.026453274211984568,-0.0040035402872988608,0
1.6475,0.023954297870444681,0.057264397803688999,-0.0024860664043265552,-0.46105881938805188,0.026453274211984568,-0.0040035402872988608,0
1.6500000000000001,0.024105275174229987,0.063524736372616811,-0.0037019907748420729,-0.51176745684767477,-0.047624927068394808,-0.0037205471844498211,0
1.6525000000000001,0.02425043475477854,0.052610032246799034,-0.0048724785280633088,-0.42470697991604972,-0.047624927068394808,-0.0037205471844498211,0
1.655,0.024368357604903641,0.041734052236427475,-0.0058259080827848444,-0.33810541475651495,-0.014374818728073417,-0.0036064708678431884,0
1.6575,0.024468792056123394,0.038618438701386967,-0.0066409058386952113,-0.31395129661850879,-0.014374818728073417,-0.0036064708678431884,0
1.6600000000000001,0.02456147354180279,0.035531319717616389,-0.0073959463135824981,-0.29013530587773823,-0.07365095798269311,-0.0031237015724561727,0
1.6625000000000001,0.024629247667068851,0.018691422012728904,-0.0079535162898545265,-0.15596126105278707,-0.07365095798269311,-0.0031237015724561727,0
1.665,0.024654942695139296,0.0018659754751062449,-0.0081758945958280982,-0.021957590210665595,-0.046742303472408431,0.0014748384707773663,0
1.6675,0.024646397611762069,-0.0087023471760657289,-0.0081261175195241932,0.061782855514233778,-0.046742303472408431,0.0014748384707773663,0
1.6699999999999999,0.024611426226248467,-0.019276349210464352,-0.0078669243842112904,0.14559042098066946,-0.062334435389974518,-0.0018809804331897018,0
1.6725000000000001,0.024545474325791444,-0.033488278520614895,-0.0073616477331013676,0.25866758472594165,-0.062334435389974518,-0.0018809804331897018,0
1.675,0.024443964970544036,-0.047724042138487952,-0.0065733518770385909,0.37202624451371991,-0.053924378160468453,0.0044719340864197979,0
1.6775,0.024309269313493548,-0.06003890641155131,-0.0055208063477641669,0.47008620266558221,-0.053924378160468453,0.0044719340864197979,0
1.6799999999999999,0.024143734647496938,-0.072396719011304081,-0.0042224969692041484,0.56865484158385027,-0.0090125784076896809,0.0066931782570120021,0
1.6825000000000001,0.023960292970945055,-0.074365290058069328,-0.0027818361968429796,0.58397684607610845,-0.0090125784076896809,0.0066931782570120021,0
1.6850000000000001,0.023771864297247824,-0.076386545445434412,-0.0013020906574012288,0.59992540151822438,0.029392810820833448,0.008920637912135496,0
1.6875,0.02358947510525505,-0.069533400700724599,0.00012869438651075238,0.5448048671997332,0.029392810820833448,0.008920637912135496,0
1.6899999999999999,0.023424156346686785,-0.06272939536619801,0.0014224206443138288,0.49026873354485029,0.028955214089407749,0.0052446601897872206,0
1.6925000000000001,0.023275664035356736,-0.05607144756351308,0.0025814982376197847,0.43707641804755398,0.028955214089407749,0.0052446601897872206,0
1.6950000000000001,0.023143766113059027,-0.04945309729100799,0.0036081945425280862,0.38435430741508864,0.05872851291005636,0.004008478136096884,0
1.6975,0.023037020837670383,-0.035948150648613439,0.0044341303708689949,0.27645390536861952,0.05872851291005636,0.004008478136096884,0
1.7,0.022964004298882276,-0.022468476804147687,0.0049907134116971277,0.16885272262398107,0.0482713375797897,-0.00038246263668507941,0
1.7025000000000001,0.022921627022413359,-0.011435248395277309,0.0053029507998728891,0.080959725291674625,0.0482713375797897,-0.00038246263668507941,0
1.7050000000000001,0.022906821884706927,-0.00040942706723323501,0.0053955850873758666,-0.0068456053607907491,0.050856782304126193,-0.0017681005701093045,0
1.7075,0.022920331660996048,0.011218059243286845,0.0052626828529282474,-0.09948578007153791,0.050856782304126193,-0.0017681005701093045,0
1.71,0.022962919769453943,0.022854651431319262,0.0048980663867378826,-0.19223371410019413,0.034817514656303172,-0.0019312794123950861,0
1.7125000000000001,0.023029958983816337,0.03078011654810154,0.004338772783336985,-0.25524142420750989,0.034817514656303172,-0.0019312794123950861,0
1.7150000000000001,0.023116839714609913,0.03872881743508251,0.0036216297313553074,-0.31852458976726572,0.021705870143657421,-0.0028517114168091755,0
1.7175,0.023219817239563238,0.043658311652645734,0.0027764637926052877,-0.35766880684141478,0.021705870143657421,-0.0028517114168091755,0
1.72,0.023335158282577501,0.048620219715933638,0.001832965028516553,-0.39719785462667434,0.00081739555498877136,-0.00068178039948507479,0
1.7225000000000001,0.023456878484954761,0.048761931367705631,0.00083886920628203129,-0.39814997436706129,0.00081739555498877136,-0.00068178039948507479,0
1.7250000000000001,0.023578997920859161,0.048939623925455415,-0.00015814112302781264,-0.3995296676397615,0.014960732801440269,-0.0046234038401903963,0
1.7275,0.02370571648883385,0.052441456030875779,-0.0011921450775074804,-0.42774749246973259,0.014960732801440269,-0.0046234038401903963,0
1.73,0.023841237374431244,0.055981899186952108,-0.0022972610624873357,-0.45642432647437631,-0.082544719818978984,-0.006149156090125305,0
1.7324999999999999,0.023957327319553114,0.036895834539913602,-0.0032471146992984028,-0.30352703597323594,-0.082544719818978984,-0.006149156090125305,0
1.7350000000000001,0.024025739672094593,0.017837516223858665,-0.0038151700216843762,-0.15095826507458673,-0.01784308739257872,-0.0013728485502549942,0
1.7375,0.024065327121074509,0.013834488335729651,-0.004153042245936359,-0.11936377947641519,-0.01784308739257872,-0.0013728485502549942,0
1.74,0.02409492114652164,0.0098423007381970243,-0.0044120960723939163,-0.087897890092230507,-0.050319909012943316,0.002275764583795263,0
1.7424999999999999,0.024105108385793671,-0.0016918711016188151,-0.0045168172601283973,0.0041133839509870374,-0.050319909012943316,0.002275764583795263,0
1.7450000000000001,0.024086461477407024,-0.013226418894653582,-0.0043915254398948118,0.096129108972411656,-0.01451220236011604,0.0022213534891494589,0
1.7475000000000001,0.024049373777751407,-0.016445386071589956,-0.0041196523134624805,0.12138891214215407,-0.01451220236011604,0.0022213534891494589,0
1.75,0.024004225366332583,-0.019675370923178354,-0.00378447195025203,0.14677943998920875,-0.039023823834481032,0.0030203605907869416,0
1.7524999999999999,0.023943863314714941,-0.02861703827293919,-0.0033284181804779404,0.21809638653494151,-0.039023823834481032,0.0030203605907869416,0
1.7550000000000001,0.023861123639409228,-0.037578548731292086,-0.002693793965336865,0.2896486052504641,-0.018964613216785019,0.0042310037874464367,0
1.7575000000000001,0.023761777455493464,-0.041903032047681733,-0.0019267298832520269,0.32405767299614374,-0.018964613216785019,0.0042310037874464367,0
1.76,0.023651584022593018,-0.046256865361727677,-0.0010732151967270673,0.35881525165773587,-0.022601766365187556,0.0086098549803153845,0
1.7625,0.023529409183294447,-0.051488729931035489,-0.000123843703125598,0.40074994472539083,-0.022601766365187556,0.0086098549803153845,0
1.7650000000000001,0.023394110194141688,-0.0567568114021079,0.00093089314770779328,0.44311501359936628,-0.0072377625457085036,0.0042192466202734214,0
1.7675000000000001,0.023250056296201374,-0.058493079279114554,0.0020562703408682631,0.45726725212434732,-0.0072377625457085036,0.0042192466202734214,0
1.77,0.023101610413642618,-0.06027061155366948,0.0032176382158013174,0.47191010154557211,0.072812459326775866,0.0075519694794193189,0
1.7725,0.022971928379386782,-0.043481178902400761,0.0042294222562522469,0.33759011974722147,0.072812459326775866,0.0075519694794193189,0
1.7750000000000001,0.022884178765119102,-0.026722648625092476,0.0049058936036838387,0.20363587942297931,0.012161698281718125,0.0022734953596690775,0
1.7775000000000001,0.022820676256251296,-0.024082282821250869,0.0053893290001841114,0.18314713951634151,0.012161698281718125,0.0022734953596690775,0
1.78,0.022763753501973467,-0.021458537369693324,0.0058217936321361546,0.16285561479872984,0.037290175339403306,-0.0004733257369460429,0
1.7825,0.022720672722819905,-0.013008055230508705,0.0061451109348793411,0.095821545511522777,0.037290175339403306,-0.0004733257369460429,0
1.7850000000000001,0.022698705929382453,-0.0045663294825205349,0.006300987747394916,0.028891150964177437,0.022444360628536917,0.0010628843744277124,0
1.7875000000000001,0.022693525211746578,0.00042161416076413882,0.0063242381851700193,-0.010289127037131196,0.022444360628536917,0.0010628843744277124,0
1.79,0.022700814781100306,0.0054104948113772701,0.0062495328565415689,-0.049480510833547459,0.048322602577578193,-0.0020020586063136019,0
1.7925,0.022728100761200069,0.016419713485405475,0.0060163992388277401,-0.13704323101950427,0.048322602577578193,-0.0020020586063136019,0
1.7949999999999999,0.022782923809449344,0.027441485057127735,0.0055641929372107915,-0.22475446978326813,0.060751352537605448,-0.00071138202586719628,0
1.7975000000000001,0.022868936749173598,0.041373147745170563,0.0048634186111294114,-0.33591563874024205,0.060751352537605448,-0.00071138202586719628,0
1.8,0.022989815162302005,0.055335545752825552,0.0038843115633389802,-0.44744062055080303,0.067058893900179647,-0.0039012767104470315,0
1.8025,0.023147481306980845,0.070805097785433174,0.002611092018575378,-0.57122664731321904,0.067058893900179647,-0.0039012767104470315,0
1.8049999999999999,0.023343883865737419,0.086326502886697021,0.0010276654199893802,-0.69562814527667149,-0.0066974821732756606,-0.0061079012497459425,0
1.8075000000000001,0.023557733804701927,0.084763781886687539,-0.00069553411707151311,-0.68305451262396177,-0.0066974821732756606,-0.0061079012497459425,0
1.8100000000000001,0.023767753990247956,0.083262524213261482,-0.0023882168162535191,-0.6712125512221554,-0.0076322542788739749,-0.0083717042078919526,0
1.8125,0.023973825162748805,0.081604393565974584,-0.0040500146563861601,-0.65834447758006664,-0.0076322542788739749,-0.0083717042078919526,0
1.8149999999999999,0.024175825389605748,0.080005585831779538,-0.0056805273607717669,-0.64618225339760138,-0.063879405029659456,-0.006029731658759984,0
1.8175000000000001,0.0243575583800963,0.065389784390250366,-0.0071502413510292039,-0.52969519435548706,-0.063879405029659456,-0.006029731658759984,0
1.8200000000000001,0.024502814860246584,0.050822639466330304,-0.0083294828041078194,-0.41378350601897057,-0.083131255060978584,-0.0046090331774765554,0
1.8225,0.0246061098474008,0.031818595304943798,-0.0091746099720087359,-0.26237998447239491,-0.083131255060978584,-0.0046090331774765554,0
1.825,0.024661928225641873,0.01283901502141957,-0.0096416226403496282,-0.11126434949958139,-0.046525645078093807,-0.0038415002295619756,0
1.8275000000000001,0.02468094894806042,0.0023786374023493043,-0.0098164509819104497,-0.028611011340633374,-0.046525645078093807,-0.0038415002295619756,0
1.8300000000000001,0.024673823610323258,-0.0080791026130576874,-0.0097847036457246617,0.05401118294544105,-0.074280187767400183,0.0015623303934570792,0
1.8325,0.024632485473614508,-0.024993289131600552,-0.0094815819973280511,0.18850829126182225,-0.074280187767400183,0.0015623303934570792,0
1.835,0.024548842543404049,-0.041925019020353463,-0.0088419900490797499,0.32321195541346148,-0.050172297129201335,0.0038908101483779095,0
1.8375000000000001,0.02442983996745858,-0.053282682029468606,-0.0079214848599219942,0.41325886771323694,-0.050172297129201335,0.0038908101483779095,0
1.8400000000000001,0.024282397527534173,-0.064678271800231765,-0.0067753219297161677,0.50375432850790303,-0.048129173769180203,0.0093710336828704902,0
1.8425,0.024107003874953768,-0.075644974122446196,-0.0054070266346789323,0.59098054231604669,-0.048129173769180203,0.0093710336828704902,0
1.845,0.02390412781209866,-0.086665490341055085,-0.0038198874507177172,0.6788448961057143,0.0015644186407015627,0.0085557331267800841,0
1.8475000000000001,0.023688065070037002,-0.086194848120375409,-0.0021281690555256388,0.67465059780014847,0.0015644186407015627,0.0085557331267800841,0
1.8500000000000001,0.023473102997383321,-0.085784900057811475,-0.00044603238738401079,0.67117885168319469,0.049615837360489412,0.010755845470046259,0
1.8525,0.023273053126223801,-0.074264383366874243,0.0011161794038793364,0.57870225349410787,0.049615837360489412,0.010755845470046259,0
1.855,0.023101737518947469,-0.062796140831969272,0.0024479967170390566,0.48684708210671224,0.05369862653123933,0.0093951396398774464,0
1.8574999999999999,0.022960221991073042,-0.050422908710588583,0.003541323172829655,0.38789269073388044,0.05369862653123933,0.0093951396398774464,0
1.8600000000000001,0.022849593538705706,-0.038085000582013216,0.0043878091271359419,0.28935706135603473,0.044671028181836256,0.0032552288877298594,0
1.8625,0.022767151802585768,-0.027872170542878303,0.0050094374865137644,0.20799042856047512,0.044671028181836256,0.0032552288877298594,0
1.865,0.022710216857417777,-0.017678335544843916,0.0054279487184523689,0.12684874814217728,0.082114354089962732,-0.0014803981647699674,0
1.8674999999999999,0.022689630306975628,0.0012083050293854938,0.0055564132664115504,-0.02406778128210485,0.082114354089962732,-0.0014803981647699674,0
1.8700000000000001,0.02271626023304206,0.020097165239355268,0.0053075879662987813,-0.17501051657460689,0.059767701670957907,-0.0014223383741306279,0
1.8725000000000001,0.022783636269427684,0.033807170794591966,0.0047333534856688645,-0.28441855985517184,0.059767701670957907,-0.0014223383741306279,0
1.875,0.022885317773476639,0.047543198769796673,0.0038852384836098892,-0.3941346205142216,0.074237484092456965,-0.0057700105531175959,0
1.8774999999999999,0.02302558682323225,0.064679073994072592,0.0027285556853937675,-0.53129496007887389,0.074237484092456965,-0.0057700105531175959,0
1.8800000000000001,0.023208753406743891,0.081863259304463198,0.001228286088755243,-0.66902838261178177,-0.035847284431184311,-0.0066296376205396412,0
1.8825000000000001,0.023402964785282237,0.073515373647416948,-0.00036026331107157669,-0.60192457436877089,-0.035847284431184311,-0.0066296376205396412,0
1.885,0.023576375488777779,0.065221746956019899,-0.0017818746361738141,-0.53546622955740975,-0.026033596330064187,-0.0091400360789271069,0
1.8875,0.023731965523399533,0.05925799510101868,-0.0030609773646319846,-0.48790760802700434,-0.026033596330064187,-0.0091400360789271069,0
1.8900000000000001,0.023872702279227238,0.05333842423564851,-0.0042218499291700219,-0.44087373069405877,-0.045117415577621188,-0.0067604314836111935,0
1.8925000000000001,0.023993145760372505,0.043022433333830323,-0.0052212046554242775,-0.35868202169858959,-0.045117415577621188,-0.0067604314836111935,0
1.895,0.024087841721985349,0.032739174737280594,-0.0060155831645751978,-0.27687808610663112,-0.054054788330350295,-0.0029449366372458607,0
1.8975,0.024154265858915842,0.020403617833272186,-0.0065849878906213393,-0.17868688432465835,-0.054054788330350295,-0.0029449366372458607,0
1.9000000000000001,0.024189873482910275,0.0080844673165122623,-0.0069091792208973045,-0.08068965397170158,-0.056979465350281006,-5.4156473865320939e-05,0
1.9025000000000001,0.024193844580514649,-0.0049071443140805311,-0.0069816840322648082,0.022680548399418785,-0.056979465350281006,-5.4156473865320939e-05,0
1.905,0.024165336021960537,-0.017900842738499186,-0.0067957559291718797,0.12607540588103511,-0.045781160811545818,0.0015402540870530664,0
1.9075,0.024107584519916497,-0.028302914877680857,-0.0063773260028155525,0.20869877292205913,-0.045781160811545818,0.0015402540870530664,0
1.9100000000000001,0.024023805522614787,-0.038724097018073653,-0.0057520736287037496,0.29154826900477071,-0.021384408169059465,0.0054459693672478963,0
1.9125000000000001,0.023921030791233269,-0.043500387061484416,-0.0049762572704957009,0.32916055967673119,-0.021384408169059465,0.0054459693672478963,0
1.915,0.023806278680357288,-0.048306567524043317,-0.0041059753196853984,0.36712748961843827,-0.0024060121304000873,0.0069291984869063114,0
1.9175,0.023684984887608396,-0.048734020678978723,-0.0031845822392801279,0.3700529620286841,-0.0024060121304000873,0.0069291984869063114,0
1.9199999999999999,0.02356258069745305,-0.049194932192915354,-0.0022553792687737139,0.37337595852144989,-0.035012546480302636,0.0047187421652728698,0
1.9225000000000001,0.023429507250891768,-0.057269949347282856,-0.001241269757965984,0.43798437328385476,-0.035012546480302636,0.0047187421652728698,0
1.925,0.023276197928076739,-0.065384595147687075,-6.5065119010882314e-05,0.50306355299914784,0.032961555344653358,0.008296599196838679,0
1.9275,0.023122298499422472,-0.057742060797352869,0.00111585638179304,0.44175818791687455,0.032961555344653358,0.008296599196838679,0
1.9299999999999999,0.02298745432795616,-0.050139484009466495,0.0021441213938816028,0.38092754358499337,0.037419073774032932,0.0022821756626372953,0
1.9325000000000001,0.022872867568967337,-0.041535165892619991,0.0030104326120613872,0.31218364201457877,0.037419073774032932,0.0022821756626372953,0
1.9350000000000001,0.02277975486328606,-0.032959211447375208,0.0037053199735233109,0.24377620652279558,0.036536139276089473,0.0013520845515034526,0
1.9375,0.02270779646799673,-0.024610699281557607,0.004231593383101342,0.17728038845871608,0.036536139276089473,0.0013520845515034526,0
1.9399999999999999,0.02265668791034451,-0.016278335945316628,0.0045918813995071469,0.11097596553621496,0.060213040505690534,0.0037181953726825702,0
1.9425000000000001,0.022633276210104015,-0.0024518759387777336,0.0047313168914918232,0.00058250430117756657,0.060213040505690534,0.0037181953726825702,0
1.9450000000000001,0.022644428486558031,0.01137453070699492,0.0045947944426277662,-0.10981032563060091,0.069263614406188792,-0.00098457569777972149,0
1.9475,0.022692787104142183,0.027315013610995566,0.0041610441269256358,-0.23722127738041571,0.069263614406188792,-0.00098457569777972149,0
1.95,0.022781021653028692,0.043277212390069465,0.0034084738860680744,-0.36488922118917033,0.031516948437922784,-0.0072673616239333494,0
1.9525000000000001,0.022898232524843135,0.050497436279909005,0.0024243632179764131,-0.42246995038184032,0.031516948437922784,-0.0072673616239333494,0
1.9550000000000001,0.02303354073601651,0.057755943892064517,0.0012957453556451178,-0.48050524099195552,0.0019039043222325244,-0.009070799171993011,0
1.9575,0.023178443422670825,0.058173459006108617,9.0519280904027095e-05,-0.48376185191696625,0.0019039043222325244,-0.009070799171993011,0
1.96,0.023324444419023486,0.058634643504168998,-0.0011234965072783763,-0.48753763248126514,0.001472385527080312,-0.0061377399127323998,0
1.9625000000000001,0.023471527915166261,0.059039512419437605,-0.0023465977191188857,-0.49103083232609823,0.001472385527080312,-0.0061377399127323998,0
1.9650000000000001,0.023619678904151859,0.05948869283416762,-0.0035790896808744607,-0.49505089278170777,-0.03337180312574925,-0.0072266366789415408,0
1.9675,0.023758883799388869,0.051882256670037451,-0.0047409762604585298,-0.43454183306656591,-0.03337180312574925,-0.0072266366789415408,0
1.97,0.023879123101058858,0.044315319047893049,-0.005752189271696957,-0.37450131710386941,-0.040706927104371592,-0.0058781509523495347,0
1.9725000000000001,0.023978357493641453,0.035077337381973439,-0.0065967018879466563,-0.30116967892632429,-0.040706927104371592,-0.0058781509523495347,0
1.9750000000000001,0.024054532730308529,0.025866887796790215,-0.0072583092930475438,-0.22816401401447972,-0.045969520926415396,-0.0010473105235306438,0
1.9775,0.024106180261899725,0.015453995581875895,-0.0077254471048065279,-0.14558003164922648,-0.045969520926415396,-0.0010473105235306438,0
1.98,0.024131813846485713,0.0050544699181686824,-0.0079863411331039802,-0.063154078627696494,-0.033532562053535844,-0.00035007890398540506,0
1.9825000000000002,0.0241350710410436,-0.0024482019259056296,-0.0080702972703073656,-0.0040168942682267117,-0.033532562053535844,-0.00035007890398540506,0
1.9850000000000001,0.024119573143008246,-0.0099505061253842043,-0.0080064292274027397,0.055115939378971759,-0.092616867440432071,0.0013756843987888017,0
1.9875,0.024068147096386935,-0.031192503804020097,-0.0076567891875737254,0.22462165951837543,-0.092616867440432071,0.0013756843987888017,0
1.99,0.023963593197667273,-0.052455408179424387,-0.0068831157739727734,0.39437353332985187,-0.017150366510800763,0.0053985714653159407,0
1.9924999999999999,0.023827767532794156,-0.056211307936010604,-0.0058606776466101863,0.42365036784157595,-0.017150366510800763,0.0053985714653159407,0
1.9950000000000001,0.023682504645172013,-0.060005626021332886,-0.0047644839182015009,0.4533832587904274,-0.021505393199026567,0.0043099775119232386,0
1.9975000000000001,0.023526439715486309,-0.064853453069997777,-0.0035831912513667073,0.4917356049645597,-0.021505393199026567,0.0043099775119232386,0
2,0.023358200282994866,-0.069745799388262628,-0.0023053652637054648,0.53061674637836653,0.02208444524949342,0.08700709631487652,0.80000000000000004
2.0024999999999999,0.023190337153184838,-0.064552356485684415,-0.0010313644133598501,0.48867496503433616,0.02208444524949342,0.08700709631487652,0.80000000000000004
2.0049999999999999,0.02303540178217028,-0.05940297886830935,0.00013844624108419836,0.44725724105476827,0.020396165240891828,0.088097860429499769,0.80000000000000004
2.0074999999999998,0.022892798013008978,-0.054686489032501631,0.0012092620883707285,0.40947211303382969,0.020396165240891828,0.088097860429499769,0.80000000000000004
2.0100000000000002,0.022761938476983434,-0.0500070341032397,0.0021861734339372225,0.37212697482442342,-0.24665352079929878,0.084303510709522689,0.80000000000000004
2.0125000000000002,0.022565135932880079,-0.10744377120974882,0.003693475584052682,0.83382015243905938,-0.24665352079929878,0.084303510709522689,0.80000000000000004
2.0150000000000001,0.022224659864008386,-0.16495204932797086,0.0063559961572303633,1.2963783976830656,-0.28302655251981174,0.096023080914531558,0.80000000000000004
2.0175000000000001,0.021729718895771667,-0.2310211214713985,0.010261335404309957,1.8281478779075606,-0.28302655251981174,0.096023080914531558,0.80000000000000004
2.02,0.021069440216334848,-0.29722654703556928,0.01549818552958869,2.361653522009215,-0.28181027551020782,0.11091605667962204,0.80000000000000004
2.0225,0.020243809046025265,-0.36330517275699847,0.022068506884213294,2.8949736320318813,-0.28181027551020782,0.11091605667962204,0.80000000000000004
2.0249999999999999,0.019252780621787896,-0.42954347403570259,0.029974984339675124,3.4306043372688402,-0.15284052647846139,0.12185617650811818,0.80000000000000004
2.0274999999999999,0.018133369115173641,-0.46601731791609896,0.038923223892029513,3.7284563336680119,-0.15284052647846139,0.12185617650811818,0.80000000000000004
2.0300000000000002,0.016922542902389023,-0.50267218109206491,0.04861960434350749,4.0291117947621675,-0.059416489772733283,0.13078531068101387,0.80000000000000004
2.0325000000000002,0.015646890437806166,-0.51788683989023299,0.058854230065526807,4.1591365888346417,-0.059416489772733283,0.13078531068101387,0.80000000000000004
2.0350000000000001,0.014332928464163071,-0.5333176950701588,0.06941800760806216,4.2924251663253914,0.13268183089857172,0.13135082099633408,0.80000000000000004
2.0375000000000001,0.013035439082598512,-0.50474337336249953,0.079875385079790362,4.0742960154239016,0.13268183089857172,0.13135082099633408,0.80000000000000004
2.04,0.011808863056654205,-0.47658713425843269,0.089793552312355862,3.8610432812742461,0.27695316142455906,0.12851698687907206,0.80000000000000004
2.0425,0.010693477097367045,-0.41581907680062941,0.098853397136522705,3.387841614467221,0.27695316142455906,0.12851698687907206,0.80000000000000004
2.0449999999999999,0.0097292969188184277,-0.35561533841325554,0.1067375942247864,2.9204362440456113,0.33961279940423722,0.11594933504956653,0.80000000000000004
2.0474999999999999,0.0089328311264238926,-0.28164749970100245,0.11331689909847958,2.3438947541812389,0.33961279940423722,0.11594933504956653,0.80000000000000004
2.0499999999999998,0.0083206488816036425,-0.20817175701559715,0.11846108598855454,1.7721708268092866,0.40000000000000002,0.099214576152549305,0.80000000000000004
2.0525000000000002,0.0079088039165673366,-0.12136313687492745,0.12204360197516688,1.0944030849122937,0.40000000000000002,0.099214576152549305,0.80000000000000004
2.0550000000000002,0.007713605807217765,-0.034827048383028497,0.12393526224360371,0.41922589763434193,0.40000000000000002,0.081971512325184112,0.80000000000000004
2.0575000000000001,0.0077345804610995808,0.051603304998824595,0.12414056765487261,-0.25494871629760285,0.40000000000000002,0.081971512325184112,0.80000000000000004
2.0600000000000001,0.0079716760615735453,0.13809804821130706,0.12266000946568986,-0.92973370839166891,0.33798876164782382,0.070726197600936208,0.80000000000000004
2.0625,0.008407647538165041,0.21072383646904258,0.11963101317481431,-1.4938958853546871,0.33798876164782382,0.070726197600936208,0.80000000000000004
2.0649999999999999,0.0090255678714742087,0.28367645032400063,0.11518788602457315,-2.0612284731707682,0.21690734918498655,0.052448482567552301,0.80000000000000004
2.0674999999999999,0.0097918827464324419,0.329435186770485,0.1095975696613673,-2.4116394957757286,0.21690734918498655,0.052448482567552301,0.80000000000000004
2.0699999999999998,0.010673060932828788,0.37557427802328536,0.10312641113115323,-2.7659820220109439,0.094618102101936927,0.041721298912230809,0.80000000000000004
2.0725000000000002,0.011635100666100568,0.39410725984974204,0.096044390220798165,-2.9002045231669116,0.094618102101936927,0.041721298912230809,0.80000000000000004
2.0750000000000002,0.012643849466162052,0.41294289730710299,0.088622490164758413,-3.0379049597731846,-0.067018467274397156,0.039258562718700867,0.80000000000000004
2.0775000000000001,0.013653614368593152,0.39489443817256958,0.081224283084365356,-2.8810399412901928,-0.067018467274397156,0.039258562718700867,0.80000000000000004
2.0800000000000001,0.014618450090219576,0.37700002616357231,0.074215407498887331,-2.7264339778112765,-0.16252545888211795,0.043070303604904138,0.80000000000000004
2.0825,0.015511203072626883,0.3372170183948256,0.06781116290815517,-2.397228749125162,-0.16252545888211795,0.043070303604904138,0.80000000000000004
2.085,0.016304610232208611,0.29752381704393316,0.062227963865078548,-2.0695814611674885,-0.26710378229684639,0.04824936032939485,0.80000000000000004
2.0874999999999999,0.016968674441788324,0.2337344518431953,0.057704555868062259,-1.5493039723410653,-0.26710378229684639,0.04824936032939485,0.80000000000000004
2.0899999999999999,0.017473316416784349,0.16998539263775816,0.054480729022388132,-1.0298813396812898,-0.29834988519161049,0.06502043062890249,0.80000000000000004
2.0925000000000002,0.017809589149719904,0.099036135816634729,0.052627184850889158,-0.45302288360932697,-0.29834988519161049,0.06502043062890249,0.80000000000000004
2.0950000000000002,0.017968507808302572,0.028099589570083724,0.052215400253662843,0.12357946380973028,-0.24494803113906954,0.07746199741429774,0.80000000000000004
2.0975000000000001,0.017965533668780384,-0.030481267935921146,0.053121141983161216,0.60105352966101733,-0.24494803113906954,0.07746199741429774,0.80000000000000004
2.1000000000000001,0.017816082282651698,-0.089085014373029375,0.055220992995530509,1.0789166676042241,-0.23201955853430761,0.09012544629937469,0.80000000000000004
2.1025,0.017523814307598192,-0.144737144881874,0.058486293423541502,1.5334608168890596,-0.23201955853430761,0.09012544629937469,0.80000000000000004
2.105,0.017092354116579701,-0.20043989560436692,0.062889076991353321,1.9889384690716898,-0.081761973537421997,0.099068777425862939,0.80000000000000004
2.1074999999999999,0.016564929399762732,-0.22152094050414317,0.068084024309248203,2.1673097432111867,-0.081761973537421997,0.099068777425862939,0.80000000000000004
2.1099999999999999,0.015984642467969792,-0.2427302517209089,0.073727117219480054,2.3474703448291097,0.016434042645119083,0.10275709986630717,0.80000000000000004
2.1124999999999998,0.015379433201475086,-0.24146941211442566,0.079596247971448764,2.3482319336063289,0.016434042645119083,0.10275709986630717,0.80000000000000004
2.1150000000000002,0.014777134643868622,-0.24040149741737279,0.085470261359491526,2.3513750292637612,0.13922102476601442,0.10577162968919158,0.80000000000000004
2.1175000000000002,0.014212501948750936,-0.21135013543716832,0.091072627205636483,2.1310167948963143,0.13922102476601442,0.10577162968919158,0.80000000000000004
2.1200000000000001,0.013720165188915312,-0.18256125116712693,0.096127738041545743,1.9135294816106136,0.22094620278495428,0.097877373381401941,0.80000000000000004
2.1225000000000001,0.01332288106769448,-0.13531122731862613,0.10045507064428759,1.5488032463086991,0.22094620278495428,0.097877373381401941,0.80000000000000004
2.125,0.013043404523233429,-0.088306508247323723,0.10387386023259755,1.1866032608514212,0.27942585496374667,0.093865307573696002,0.80000000000000004
2.1274999999999999,0.0128978892499637,-0.028135123465669508,0.10625596035648384,0.71937023484065432,0.27942585496374667,0.093865307573696002,0.80000000000000004
2.1299999999999999,0.012902617157250261,0.031902263705785409,0.10747182437227397,0.25347205764742925,0.29279747457044403,0.076222661280860887,0.80000000000000004
2.1324999999999998,0.01306117710304606,0.094945416797290766,0.10749315458075434,-0.23640515705740317,0.29279747457044403,0.076222661280860887,0.80000000000000004
2.1350000000000002,0.013377382279970203,0.15803417450603702,0.10628942224212058,-0.72673366538409412,0.20677515571895577,0.066966067589383838,0.80000000000000004
2.1375000000000002,0.013826890979545576,0.20159626764409819,0.10405513361211709,-1.0609389305761425,0.20677515571895577,0.066966067589383838,0.80000000000000004
2.1400000000000001,0.014385502106787667,0.24532447418306991,0.10098329986367179,-1.3968569593012501,0.14099550219417989,0.053672874910645964,0.80000000000000004
2.1425000000000001,0.015034864835873027,0.2741980836591455,0.09721982119733516,-1.61427512160891,0.14099550219417989,0.053672874910645964,0.80000000000000004
2.145,0.015756664763416861,0.30327834110588986,0.092910062527030143,-1.8339271375041628,0.028949873862571775,0.049149470729872212,0.80000000000000004
2.1475,0.01651929717170169,0.30685453828289089,0.088305765227154706,-1.8498351976787364,0.028949873862571775,0.049149470729872212,0.80000000000000004
2.1499999999999999,0.017291072989749464,0.31059338821332128,0.083659255414714778,-1.8677007513901429,-0.030112231220392634,0.047781993130997423,0.80000000000000004
2.1524999999999999,0.018055412173811486,0.30089944450542377,0.079101821713035536,-1.778525034786077,-0.030112231220392634,0.047781993130997423,0.80000000000000004
2.1550000000000002,0.018795676173546886,0.29133264477795845,0.074765261067093566,-1.6909923021356494,-0.070034276304716647,0.053314436700752782,0.80000000000000004
2.1575000000000002,0.019500671474681534,0.27268052332163628,0.070737830029830168,-1.531181852227709,-0.070034276304716647,0.053314436700752782,0.80000000000000004
2.1600000000000001,0.020159160606347221,0.2541265455992891,0.067108251264144825,-1.3726918147986364,-0.15069059764921522,0.051296152817391874,0.80000000000000004
2.1625000000000001,0.020748097251772006,0.21703242214815321,0.064060151466969223,-1.0659354834304964,-0.15069059764921522,0.051296152817391874,0.80000000000000004
2.165,0.021244366149130493,0.17999032052835295,0.061777919579269966,-0.75996354619784201,-0.18176881026205105,0.058018675565110901,0.80000000000000004
2.1675,0.02163910267313569,0.13580322766674574,0.06033189917517974,-0.39692053812798034,-0.18176881026205105,0.058018675565110901,0.80000000000000004
2.1699999999999999,0.021923397370199587,0.091634184287183534,0.059793082616374019,-0.034158280625232518,-0.15218853526821308,0.069322802567950634,0.80000000000000004
2.1724999999999999,0.022105821910975262,0.054304394500808637,0.060092503407372065,0.27371021880309021,-0.15218853526821308,0.069322802567950634,0.80000000000000004
2.1750000000000003,0.02219490735267406,0.016960242739224973,0.061161808207594759,0.58178791395346985,-0.090771760225110687,0.078370626151009981,0.80000000000000004
2.1775000000000002,0.022208336060605714,-0.0062246404254068279,0.062859481244034648,0.77644870671565036,-0.090771760225110687,0.078370626151009981,0.80000000000000004
2.1800000000000002,0.022163742434895235,-0.029459554234031179,0.065044610083907856,0.97177930810880564,-0.064993352578674765,0.082904706626211522,0.80000000000000004
2.1825000000000001,0.022068425602498363,-0.046805879996751204,0.067659389799251665,1.1202009651662705,-0.064993352578674765,0.082904706626211522,0.80000000000000004
2.1850000000000001,0.021929649599402086,-0.064228305872369301,0.070646447828464812,1.2696219763921213,-0.011389069188958541,0.084339215052004701,0.80000000000000004
2.1875,0.021762660921054992,-0.069379932296212657,0.073884523503964114,1.321052735288347,-0.011389069188958541,0.084339215052004701,0.80000000000000004
2.1899999999999999,0.021582662167675116,-0.074636885154733573,0.077252800258466828,1.3737900535578462,0.060802603806318828,0.087508930373557489,0.80000000000000004
2.1924999999999999,0.021410156516657623,-0.063389828283609811,0.080588032869518822,1.294652376456553,0.060802603806318828,0.087508930373557489,0.80000000000000004
2.1949999999999998,0.021265605110999591,-0.052272276645196791,0.083727307635476964,1.2170093963007029,0.12927751094410456,0.087325480865892591,0.80000000000000004
2.1975000000000002,0.021168363447624929,-0.025543791999457451,0.086516552558127333,1.0146348493431607,0.12927751094410456,0.087325480865892591,0.80000000000000004
2.2000000000000002,0.021137782228817757,0.0010600029598541935,0.088801614966648845,0.81361992368868241,0.20384671184998138,0.08012617336933367,0.80000000000000004
2.2025000000000001,0.021194975313682751,0.044678437455923758,0.090414067120134375,0.47650872408157646,0.20384671184998138,0.08012617336933367,0.80000000000000004
2.2050000000000001,0.021361114982791064,0.088225584115993572,0.091184776917229607,0.14013930778520917,0.15940646730062599,0.070094515241413441,0.80000000000000004
2.2075,0.021623338865046159,0.12155322900144497,0.091217107750796944,-0.11427152753444914,0.15940646730062599,0.070094515241413441,0.80000000000000004
2.21,0.02196889403407638,0.15489635619024977,0.090613282004656084,-0.36884705235308102,0.17258850912579721,0.061093555285039583,0.80000000000000004
2.2124999999999999,0.022401644706191132,0.19131597364726019,0.089342113686107991,-0.64821229677523218,0.17258850912579721,0.061093555285039583,0.80000000000000004
2.2149999999999999,0.022925548791084965,0.22782542689876836,0.087371427823667427,-0.92852856756056146,0.10307504305278134,0.05351211055574543,0.80000000000000004
2.2175000000000002,0.023520908920453328,0.24848186633267749,0.08485841886640301,-1.0820916788256782,0.10307504305278134,0.05351211055574543,0.80000000000000004
2.2200000000000002,0.024168060995378507,0.26926174590999935,0.081959825720731613,-1.237027229492984,0.063145349699465572,0.052260803530006172,0.80000000000000004
2.2225000000000001,0.024855846325450369,0.28098798732303581,0.078764093300636814,-1.319805948222581,0.063145349699465572,0.052260803530006172,0.80000000000000004
2.2250000000000001,0.025573111485308338,0.29284689816327614,0.075359521741860322,-1.404113842382998,-0.013032160572551852,0.051258772089258386,0.80000000000000004
2.2275,0.026298245883498862,0.28727877825899906,0.071918230657592147,-1.3491448868935589,-0.013032160572551852,0.051258772089258386,0.80000000000000004
2.23,0.027009594819937088,0.28181799252406331,0.06861268684820053,-1.2955085400888822,-0.059267313419173517,0.045480503260576226,0.80000000000000004
2.2324999999999999,0.027694080329496818,0.26578458152346968,0.06554664789006201,-1.1575073384009991,-0.059267313419173517,0.045480503260576226,0.80000000000000004
2.2349999999999999,0.028338585269144203,0.24983220231641734,0.062824273111686216,-1.0205584815667939,-0.098239833809319513,0.057017290919503263,0.80000000000000004
2.2375000000000003,0.028932043750172141,0.22494420729618148,0.060533405618882818,-0.81226554887447278,-0.098239833809319513,0.057017290919503263,0.80000000000000004
2.2400000000000002,0.029463349463709692,0.20010796971036121,0.058762365147279623,-0.6046686514421773,-0.093965336771526173,0.060918516972043792,0.80000000000000004
2.2425000000000002,0.029933851908895324,0.17629957470024893,0.05749971066328477,-0.40552885155500962,-0.093965336771526173,0.060918516972043792,0.80000000000000004
2.2450000000000001,0.030344869896343284,0.1525182365759998,0.056734423186472413,-0.20674619858936016,-0.11040105880543601,0.065026964792571224,0.80000000000000004
2.2475000000000001,0.030691702699239713,0.12494898789325326,0.056503962243183305,0.022364266022765644,-0.11040105880543601,0.065026964792571224,0.80000000000000004
2.25,0.030969613643588568,0.097378310398464729,0.056846260509150801,0.25149390476193723,-0.06545385899990179,0.070289586130657347,0.80000000000000004
2.2524999999999999,0.031191574234052145,0.080186210329982827,0.057657339175008149,0.39741945030667392,-0.06545385899990179,0.070289586130657347,0.80000000000000004
2.2549999999999999,0.031370520567561795,0.062965164503678214,0.05883366599490001,0.54371482749757738,-0.025115799246881555,0.07266882678393044,0.80000000000000004
2.2574999999999998,0.031518023045689368,0.055028998151959781,0.060282800848296125,0.61568937477869545,-0.025115799246881555,0.07266882678393044,0.80000000000000004
2.2600000000000002,0.031645624140390932,0.047043130538619346,0.061912623509887292,0.68827670658250861,-0.018221781749372008,0.075491231154465169,0.80000000000000004
2.2625000000000002,0.031755183438743381,0.04059453297362807,0.063708779560957024,0.7487682232627888,-0.018221781749372008,0.075491231154465169,0.80000000000000004
2.2650000000000001,0.031848546016748032,0.034084988206761757,0.065657089203854213,0.81000926235671722,0.0416983514903745,0.076751332133292202,0.80000000000000004
2.2675000000000001,0.031942843059532711,0.041340127783620284,0.067620790208946513,0.76109779438411029,0.0416983514903745,0.076751332133292202,0.80000000000000004
2.27,0.032055185973430392,0.048522442734399304,0.069463286955843084,0.71303693640331778,0.04490008373073337,0.075197084558832172,0.80000000000000004
2.2725,0.032186321466449848,0.056374890473703337,0.071179234414689263,0.65984980227059797,0.04490008373073337,0.075197084558832172,0.80000000000000004
2.2749999999999999,0.032337007229023294,0.064163496854481153,0.072763155119357506,0.60740571585196812,0.076467724976250345,0.071984319445196995,0.80000000000000004
2.2774999999999999,0.032516185052302513,0.07916904563031385,0.074143883034902866,0.49728686489181284,0.076467724976250345,0.071984319445196995,0.80000000000000004
2.2800000000000002,0.03273280865611361,0.094122031506887111,0.075250086208751815,0.38776416603445174,0.12871251247309803,0.072753973549875103,0.80000000000000004
2.2825000000000002,0.033001806340378519,0.12107038233434782,0.075962426877909522,0.18217111497666166,0.12871251247309803,0.072753973549875103,0.80000000000000004
2.2850000000000001,0.033338142220516946,0.14799671899465769,0.076161142491822223,-0.023181093580242923,0.066769165606620606,0.06501044754797887,0.80000000000000004
2.2875000000000001,0.033723954822798087,0.16065454691831182,0.075989548908835164,-0.11410727735937753,0.066769165606620606,0.06501044754797887,0.80000000000000004
2.29,0.034141424796196251,0.17332418432853666,0.075590493859032881,-0.20516816045195119,0.038066243016626831,0.059125698489263037,0.80000000000000004
2.2925,0.034582326439153967,0.17940069549754542,0.075029807622316078,-0.24342248249971757,0.038066243016626831,0.059125698489263037,0.80000000000000004
2.2949999999999999,0.035038447620229653,0.18550042443514789,0.074373155421740611,-0.28194805707247306,0.035521041260779623,0.060647416262786691,0.80000000000000004
2.2974999999999999,0.03550911767364414,0.19104033516838675,0.073625686843291752,-0.31608204221694336,0.035521041260779623,0.060647416262786691,0.80000000000000004
2.3000000000000003,0.03599367422552964,0.19661016380166979,0.072792453266426804,-0.35056639069727702,0.056834036865059979,0.063308405356969591,0.80000000000000004
2.3025000000000002,0.036498338973311173,0.20712811707897757,0.071823260325853386,-0.42486258128998516,0.056834036865059979,0.063308405356969591,0.80000000000000004
2.3050000000000002,0.037029350306560897,0.21768866749763041,0.070667731684231072,-0.49964921567307885,0.04032503652613293,0.057655867075324274,0.80000000000000004
2.3075000000000001,0.037582063248086467,0.2244900154427254,0.069362722330909038,-0.54445550183864422,0.04032503652613293,0.057655867075324274,0.80000000000000004
2.3100000000000001,0.038151843804778124,0.23134347274442479,0.067944947238812933,-0.58987016218937061,-0.03240592117289625,0.055822880804161451,0.80000000000000004
2.3125,0.038717841437575937,0.22146167852756249,0.066581179055118844,-0.50123245864203214,-0.03240592117289625,0.055822880804161451,0.80000000000000004
2.3149999999999999,0.039259184653139621,0.21161882988177211,0.065438379627613827,-0.41308114227702064,-0.054238769230927818,0.058388267260906859,0.80000000000000004
2.3174999999999999,0.039769659937791517,0.19676564260284143,0.064566002986928328,-0.28487435921061016,-0.054238769230927818,0.058388267260906859,0.80000000000000004
2.3199999999999998,0.040243030233259744,0.18193329271215228,0.064013786331768546,-0.15693336102999567,-0.050120439609929866,0.059794496859804591,0.80000000000000004
2.3225000000000002,0.040680525079743741,0.16806378659389026,0.063771673586151906,-0.036772068867708868,-0.050120439609929866,0.059794496859804591,0.80000000000000004
2.3250000000000002,0.041083351448750506,0.15419701954774517,0.063829897067865501,0.083354516688936842,-0.069383021021394917,0.068385425601254032,0.80000000000000004
2.3275000000000001,0.041445943619623921,0.13587484080999668,0.064233132514916108,0.23925818462736692,-0.069383021021394917,0.068385425601254032,0.80000000000000004
2.3300000000000001,0.041762711762392886,0.11753599915210972,0.0650263683410921,0.39537823334772304,0.0045521361898647715,0.071300897975449737,0.80000000000000004
2.3325,0.042054939619156989,0.11624040501856657,0.066039119362223175,0.41489327643706714,0.0045521361898647715,0.071300897975449737,0.80000000000000004
2.335,0.042343883696819608,0.11490869940371268,0.067101196510201938,0.43484249765002619,-0.029506827331951101,0.069806516868188603,0.80000000000000004
2.3374999999999999,0.042619626028718043,0.1056789556394533,0.068292535870048174,0.51830637807958069,-0.029506827331951101,0.069806516868188603,0.80000000000000004
2.3399999999999999,0.042872244790288949,0.096408791742860794,0.069693148541646363,0.60227442943830078,0.049288832451950461,0.069766942275828497,0.80000000000000004
2.3425000000000002,0.04312434867890972,0.10526498077524023,0.071122160524565284,0.5410434108648231,0.049288832451950461,0.069766942275828497,0.80000000000000004
2.3450000000000002,0.043398525473133137,0.11406810038450177,0.072398878093411001,0.48042744241102936,0.076635150674344538,0.067679645760557697,0.80000000000000004
2.3475000000000001,0.043702529823790505,0.12912789262052138,0.073461548600590371,0.36979388131637969,0.076635150674344538,0.067679645760557697,0.80000000000000004
2.3500000000000001,0.044044132334746015,0.14414856174337148,0.074248217104319961,0.25960387228306209,0.10361967851498498,0.062970975050533465,0.80000000000000004
2.3525,0.044431022857344939,0.16536045620317472,0.074697484051955684,0.099847495091749588,0.10361967851498498,0.062970975050533465,0.80000000000000004
2.355,0.04487092516675522,0.18656101180211826,0.074747559631854615,-0.059782811828556409,0.078167735164093061,0.061229585202741826,0.80000000000000004
2.3574999999999999,0.045356501812211548,0.2019023657675014,0.074457309670600755,-0.17244047677833207,0.078167735164093061,0.061229585202741826,0.80000000000000004
2.3599999999999999,0.045880452296751258,0.21726208097012467,0.073885184112676777,-0.28530590759664581,0.062703551456891521,0.061335157209612245,0.80000000000000004
2.3625000000000003,0.046438381589649608,0.22908692497883387,0.073066232671967823,-0.36991905928022634,0.062703551456891521,0.061335157209612245,0.80000000000000004
2.3650000000000002,0.047025918356453561,0.24094949241208294,0.072035228692941447,-0.45496438425326513,0.045035215300029602,0.058354018031612213,0.80000000000000004
2.3675000000000002,0.047638074197423129,0.24878296625048213,0.070831823322590803,-0.50785042507178824,0.045035215300029602,0.058354018031612213,0.80000000000000004
2.3700000000000001,0.048269874237052965,0.25666570299497765,0.069495499273560926,-0.56130926464770148,0.017443380638714142,0.052664517720723038,0.80000000000000004
2.3725000000000001,0.048913489162045361,0.25823466237333026,0.06808859446474369,-0.56431488941485786,0.017443380638714142,0.052664517720723038,0.80000000000000004
2.375,0.049561089811760314,0.25985434159662396,0.066673421756848691,-0.56792425085091036,-0.0066960179303985528,0.056316710352437287,0.80000000000000004
2.3774999999999999,0.050205836351723938,0.25595056818318268,0.065304360796544406,-0.52741787468992374,-0.0066960179303985528,0.056316710352437287,0.80000000000000004
2.3799999999999999,0.050840879679690969,0.25209122975004589,0.064035882401913824,-0.4874515132186697,-0.0062227579519198647,0.052389152808943185,0.80000000000000004
2.3824999999999998,0.051466463482102327,0.24838242245847392,0.062865590083994144,-0.4488625215479819,-0.0062227579519198647,0.052389152808943185,0.80000000000000004
2.3850000000000002,0.052082823521216688,0.24471169259532843,0.061791185097633386,-0.41073519859323127,-0.074035591796422232,0.0588860507524138,0.80000000000000004
2.3875000000000002,0.052670461304435243,0.22540235226616573,0.060968747092364141,-0.24726479487712627,-0.074035591796422232,0.0588860507524138,0.80000000000000004
2.3900000000000001,0.053209849671243634,0.2061102731810962,0.060554674465017277,-0.084018349341513421,-0.037090883833897213,0.059341773101474017,0.80000000000000004
2.3925000000000001,0.053711691471505889,0.19536364697110897,0.060462942712443367,0.010626975574108924,-0.037090883833897213,0.059341773101474017,0.80000000000000004
2.395,0.054186667210975495,0.18461618700356716,0.060607817991697829,0.10528267489887577,-0.050713442192377188,0.060657347135117494,0.80000000000000004
2.3975,0.054630830028925013,0.17071199441198587,0.061021020700960549,0.22530566445842576,-0.050713442192377188,0.060657347135117494,0.80000000000000004
2.3999999999999999,0.055040213073616902,0.15679087324904109,0.061734524545129087,0.34554251461470004,-0.001377549274421115,0.063618683396820017,0.80000000000000004
2.4024999999999999,0.055429011612567601,0.15424278803390382,0.062634675936197787,0.37464096053135887,-0.001377549274421115,0.063618683396820017,0.80000000000000004
2.4050000000000002,0.055811400142627705,0.1516624553331184,0.063608053577806009,0.4041285101475523,0.016288943478200962,0.063603894184694504,0.80000000000000004
2.4075000000000002,0.056192395297795336,0.1531276235340234,0.064614745884239641,0.4012972314113088,0.016288943478200962,0.063603894184694504,0.80000000000000004
2.4100000000000001,0.056577008151592646,0.15455665807059851,0.065614897858578311,0.39889573948907692,0.056373769457730843,0.065481007304126967,0.80000000000000004
2.4125000000000001,0.056976716618024392,0.16520411247834729,0.066516772653759271,0.32267329293025859,0.056373769457730843,0.065481007304126967,0.80000000000000004
2.415,0.057403001855249894,0.17581933413547879,0.067228573875033268,0.24682233942804666,0.077058170343043353,0.064570986228927443,0.80000000000000004
2.4175,0.057861760331804152,0.19118411667303931,0.067703246667997818,0.13295370688798575,0.077058170343043353,0.064570986228927443,0.80000000000000004
2.4199999999999999,0.058358910774556599,0.2065349016525993,0.067893474814803914,0.019243973381063734,0.043967182969997479,0.060607332065647182,0.80000000000000004
2.4224999999999999,0.058884886718204334,0.2142459657356062,0.067876069486638865,-0.03316954327755843,0.043967182969997479,0.060607332065647182,0.80000000000000004
2.4250000000000003,0.059430143284066615,0.22196024685684088,0.06772759593535771,-0.085620456188352095,0.052849685839238679,0.058676572447754052,0.80000000000000004
2.4275000000000002,0.059997257565691083,0.23173316408064276,0.067427328093605257,-0.1546167462717121,0.052849685839238679,0.058676572447754052,0.80000000000000004
2.4300000000000002,0.060588821882172919,0.24152141529421708,0.06695436464252183,-0.22379012036286014,0.0098313778917767519,0.053247977109453976,0.80000000000000004
2.4325000000000001,0.061192469339230129,0.24139977288100511,0.066407753719267174,-0.21353716083434848,0.0098313778917767519,0.053247977109453976,0.80000000000000004
2.4350000000000001,0.061795836486576682,0.24129702009281259,0.065886490602387229,-0.20351010421545629,-0.0022187986096970772,0.057801451921407045,0.80000000000000004
2.4375,0.062395491422133444,0.23842960238362362,0.0654179272358308,-0.17137290688283324,-0.0022187986096970772,0.057801451921407045,0.80000000000000004
2.4399999999999999,0.06298799672769563,0.23557686080746087,0.065029478290606402,-0.13941305678494367,0.019785989233251037,0.057525191253946444,0.80000000000000004
2.4424999999999999,0.063579737875240197,0.23781824053324202,0.06466977788553159,-0.14837314149180864,0.019785989233251037,0.057525191253946444,0.80000000000000004
2.4449999999999998,0.064177099187977968,0.24007313059539379,0.064287479173539511,-0.15749333185131839,8.7419559504745172e-05,0.055401863485791993,0.80000000000000004
2.4475000000000002,0.064774428142968535,0.23779210481501609,0.063927800349401182,-0.13027468830796976,8.7419559504745172e-05,0.055401863485791993,0.80000000000000004
2.4500000000000002,0.065366069092164525,0.2355223360776128,0.063635992712165024,-0.10319168020716843,0.013350776060102864,0.055021580761125281,0.80000000000000004
2.4525000000000001,0.06595587705332924,0.23632555610783837,0.063381024459983656,-0.10080106331209984,0.013350776060102864,0.055021580761125281,0.80000000000000004
2.4550000000000001,0.066547704400561555,0.23713781037386522,0.063131897742906715,-0.098518039282740874,-0.023197399562904494,0.057874362200546071,0.80000000000000004
2.4575,0.067131019176310314,0.22951486890064413,0.062973029125657179,-0.028587420518184484,-0.023197399562904494,0.057874362200546071,0.80000000000000004
2.46,0.067695280676292893,0.22189424517962864,0.062988936878090637,0.041314679481062974,0.03230049491956713,0.057527635306279246,0.80000000000000004
2.4624999999999999,0.068256513889560375,0.22709193566799407,0.063051049274799126,0.0083798100380573851,0.03230049491956713,0.057527635306279246,0.80000000000000004
2.4649999999999999,0.068830739697570129,0.23228883747426532,0.063030843635901904,-0.024545807800182874,0.029094389784447439,0.055621198475109636,0.80000000000000004
2.4675000000000002,0.06941703414563774,0.23674731297409771,0.062935726299392633,-0.051555022831985639,0.029094389784447439,0.055621198475109636,0.80000000000000004
2.4700000000000002,0.070014480273274865,0.24121060180136361,0.062773021357039743,-0.078620839355876992,0.074968461523432603,0.054187150751675683,0.80000000000000004
2.4725000000000001,0.070636341748425424,0.2562809143353707,0.06243624956599475,-0.19082320055918628,0.074968461523432603,0.054187150751675683,0.80000000000000004
2.4750000000000001,0.071295901382078142,0.27137107112821779,0.061818716965095132,-0.30325163174162528,0.017430786860609785,0.048905051708199476,0.80000000000000004
2.4775,0.071976602120765246,0.27319414458940794,0.061053058741681931,-0.30932984487072285,0.017430786860609785,0.048905051708199476,0.80000000000000004
2.48,0.072661895463698362,0.27504525095943433,0.060271790482156223,-0.31574079795114707,0.03079162220307978,0.055877847343159259,0.80000000000000004
2.4824999999999999,0.073355712967452691,0.28001392647766532,0.059443092138727574,-0.34727867497593817,0.03079162220307978,0.055877847343159259,0.80000000000000004
2.4849999999999999,0.074061992196310614,0.28501512500288001,0.058535078671129663,-0.37919870809588752,0.060753234056676896,0.05166304298541894,0.80000000000000004
2.4875000000000003,0.07478947886120782,0.29698126437781996,0.057477251792621961,-0.46714410331680961,0.060753234056676896,0.05166304298541894,0.80000000000000004
2.4900000000000002,0.075546937431130695,0.30899410077015538,0.056198909675516204,-0.55562770068744916,-0.047570422606775069,0.047994899252280857,0.80000000000000004
2.4925000000000002,0.076303169266860191,0.29599779680158411,0.054949981020790781,-0.44359569313368241,-0.047570422606775069,0.047994899252280857,0.80000000000000004
2.4950000000000001,0.077026955042199294,0.28303584224587314,0.053980573297682632,-0.33199317067325729,-0.025904067043153334,0.051204744907496449,0.80000000000000004
2.4975000000000001,0.077724637619521378,0.27511428734809984,0.053239444445351336,-0.26095971494538611,-0.025904067043153334,0.051204744907496449,0.80000000000000004
2.5,0.078402544401391258,0.26721423986595411,0.052675555378311499,-0.19018948547150466,-0.033842126516557873,0.053666773464689392,0.80000000000000004
2.5024999999999999,0.079058425186628756,0.25749238176190625,0.052306770402040098,-0.10486302557327444,-0.033842126516557873,0.053666773464689392,0.80000000000000004
2.5049999999999999,0.079690013398704559,0.24777903000144538,0.052151153042801199,-0.019641220363768933,-0.024196903438339572,0.057625074009639982,0.80000000000000004
2.5074999999999998,0.080300112423915257,0.24029999645921976,0.052186149069700198,0.047640406306767996,-0.024196903438339572,0.057625074009639982,0.80000000000000004
2.5100000000000002,0.080891510083809209,0.23281700647394071,0.052389395321486988,0.11497032850420037,-0.018119368848868719,0.056588730640641793,0.80000000000000004
2.5125000000000002,0.081465947852700338,0.22673120247742309,0.052746985228356018,0.17112597953676964,-0.018119368848868719,0.056588730640641793,0.80000000000000004
2.5150000000000001,0.082025154102365133,0.22063100557114973,0.053245171017404808,0.22745659527143547,-0.033825887912104238,0.055887360715874926,0.80000000000000004
2.5175000000000001,0.082564543562411816,0.21087692422394894,0.053920926448928201,0.31319258193224853,-0.033825887912104238,0.055887360715874926,0.80000000000000004
2.52,0.08307951767711648,0.20109758818009052,0.054811393404729597,0.39923994238689364,0.02427343090343663,0.061788422623790112,0.80000000000000004
2.5225,0.083586805800356448,0.2047269354664692,0.05578261955398689,0.37781150788475709,0.02427343090343663,0.061788422623790112,0.80000000000000004
2.5249999999999999,0.084103123304037755,0.20832141903692733,0.056700793864170304,0.35679461564088755,0.0019514141442972151,0.059946003843336107,0.80000000000000004
2.5274999999999999,0.084621932471626068,0.20672056152264515,0.057618702155978793,0.3775962790828451,0.0019514141442972151,0.059946003843336107,0.80000000000000004
2.5300000000000002,0.085136698604730651,0.20508669325492351,0.058589105516697451,0.39879428189524663,0.0074287569313997732,0.061461535145145477,0.80000000000000004
2.5325000000000002,0.085648919783430519,0.20468428733008212,0.059600320214487197,0.41024879979224582,0.0074287569313997732,0.061461535145145477,0.80000000000000004
2.5350000000000001,0.086160089825465316,0.20424561935555854,0.06064071103634823,0.42213717860194694,0.067440573665719705,0.061772819305051935,0.80000000000000004
2.5375000000000001,0.086687452491884268,0.21763818114856318,0.061572274279748804,0.32318597498339974,0.067440573665719705,0.061772819305051935,0.80000000000000004
2.54,0.087248253246757543,0.23099776018900081,0.062256955725983269,0.22461257396672663,0.027028162485919442,0.054271054505732219,0.80000000000000004
2.5425,0.087830751048634609,0.23499718718201407,0.06278920199533998,0.20122324781949691,0.027028162485919442,0.054271054505732219,0.80000000000000004
2.5449999999999999,0.088423223617101823,0.23897793369628251,0.063263255333457252,0.17805398498226832,0.093963939345506065,0.057206895794564665,0.80000000000000004
2.5474999999999999,0.089044954562336076,0.25840492930643494,0.063524559566367836,0.031010705332130961,0.093963939345506065,0.057206895794564665,0.80000000000000004
2.5500000000000003,0.089715245455566653,0.27782855473073853,0.063418340455851693,-0.11599465147565413,0.060527945303392998,0.051354549273589734,0.80000000000000004
2.5525000000000002,0.090424452517583159,0.28953975684358441,0.063021937073312828,-0.20115865750964551,0.060527945303392998,0.051354549273589734,0.80000000000000004
2.5550000000000002,0.091162961117990368,0.30127121341874974,0.062412353102957244,-0.28655555269225208,0.014392191942973651,0.046415600524734472,0.80000000000000004
2.5575000000000001,0.091917506748335751,0.30236958430034566,0.061695805854798551,-0.28673333839384618,0.014392191942973651,0.046415600524734472,0.80000000000000004
2.5600000000000001,0.092674830519533305,0.30349373351551817,0.060978430818000563,-0.28721786291051071,0.039566843479268636,0.05009858887992405,0.80000000000000004
2.5625,0.093442270367563474,0.31046310190649878,0.060201097950432755,-0.33470630265749379,0.039566843479268636,0.05009858887992405,0.80000000000000004
2.5649999999999999,0.094227172699161102,0.31746447680857415,0.059304587904155437,-0.38256845267157291,0.049344254214988781,0.052829587206917765,0.80000000000000004
2.5674999999999999,0.095032449072370212,0.32676338873227623,0.058265223852202702,-0.44900131161159029,0.049344254214988781,0.052829587206917765,0.80000000000000004
2.5699999999999998,0.095861026155259779,0.33610611814547542,0.05705915755524496,-0.51594275449558891,0.029419723163925639,0.043234732591822256,0.80000000000000004
2.5725000000000002,0.09670726042961228,0.34088954936538413,0.055731256758907534,-0.54647497444034143,0.029419723163925639,0.043234732591822256,0.80000000000000004
2.5750000000000002,0.097565516319837481,0.34572388616095834,0.054326283320223288,-0.57760648122187164,-0.025647957764444812,0.046333245617654117,0.80000000000000004
2.5775000000000001,0.098419994418030593,0.33786601354267859,0.052970547267239008,-0.50707333015911205,-0.025647957764444812,0.046333245617654117,0.80000000000000004
2.5800000000000001,0.09925488115565001,0.3300498632980603,0.051790490810792095,-0.43705123096773496,-0.0036289057198645126,0.045908821888596969,0.80000000000000004
2.5825,0.10007664596885292,0.32736811353540707,0.050733779068493787,-0.40839184821354335,-0.0036289057198645126,0.045908821888596969,0.80000000000000004
2.585,0.10089175134183367,0.32472190862363304,0.049748175429754612,-0.38015986749045289,-0.053431161187883741,0.049189799700758471,0.80000000000000004
2.5874999999999999,0.10168586636451626,0.3105742721060647,0.048948365539413466,-0.2597399391738005,-0.053431161187883741,0.049189799700758471,0.80000000000000004
2.5899999999999999,0.10244463963056205,0.29644694740748123,0.048449264843843612,-0.13957307245795314,-0.05386412490185865,0.048508079748486671,0.80000000000000004
2.5925000000000002,0.10316798487157597,0.2822302798193691,0.0482513928364732,-0.018737408247035486,-0.05386412490185865,0.048508079748486671,0.80000000000000004
2.5950000000000002,0.10385579225383515,0.26801508150913828,0.048355562567496853,0.10207996939553821,-0.069902949001726514,0.054420065789295979,0.80000000000000004
2.5975000000000001,0.10450341032579609,0.25007714705427242,0.048799146713203803,0.25281547462835918,-0.069902949001726514,0.054420065789295979,0.80000000000000004
2.6000000000000001,0.10510616213763063,0.23212019597407652,0.049619840104990542,0.40379114180153575,-0.040696765155956376,0.057380161956788259,0.80000000000000004
2.6025,0.10567243907208357,0.22089531506343457,0.050750572597899439,0.50086946591502091,-0.040696765155956376,0.057380161956788259,0.80000000000000004
2.605,0.10621060537785196,0.20963043454329019,0.052124599859696849,0.59844269390182558,-0.00021880596304363364,0.05589304079768305,0.80000000000000004
2.6074999999999999,0.10673226160899146,0.20768568712843238,0.053649291971842553,0.6214175353153647,-0.00021880596304363364,0.05589304079768305,0.80000000000000004
2.6099999999999999,0.10724898871501012,0.20568681764735694,0.055232229848278226,0.64504320088181621,0.0093521741945756191,0.060268192915970992,0.80000000000000004
2.6125000000000003,0.10776341631036589,0.20584566535558557,0.056852861224531183,0.65157655590487584,0.0093521741945756191,0.060268192915970992,0.80000000000000004
2.6150000000000002,0.10827816887170752,0.20594670417797004,0.058490688485945228,0.65880099910343337,0.076747664523176731,0.06160878425795812,0.80000000000000004
2.6175000000000002,0.10881257625171026,0.221568845293869,0.059991167649079372,0.5417004969011957,0.076747664523176731,0.06160878425795812,0.80000000000000004
2.6200000000000001,0.10938596628715189,0.23713481273477446,0.061199724838339388,0.42524066251375603,0.073690173874520967,0.057717637534678637,0.80000000000000004
2.6225000000000001,0.10999733031629536,0.25195002858482529,0.062124877209773645,0.31495405244235269,0.073690173874520967,0.057717637534678637,0.80000000000000004
2.625,0.11064568924706757,0.26673262390603242,0.062774805146813648,0.20503951909555551,0.11618639191557856,0.052430831473071732,0.80000000000000004
2.6274999999999999,0.11134324764556497,0.29131199362936994,0.063051811797207397,0.016589155636465069,0.11618639191557856,0.052430831473071732,0.80000000000000004
2.6299999999999999,0.11210224764283588,0.31588947587313493,0.06285776839856716,-0.17184023027401718,0.091510306880810563,0.047657486675780389,0.80000000000000004
2.6324999999999998,0.11291558460977388,0.33478447016560275,0.062249611381263704,-0.31473469162709078,0.091510306880810563,0.047657486675780389,0.80000000000000004
2.6350000000000002,0.11377619824640214,0.35371336553320337,0.061283776220534672,-0.45801160953719788,0.069543519610116122,0.044091904904629116,0.80000000000000004
2.6375000000000002,0.11467784572231157,0.36761329629147471,0.060010016470717728,-0.56109559803306952,0.069543519610116122,0.044091904904629116,0.80000000000000004
2.6400000000000001,0.11561431245114703,0.38157049567092932,0.05847775146523939,-0.66483572922301226,0.031875752572585993,0.044413649788133634,0.80000000000000004
2.6425000000000001,0.11657486523471237,0.38688235520584752,0.056772574940550831,-0.69943046246443907,0.031875752572585993,0.044413649788133634,0.80000000000000004
2.645,0.11754877867619569,0.39225955888322905,0.054979958571303722,-0.73479395847636353,0.027423813273726293,0.040790914822028818,0.80000000000000004
2.6475,0.11853493238119361,0.39667493728708347,0.053108267782665607,-0.76269481244287485,0.027423813273726293,0.040790914822028818,0.80000000000000004
2.6499999999999999,0.11953221208531471,0.40116078875332867,0.051165791204416361,-0.79142770292285725,-0.073637698762918063,0.041376166578145496,0.80000000000000004
2.6524999999999999,0.12051154513773353,0.3823143735902228,0.049385197039707153,-0.63315876480814248,-0.073637698762918063,0.041376166578145496,0.80000000000000004
2.6550000000000002,0.12144382294674523,0.36351473802901668,0.047999501595868951,-0.47548468977347325,-0.067837377337390509,0.044148922109141564,0.80000000000000004
2.6575000000000002,0.12233082794961883,0.34609435715922438,0.046993917334756823,-0.32904682279035302,-0.067837377337390509,0.044148922109141564,0.80000000000000004
2.6600000000000001,0.12317431562312427,0.32869904003165151,0.046354004829212307,-0.1829241118300538,-0.074663363916635639,0.046559118447800023,0.80000000000000004
2.6625000000000001,0.12397235794016846,0.30973611588777566,0.046095019249717706,-0.024280781864890133,-0.074663363916635639,0.046559118447800023,0.80000000000000004
2.665,0.12472299772877578,0.29077502327331745,0.046232581668234178,0.13433944253075972,-0.049151084000173366,0.051629833713468347,0.80000000000000004
2.6675,0.12543361277865314,0.27771449190138164,0.046707516148573137,0.24563938588551987,-0.049151084000173366,0.051629833713468347,0.80000000000000004
2.6699999999999999,0.12611155388757161,0.26463440183807707,0.047460980420995655,0.35718150588763786,-0.0098698116068955399,0.049818169981931698,0.80000000000000004
2.6724999999999999,0.12676813408945428,0.26062434537427653,0.048402425676077845,0.39603998638583898,-0.0098698116068955399,0.049818169981931698,0.80000000000000004
2.6750000000000003,0.12741464717372211,0.25658015812341578,0.049441523419361505,0.43531017346127276,0.030198840488510459,0.052601988411274107,0.80000000000000004
2.6775000000000002,0.12806260089501156,0.2617763100509094,0.050486266475581049,0.40056081245977587,0.030198840488510459,0.052601988411274107,0.80000000000000004
2.6800000000000002,0.12872349752534706,0.26693502028412464,0.051444694326833101,0.36625170598482837,0.053813692254522517,0.052824658844133392,0.80000000000000004
2.6825000000000001,0.12940408037726775,0.27752590733740656,0.052263017927654171,0.28846920929830816,0.053813692254522517,0.052824658844133392,0.80000000000000004
2.6850000000000001,0.13011110345763988,0.28808846731592697,0.052887313808791664,0.21101486097378858,0.012207898655556996,0.053264570419543959,0.80000000000000004
2.6875,0.13083246922193736,0.28900097656652479,0.053414894132137056,0.21108706833402718,0.012207898655556996,0.053264570419543959,0.80000000000000004
2.6899999999999999,0.13155609250292308,0.28989447906870619,0.05394293751159164,0.21138532916517958,0.0095998203403315774,0.048272000950530622,0.80000000000000004
2.6924999999999999,0.13228117140701842,0.29016545270281019,0.05447806359188994,0.21675356997239884,0.0095998203403315774,0.048272000950530622,0.80000000000000004
2.6949999999999998,0.13300690361268497,0.29041704017015796,0.055026897889195084,0.22235286404210111,0.010659642281761342,0.049803797869287778,0.80000000000000004
2.6975000000000002,0.13373354652805744,0.2908939434104244,0.055587565680184664,0.22622125891497002,0.010659642281761342,0.049803797869287778,0.80000000000000004
2.7000000000000002,0.13446135644581494,0.29135058418705601,0.056158205321548853,0.23033104016459358,0.081828702857303731,0.049945754914931646,0.80000000000000004
2.7025000000000001,0.13521085925588985,0.30824876403420043,0.05657429113533069,0.10257059924734946,0.081828702857303731,0.049945754914931646,0.80000000000000004
2.7050000000000001,0.13600259132780274,0.32513621771770407,0.056671159980687461,-0.02506783720417885,0.081678029168128594,0.04662738454398118,0.80000000000000004
2.7075,0.13683649896626832,0.3419914395731371,0.056449276695760491,-0.15245638185409441,0.081678029168128594,0.04662738454398118,0.80000000000000004
2.71,0.1377125618031475,0.35886259349588906,0.055908727021345771,-0.28002618306935401,0.084214084325145031,0.047442463182083956,0.80000000000000004
2.7124999999999999,0.13863156967876766,0.37634975225445877,0.055042982925677962,-0.41263783247019692,0.084214084325145031,0.047442463182083956,0.80000000000000004
2.7149999999999999,0.13959434652513728,0.39388006179179735,0.053845128758704369,-0.54574039951140096,0.025869589091042811,0.039339680524248424,0.80000000000000004
2.7175000000000002,0.14058413773774425,0.39796151042487343,0.052449212977228002,-0.57109373841946498,0.025869589091042811,0.039339680524248424,0.80000000000000004
2.7200000000000002,0.14158419805976674,0.40209574256272412,0.050989141004860551,-0.59707000539508182,0.026800452975218686,0.037668607248785013,0.80000000000000004
2.7225000000000001,0.14259493185502903,0.40650072223402384,0.049461157780797224,-0.62542780441907986,0.026800452975218686,0.037668607248785013,0.80000000000000004
2.7250000000000001,0.14361674989683473,0.41096357780938536,0.047861432999046299,-0.65446844225280321,-0.026804398720681018,0.037339849116445833,0.80000000000000004
2.7275,0.14463427703207787,0.40306670733932448,0.046312824569687452,-0.58452304466255367,-0.026804398720681018,0.037339849116445833,0.80000000000000004
2.73,0.14563212399391937,0.39521851024094556,0.044938322865411669,-0.51517156546544896,-0.059129839672675905,0.040637495878933533,0.80000000000000004
2.7324999999999999,0.14660104103248767,0.37992101223514951,0.043811702843432693,-0.38619779292965484,-0.059129839672675905,0.040637495878933533,0.80000000000000004
2.7349999999999999,0.14753175437133953,0.36465388978967267,0.043007019097578189,-0.25760176667788792,-0.066131654117749558,0.04231183125182917,0.80000000000000004
2.7375000000000003,0.14842229866337328,0.34778397442018089,0.042539770231012922,-0.11622763157304028,-0.066131654117749558,0.04231183125182917,0.80000000000000004
2.7400000000000002,0.14927068180818451,0.33092313554571312,0.042425786661006645,0.025033372961059758,-0.076525369697929002,0.046265837217995612,0.80000000000000004
2.7425000000000002,0.15007390109107024,0.31165094855056441,0.042689134595343042,0.18566182703083497,-0.076525369697929002,0.046265837217995612,0.80000000000000004
2.7450000000000001,0.15082892473641604,0.29236458858760861,0.043354244206426071,0.34646834152411471,-0.012459755299067043,0.046760632627585785,0.80000000000000004
2.7475000000000001,0.1515542617117687,0.28789970211640836,0.044272759600769401,0.38840773095096071,-0.012459755299067043,0.046760632627585785,0.80000000000000004
2.75,0.15226839531666769,0.28340129746132048,0.045296619627484512,0.4307512654696295,-0.0016003528530503706,0.05150592230783782,0.80000000000000004
2.7524999999999999,0.15297438232474855,0.28138183395743604,0.046401642300065091,0.4533444910051137,-0.0016003528530503706,0.05150592230783782,0.80000000000000004
2.7549999999999999,0.15367527130963443,0.27932255532225675,0.04756373988725255,0.47641511940485898,0.063164551766795363,0.050631264029520631,0.80000000000000004
2.7574999999999998,0.15438971076019306,0.29222191799789216,0.048633625277374228,0.37957502029486528,0.063164551766795363,0.050631264029520631,0.80000000000000004
2.7600000000000002,0.15513634943652194,0.30508352363697222,0.049461978114821871,0.28317069832588682,0.079365570930631291,0.047018555186022555,0.80000000000000004
2.7625000000000002,0.15591979422840127,0.3216685405467789,0.050012110135583793,0.15697800856878913,0.079365570930631291,0.047018555186022555,0.80000000000000004
2.7650000000000001,0.15674467868732156,0.33823741497994664,0.050247021900683531,0.030969819878572807,0.044026968258582516,0.048480650189819965,0.80000000000000004
2.7675000000000001,0.15760075051596809,0.34662003460639423,0.050249085600079388,-0.029318705019957564,0.044026968258582516,0.048480650189819965,0.80000000000000004
2.77,0.15847778121262288,0.35500547689825379,0.050100400968353602,-0.089640118138127403,0.062850020393689449,0.043642021495541,0.80000000000000004
2.7725,0.15938123338076257,0.36775854077063763,0.04975707038250099,-0.18505067545628151,0.062850020393689449,0.043642021495541,0.80000000000000004
2.7749999999999999,0.16031658929159079,0.38053005486768954,0.049174970287396313,-0.28067400295508993,0.035772046007546472,0.038247348727378082,0.80000000000000004
2.7774999999999999,0.16127606777421405,0.38705751362443791,0.0484163545117837,-0.32627464837501385,0.035772046007546472,0.038247348727378082,0.80000000000000004
2.7800000000000002,0.16225190256014851,0.39361581515956473,0.047543295900825025,-0.372236695531034,0.01424308851400939,0.036682375760912975,0.80000000000000004
2.7825000000000002,0.16323794180369186,0.39522125024563137,0.046604871000490225,-0.37857053805052598,0.01424308851400939,0.036682375760912975,0.80000000000000004
2.7850000000000001,0.16422803740882552,0.39686100531392865,0.045650103758434792,-0.38531175930753186,0.025234209600803147,0.038734878285022256,0.80000000000000004
2.7875000000000001,0.16522545962666738,0.40108292520553279,0.04465240993624113,-0.41291590676298551,0.025234209600803147,0.038734878285022256,0.80000000000000004
2.79,0.16623348387551004,0.40534305708763035,0.043585148662088194,-0.44097076773782773,-0.0083747817137481539,0.040320450897349126,0.80000000000000004
2.7925,0.16724247087311023,0.40185269425479553,0.042525329885697044,-0.40695823157540612,-0.0083747817137481539,0.040320450897349126,0.80000000000000004
2.7949999999999999,0.16824277690561112,0.39839780454813428,0.041550002240264144,-0.37337204542211866,-0.027501186203912099,0.042313719287793039,0.80000000000000004
2.7974999999999999,0.16922894391491944,0.39054057306539547,0.040702644454419623,-0.30457210541556712,-0.027501186203912099,0.042313719287793039,0.80000000000000004
2.8000000000000003,0.17019550122686627,0.38270908947403143,0.040026881294246142,-0.23608468470657151,-0.061762320389031872,0.042412500314544695,0.80000000000000004
2.8025000000000002,0.17113257501998311,0.36695220295776299,0.039601748797588446,-0.10404926525117381,-0.061762320389031872,0.042412500314544695,0.80000000000000004
2.8050000000000002,0.17203026915456887,0.35120361119288268,0.039506549417799609,0.027883494731839598,-0.051506718695502475,0.048302766017737087,0.80000000000000004
2.8075000000000001,0.17289156395084415,0.3378310838429528,0.03971732278949467,0.14074924381679005,-0.051506718695502475,0.048302766017737087,0.80000000000000004
2.8100000000000001,0.17371941504709151,0.32444712587208901,0.040210412799591116,0.25375557961776718,-0.048464169529079115,0.046131062658139793,0.80000000000000004
2.8125,0.17451466425014056,0.31174806639951763,0.040979232174731581,0.36135118289698825,-0.048464169529079115,0.046131062658139793,0.80000000000000004
2.8149999999999999,0.17527813092694125,0.2990196669019603,0.042017469504561047,0.46930772397509868,-0.006488972022248506,0.051676211362695179,0.80000000000000004
2.8174999999999999,0.17602189298520532,0.29598292566984352,0.043228523364139751,0.49962009007347857,-0.006488972022248506,0.051676211362695179,0.80000000000000004
2.8199999999999998,0.17675800921792154,0.29290257666564828,0.04451600655292854,0.53045641207873595,0.031268846361665333,0.054798064766322097,0.80000000000000004
2.8225000000000002,0.17749730356679758,0.29852494378439837,0.045793477096873196,0.4916136261351059,0.031268846361665333,0.054798064766322097,0.80000000000000004
2.8250000000000002,0.17825059564010706,0.30410135089722173,0.046974525027149779,0.45331130050410723,0.026845258927761378,0.051797371086594907,0.80000000000000004
2.8275000000000001,0.17901649416156759,0.30861068434884942,0.048070730355830607,0.42373288826954159,0.026845258927761378,0.051797371086594907,0.80000000000000004
2.8300000000000001,0.17979361629000926,0.31308068805690853,0.049093575659181987,0.3946179472889052,0.021540644711333143,0.047080207800879598,0.80000000000000004
2.8325,0.18058033163255657,0.31628568820425307,0.050056504344474652,0.37579471798002179,0.021540644711333143,0.047080207800879598,0.80000000000000004
2.835,0.18137501596321101,0.31945616379479741,0.050972889307981543,0.35737959703272776,0.01251100012538448,0.048448709478726371,0.80000000000000004
2.8374999999999999,0.18217497219143317,0.32050346093978244,0.051864697727920191,0.35613085246249315,0.01251100012538448,0.048448709478726371,0.80000000000000004
2.8399999999999999,0.18297750653319489,0.32151867357886538,0.052753861517322011,0.35526367828091393,0.085708276100224925,0.046034695041591939,0.80000000000000004
2.8425000000000002,0.18380371394633069,0.33944225228134228,0.053471383281689919,0.21881065755053974,0.085708276100224925,0.046034695041591939,0.80000000000000004
2.8450000000000002,0.18467469870053888,0.35734291845501065,0.053848131912429147,0.08261817391331383,0.044141603009625933,0.043460227718191406,0.80000000000000004
2.8475000000000001,0.18557839782243951,0.36561552381053347,0.053981053491398576,0.023729046957620147,0.044141603009625933,0.043460227718191406,0.80000000000000004
2.8500000000000001,0.18650277441156279,0.37388583911783413,0.053966799361770484,-0.03513341745232193,0.059664124589688471,0.041485359354414816,0.80000000000000004
2.8525,0.18745231990683842,0.38575186859350907,0.053769317587987274,-0.12286712827945763,0.059664124589688471,0.041485359354414816,0.80000000000000004
2.855,0.18843154395190004,0.39763013502989725,0.053352346093639286,-0.21074199504560603,0.067469819109221452,0.044278426419399441,0.80000000000000004
2.8574999999999999,0.18944274629552796,0.4113361505437288,0.05269728170408839,-0.31336019101981427,0.067469819109221452,0.044278426419399441,0.80000000000000004
2.8599999999999999,0.1904882510542068,0.4250737856662441,0.051785242318011702,-0.41634178223554874,0.023845846485413397,0.039155160638053021,0.80000000000000004
2.8625000000000003,0.19155552556653729,0.42875239567007634,0.050716498388781811,-0.43873095084185604,0.023845846485413397,0.039155160638053021,0.80000000000000004
2.8650000000000002,0.19263204674901496,0.43247146892122679,0.049591189460305364,-0.46159788534523866,-0.028731209669854138,0.039039132382198027,0.80000000000000004
2.8675000000000002,0.19370269757655831,0.42405503504792658,0.04853026208078362,-0.38721547782719989,-0.028731209669854138,0.039039132382198027,0.80000000000000004
2.8700000000000001,0.19475234861958729,0.41567063600369297,0.04765478572925709,-0.3132246968549619,0.015068176252433304,0.039688028698597548,0.80000000000000004
2.8725000000000001,0.19579375532635324,0.41745952956032739,0.04686206812319773,-0.3210063285752624,0.015068176252433304,0.039688028698597548,0.80000000000000004
2.875,0.19683967056610596,0.41927758416755662,0.046049465860059077,-0.32913386260673128,-0.010998729132399472,0.037158965352262908,0.80000000000000004
2.8774999999999999,0.19788261821117087,0.41508498460197601,0.045276709202664418,-0.28912512053576228,-0.010998729132399472,0.037158965352262908,0.80000000000000004
2.8799999999999999,0.19891511632730208,0.41091739254714238,0.044603589212573104,-0.24941765517247244,-0.0064022894665607946,0.040438932283848372,0.80000000000000004
2.8824999999999998,0.19993855471873634,0.40783672955607581,0.044018715074338341,-0.21852258191463594,-0.0064022894665607946,0.040438932283848372,0.80000000000000004
2.8850000000000002,0.20095431590169899,0.4047751799875311,0.043510785124983895,-0.18785694131974229,-0.028927360246983665,0.042998242404189077,0.80000000000000004
2.8875000000000002,0.20195591815352074,0.39650874249606483,0.043131656604141831,-0.11547167953190866,-0.028927360246983665,0.042998242404189077,0.80000000000000004
2.8900000000000001,0.20293686769228905,0.38825199913449482,0.042933328468339915,-0.043204336314629929,-0.051599228554721849,0.041757466447819816,0.80000000000000004
2.8925000000000001,0.20389061221310245,0.37474343013923839,0.042968332981420311,0.071210259584318938,-0.051599228554721849,0.041757466447819816,0.80000000000000004
2.895,0.20481058007584629,0.36122914154393132,0.043289438611125421,0.18569546213621085,-0.039161639538072161,0.044582613074385921,0.80000000000000004
2.8975,0.20570034881224547,0.35058267897793999,0.043868036947470872,0.2772220299551289,-0.039161639538072161,0.044582613074385921,0.80000000000000004
2.8999999999999999,0.20656347451845092,0.33991347473561001,0.044675781077962801,0.36902737686227965,0.0044363700036826768,0.041901621576267631,0.80000000000000004
2.9024999999999999,0.20741251892000245,0.33931648732317116,0.045612111398373123,0.38010323693432452,0.0044363700036826768,0.041901621576267631,0.80000000000000004
2.9050000000000002,0.20826002876113345,0.3386856643910014,0.046576633851361383,0.39158303749695966,-0.0080827614755842533,0.046908625943456482,0.80000000000000004
2.9075000000000002,0.20910229314914799,0.33511993668171169,0.047599472330231839,0.42675890114704801,-0.0080827614755842533,0.046908625943456482,0.80000000000000004
2.9100000000000001,0.20993559765757844,0.33151726235969048,0.048710799192479275,0.46237979780403066,0.051791413252090898,0.047236437067689548,0.80000000000000004
2.9125000000000001,0.21077717767029605,0.34173985131641521,0.049772656341803619,0.38718601200787861,0.051791413252090898,0.047236437067689548,0.80000000000000004
2.915,0.21164426545703105,0.35192468939100019,0.050647094460464656,0.31243050904268277,0.074210469384309113,0.046533899041569515,0.80000000000000004
2.9175,0.21254326358400352,0.36726948770797974,0.051283029486755415,0.19636705611527447,0.074210469384309113,0.046533899041569515,0.80000000000000004
2.9199999999999999,0.21348059619333876,0.38259424293696948,0.051629121042380481,0.080533177456788674,0.065306878611572458,0.043045286685728205,0.80000000000000004
2.9224999999999999,0.21445365155510593,0.39584952832995352,0.051706452487216802,-0.018662059969841244,0.065306878611572458,0.043045286685728205,0.80000000000000004
2.9250000000000003,0.21545984539781896,0.40910668873148948,0.051535792761284588,-0.11787887079311493,0.062416209566385675,0.040568845256388833,0.80000000000000004
2.9275000000000002,0.21649835834873932,0.4217064150999642,0.051123658676321085,-0.21186001729933124,0.062416209566385675,0.040568845256388833,0.80000000000000004
2.9300000000000002,0.21756839508993475,0.43432728163383055,0.050476289568925636,-0.30608489870937239,0.043271948333786024,0.033299719521152224,0.80000000000000004
2.9325000000000001,0.21866447891295535,0.44254514450547805,0.049637417707699791,-0.36507519808404837,0.043271948333786024,0.033299719521152224,0.80000000000000004
2.9350000000000001,0.21978114999484982,0.45079802841785366,0.048650573136963138,-0.42447405608766453,0.067201617436006986,0.03755054256013507,0.80000000000000004
2.9375,0.22092543148597663,0.46463510993268442,0.047459037671910245,-0.5288458801206436,0.067201617436006986,0.03755054256013507,0.80000000000000004
2.9399999999999999,0.22210436955089219,0.47852499911371726,0.046005836326899231,-0.6338266131682565,0.039594445987185409,0.033577516155358401,0.80000000000000004
2.9424999999999999,0.22331011221360655,0.48607955571361505,0.044353491187157534,-0.6881716623869184,0.039594445987185409,0.033577516155358401,0.80000000000000004
2.9449999999999998,0.22453482154196383,0.49369917154136095,0.04256434248824266,-0.74327939952261435,-0.022396853568928066,0.030505020253167023,0.80000000000000004
2.9475000000000002,0.2257607011909572,0.48701461151116426,0.040780633691667116,-0.68380981523115536,-0.022396853568928066,0.030505020253167023,0.80000000000000004
2.9500000000000002,0.22696994293479644,0.48038805595837769,0.039144707093393051,-0.62504385229720494,-0.065191800581075654,0.031707494658344895,0.80000000000000004
2.9525000000000001,0.22815027885494624,0.46388802310834359,0.0377544869129499,-0.48722340315396628,-0.065191800581075654,0.031707494658344895,0.80000000000000004
2.9550000000000001,0.22928941533704458,0.44742672825717533,0.03670819002448622,-0.34988298695107334,-0.062190408468922251,0.037500244720824416,0.80000000000000004
2.9575,0.23038830617426637,0.43168975892279526,0.035997795624134174,-0.21847960817381551,-0.062190408468922251,0.037500244720824416,0.80000000000000004
2.96,0.23144787883003776,0.41597042563568687,0.035615610841572783,-0.087293592678803072,-0.034734960602150415,0.03828329038667231,0.80000000000000004
2.9624999999999999,0.23247612639341719,0.40662829248056648,0.035497326200383345,-0.0073422175256370875,-0.034734960602150415,0.03828329038667231,0.80000000000000004
2.9649999999999999,0.23348102080996722,0.39728678066765338,0.035578893475323885,0.072601619373659998,-0.025865568956012653,0.038899182237891329,0.80000000000000004
2.9675000000000002,0.23446512728198657,0.38999690541351179,0.03583974483497273,0.13609748500394614,-0.025865568956012653,0.038899182237891329,0.80000000000000004
2.9700000000000002,0.23543099561366149,0.38269536199078891,0.036259498368389986,0.19973431648452189,-0.025589168906476892,0.046429070131224548,0.80000000000000004
2.9725000000000001,0.23637866998592882,0.37544083436535131,0.036837945181872701,0.26306303988086144,-0.025589168906476892,0.046429070131224548,0.80000000000000004
2.9750000000000001,0.23730818103466284,0.36816380530125298,0.037575040281048924,0.32666382989901482,0.0024025193114022201,0.042183811948500856,0.80000000000000004
2.9775,0.23822758103486108,0.36735124590018042,0.038406390077842585,0.33847503117977695,0.0024025193114022201,0.042183811948500856,0.80000000000000004
2.98,0.23914491208947516,0.36650847436817652,0.039267715719680657,0.35064660211694382,0.01244133844039208,0.042082464007921663,0.80000000000000004
2.9824999999999999,0.24006300716097892,0.36796233151847924,0.040136572604358919,0.34450123845976716,0.01244133844039208,0.042082464007921663,0.80000000000000004
2.9849999999999999,0.24098469772626191,0.36938496088455691,0.040990530789405261,0.3387265611966071,0.030800741147884184,0.041150159390447909,0.80000000000000004
2.9875000000000003,0.24191522682993635,0.37503335361471868,0.04178779545196229,0.29914358731712626,0.030800741147884184,0.041150159390447909,0.80000000000000004
2.9900000000000002,0.2428598411873466,0.38065377550741297,0.042486522738293064,0.25988945820792714,0.044301722961084686,0.042798736342595262,0.80000000000000004
2.9925000000000002,0.24382238725701291,0.38937944453863071,0.043056077063507198,0.19579643725756082,0.044301722961084686,0.042798736342595262,0.80000000000000004
2.9950000000000001,0.24480672278288099,0.39808635952585603,0.043465687297739156,0.13192228339758816,0.026876106872413184,0.038847801084545733,0.80000000000000004
2.9975000000000001,0.24580776010023098,0.40274169209524224,0.043756339025830773,0.10062031978593551,0.026876106872413184,0.038847801084545733,0.80000000000000004
3,0.24682042344485838,0.40738766552554651,0.04396888071790097,0.069428552934284987,0.043847348859836259,0.038449006899807986,0.80000000000000004
3.0024999999999999,0.24784960955917187,0.4159606176444326,0.044064076877043036,0.0067354718028906496,0.043847348859836259,0.038449006899807986,0.80000000000000004
3.0049999999999999,0.24890022599543093,0.42453292427799644,0.044002564350061862,-0.055950077854475672,0.063726070933277715,0.039355866079781567,0.80000000000000004
3.0075000000000003,0.2499780376165199,0.43771811973713187,0.043738043114657024,-0.15568709564685948,0.063726070933277715,0.039355866079781567,0.80000000000000004
3.0100000000000002,0.2510888294427947,0.45091873343329014,0.043223980407035741,-0.25560227371632271,0.074217442946308027,0.033814818714564016,0.80000000000000004
3.0125000000000002,0.25223569222841774,0.46657677853880763,0.042435384559357671,-0.37533520003421128,0.074217442946308027,0.033814818714564016,0.80000000000000004
3.0150000000000001,0.25342174472546253,0.4822724902770027,0.041346943049927989,-0.49550175598368479,0.022010531195087519,0.028115136117326401,0.80000000000000004
3.0175000000000001,0.25463196455641229,0.48591114439867866,0.040078877468131678,-0.51904256184189479,0.022010531195087519,0.028115136117326401,0.80000000000000004
3.02,0.25585134019208228,0.48959749610428305,0.038751260364897497,-0.5431472671802694,-0.028876216128799655,0.02874549004943321,0.80000000000000004
3.0225,0.2570652401098843,0.48152960274104512,0.037481099425343889,-0.47306844249490898,-0.028876216128799655,0.02874549004943321,0.80000000000000004
3.0249999999999999,0.2582590216198703,0.47350180727540114,0.036385512864697614,-0.4034759866482856,-0.010705677724175133,0.031453672430898895,0.80000000000000004
3.0274999999999999,0.25943804717069568,0.46972426658402855,0.035421065073124716,-0.36814984154913361,-0.010705677724175133,0.031453672430898895,0.80000000000000004
3.0300000000000002,0.26060766985053768,0.4659790055263377,0.034544440988362998,-0.33321092934703467,-0.053283761039939335,0.036394426350085066,0.80000000000000004
3.0325000000000002,0.26175561668543146,0.45238225649138714,0.033853878050896735,-0.21928586118564158,-0.053283761039939335,0.036394426350085066,0.80000000000000004
3.0350000000000001,0.26286959621271505,0.43880360205827684,0.033447827199619147,-0.1055821725142628,-0.026749699826161877,0.033097126028209661,0.80000000000000004
3.0375000000000001,0.26395733881573874,0.4313915347213727,0.033264077503939143,-0.041430306038365478,-0.026749699826161877,0.033097126028209661,0.80000000000000004
3.04,0.26502655685780407,0.42398303352791455,0.033240639817622028,0.02267853309846378,-0.083170531741005499,0.040187537618876328,0.80000000000000004
3.0425,0.26606088619411744,0.4034790237194264,0.033508900027447774,0.19194716590346422,-0.083170531741005499,0.040187537618876328,0.80000000000000004
3.0449999999999999,0.26704393936434445,0.38295988447631946,0.034200532332860016,0.36140378533803036,0.01223380222427725,0.040367997088438939,0.80000000000000004
3.0474999999999999,0.26800333171527652,0.38454858916726375,0.035094046002763064,0.35347130940235333,0.01223380222427725,0.040367997088438939,0.80000000000000004
3.0500000000000003,0.26896665557704147,0.3861052111927108,0.035968206092940672,0.34591952360466871,-0.027484349589647423,0.040725621122882111,0.80000000000000004
3.0525000000000002,0.269922314517759,0.37841655208566588,0.036916424703032955,0.41272060329496646,-0.027484349589647423,0.040725621122882111,0.80000000000000004
3.0550000000000002,0.27085870905952253,0.3706927588615147,0.038032163704038481,0.47994721285846437,0.022095335792536371,0.039518359834273334,0.80000000000000004
3.0575000000000001,0.27179011712447693,0.37442652537276772,0.039201178081232566,0.45534900190719035,0.022095335792536371,0.039518359834273334,0.80000000000000004
3.0600000000000001,0.27273080678439054,0.37811840575114919,0.040309321179098447,0.43124579445815431,0.043962686908874463,0.046351320061172124,0.80000000000000004
3.0625,0.27368701355592195,0.38684066647769405,0.041306918569051859,0.36690626695811146,0.043962686908874463,0.046351320061172124,0.80000000000000004
3.0649999999999999,0.27466498092847375,0.3955278988142647,0.042144193530135321,0.30297599177986434,0.059010460271016897,0.041710679769619348,0.80000000000000004
3.0674999999999999,0.27566898906698462,0.40767440948428901,0.042787077026980765,0.21137951178779363,0.059010460271016897,0.041710679769619348,0.80000000000000004
3.0700000000000003,0.27670333569445832,0.41980018144575515,0.043201291330934623,0.12002333891003213,0.04184519835243472,0.038433372307528614,0.80000000000000004
3.0725000000000002,0.27776300695159722,0.42793538649759533,0.0434272315122914,0.060745602583128826,0.04184519835243472,0.038433372307528614,0.80000000000000004
3.0750000000000002,0.27884300779534643,0.43606479298583301,0.043505075785365534,0.0015356042325543467,0.10817966194084122,0.037141595317115819,0.80000000000000004
3.0775000000000001,0.27996254936998077,0.45957005631740999,0.043280628406882488,-0.18111150856109687,0.10817966194084122,0.037141595317115819,0.80000000000000004
3.0800000000000001,0.28114087409952476,0.48309454266304469,0.042599336745302481,-0.36397638986599457,0.035738641920818423,0.03378176632925229,0.80000000000000004
3.0825,0.28235706210113282,0.48986195389670062,0.041628905947571321,-0.41243974846358833,0.035738641920818423,0.03378176632925229,0.80000000000000004
3.085,0.28359021623147329,0.49666820279753093,0.040536758307387698,-0.4613587762915346,0.059486556231137563,0.028750963643131233,0.80000000000000004
3.0874999999999999,0.28484732291652654,0.50902540473287261,0.039266423670108963,-0.55500483479676255,0.059486556231137563,0.028750963643131233,0.80000000000000004
3.0899999999999999,0.28613538828579937,0.52143664414531965,0.037761210994598546,-0.64927868339294947,-0.01176223575098595,0.026791894152192311,0.80000000000000004
3.0925000000000002,0.28743389865096441,0.517380790661773,0.036185293547111017,-0.61156525544363849,-0.01176223575098595,0.026791894152192311,0.80000000000000004
3.0950000000000002,0.28872233664694913,0.51337823013067407,0.034702850773508286,-0.57449260787719658,0.0074596151996712328,0.028887621057726954,0.80000000000000004
3.0975000000000001,0.29000640715865322,0.51388678300539037,0.033267561004275241,-0.57384162746499967,0.0074596151996712328,0.028887621057726954,0.80000000000000004
3.1000000000000001,0.29129181357061484,0.51444695072884683,0.031833130710011738,-0.57380501229467784,-0.062332323306732253,0.029583969386474562,0.80000000000000004
3.1025,0.29255843511990226,0.49885723741580501,0.030560621577226704,-0.44428754407933241,-0.062332323306732253,0.029583969386474562,0.80000000000000004
3.105,0.2937861301751834,0.48330402087448893,0.029611320234323231,-0.31521736472860551,-0.05583235699874449,0.031941659399766793,0.80000000000000004
3.1074999999999999,0.29497686315728899,0.46928593726137741,0.028969123168563385,-0.19858383584453834,-0.05583235699874449,0.031941659399766793,0.80000000000000004
3.1099999999999999,0.29613257368640628,0.4552844425799446,0.028618232609916999,-0.082152441533778459,-0.08741254658871328,0.032730323753266143,0.80000000000000004
3.1125000000000003,0.29724412626757318,0.43395754949775367,0.028631884532987137,0.093074879619647971,-0.08741254658871328,0.032730323753266143,0.80000000000000004
3.1150000000000002,0.29830235520905407,0.41262318954458782,0.029083683876022889,0.26839441953890752,-0.054333150262128607,0.036051305430975324,0.80000000000000004
3.1175000000000002,0.29931682329618647,0.39894675281700215,0.029896998953418401,0.38231282019806329,-0.054333150262128607,0.036051305430975324,0.80000000000000004
3.1200000000000001,0.3002970624261132,0.38523846265540218,0.030995571757840925,0.49661974436976475,-0.0024228011270376426,0.041336538003286065,0.80000000000000004
3.1225000000000001,0.30125804136682327,0.38353719623390042,0.03225958952359799,0.51468397707466407,-0.0024228011270376426,0.041336538003286065,0.80000000000000004
3.125,0.30221471029492925,0.38179019137772707,0.033569446980258343,0.53329465881561189,-0.019665274372836428,0.040867226435557534,0.80000000000000004
3.1274999999999999,0.30316195192117251,0.37599505906355929,0.034966688594066681,0.58459567933331913,-0.019665274372836428,0.040867226435557534,0.80000000000000004
3.1299999999999999,0.30409464355840188,0.37014948635275585,0.036492932344819075,0.6365050959871783,0.043939751810982398,0.046877374314672246,0.80000000000000004
3.1325000000000003,0.3050310951960985,0.37900228466257629,0.038001700098397678,0.57062081573703316,0.043939751810982398,0.046877374314672246,0.80000000000000004
3.1350000000000002,0.30598960983584961,0.38780090456878857,0.039346564888322257,0.50537074047748098,0.038381600863451708,0.03616321737407617,0.80000000000000004
3.1375000000000002,0.30696844864438882,0.39526261873435908,0.040541956399950035,0.4510306788560865,0.038381600863451708,0.03616321737407617,0.80000000000000004
3.1400000000000001,0.30796588742432462,0.40268172345123587,0.041602134460149064,0.39719007186035776,0.054881120634575099,0.036504729566763948,0.80000000000000004
3.1425000000000001,0.3089866069905382,0.41388817278729945,0.04248989092486772,0.31308198324552977,0.054881120634575099,0.036504729566763948,0.80000000000000004
3.145,0.31003530289166781,0.42506414467535952,0.043167839353144818,0.22932789136329296,0.072938928075330395,0.03377900514783954,0.80000000000000004
3.1475,0.31111714078345692,0.44040330867984601,0.043594747437241232,0.11223148460707856,0.072938928075330395,0.03377900514783954,0.80000000000000004
3.1499999999999999,0.31223731003325461,0.45573119015319336,0.043729104936217011,-0.0047351210967410545,0.1053318524931269,0.031960404979523946,0.80000000000000004
3.1524999999999999,0.31340518184046257,0.4785679022683515,0.043495729223784092,-0.18198411612424076,0.1053318524931269,0.031960404979523946,0.80000000000000004
3.1550000000000002,0.31463016558422413,0.50142385816204171,0.042819002475458286,-0.3594513417323445,0.085088773238231483,0.029990869864005953,0.80000000000000004
3.1575000000000002,0.31590646678781359,0.51962440729740533,0.041745205196041524,-0.49967015809976523,0.085088773238231483,0.029990869864005953,0.80000000000000004
3.1600000000000001,0.31722833000411321,0.53787581249645289,0.040320165697992953,-0.64047214371207872,0.0087923401484006347,0.026816351095149762,0.80000000000000004
3.1625000000000001,0.31857378294590349,0.5384961166017963,0.038719786254282379,-0.63994547673725288,0.0087923401484006347,0.026816351095149762,0.80000000000000004
3.165,0.31992085846591906,0.53917388021489143,0.0371198680552388,-0.64010318028320534,-0.01320652720865725,0.025880982622974304,0.80000000000000004
3.1675,0.32126332085094089,0.53480500883825621,0.035569919077171323,-0.59996407937990781,-0.01320652720865725,0.025880982622974304,0.80000000000000004
3.1699999999999999,0.32259492702385595,0.53048835731966781,0.034119524274201431,-0.5604530854191847,-0.060066359012249326,0.027133758253724796,0.80000000000000004
3.1724999999999999,0.32390221040878803,0.51534510731628969,0.032876305769430764,-0.43420474234363554,-0.060066359012249326,0.027133758253724796,0.80000000000000004
3.1750000000000003,0.32517168214385705,0.50023735359349897,0.03194813744758903,-0.3083921222992978,-0.051928521617164339,0.029871520037913213,0.80000000000000004
3.1775000000000002,0.32640577930406001,0.48704388883474781,0.031315128543161187,-0.19805786796012664,-0.051928521617164339,0.029871520037913213,0.80000000000000004
3.1800000000000002,0.32760691534776276,0.47386693502757671,0.030957680343157337,-0.087924933279672504,-0.046306036446227009,0.033549738442961351,0.80000000000000004
3.1825000000000001,0.3287767514381692,0.46200247262629701,0.030862330167899941,0.011638287425223173,-0.046306036446227009,0.033549738442961351,0.80000000000000004
3.1850000000000001,0.32991692689401736,0.45013703039653002,0.031015881707210587,0.1112134159292906,-0.019097730400646724,0.035260985661324552,0.80000000000000004
3.1875,0.33103532288090176,0.44457778473891135,0.031355105060622404,0.1601889807050762,-0.019097730400646724,0.035260985661324552,0.80000000000000004
3.1899999999999999,0.33213980416849576,0.43900455945508854,0.031816966546735652,0.2093324774174935,-0.025520959040906094,0.037516547341366446,0.80000000000000004
3.1924999999999999,0.33322846704271453,0.43192228623883228,0.032416912718547818,0.27066609068663644,-0.025520959040906094,0.037516547341366446,0.80000000000000004
3.1950000000000003,0.33429939614029919,0.42481666115508449,0.033170531631224277,0.33228127344550001,-0.024478479634784566,0.036950578526591872,0.80000000000000004
3.1975000000000002,0.33535282888847706,0.41792433642389692,0.034076178814918971,0.39229922078685575,-0.024478479634784566,0.036950578526591872,0.80000000000000004
3.2000000000000002,0.33638898969732522,0.41099826058200578,0.035132367195546937,0.45272453976751098,0.0099313853116460224,0.038983718966364274,0.80000000000000004
3.2025000000000001,0.33741776641491977,0.41201632186221893,0.036260073328281961,0.4495210822491168,0.0099313853116460224,0.038983718966364274,0.80000000000000004
3.2050000000000001,0.33844903747609445,0.41299378289185079,0.037380374693766587,0.44680017206773154,0.048887339405642237,0.042137020176104711,0.80000000000000004
3.2075,0.33949399577324652,0.4229663150090775,0.038403796237141144,0.37201338311709664,0.048887339405642237,0.042137020176104711,0.80000000000000004
3.21,0.3405638393119324,0.43290315803612972,0.039240788559544666,0.29764296467047796,0.068077133058543043,0.0371554430353307,0.80000000000000004
3.2124999999999999,0.34166405015108364,0.44726150749132421,0.039847631092594697,0.18787735525945287,0.068077133058543043,0.0371554430353307,0.80000000000000004
3.2149999999999999,0.34280013133752218,0.46160124229752952,0.040180354554236797,0.078326819874483644,-0.009350207522399465,0.031286012403929801,0.80000000000000004
3.2175000000000002,0.34394960825397941,0.45797889616088783,0.040419509185499525,0.11301362539968685,-0.009350207522399465,0.031286012403929801,0.80000000000000004
3.2200000000000002,0.34509001758209917,0.45434666601260693,0.040745521545853772,0.14781907571899711,0.083945035037664525,0.036954891856266228,0.80000000000000004
3.2225000000000001,0.34624836930474961,0.47233338161059862,0.040941662050051723,0.0091085819532954748,0.083945035037664525,0.036954891856266228,0.80000000000000004
3.2250000000000001,0.34745168371836144,0.49031917050620383,0.04079107330345963,-0.12959128725858307,0.080306852192894324,0.033399509466607795,0.80000000000000004
3.2275,0.34869892166679406,0.50747448318619404,0.040302045261536808,-0.26166899581773562,0.080306852192894324,0.033399509466607795,0.80000000000000004
3.23,0.34998907815023195,0.52465621313951483,0.039482475340733313,-0.39405027764550249,0.020195341837943876,0.029165340687999464,0.80000000000000004
3.2324999999999999,0.35130480965998623,0.52793518053333233,0.038471318896207515,-0.41494803212189324,0.020195341837943876,0.029165340687999464,0.80000000000000004
3.2349999999999999,0.35262878577826295,0.53125222162318497,0.03740735997910246,-0.43629606680545047,-0.00041478751605412609,0.028841896195511398,0.80000000000000004
3.2375000000000003,0.35395512783286281,0.52982776214689187,0.03633742650630914,-0.41972644379223006,-0.00041478751605412609,0.028841896195511398,0.80000000000000004
3.2400000000000002,0.35527795569296167,0.52844063055185808,0.035308356291420359,-0.40360262151736409,0.01023562119048139,0.026097841583398809,0.80000000000000004
3.2425000000000002,0.35660044991255418,0.52956086077208675,0.034294254138678433,-0.40775174870767611,0.01023562119048139,0.026097841583398809,0.80000000000000004
3.2450000000000001,0.35792579073632252,0.53071798165044071,0.03326923240867858,-0.41233908175716077,-0.014280155874032566,0.027682921820425355,0.80000000000000004
3.2475000000000001,0.35924695895753922,0.52622231224945715,0.032289294116006444,-0.37168017907151601,-0.014280155874032566,0.027682921820425355,0.80000000000000004
3.25,0.36055692942336726,0.52175919602685805,0.031410505990050241,-0.33141193418558273,-0.0021197170428132461,0.0274480377553625,0.80000000000000004
3.2524999999999999,0.36185930747514028,0.5201480439597268,0.030603612822221061,-0.31415984921905021,-0.0021197170428132461,0.0274480377553625,0.80000000000000004
3.2549999999999999,0.36315769300391487,0.51856492717932678,0.029839428075914554,-0.29724219504499011,-0.0036742580991713566,0.029235901812245758,0.80000000000000004
3.2575000000000003,0.36445170312029634,0.51664743799981461,0.029120760391050542,-0.27774292631381203,-0.0036742580991713566,0.029235901812245758,0.80000000000000004
3.2600000000000002,0.36574095083738883,0.51475472309428782,0.028450467161307749,-0.25853922300334758,-0.040654473727862829,0.030309206668606477,0.80000000000000004
3.2625000000000002,0.36701476347642664,0.50429844161115711,0.027914016750431182,-0.1706580476559561,-0.040654473727862829,0.030309206668606477,0.80000000000000004
3.2650000000000001,0.36826245519628836,0.49385674132663987,0.027597029961776525,-0.082953233988002695,-0.086804899219347059,0.029599775210807477,0.80000000000000004
3.2675000000000001,0.36947065863603462,0.47270595842865737,0.027606737789427113,0.090720137515670374,-0.086804899219347059,0.029599775210807477,0.80000000000000004
3.27,0.37062597888633214,0.45154785582931511,0.028050705856545576,0.2644837356996278,-0.069971455157875215,0.036674694263014632,0.80000000000000004
3.2725,0.37173326536767021,0.43427673604357708,0.028890147092487353,0.40712555416402774,-0.069971455157875215,0.036674694263014632,0.80000000000000004
3.2749999999999999,0.37279733479519439,0.4169722969608039,0.030086674361472856,0.5501762142211335,-0.014200684177909685,0.037541428406034166,0.80000000000000004
3.2774999999999999,0.37383427089626908,0.41256826922698331,0.031511554161701427,0.58982745196631792,-0.014200684177909685,0.037541428406034166,0.80000000000000004
3.2800000000000002,0.37486013317788308,0.40811268230216868,0.03303632767180599,0.6300979923654394,0.044462131579312961,0.040104584780268404,0.80000000000000004
3.2825000000000002,0.37589180371767633,0.41721435501400184,0.034525972706629,0.56172813506818364,0.044462131579312961,0.040104584780268404,0.80000000000000004
3.2850000000000001,0.37694616061914543,0.42626282405697141,0.035845487691022103,0.49398153523666338,0.037545211056254552,0.040228735842605404,0.80000000000000004
3.2875000000000001,0.37802107307099325,0.43365981848552249,0.037012441484809783,0.43966740232237894,0.037545211056254552,0.040228735842605404,0.80000000000000004
3.29,0.37911442522119482,0.44101542137542349,0.038044229413603657,0.38583896269254714,0.03525069085723203,0.036232800835236743,0.80000000000000004
3.2925,0.38022545469065794,0.44780249539209011,0.038947332277994878,0.33670975724960195,0.03525069085723203,0.036232800835236743,0.80000000000000004
3.2949999999999999,0.38135341131588785,0.45455790812435837,0.039728087847681198,0.28795216160608678,0.047890686725898281,0.035799859799853596,0.80000000000000004
3.2974999999999999,0.38250188529368251,0.46421724060801439,0.04035794479042755,0.21598042731024847,0.047890686725898281,0.035799859799853596,0.80000000000000004
3.3000000000000003,0.38367448022347433,0.47385581713653602,0.040808191630652253,0.14425068855903908,0.099320985987267865,0.03453635253844254,0.80000000000000004
3.3025000000000002,0.38488605816387778,0.49540548360704423,0.040959669259313797,-0.023056608152450864,0.099320985987267865,0.03453635253844254,0.80000000000000004
3.3050000000000002,0.38615150964244688,0.51695755013818878,0.040692885799918643,-0.19039124236360441,0.060108226864927075,0.027711120130106626,0.80000000000000004
3.3075000000000001,0.38745949689676318,0.52943613282869295,0.040098770518786908,-0.28494595854251586,0.060108226864927075,0.027711120130106626,0.80000000000000004
3.3100000000000001,0.38879871354537876,0.54194260226079904,0.039267886522609007,-0.37982406634004956,-0.0058474233647785373,0.030086561238403989,0.80000000000000004
3.3125,0.39015012013659345,0.53918803941040305,0.038352802033957682,-0.35230785234923589,-0.0058474233647785373,0.030086561238403989,0.80000000000000004
3.3149999999999999,0.39149467959376133,0.53646450057947781,0.03750603757850713,-0.32516328786052501,0.047988718005506158,0.02613374550066886,0.80000000000000004
3.3174999999999999,0.39284807681575418,0.54625904775762213,0.036601367948374403,-0.398639793739823,0.047988718005506158,0.02613374550066886,0.80000000000000004
3.3200000000000003,0.39422600658779861,0.55609170276898612,0.035512467731225197,-0.47256137857638914,0.0072805279283982716,0.023875868241634901,0.80000000000000004
3.3225000000000002,0.3956167661793657,0.5565230471219843,0.034332919098808354,-0.47116173393028399,0.0072805279283982716,0.023875868241634901,0.80000000000000004
3.3250000000000002,0.39700865716448813,0.55699680448605748,0.033156238567965374,-0.47026672611268122,0.00021771931899992728,0.026185430741338136,0.80000000000000004
3.3275000000000001,0.39839973654827798,0.55587359505905154,0.031997617450123118,-0.45671240230136423,0.00021771931899992728,0.026185430741338136,0.80000000000000004
3.3300000000000001,0.39978805911561932,0.55479116009794871,0.030872271260667432,-0.44364447556487552,-0.031793974726146181,0.025400947038463864,0.80000000000000004
3.3325,0.40116443665568968,0.54631669708666419,0.029853586890360977,-0.37137340038303529,-0.031793974726146181,0.025400947038463864,0.80000000000000004
3.335,0.40251966918182919,0.5378741318823943,0.029015083270009991,-0.29948753133087558,-0.057069974643272146,0.023828844154402031,0.80000000000000004
3.3374999999999999,0.40384649348793422,0.52358865359953299,0.028414792031846648,-0.1807861754449967,-0.057069974643272146,0.023828844154402031,0.80000000000000004
3.3399999999999999,0.40513762503933892,0.50931828181548311,0.02811099901589267,-0.062268872076968546,-0.011935045738001738,0.025309804393026759,0.80000000000000004
3.3425000000000002,0.40640618838963832,0.50553306393732467,0.02799820822692364,-0.027971717877591513,-0.011935045738001738,0.025309804393026759,0.80000000000000004
3.3450000000000002,0.40766529242179667,0.50175032169837486,0.027971115758689456,0.0062958310341926296,-0.005468362194855061,0.030812411128659914,0.80000000000000004
3.3475000000000001,0.40891681631817828,0.49946853674252617,0.028014622272046083,0.028512465376394826,-0.005468362194855061,0.030812411128659914,0.80000000000000004
3.3500000000000001,0.41016263298646743,0.4971842088201055,0.028113703364846768,0.050759436321156523,-0.022484884729465245,0.030223859090220295,0.80000000000000004
3.3525,0.41139779509256796,0.49094434389008162,0.028308120727098443,0.10478804924398531,-0.022484884729465245,0.030223859090220295,0.80000000000000004
3.355,0.41261734708011794,0.48469532776647561,0.02863773519422836,0.15892656625451992,-0.0219146007260301,0.03191112242139732,0.80000000000000004
3.3574999999999999,0.41382142567030933,0.47856484535594723,0.029101563463010929,0.21216846965730946,-0.0219146007260301,0.03191112242139732,0.80000000000000004
3.3599999999999999,0.41501015588363627,0.47241585432929373,0.029698762843182125,0.2656327452423603,0.0024022186991419451,0.033401801527642966,0.80000000000000004
3.3625000000000003,0.41619054156760982,0.47188865349759074,0.030373301181569997,0.27404600985199101,0.0024022186991419451,0.033401801527642966,0.80000000000000004
3.3650000000000002,0.41736957864421476,0.47133684227472916,0.031069237024769082,0.28275225847944679,0.028143594463323176,0.03319533280820413,0.80000000000000004
3.3675000000000002,0.41855467291082016,0.47673449943047835,0.031727346483699896,0.24378328840813651,0.028143594463323176,0.03319533280820413,0.80000000000000004
3.3700000000000001,0.41975323228533595,0.48210952737375606,0.032288375645494166,0.20508095708456286,0.040674950326158234,0.034370976384659503,0.80000000000000004
3.3725000000000001,0.42096883998098245,0.49037388828425255,0.032723748525348033,0.14324947262386936,0.040674950326158234,0.034370976384659503,0.80000000000000004
3.375,0.42220509045212057,0.49862471853878038,0.033004755145104522,0.081576566467655848,0.022630570875465685,0.029567185509159235,0.80000000000000004
3.3774999999999999,0.42345672281265795,0.50268013046986337,0.03317373531196522,0.053619836389743977,0.022630570875465685,0.029567185509159235,0.80000000000000004
3.3799999999999999,0.42471848698214554,0.50673059506950158,0.033272902986427592,0.025721504064761844,0.026390622760150639,0.02906873776587221,0.80000000000000004
3.3825000000000003,0.42599146451043068,0.51165129948987609,0.033293608526671174,-0.0091555625591011845,0.026390622760150639,0.02906873776587221,0.80000000000000004
3.3850000000000002,0.4272767441872522,0.51657285302606548,0.033227116833788213,-0.044042636151482059,0.043120889871456458,0.026001457533061257,0.80000000000000004
3.3875000000000002,0.42857918531659489,0.52538126863642098,0.033034387494590818,-0.11015509540286116,0.043120889871456458,0.026001457533061257,0.80000000000000004
3.3900000000000001,0.42990365923202467,0.53420012647411408,0.032676239488202405,-0.17638980211831745,0.046945027760949616,0.026361469012138362,0.80000000000000004
3.3925000000000001,0.43125130927559319,0.5439232890154162,0.032143367525286501,-0.24994730059012052,0.046945027760949616,0.026361469012138362,0.80000000000000004
3.395,0.43262329548630951,0.55367022341813521,0.031426271295948445,-0.32378283999922158,0.027481225669467799,0.024884726149597938,0.80000000000000004
3.3975,0.43401403863475169,0.55892958694572836,0.030569499896377306,-0.36169667258603927,0.027481225669467799,0.024884726149597938,0.80000000000000004
3.3999999999999999,0.43541797133237686,0.56422244659569176,0.029617458788444566,-0.40000550988864081,0.032250090945659421,0.028755955812865899,0.80000000000000004
3.4024999999999999,0.43683656563684237,0.5706595660954632,0.028557995791673122,-0.44764225726626994,0.032250090945659421,0.028755955812865899,0.80000000000000004
3.4050000000000002,0.43827130383221546,0.5771382916156188,0.027378839080000758,-0.49576914732408406,-0.0072280323746963457,0.021175446869995188,0.80000000000000004
3.4075000000000002,0.43971083649005627,0.5744949871613716,0.026170714894604732,-0.47081567061931884,-0.0072280323746963457,0.021175446869995188,0.80000000000000004
3.4100000000000001,0.4411438136321143,0.57189352296552531,0.025024344215388981,-0.44636204953815511,-0.02469655951405406,0.024409282961879067,0.80000000000000004
3.4125000000000001,0.44256526587382011,0.56527436323131675,0.02397923407431489,-0.38979922283427615,-0.02469655951405406,0.024409282961879067,0.80000000000000004
3.415,0.44397021388411945,0.55868932831325402,0.023075006795312145,-0.33364599061928474,-0.035505846248020723,0.023098849034538328,0.80000000000000004
3.4175,0.44535559843380623,0.54962259269432701,0.022335915271684773,-0.25767873541601394,-0.035505846248020723,0.023098849034538328,0.80000000000000004
3.4199999999999999,0.44671834552234918,0.54057826744999138,0.021786388525543699,-0.18198100603162254,-0.060755560776886736,0.025995340069658493,0.80000000000000004
3.4224999999999999,0.44805117122886057,0.52568400949396421,0.02148473038149995,-0.059366239005006302,-0.060755560776886736,0.025995340069658493,0.80000000000000004
3.4250000000000003,0.44934676978175919,0.51079480586673665,0.021489506331584463,0.063187325504293179,-0.028687341787198624,0.027764012591617329,0.80000000000000004
3.4275000000000002,0.45061445233867392,0.50334985671851862,0.021725942943029923,0.12597854787546695,-0.028687341787198624,0.027764012591617329,0.80000000000000004
3.4300000000000002,0.45186350985775248,0.4958938582726154,0.022119509500982723,0.18890229068331221,-0.029621331985176864,0.030862186912586895,0.80000000000000004
3.4325000000000001,0.45309363665230457,0.48820435029807502,0.022672797663674835,0.25376697587989483,-0.029621331985176864,0.030862186912586895,0.80000000000000004
3.4350000000000001,0.45430451312299752,0.48049265831902821,0.023388566340173528,0.318898023861791,-0.05025115592288202,0.03218400887200553,0.80000000000000004
3.4375,0.45549008753430004,0.46796159967188627,0.024315662934284703,0.42284305340400624,-0.05025115592288202,0.03218400887200553,0.80000000000000004
3.4399999999999999,0.45664429113219884,0.45539455617125191,0.025503144860973579,0.52722398234532264,-0.004568092614408114,0.037842884977817078,0.80000000000000004
3.4424999999999999,0.45778028315954311,0.45339109557279689,0.026845752066548885,0.54695694784910931,-0.004568092614408114,0.037842884977817078,0.80000000000000004
3.4450000000000003,0.4589112060555704,0.45133896577491156,0.028238413946243171,0.56727117575385078,0.016449936668433137,0.036664676038046455,0.80000000000000004
3.4475000000000002,0.46004303525266599,0.45411591784090788,0.029633632683391586,0.54900427623213499,0.016449936668433137,0.036664676038046455,0.80000000000000004
3.4500000000000002,0.46118174396151912,0.45684284559180616,0.030983929462083531,0.53133039129504478,0.01627555037118383,0.035115563695219613,0.80000000000000004
3.4525000000000001,0.4623271585360173,0.45948087189751946,0.032291169181900538,0.51455552601566801,0.01627555037118383,0.035115563695219613,0.80000000000000004
3.4550000000000001,0.46347910924399977,0.46207200162578549,0.033557170270472787,0.49833652464459105,0.077976967967929051,0.035040256239371986,0.80000000000000004
3.4575,0.46465537675437268,0.47893485206562347,0.034639606974869251,0.36769550516438582,0.077976967967929051,0.035040256239371986,0.80000000000000004
3.46,0.46587375307435558,0.49576118784750922,0.035395999183756376,0.23747615614323098,0.075195784840799806,0.03000556521753214,0.80000000000000004
3.4624999999999999,0.46713335644422299,0.51191861014844364,0.035833690909414066,0.1127106846243795,0.075195784840799806,0.03000556521753214,0.80000000000000004
3.4649999999999999,0.46843333679330634,0.5280648341680253,0.035959660333289858,-0.011925507862789966,0.093803996614217219,0.025605491699990903,0.80000000000000004
3.4675000000000002,0.46977907791240264,0.5485296159626829,0.035730724964441275,-0.17124060631590932,0.093803996614217219,0.025605491699990903,0.80000000000000004
3.4700000000000002,0.47117599940176036,0.56901182934475569,0.035103290759461614,-0.33075553733657226,0.04323800369966857,0.025042396146788784,0.80000000000000004
3.4725000000000001,0.47260949887067671,0.57779349055354157,0.034194382934888301,-0.39643798334444474,0.04323800369966857,0.025042396146788784,0.80000000000000004
3.4750000000000001,0.47406499814854602,0.58661270643179686,0.033120734344289977,-0.46256025452634497,0.053335370428350203,0.022612055170388546,0.80000000000000004
3.4775,0.47554552816131757,0.59781936090312959,0.031857633883862348,-0.54801420307627446,0.053335370428350203,0.022612055170388546,0.80000000000000004
3.48,0.47705413857930634,0.60907836797941861,0.030380153605827437,-0.63407984570457243,0.015876311367889993,0.017673484351601956,0.80000000000000004
3.4824999999999999,0.47858010001852241,0.61170051817423421,0.028773932171121609,-0.65101280233635828,0.015876311367889993,0.017673484351601956,0.80000000000000004
3.4849999999999999,0.48011269047787974,0.61438184261302131,0.027124504534405541,-0.66864789102232192,-0.065356447141197302,0.018487209643713122,0.80000000000000004
3.4875000000000003,0.48162848022798443,0.5982582739979152,0.025619439993486814,-0.53550538712530849,-0.065356447141197302,0.018487209643713122,0.80000000000000004
3.4900000000000002,0.4831040189700922,0.58217924654612074,0.024446524495878356,-0.40290658218786574,-0.062047265080911546,0.020868295240357129,0.80000000000000004
3.4925000000000002,0.48454036528955186,0.56690257885776429,0.023596849782149331,-0.27689116358324395,-0.062047265080911546,0.020868295240357129,0.80000000000000004
3.4950000000000001,0.48593855132825553,0.55164926579336682,0.023061832263735288,-0.15115943678446947,-0.09446831736971921,0.025674141849604051,0.80000000000000004
3.4975000000000001,0.48728920908855028,0.52887773533426685,0.022916516431635302,0.03489704343431263,-0.09446831736971921,0.025674141849604051,0.80000000000000004
3.5,0.4885829376248671,0.5061033504796979,0.023236346679823109,0.22098854745229993,-0.014659865331082642,0.087540463093219473,1.3999999999999999
3.5024999999999999,0.48984288120531794,0.50184797337783027,0.02383557306164313,0.25843488268498382,-0.014659865331082642,0.087540463093219473,1.3999999999999999
3.5049999999999999,0.49109215841572729,0.49756970361595121,0.024528749175114418,0.29615493502366819,-0.012531122297006883,0.090749624631482687,1.3999999999999999
3.5075000000000003,0.49233132585090911,0.49375961867384394,0.025311646417455879,0.33021816065440884,-0.012531122297006883,0.090749624631482687,1.3999999999999999
3.5100000000000002,0.49356093213649405,0.48992028466190657,0.026180131411435346,0.36463113125649993,-0.23928095325513224,0.090799671339882079,1.3999999999999999
3.5125000000000002,0.49471508662004604,0.43339687280460631,0.027663623641206447,0.82224840461707327,-0.23928095325513224,0.090799671339882079,1.3999999999999999
3.5150000000000001,0.49572787281988517,0.37682121041239525,0.03029196081031155,1.2805692469703458,-0.21769286665756984,0.10674150925574613,1.3999999999999999
3.5175000000000001,0.4966053910960021,0.32517845652997357,0.034017067580040118,1.6997224312873775,-0.21769286665756984,0.10674150925574613,1.3999999999999999
3.52,0.49735368352179388,0.27343809559606008,0.038791720427756214,2.1202503438007758,-0.18398127252131788,0.11087596239957023,1.3999999999999999
3.5225,0.49798225869833462,0.22940167560537716,0.04454124319427992,2.4796657557546666,-0.18398127252131788,0.11087596239957023,1.3999999999999999
3.5249999999999999,0.49850058909199751,0.18524220161846353,0.051191600393818613,2.8409401855607666,-0.10008192444092479,0.11832379164246309,1.3999999999999999
3.5274999999999999,0.49893262803833627,0.16036152306188559,0.058552880327603793,3.0484785396665859,-0.10008192444092479,0.11832379164246309,1.3999999999999999
3.5300000000000002,0.49930226119561899,0.13531836631047123,0.066435985877541931,3.2584072481702253,0.046951404324168382,0.12449561092571836,1.3999999999999999
3.5325000000000002,0.49965146751557432,0.14400109009769346,0.074506955996565968,3.1989296932300482,0.046951404324168382,0.12449561092571836,1.3999999999999999
3.5350000000000001,0.5000220397138927,0.15241149758221284,0.082433420406565788,3.1427954999120336,0.1507851828255628,0.12293927646398309,1.3999999999999999
3.5375000000000001,0.50044311129197694,0.18438549662958073,0.089984670515712933,2.8988719434111099,0.1507851828255628,0.12293927646398309,1.3999999999999999
3.54,0.50094367261642136,0.21600611343660153,0.096931023633423805,2.6588398466114489,0.25511242946120039,0.11959626070137766,1.3999999999999999
3.5425,0.50155269726495133,0.27114579064144956,0.10304286955500405,2.2313303078310507,0.25511242946120039,0.11959626070137766,1.3999999999999999
3.5449999999999999,0.50229908622576869,0.3259073358861943,0.10809088449289407,1.8076699415780364,0.30012594961836925,0.10422855137040549,1.3999999999999999
3.5474999999999999,0.50319480273661121,0.39061522619158573,0.11198112374502696,1.3050223969380861,0.30012594961836925,0.10422855137040549,1.3999999999999999
3.5500000000000003,0.5042519475669559,0.45506558531534969,0.11461811541179356,0.80491602405279428,0.31670810226798807,0.097241203215076316,1.3999999999999999
3.5525000000000002,0.50547471538560707,0.52312986238038428,0.1159692497623319,0.27617506110942969,0.31670810226798807,0.097241203215076316,1.3999999999999999
3.5550000000000002,0.50686754868615103,0.59113635420055222,0.11599946085136213,-0.25200205297068656,0.29964524464950187,0.081230664199441235,1.3999999999999999
3.5575000000000001,0.50842558417439188,0.65530887512781599,0.11474768672523537,-0.74958256473821694,0.29964524464950187,0.081230664199441235,1.3999999999999999
3.5600000000000001,0.51014421849663394,0.71963179224810414,0.11225031522427442,-1.2486415176449581,0.18721611165220273,0.069565161694526173,1.3999999999999999
3.5625,0.51199188635275394,0.75853764901500076,0.10875914473036787,-1.5446603534872119,0.18721611165220273,0.069565161694526173,1.3999999999999999
3.5649999999999999,0.5139370995056719,0.79767474480074396,0.10452500494253854,-1.8430888885170842,0.11995120484452437,0.060502062715719354,1.3999999999999999
3.5674999999999999,0.51596124912529429,0.82168368810000303,0.09969541274646572,-2.0210106782108137,0.11995120484452437,0.060502062715719354,1.3999999999999999
3.5700000000000003,0.51804571892690743,0.84593378118615337,0.09441773676643278,-2.2015900874303425,-0.013360605788413934,0.055065989052585501,1.3999999999999999
3.5725000000000002,0.52015288902783985,0.83982830024156219,0.088991552696406073,-2.1396932655873053,-0.013360605788413934,0.055065989052585501,1.3999999999999999
3.5750000000000002,0.52224498990044477,0.8338781826034446,0.083717603446075303,-2.0797968681901868,-0.087219476092107326,0.057094312431213337,1.3999999999999999
3.5775000000000001,0.52430116168078122,0.8110767063835439,0.07876127249764657,-1.8855232679071607,-0.087219476092107326,0.057094312431213337,1.3999999999999999
3.5800000000000001,0.52630045895764155,0.78837779128741348,0.074288753394974039,-1.6927296277603943,-0.16901953637245026,0.060223764727398946,1.3999999999999999
3.5825,0.52821955233795104,0.74690627346098415,0.070485600988655209,-1.349954706820125,-0.16901953637245026,0.060223764727398946,1.3999999999999999
3.585,0.53003503405071395,0.70548707253255172,0.067538242180895894,-1.0080638309684484,-0.19586457676361826,0.070618502588033372,1.3999999999999999
3.5874999999999999,0.5317392757020305,0.65791121882164272,0.06550686211499622,-0.61712640985856626,-0.19586457676361826,0.070618502588033372,1.3999999999999999
3.5899999999999999,0.53332460958309469,0.6103586002262964,0.0644522784584146,-0.22658630430065568,-0.21096203865319557,0.077877198691944219,1.3999999999999999
3.5925000000000002,0.53478671750952356,0.55932784467989316,0.064408776499216849,0.19178291451956986,-0.21096203865319557,0.077877198691944219,1.3999999999999999
3.5950000000000002,0.53612124313042886,0.50829031162961924,0.065411293054255873,0.61027189718709507,-0.16785277469730789,0.088003998932288441,1.3999999999999999
3.5975000000000001,0.53734059107711019,0.46718235225524835,0.067360649256009986,0.94930329824458526,-0.16785277469730789,0.088003998932288441,1.3999999999999999
3.6000000000000001,0.53845712115577438,0.42603401752781417,0.070158351628933538,1.2889843745873613,-0.088284761150216398,0.096400213935143822,1.3999999999999999
3.6025,0.53949364927257826,0.4031747697591393,0.0736223427775166,1.4823986045354234,-0.088284761150216398,0.096400213935143822,1.3999999999999999
3.605,0.54047292313176021,0.38022932927473435,0.077571350010506454,1.677018871767074,0.010849173418607558,0.099350098987149082,1.3999999999999999
3.6074999999999999,0.54142323346284704,0.37999541428240247,0.081779874703066829,1.6900881940899057,0.010849173418607558,0.099350098987149082,1.3999999999999999
3.6099999999999999,0.54237278252765408,0.37962028043975865,0.086023229979955873,1.7048844317711709,0.084042076213236935,0.10389438885708464,1.3999999999999999
3.6125000000000003,0.54334222412291922,0.39590373912536392,0.090137339200333844,1.5867348279199085,0.084042076213236935,0.10389438885708464,1.3999999999999999
3.6150000000000002,0.54435215955944904,0.41201720028484462,0.093958508720706865,1.4705108184002327,0.20016842001341228,0.091682549384654852,1.3999999999999999
3.6175000000000002,0.54543543671062444,0.45457199433008488,0.097224866428905113,1.1429143348893613,0.20016842001341228,0.091682549384654852,1.3999999999999999
3.6200000000000001,0.54662487609672661,0.49695473998412637,0.099674571956070213,0.81710723553186138,0.18342056161224388,0.088132293693982122,1.3999999999999999
3.6225000000000001,0.54791531646786695,0.53538111807664113,0.10134985394172161,0.52329001412118015,0.18342056161224388,0.088132293693982122,1.3999999999999999
3.625,0.54930171728230359,0.57373023309275717,0.10229169391340055,0.23027891861800148,0.24393049397716957,0.083736348462220708,1.3999999999999999
3.6274999999999999,0.55080123705019035,0.62588476738893406,0.10236298402787548,-0.17323859036159472,0.24393049397716957,0.083736348462220708,1.3999999999999999
3.6299999999999999,0.55243116579724605,0.67806889440626994,0.10142525120994569,-0.57705564035805401,0.18404840131287412,0.07270497986527806,1.3999999999999999
3.6325000000000003,0.5541745327759745,0.71664247652398472,0.09961410493111128,-0.87204710374960082,0.18404840131287412,0.07270497986527806,1.3999999999999999
3.6350000000000002,0.55601448471059023,0.75534385093848311,0.09706390196165389,-1.1683747401554339,0.13464636638930713,0.066879221587875071,1.3999999999999999
3.6375000000000002,0.55793723794272865,0.78288555622021005,0.093884170204924594,-1.3757011439937583,0.13464636638930713,0.066879221587875071,1.3999999999999999
3.6400000000000001,0.5599290566146593,0.81060018130319755,0.090183832433665567,-1.5849039635130775,0.034199741293817261,0.056209156867001724,1.3999999999999999
3.6425000000000001,0.56196156095995786,0.81542745183506238,0.086189036795496277,-1.6112200711571951,0.034199741293817261,0.056209156867001724,1.3999999999999999
3.645,0.56400631571153448,0.82040093822856186,0.082126282032900622,-1.63927636926236,-0.021647629693071154,0.06018825383419988,1.3999999999999999
3.6475,0.56604762067667425,0.81266292833534448,0.078120019959720649,-1.5659863257602049,-0.021647629693071154,0.06018825383419988,1.3999999999999999
3.6499999999999999,0.56806972833111535,0.80504248894292163,0.074295107991448922,-1.49418719956165,-0.092689824161749007,0.06195170315257767,1.3999999999999999
3.6524999999999999,0.57005245090258461,0.78114899778215607,0.07081212338312047,-1.2923887277594428,-0.092689824161749007,0.06195170315257767,1.3999999999999999
3.6550000000000002,0.57197553682295943,0.75733166040666233,0.067832281791083679,-1.0916489752468823,-0.16421681875582225,0.063292166641998465,1.3999999999999999
3.6575000000000002,0.57381852261812472,0.71706379178842183,0.065518715624988358,-0.75931158777961638,-0.16421681875582225,0.063292166641998465,1.3999999999999999
3.6600000000000001,0.57556088444723796,0.67683024084399201,0.064035276840610861,-0.42751000396396027,-0.19384780621948741,0.07146410174395805,1.3999999999999999
3.6625000000000001,0.5771941348043137,0.62977161773291523,0.06344955455862071,-0.041093780648723988,-0.19384780621948741,0.07146410174395805,1.3999999999999999
3.665,0.57870974392130203,0.58271465216990692,0.063829785130375682,0.34529510779145489,-0.12548913445856794,0.083234142369398259,1.3999999999999999
3.6675,0.58012743025556723,0.55142998596649406,0.065017891193557081,0.60525252272529051,-0.12548913445856794,0.083234142369398259,1.3999999999999999
3.6699999999999999,0.58146686593370756,0.52011185925217829,0.066856445268160952,0.86568666209258183,-0.099297226591708559,0.086619176883481849,1.3999999999999999
3.6724999999999999,0.58273550573635002,0.4947903411302178,0.069286274556069838,1.0783100870048345,-0.099297226591708559,0.086619176883481849,1.3999999999999999
3.6750000000000003,0.58394076497000702,0.46940566752062379,0.072248728862371658,1.2918129534846914,-0.027125375676179179,0.092346548341624035,1.3999999999999999
3.6775000000000002,0.58510326289830661,0.46057593729662089,0.075579447658453897,1.3729738231214408,-0.027125375676179179,0.092346548341624035,1.3999999999999999
3.6800000000000002,0.5862435590448567,0.45164347800362642,0.079114683983750753,1.4554378990477845,0.047312057257031512,0.097926996121229085,1.3999999999999999
3.6825000000000001,0.58738279655098213,0.45972377149592608,0.082686130141341518,1.401985374774533,0.047312057257031512,0.097926996121229085,1.3999999999999999
3.6850000000000001,0.58854206612940052,0.46766992795707368,0.086125918550073816,1.3501022060224475,0.12063961656448985,0.094068071113510621,1.3999999999999999
3.6875,0.58974208743174616,0.49232200755254707,0.089269163330469012,1.1647693098169629,0.12063961656448985,0.094068071113510621,1.3999999999999999
3.6899999999999999,0.59100355925695847,0.51683380880301466,0.091951046760462604,0.9809743560890184,0.13739141487167056,0.086306749950569278,1.3999999999999999
3.6924999999999999,0.59233095885182974,0.54506724261727368,0.094136638626596963,0.76770016942958597,0.13739141487167056,0.086306749950569278,1.3999999999999999
3.6950000000000003,0.59372881337990924,0.57320218173829796,0.095790432646559995,0.55548796730948813,0.17137434942781485,0.084288371617049079,1.3999999999999999
3.6975000000000002,0.59520664212690599,0.60905094886714572,0.096836739101941544,0.28166112904760898,0.17137434942781485,0.084288371617049079,1.3999999999999999
3.7000000000000002,0.59677403486112446,0.64485980980661883,0.097199088460495839,0.0082544411833416764,0.16310307872093258,0.075398148467647891,1.3999999999999999
3.7025000000000001,0.59842857176428732,0.67877251161320562,0.096896998379233809,-0.24995609912174971,0.16310307872093258,0.075398148467647891,1.3999999999999999
3.7050000000000001,0.60016792634046545,0.71271990912828698,0.095949002082206039,-0.50853362998579077,0.11954069695182397,0.066930881068385392,1.3999999999999999
3.7075,0.60197974825915512,0.7367498588259429,0.094453724069218759,-0.68782210227925722,0.11954069695182397,0.066930881068385392,1.3999999999999999
3.71,0.60385174578398326,0.76086398029840285,0.092509126432895022,-0.86802871019073957,0.10147595836841078,0.062523072614235689,1.3999999999999999
3.7124999999999999,0.60577897417212878,0.78093680478512251,0.09015414868197423,-1.0161538771847687,0.10147595836841078,0.062523072614235689,1.3999999999999999
3.7149999999999999,0.60775652695544835,0.8011262017422186,0.087427278837920536,-1.1655729004172612,0.05095191385364594,0.058832084865671409,1.3999999999999999
3.7175000000000002,0.60977020074190613,0.80983223611773869,0.084441408214880553,-1.223349224622116,0.05095191385364594,0.058832084865671409,1.3999999999999999
3.7200000000000002,0.61180578741933589,0.81865741853913065,0.081309378050436767,-1.2825112520930686,0.015199242905748096,0.061149150702800414,1.3999999999999999
3.7225000000000001,0.61385330387950343,0.81937421920942266,0.078110133182863209,-1.2771074944188987,0.015199242905748096,0.061149150702800414,1.3999999999999999
3.7250000000000001,0.61590275084761381,0.82020182678539566,0.074922727204135411,-1.2730398909002041,-0.092957016818102756,0.059518855367346239,1.3999999999999999
3.7275,0.61792323742270561,0.7961987673371469,0.071993796436416777,-1.0702631947370373,-0.092957016818102756,0.059518855367346239,1.3999999999999999
3.73,0.61988379729700749,0.77225880173051531,0.069570680826219228,-0.86836268862060917,-0.11861261516705618,0.062144923720654222,1.3999999999999999
3.7324999999999999,0.62177717457064141,0.74244981220076356,0.067710748383722041,-0.61968047187557429,-0.11861261516705618,0.062144923720654222,1.3999999999999999
3.7349999999999999,0.62359607501144376,0.71267517057521412,0.066471870883942435,-0.37148708929005358,-0.12283954151045148,0.073044623844315426,1.3999999999999999
3.7375000000000003,0.6253393480234285,0.68194550352450767,0.065862852896553803,-0.11575942488957919,-0.12283954151045148,0.073044623844315426,1.3999999999999999
3.7400000000000002,0.62700580792589122,0.65122230614897547,0.065892997312767931,0.13987654844775388,-0.10847371136892006,0.073410115679518578,1.3999999999999999
3.7425000000000002,0.62859959875392712,0.6238078427307,0.066529067841051143,0.36901463517560917,-0.10847371136892006,0.073410115679518578,1.3999999999999999
3.7450000000000001,0.63012482900099764,0.59637163233413881,0.067738321873645882,0.59845423929873409,-0.10059600077066569,0.081115266142186337,1.3999999999999999
3.7475000000000001,0.63158370006275788,0.570718217661625,0.069503515748796624,0.8137975969649367,-0.10059600077066569,0.081115266142186337,1.3999999999999999
3.75,0.63297838021466923,0.54501699039701468,0.071807863711495099,1.0298053063719597,0.015612975721131607,0.086511844408094563,1.3999999999999999
3.7524999999999999,0.63434221805105384,0.54603815110281217,0.074384670021274954,1.0318211554057919,0.015612975721131607,0.086511844408094563,1.3999999999999999
3.7549999999999999,0.6357084953602683,0.54696857268545829,0.076967876606861496,1.034925636109548,0.050508086878736799,0.085377034492920376,1.3999999999999999
3.7575000000000003,0.63708702720437538,0.5558405347756703,0.079479675150504317,0.97470324937113728,0.050508086878736799,0.085377034492920376,1.3999999999999999
3.7600000000000002,0.63848761856442438,0.56461712605527092,0.08184231522656718,0.91558780192299205,0.11145165690130451,0.081937003979601297,1.3999999999999999
3.7625000000000002,0.6399275557282329,0.58731643256262545,0.083918026059242187,0.74515943813277596,0.11145165690130451,0.081937003979601297,1.3999999999999999
3.7650000000000001,0.64142412792316594,0.60992837996083538,0.085568915482072933,0.57569474357405781,0.14478225494118122,0.078449765027621465,1.3999999999999999
3.7675000000000001,0.64298671390968443,0.64013052492382316,0.08672038021748163,0.34558349741314265,0.14478225494118122,0.078449765027621465,1.3999999999999999
3.77,0.64462474339123244,0.67028808967842723,0.087297232881918152,0.11595210920161123,0.14283432405315236,0.076984475154571144,1.3999999999999999
3.7725,0.64633758253547047,0.69998316070227051,0.087304758779531116,-0.10993069072207146,0.14283432405315236,0.076984475154571144,1.3999999999999999
3.7749999999999999,0.64812467098838267,0.72969238025404204,0.086747452437052966,-0.33596585084920483,0.074853892158803947,0.069350536259103673,1.3999999999999999
3.7774999999999999,0.64996655394131664,0.7438208541586635,0.085781072374025769,-0.43721592192772035,0.074853892158803947,0.069350536259103673,1.3999999999999999
3.7800000000000002,0.65184381408431635,0.75799591969650315,0.084560933580572289,-0.53899311604856703,0.049197243068924722,0.059851846685676051,1.3999999999999999
3.7825000000000002,0.65374920699124139,0.76632768665164019,0.08314468658943025,-0.5941119600469682,0.049197243068924722,0.059851846685676051,1.3999999999999999
3.7850000000000001,0.65567550115693896,0.77471782533230849,0.081589810372520777,-0.64990694891489209,-0.0013019435050014394,0.061050522412700162,1.3999999999999999
3.7875000000000001,0.65760832316206064,0.7715485246179451,0.080011007759894906,-0.61324192257384225,-0.0013019435050014394,0.061050522412700162,1.3999999999999999
3.79,0.65953328631898245,0.7684302735917361,0.078523081720770105,-0.57719978516473747,0.010459855594994884,0.059980880312815323,1.3999999999999999
3.7925,0.66145390042043273,0.7680692818603071,0.077097368826905474,-0.56347002070045382,0.010459855594994884,0.059980880312815323,1.3999999999999999
3.7949999999999999,0.66337367364485789,0.76775739394387532,0.075705239802593083,-0.55033048266630158,-0.019660747775718249,0.061135802244647354,1.3999999999999999
3.7974999999999999,0.66528405134273383,0.76055156594092965,0.074414817504231998,-0.48209179096503013,-0.019660747775718249,0.061135802244647354,1.3999999999999999
3.8000000000000003,0.6671764633059637,0.75338393600462772,0.073294386015866991,-0.41432691565994562,-0.00024080179660316615,0.063170100706271007,1.3999999999999999
3.8025000000000002,0.6690565951009696,0.75072714213174918,0.07229795395146324,-0.38288710822950595,-0.00024080179660316615,0.063170100706271007,1.3999999999999999
3.8050000000000002,0.6709301261420062,0.74810290094131804,0.071379621878000649,-0.35184164660640599,-0.0014138312506634938,0.066823274168285582,1.3999999999999999
3.8075000000000001,0.67279679638698398,0.74523804349173539,0.070541156115258644,-0.31898850012758118,-0.0014138312506634938,0.066823274168285582,1.3999999999999999
3.8100000000000001,0.67465633895815647,0.74240030632355614,0.069784405631503899,-0.28646387356518316,-0.0033303515376746536,0.067695934682962408,1.3999999999999999
3.8125,0.67650826552115007,0.73914473625061383,0.069113024455801156,-0.25068705408045638,-0.0033303515376746536,0.067695934682962408,1.3999999999999999
3.8149999999999999,0.67835208034973538,0.73591041999697371,0.068530755643532254,-0.21516791516245345,-0.028680377643609617,0.065531307087418764,1.3999999999999999
3.8174999999999999,0.68018052015554764,0.72684370187466163,0.068095663323074263,-0.13293427061513463,-0.028680377643609617,0.065531307087418764,1.3999999999999999
3.8200000000000003,0.6819863075616539,0.71778742685483288,0.067865976058743629,-0.050830509583965483,-0.0045735945661668376,0.070573438253722559,1.3999999999999999
3.8225000000000002,0.68377641523381005,0.7142991645610034,0.067785677731692681,-0.013413653004665821,-0.0045735945661668376,0.070573438253722559,1.3999999999999999
3.8250000000000002,0.68555780433156854,0.71081203901018175,0.067798896310332257,0.023989420853112307,-0.019678309408801616,0.066322678201085727,1.3999999999999999
3.8275000000000001,0.68732611619601247,0.70383668818216527,0.067940602699922761,0.089385101882760637,-0.019678309408801616,0.066322678201085727,1.3999999999999999
3.8300000000000001,0.68907698174720811,0.69685410717303731,0.068245896012494839,0.15486981473972128,-0.0007871161635654943,0.066828273014504808,1.3999999999999999
3.8325,0.69081582542072295,0.6942184043922176,0.068671366690831487,0.18553606551596002,-0.0007871161635654943,0.066828273014504808,1.3999999999999999
3.835,0.6925480605451807,0.69156683188622614,0.069173736199461058,0.21639416019765123,0.0036634317464665292,0.068742437494143022,1.3999999999999999
3.8374999999999999,0.69427492764060328,0.68992355837804376,0.069743227998708426,0.239238852222869,0.0036634317464665292,0.068742437494143022,1.3999999999999999
3.8399999999999999,0.69599766109135786,0.68825958857127556,0.07037013817935607,0.2623328252417389,0.049651491428663007,0.071355370729874759,1.3999999999999999
3.8425000000000002,0.69772946533800728,0.69718001021681608,0.070948765141012851,0.20061270385114621,0.049651491428663007,0.071355370729874759,1.3999999999999999
3.8450000000000002,0.69948354467805429,0.70608067284273546,0.071373392219247531,0.13912122923698247,0.037158511370014441,0.073150288702124158,1.3999999999999999
3.8475000000000001,0.70125625608769704,0.7120865502019682,0.071673389488181513,0.10089884796926915,0.037158511370014441,0.073150288702124158,1.3999999999999999
3.8500000000000001,0.70304396942230496,0.71808281843449218,0.071877980041435613,0.062788777602870854,0.052309913442059451,0.071278909312817731,1.3999999999999999
3.8525,0.70485103233538815,0.72756701958258196,0.071952362352454252,-0.003277244034064597,0.052309913442059451,0.071278909312817731,1.3999999999999999
3.855,0.70668180479159459,0.73705154612269952,0.071861590688493834,-0.069347021925644126,0.04612606385625146,0.068501484253350661,1.3999999999999999
3.8574999999999999,0.70853451331161488,0.74511684307074144,0.071619858580428464,-0.12405691588293213,0.04612606385625146,0.068501484253350661,1.3999999999999999
3.8599999999999999,0.71040739909752348,0.75319424945402513,0.071241189037375502,-0.17890730518314518,-0.018196711968055217,0.0633902031730567,1.3999999999999999
3.8625000000000003,0.71228195499275015,0.74645244080518314,0.070873901134496237,-0.11494735319392267,-0.018196711968055217,0.0633902031730567,1.3999999999999999
3.8650000000000002,0.71413966902730996,0.73971990345117045,0.070666357048200928,-0.051101676415276964,0.0056317428855992106,0.065339760555101198,1.3999999999999999
3.8675000000000002,0.71598742812819571,0.73848797525759635,0.070563241534051913,-0.031397924314273122,0.0056317428855992106,0.065339760555101198,1.3999999999999999
3.8700000000000001,0.71783211117948864,0.73725877842066212,0.070509340065557813,-0.011727009059373281,0.015139028223755912,0.063883430934969315,1.3999999999999999
3.8725000000000001,0.71967646406536279,0.73822368977067543,0.070482607769572519,-0.009660727956071969,0.015139028223755912,0.063883430934969315,1.3999999999999999
3.875,0.72152323034874866,0.73918946569316557,0.070461027842706525,-0.0076047475466058346,0.028752609291801946,0.065755069391553608,1.3999999999999999
3.8774999999999999,0.72337633715813188,0.74329627917867902,0.070413091244116141,-0.030748031422367164,0.028752609291801946,0.065755069391553608,1.3999999999999999
3.8799999999999999,0.72523971412901078,0.74740595407617672,0.070307259620685389,-0.053924995168031453,-0.00023574415275729984,0.065741206004794828,1.3999999999999999
3.8825000000000003,0.72710501250630588,0.74483329950615762,0.070210466107605132,-0.023516485732618716,-0.00023574415275729984,0.065741206004794828,1.3999999999999999
3.8850000000000002,0.72896388230193121,0.74226265565614602,0.070189656937589703,0.0068677151971901461,-0.0042013908857110368,0.066543133040634972,1.3999999999999999
3.8875000000000002,0.73081518182990968,0.73877660453761407,0.070253983011691196,0.044597540175013731,-0.0042013908857110368,0.066543133040634972,1.3999999999999999
3.8900000000000001,0.7326577621858249,0.7352867867908649,0.070412682736962648,0.082373084719171055,0.018617511161151613,0.065756899123439003,1.3999999999999999
3.8925000000000001,0.7344981891434873,0.73705357129835769,0.070613143775787215,0.078010094117126769,0.018617511161151613,0.065756899123439003,1.3999999999999999
3.895,0.73634302416692143,0.73881330467622608,0.070802802990609301,0.073730850947848384,0.021474168761510967,0.066739395319576442,1.3999999999999999
3.8975,0.73819307368517773,0.74122526230626273,0.070975257779037917,0.064245391213043054,0.021474168761510967,0.066739395319576442,1.3999999999999999
3.8999999999999999,0.74004914560078316,0.74363136615765213,0.071124087734333846,0.054829283451613212,0.042784162897189913,0.065382187216032062,1.3999999999999999
3.9025000000000003,0.74191736962911214,0.75094736572417708,0.07120017632312757,0.0060472968770155511,0.042784162897189913,0.065382187216032062,1.3999999999999999
3.9050000000000002,0.74380388194210889,0.7582627802817905,0.071154329887360687,-0.042727884283130776,0.055385019829579843,0.065746337611414102,1.3999999999999999
3.9075000000000002,0.74571231970049923,0.76848874019916658,0.070957357583335934,-0.1148650908999196,0.055385019829579843,0.065746337611414102,1.3999999999999999
3.9100000000000001,0.74764633521832158,0.77872619083136962,0.070579894139238805,-0.1871346563547957,-0.017835912903971331,0.06024246838173735,1.3999999999999999
3.9125000000000001,0.74958485363480387,0.7720906392753849,0.070190859296390865,-0.12411904372416811,-0.017835912903971331,0.06024246838173735,1.3999999999999999
3.915,0.75150679678095378,0.76546512763860408,0.069959195902449381,-0.061227060768057312,0.019994041807283196,0.063434719590054131,1.3999999999999999
3.9175,0.75342309223596993,0.76757221719777113,0.069797166188053109,-0.068408343570523014,0.019994041807283196,0.063434719590054131,1.3999999999999999
3.9199999999999999,0.75534466304309178,0.7696855186735212,0.069617092795109622,-0.075663300101630221,0.02801380109086641,0.062808643102861592,1.3999999999999999
3.9224999999999999,0.7572738383756199,0.77365609033978533,0.069400228889524629,-0.097843640770890625,0.02801380109086641,0.062808643102861592,1.3999999999999999
3.9250000000000003,0.75921295106855213,0.77763575126761353,0.069127785395262334,-0.12013102541436711,0.052951711455908559,0.064399327730576383,1.3999999999999999
3.9275000000000002,0.76116921920194769,0.78738131042331827,0.068741764543082062,-0.18871515223527358,0.052951711455908559,0.064399327730576383,1.3999999999999999
3.9300000000000002,0.76314987322915295,0.7971456007534109,0.068184029424822282,-0.25751554359100548,0.020739973364091453,0.060093056118006076,1.3999999999999999
3.9325000000000001,0.7651456754220477,0.79950013230908135,0.067528491626610163,-0.26696184974305809,0.020739973364091453,0.060093056118006076,1.3999999999999999
3.9350000000000001,0.76714739414661193,0.80187897313708911,0.06684898012243605,-0.27669624599870701,0.038510912481769556,0.056964421106879784,1.3999999999999999
3.9375,0.76916021965316062,0.80838617729693873,0.066103619018203538,-0.31964806107214261,0.038510912481769556,0.056964421106879784,1.3999999999999999
3.9399999999999999,0.77118935046333192,0.81492390015638028,0.065250442769097555,-0.3629563630109599,-0.011258698599806102,0.059092289504271839,1.3999999999999999
3.9424999999999999,0.77322050036761814,0.81000073267434747,0.064403771293145659,-0.31443822187095677,-0.011258698599806102,0.059092289504271839,1.3999999999999999
3.9450000000000003,0.77523937601019377,0.80510382673305236,0.063677985015876695,-0.26624007429817981,0.020583340982944037,0.05908327965320459,1.3999999999999999
3.9475000000000002,0.77725523288649501,0.80758580761520105,0.062998571298426204,-0.27733985247384418,0.020583340982944037,0.05908327965320459,1.3999999999999999
3.9500000000000002,0.77927732614018841,0.81009310106018229,0.062291035961862529,-0.28873940731888631,-0.013539133213621104,0.054936490705754772,1.3999999999999999
3.9525000000000001,0.78129586428462472,0.80474107133704609,0.061633696713737925,-0.23717656113725155,-0.013539133213621104,0.054936490705754772,1.3999999999999999
3.9550000000000001,0.783301048001944,0.79940884870655304,0.061104952050366222,-0.18585505785100176,-0.038272878538097327,0.05705180129761156,1.3999999999999999
3.9575,0.78528577596499638,0.78837530868519401,0.06076159953637595,-0.088849227478023832,-0.038272878538097327,0.05705180129761156,1.3999999999999999
3.96,0.78724293032810044,0.77734870788751664,0.060660633848818431,0.0080701223061582505,0.019031427041312027,0.061961176773712226,1.3999999999999999
3.9624999999999999,0.78918907447649789,0.77956655930260921,0.060669113151949561,-0.0012860693218661578,0.019031427041312027,0.061961176773712226,1.3999999999999999
3.9650000000000003,0.79114076322230364,0.78178452791870878,0.06065420234481822,-0.010643649494782846,-0.02621498200724106,0.063487302036185661,1.3999999999999999
3.9675000000000002,0.79308492589279855,0.77354524959750992,0.060720777107475081,0.06390787913248154,-0.02621498200724106,0.063487302036185661,1.3999999999999999
3.9700000000000002,0.79500848516388845,0.76530080388097754,0.060973794776062518,0.13852304896855816,0.015766107054213888,0.062633362968909201,1.3999999999999999
3.9725000000000001,0.79692354790305608,0.76674732534950463,0.061316197028197093,0.13542325097870037,0.015766107054213888,0.062633362968909201,1.3999999999999999
3.9750000000000001,0.79884221159802693,0.76818161457436085,0.061651032125671142,0.13246877984576869,0.003854924129194361,0.062732728339966584,1.3999999999999999
3.9775,0.80076100558303653,0.76685150026471927,0.062006264928003096,0.15174233769833773,0.003854924129194361,0.062732728339966584,1.3999999999999999
3.98,0.80267645803338294,0.7655081058296862,0.062409876605205965,0.17117525686561141,0.02212624557998541,0.063073259136648047,1.3999999999999999
3.9824999999999999,0.80459381027934496,0.76837118365597257,0.062819952807431606,0.15691535222560538,0.02212624557998541,0.063073259136648047,1.3999999999999999
3.9849999999999999,0.80651830196108765,0.77121987141429571,0.063194595150972116,0.14282560539326514,0.035976899068961593,0.059635269189149742,1.3999999999999999
3.9875000000000003,0.80845389814493329,0.77725512870527125,0.063502120560720063,0.10321749960526591,0.035976899068961593,0.059635269189149742,1.3999999999999999
3.9900000000000002,0.81040456943678629,0.78328058358591668,0.063710778200809934,0.063724068185606886,0.022289775404125509,0.063096809751184646,1.3999999999999999
3.9925000000000002,0.81236634411745279,0.78613829424316695,0.063852507431336275,0.049669563672141391,0.022289775404125509,0.063096809751184646,1.3999999999999999
3.9950000000000001,0.81433525711182031,0.78899144900626039,0.063959170903416462,0.03566892586486195,0.034453206151993182,0.058811745232120252,1.3999999999999999
3.9975000000000001,0.8163148104594854,0.79465095444414902,0.06400270789418408,-0.00083611633137560537,0.034453206151993182,0.058811745232120252,1.3999999999999999
4,0.81830851195008936,0.80031053899532123,0.063954989548219085,-0.037342085056126934,0.036246154392152126,0.058834127552712778,1.3999999999999999
4.0025000000000004,0.82031688377289202,0.80638782641141804,0.063811809531362659,-0.077212538302623757,0.036246154392152126,0.058834127552712778,1.3999999999999999
4.0049999999999999,0.82234045719693016,0.81247245203924423,0.063568855339164426,-0.11716881827930453,0.031768943744522868,0.059095192671272126,1.3999999999999999
4.0075000000000003,0.82437796248135731,0.817533859149566,0.063236229818538256,-0.14895605281383134,0.031768943744522868,0.059095192671272126,1.3999999999999999
4.0099999999999998,0.82642813815523708,0.82260926245307964,0.06282393819563703,-0.1809075560309,0.040640847293207272,0.057983538843907917,1.3999999999999999
4.0125000000000002,0.82849358522097538,0.82975167355592827,0.062310967218843251,-0.22950751209874087,0.040640847293207272,0.057983538843907917,1.3999999999999999
4.0149999999999997,0.83057691488102758,0.83691611586354886,0.061676186553033356,-0.27836438634522609,-0.034113880036964743,0.05502633731271396,1.3999999999999999
4.0175000000000001,0.83265659311839202,0.82682954418211696,0.061092161223743904,-0.18889401592266314,-0.034113880036964743,0.05502633731271396,1.3999999999999999
4.0200000000000005,0.8347110750266844,0.81675788195600907,0.06073156219115302,-0.099608789186461252,-0.021703528358112192,0.055552379917330058,1.3999999999999999
4.0225,0.83674397456001692,0.80956265283460915,0.060565265596401782,-0.033439622663661836,-0.021703528358112192,0.055552379917330058,1.3999999999999999
4.0250000000000004,0.83875889057333564,0.80237016298039121,0.060564336090398241,0.03269595462202457,0.0033084944971675406,0.058704005163198708,1.3999999999999999
4.0274999999999999,0.840763049315157,0.80095620900016362,0.060670788793754656,0.052473664074413874,0.0033084944971675406,0.058704005163198708,1.3999999999999999
4.0300000000000002,0.84276366778948497,0.79953766011625538,0.060826750347788693,0.072306501506783208,0.0063053832138335137,0.058867530062376508,1.3999999999999999
4.0324999999999998,0.84476159811517693,0.79880543196336884,0.061025437539248939,0.086657237606137263,0.0063053832138335137,0.058867530062376508,1.3999999999999999
4.0350000000000001,0.84675768858021028,0.79806556033021725,0.061260112773424975,0.10109946584122532,-0.00065113836255805031,0.060229350176723789,1.3999999999999999
4.0374999999999996,0.84874990899922997,0.79570911842853465,0.06154714789955551,0.12854858223948454,-0.00065113836255805031,0.060229350176723789,1.3999999999999999
4.04,0.85073622490233292,0.79334155181591304,0.061902967324985618,0.15613167605804265,0.014378429400017576,0.064115649422465004,1.3999999999999999
4.0425000000000004,0.8527209463947294,0.79443330268059886,0.062293111318853206,0.15601134982735065,0.014378429400017576,0.064115649422465004,1.3999999999999999
4.0449999999999999,0.85470837972499414,0.79551102340604762,0.062683163159134761,0.15605794048074167,0.025325048360576481,0.059310700761518211,1.3999999999999999
4.0475000000000003,0.85670165098910578,0.79910373798098877,0.063048176106271961,0.13597895448896966,0.025325048360576481,0.059310700761518211,1.3999999999999999
4.0499999999999998,0.85870388793933561,0.80268388064435581,0.063363181489716439,0.11604825282697462,0.034514890021717606,0.061122622859387882,1.3999999999999999
4.0525000000000002,0.86071771498532235,0.80837621654715652,0.06360723233289281,0.079210452600465719,0.034514890021717606,0.061122622859387882,1.3999999999999999
4.0549999999999997,0.86274576277647963,0.81406105692642405,0.063759306896185738,0.042460434247240539,0.023849542771618819,0.05849117127626912,1.3999999999999999
4.0575000000000001,0.86478493750857688,0.81727820699569442,0.063844280919062357,0.025524945266305721,0.023849542771618819,0.05849117127626912,1.3999999999999999
4.0600000000000005,0.86683215185270268,0.82049300627305566,0.06388695475274403,0.0086172159250145416,0.055578632237717161,0.058181383529331027,1.3999999999999999
4.0625,0.86889656294497342,0.83103635291921507,0.063813872665715157,-0.067088483075594896,0.055578632237717161,0.058181383529331027,1.3999999999999999
4.0650000000000004,0.87098733918739835,0.84158638376002426,0.063551448098413288,-0.14287127052403645,0.034693397184568556,0.05906142260736346,1.3999999999999999
4.0674999999999999,0.87309847585062317,0.8473254938874516,0.063147767705135735,-0.18010287246827447,0.034693397184568556,0.05906142260736346,1.3999999999999999
4.0700000000000003,0.87522398085952802,0.85308164858395374,0.062650767404435925,-0.21753408841449082,0.028843677895560291,0.052097471784940758,1.3999999999999999
4.0724999999999998,0.87736221173150541,0.85750663802119953,0.062073452441793915,-0.2443601044442586,0.028843677895560291,0.052097471784940758,1.3999999999999999
4.0750000000000002,0.87951153303685603,0.86195441407272899,0.061428743504941978,-0.27145419627236306,-0.015877847079893141,0.05648226281371628,1.3999999999999999
4.0774999999999997,0.8816590852688887,0.85609074502328453,0.060819599831118759,-0.21590192000761027,-0.015877847079893141,0.05648226281371628,1.3999999999999999
4.0800000000000001,0.88379200171841343,0.85024502454023232,0.060349051396042172,-0.16056866834778966,-0.0070677725472039245,0.053416833893007221,1.3999999999999999
4.0825000000000005,0.8859128670919868,0.84644928023074018,0.05999619448819303,-0.12174113195688196,-0.0070677725472039245,0.053416833893007221,1.3999999999999999
4.085,0.88802425677247443,0.84266392017757119,0.059740241038154909,-0.083039243689116277,-0.030610077018443784,0.055043161817881464,1.3999999999999999
4.0875000000000004,0.89011938974810745,0.83344301977729518,0.059635515379411669,-0.00074819487179737798,-0.030610077018443784,0.055043161817881464,1.3999999999999999
4.0899999999999999,0.89219147192105874,0.82422217931946884,0.059736499449717512,0.081542113397343199,0.0083955293024173313,0.062248015384651106,1.3999999999999999
4.0925000000000002,0.89425176580842825,0.82401164993890097,0.059952853805848465,0.091556668673716868,0.0083955293024173313,0.062248015384651106,1.3999999999999999
4.0949999999999998,0.89631152339786369,0.82379299244185311,0.060194363698276764,0.1016683180463112,0.035966169374957668,0.057183280035459798,1.3999999999999999
4.0975000000000001,0.89837868908385454,0.8299382712548925,0.06039736541632669,0.060748091214405123,0.035966169374957668,0.057183280035459798,1.3999999999999999
4.0999999999999996,0.9004612099476621,0.83607778163167856,0.060498160386002475,0.019895350361585205,0.016203337271525398,0.055657042095919297,1.3999999999999999
4.1025,0.902553366622039,0.83764728928186938,0.060542676990236251,0.015721122046670415,0.016203337271525398,0.055657042095919297,1.3999999999999999
4.1050000000000004,0.90464944520857804,0.83921537419467473,0.060576780071988669,0.011563786357740941,0.033108540626950005,0.055963765974503088,1.3999999999999999
4.1074999999999999,0.90675432674093381,0.84468994888088589,0.060561315331207899,-0.02393671834893598,0.033108540626950005,0.055963765974503088,1.3999999999999999
4.1100000000000003,0.9088728968343005,0.85016678120033151,0.060457074425356451,-0.059463689546048679,0.043320138245100337,0.05345200928718296,1.3999999999999999
4.1124999999999998,0.91100811572260787,0.85800972572282619,0.060240267507627926,-0.11399809558276633,0.043320138245100337,0.05345200928718296,1.3999999999999999
4.1150000000000002,0.91316295463877739,0.86586368190247809,0.059886977146924342,-0.16866067018262001,0.028935932560062393,0.053041521096532498,1.3999999999999999
4.1174999999999997,0.91533329113469442,0.87040835762666313,0.059430159877466582,-0.19682657854641916,0.028935932560062393,0.053041521096532498,1.3999999999999999
4.1200000000000001,0.91751501173603922,0.87497140583950261,0.058902664205169042,-0.22520856394720554,0.071104329534825705,0.052129986522544372,1.3999999999999999
4.1225000000000005,0.91972035346251102,0.88930673614468936,0.058206109255420163,-0.33208985613253528,0.071104329534825705,0.052129986522544372,1.3999999999999999
4.125,0.92196157376096011,0.90367607951551965,0.057241890585927546,-0.43936036544862145,0.0066673307090143932,0.048142185142213204,1.3999999999999999
4.1275000000000004,0.92422014053125456,0.90318372696975824,0.056158390288216703,-0.42751631187291272,0.0066673307090143932,0.048142185142213204,1.3999999999999999
4.1299999999999999,0.92647752392984872,0.90272921845166765,0.055103931896700709,-0.41612485295735729,-0.0048546757775804099,0.049479093009592946,1.3999999999999999
4.1325000000000003,0.92873048480377896,0.899645235027145,0.054104143911229335,-0.38377490626262567,-0.0048546757775804099,0.049479093009592946,1.3999999999999999
4.1349999999999998,0.93097577773790829,0.89659441346359647,0.053184724342026361,-0.35182461859144093,-0.046586412882205823,0.052045355057002467,1.3999999999999999
4.1375000000000002,0.93320140845130517,0.88391404118583172,0.052441618067282293,-0.24270874917560556,-0.046586412882205823,0.052045355057002467,1.3999999999999999
4.1399999999999997,0.93539536382504873,0.87125272508977902,0.051970983025121126,-0.13382996373521183,-0.036240632323977659,0.054608385237268277,1.3999999999999999
4.1425000000000001,0.93756067448706215,0.8609970035930814,0.051748331843400816,-0.044305755051384454,-0.036240632323977659,0.054608385237268277,1.3999999999999999
4.1450000000000005,0.93970035182579337,0.85074486165480523,0.05174941750420943,0.045174354420345564,-0.04380134645871301,0.053817457193805374,1.3999999999999999
4.1475,0.94181220803113597,0.83873882135186328,0.05199180013251601,0.14874763349805609,-0.04380134645871301,0.053817457193805374,1.3999999999999999
4.1500000000000004,0.94389403611038436,0.82672099566297197,0.052493277479323482,0.25246707501201521,-0.039989185884647484,0.056834388448324114,1.3999999999999999
4.1524999999999999,0.94594689924132203,0.81556551322185322,0.053245490346468409,0.34935268355579524,-0.039989185884647484,0.056834388448324114,1.3999999999999999
4.1550000000000002,0.94797184052151739,0.8043822466620647,0.054240327720895071,0.44658247496115389,-0.022474520718456716,0.061363207147439015,1.3999999999999999
4.1574999999999998,0.94997384625076509,0.79721574112121762,0.055438116606127991,0.51172931448321846,-0.022474520718456716,0.061363207147439015,1.3999999999999999
4.1600000000000001,0.95195788407521376,0.79000705279559069,0.056799404588785213,0.57739252689605625,0.049955334253958768,0.058736312681234561,1.3999999999999999
4.1624999999999996,0.95394477870093897,0.79949981475104692,0.058157545774153878,0.50922296812427248,0.049955334253958768,0.058736312681234561,1.3999999999999999
4.165,0.95595534171755836,0.80894285557265766,0.059346000271801945,0.44163046649256393,0.0078747924788009748,0.060807604194589387,1.3999999999999999
4.1675000000000004,0.95797729826454081,0.80861579347523593,0.060463682507629311,0.4525941454862068,0.0078747924788009748,0.060807604194589387,1.3999999999999999
4.1699999999999999,0.95999838736024279,0.80824873848980505,0.061609369770928721,0.46403639037082528,0.080853572989045677,0.058476588473768291,1.3999999999999999
4.1725000000000003,0.96203958507632481,0.82470238276491903,0.062615151690845125,0.34066923748355343,0.080853572989045677,0.058476588473768291,1.3999999999999999
4.1749999999999998,0.96412186938396705,0.84112015866069623,0.06331305530509139,0.21770931825076384,0.043228552089646502,0.053923485748674428,1.3999999999999999
4.1775000000000002,0.96623430280535305,0.84882349817191571,0.063791081672601432,0.16474762186835107,0.043228552089646502,0.053923485748674428,1.3999999999999999
4.1799999999999997,0.96836597360419274,0.85651091143244784,0.064136947837902733,0.11197125201904952,0.087213429118042043,0.051360125637571932,1.3999999999999999
4.1825000000000001,0.97052954700673799,0.8743470082356346,0.064249158354657998,-0.022193776540888874,0.087213429118042043,0.051360125637571932,1.3999999999999999
4.1850000000000005,0.97273771062898728,0.89218548470634751,0.06402595655222916,-0.15638568180336943,0.088370990864828344,0.050401457182291512,1.3999999999999999
4.1875,0.97499082262995884,0.91030813521456333,0.063464390530913878,-0.29291251491395925,0.088370990864828344,0.050401457182291512,1.3999999999999999
4.1900000000000004,0.97728927748301808,0.92846219764761428,0.062561098309786636,-0.42979414591600118,0.060235698535156944,0.046197351708099757,1.3999999999999999
4.1924999999999999,0.97962504507803394,0.94015977447096488,0.061380193996388485,-0.51502021887623273,0.060235698535156944,0.046197351708099757,1.3999999999999999
4.1950000000000003,0.98199011935019698,0.95190894705837581,0.059985501992971542,-0.60084059163112935,0.030663284055296541,0.050190267217130768,1.3999999999999999
4.1974999999999998,0.98437609333478715,0.95687982825085116,0.05844399429066105,-0.63247839736674361,0.030663284055296541,0.050190267217130768,1.3999999999999999
4.2000000000000002,0.98677456764911753,0.96190970356768069,0.056822531463559381,-0.66481051367134492,0.0069667173362098506,0.044598564485336958,1.3999999999999999
4.2024999999999997,0.98917884115247801,0.96151879914018856,0.055174324427475462,-0.65387126306995491,0.0069667173362098506,0.044598564485336958,1.3999999999999999
4.2050000000000001,0.99158220978606648,0.96118566896180246,0.053552598874703518,-0.64362359905221755,-0.049397260659757351,0.046977589893511473,1.3999999999999999
4.2075000000000005,0.99396850940945469,0.94786160585150814,0.052086519994068728,-0.5293342201095671,-0.049397260659757351,0.046977589893511473,1.3999999999999999
4.21,0.9963215521281964,0.9345787142451466,0.050905499380090972,-0.41555890020899433,-0.016137871369894401,0.045065178026358815,1.3999999999999999
4.2125000000000004,0.99865105635769125,0.9290301733789309,0.049931123838741605,-0.36400829181231809,-0.016137871369894401,0.045065178026358815,1.3999999999999999
4.2149999999999999,1.0009667287254811,0.92351251055073269,0.049085145963127436,-0.31283205725512836,-0.043706173801275887,0.049158140840357002,1.3999999999999999
4.2175000000000002,1.0032606599263381,0.91163594301429252,0.04843075762866815,-0.21072177864889741,-0.043706173801275887,0.049158140840357002,1.3999999999999999
4.2199999999999998,1.0055249225168899,0.89977626640386332,0.048031363185793603,-0.10882016341895882,-0.052013971336933987,0.050949784842823136,1.3999999999999999
4.2225000000000001,1.0077571431508634,0.88600090061463788,0.047905874827600226,0.0084212804221664855,-0.052013971336933987,0.050949784842823136,1.3999999999999999
4.2249999999999996,1.0099549264661858,0.87222487079824518,0.048073476466376906,0.12567097296550686,-0.035440174158730284,0.050158554721339524,1.3999999999999999
4.2275,1.0121230576123983,0.86227774500748999,0.048495816170178167,0.21222903116913622,-0.035440174158730284,0.050158554721339524,1.3999999999999999
4.2300000000000004,1.0142663007504449,0.8523132909974056,0.049134798905603169,0.29899982887860693,-0.050961481205873481,0.049841492986728853,1.3999999999999999
4.2324999999999999,1.0163801110657422,0.83873029615986217,0.050027126317551518,0.4149201702241016,-0.050961481205873481,0.049841492986728853,1.3999999999999999
4.2350000000000003,1.0184599251852173,0.82511485006778285,0.051209736729391386,0.53124485798811938,0.024771763501892665,0.06074983343409273,1.3999999999999999
4.2374999999999998,1.0205275637016022,0.82898797576233318,0.052507902274700334,0.50738187633653964,0.024771763501892665,0.06074983343409273,1.3999999999999999
4.2400000000000002,1.0226048260428211,0.83281427177674261,0.053747106778253867,0.48407174582403673,0.070276822636423805,0.055110994803175717,1.3999999999999999
4.2424999999999997,1.0247047591526757,0.84712492827872732,0.054823071260022609,0.37678343899759936,0.070276822636423805,0.055110994803175717,1.3999999999999999
4.2450000000000001,1.0268404187469318,0.86139725911478704,0.055631390173589292,0.26993459585024393,0.026410552957608503,0.055433962378450746,1.3999999999999999
4.2475000000000005,1.0289990385085679,0.86549456881006204,0.056274800201318427,0.24484033474685576,0.026410552957608503,0.055433962378450746,1.3999999999999999
4.25,1.0311678726541842,0.86956915219920528,0.056855814955204441,0.22001382858566126,0.095586139530073028,0.052001178250204061,1.3999999999999999
4.2525000000000004,1.0333668655337485,0.8896225777586424,0.057214582805456417,0.067029494158310665,0.095586139530073028,0.052001178250204061,1.3999999999999999
4.2549999999999999,1.035615979531229,0.9096687890384012,0.057191030253890822,-0.085873439840614074,0.089808559379561309,0.048106577024379274,1.3999999999999999
4.2575000000000003,1.0379135468427445,0.92838784280069164,0.056798533128836266,-0.22815576190499945,0.089808559379561309,0.048106577024379274,1.3999999999999999
4.2599999999999998,1.0402579389479505,0.94713113795309356,0.056050022671738017,-0.3707126028770506,0.090386584853364024,0.045533901860744935,1.3999999999999999
4.2625000000000002,1.0426494024338395,0.9660474666314639,0.054943257549624473,-0.51478809417488469,0.090386584853364024,0.045533901860744935,1.3999999999999999
4.2649999999999997,1.0450882216266846,0.98501820612821034,0.05347556782785165,-0.65948082038045652,0.027316021909374526,0.040981294934906466,1.3999999999999999
4.2675000000000001,1.0475563026172749,0.98945697554592615,0.051791657416841309,-0.68777008831069875,0.027316021909374526,0.040981294934906466,1.3999999999999999
4.2700000000000005,1.0500355595297599,0.99395938067784695,0.050036091690666987,-0.71681025515104002,-0.019587744899425098,0.041436132386005332,1.3999999999999999
4.2725,1.0525125763392886,0.9876636863501348,0.04831594223057166,-0.65942642651297467,-0.019587744899425098,0.041436132386005332,1.3999999999999999
4.2750000000000004,1.0549739241587321,0.98142343077795169,0.046738397573531314,-0.60271701688470292,-0.054752104569511378,0.040593489315902176,1.3999999999999999
4.2774999999999999,1.0574095513892947,0.96708544911359495,0.045383595214126535,-0.48121316271730791,-0.054752104569511378,0.040593489315902176,1.3999999999999999
4.2800000000000002,1.0598093830113267,0.95278539171353105,0.044331938952861784,-0.36018066035540286,-0.070988490680819999,0.046221699706636282,1.3999999999999999
4.2824999999999998,1.0621687983685912,0.9347505366983978,0.043620157041198523,-0.20929054659180354,-0.070988490680819999,0.046221699706636282,1.3999999999999999
4.2850000000000001,1.0644831491082007,0.91673177457427246,0.043285318146137841,-0.058602104830473067,-0.063230220775131199,0.048316828378162424,1.3999999999999999
4.2875000000000005,1.0667547087786207,0.90051583792029921,0.043309054675668493,0.077592870223465421,-0.063230220775131199,0.048316828378162424,1.3999999999999999
4.29,1.0689857232322419,0.88429382413205349,0.043673345564503432,0.21386351417484348,-0.0590895530623467,0.04884335532755163,1.3999999999999999
4.2925000000000004,1.0711773634881538,0.86901473052487621,0.044368916393320239,0.34263852298467623,-0.0590895530623467,0.04884335532755163,1.3999999999999999
4.2949999999999999,1.0733307744588583,0.85370873011706283,0.045386817181050469,0.47174830734097789,-0.059289173025604089,0.054553364674905049,1.3999999999999999
4.2975000000000003,1.0754458186289777,0.83831964898670863,0.046728504742509974,0.60168860781223177,-0.059289173025604089,0.054553364674905049,1.3999999999999999
4.2999999999999998,1.0775223338661275,0.8228839704550317,0.048395745891952752,0.73221166900316181,0.031594966102693411,0.057976316807953759,1.3999999999999999
4.3025000000000002,1.0795864986255319,0.82843674835478531,0.050178988897512926,0.69451326583237794,0.031594966102693411,0.057976316807953759,1.3999999999999999
4.3049999999999997,1.0816644636020945,0.83392471385352551,0.051868947824088019,0.65757765296801496,0.057438947495519532,0.054761050464744582,1.3999999999999999
4.3075000000000001,1.0837635477921603,0.84533252738119469,0.053407469703863855,0.57335688743262059,0.057438947495519532,0.054761050464744582,1.3999999999999999
4.3100000000000005,1.085891079077421,0.85668374423857319,0.054736277908239359,0.48979094218957442,0.10957625370117324,0.056560345600169808,1.3999999999999999
4.3125,1.088062003230502,0.88004825537624731,0.055735889781469268,0.30998072920664466,0.10957625370117324,0.056560345600169808,1.3999999999999999
4.3150000000000004,1.0902912919195902,0.90337864875056473,0.056286500441052517,0.13055316615820747,0.095050594522347362,0.04998416384518703,1.3999999999999999
4.3174999999999999,1.0925746845929738,0.92333451649599096,0.056422494893782725,-0.021746612084085265,0.095050594522347362,0.04998416384518703,1.3999999999999999
4.3200000000000003,1.094907966447938,0.94329271841932172,0.056177745409197385,-0.17407274733866135,0.069011429435188759,0.04716060123682634,1.3999999999999999
4.3224999999999998,1.0972836341130185,0.95724524811231337,0.055612382335797676,-0.27826167153007847,0.069011429435188759,0.04716060123682634,1.3999999999999999
4.3250000000000002,1.0996942162602663,0.97122606395857547,0.054786166744520366,-0.38277497296112784,0.065184082311321001,0.043082432116925543,1.3999999999999999
4.3274999999999997,1.1021386897267729,0.98435994349420597,0.053707020937414841,-0.48062490495850274,0.065184082311321001,0.043082432116925543,1.3999999999999999
4.3300000000000001,1.1046160561969782,0.9975420868520255,0.05238257928209071,-0.5790303838559262,-0.022836993692966927,0.039580965299662291,1.3999999999999999
4.3325000000000005,1.1071009770147402,0.99040213392133958,0.051015748045956447,-0.51452701123022992,-0.022836993692966927,0.039580965299662291,1.3999999999999999
4.335,1.1095681025394022,0.98330498954607815,0.049809508885388286,-0.45054607312934214,0.020644829995841035,0.04090887684128014,1.3999999999999999
4.3375000000000004,1.1120301206370742,0.98631650104550572,0.048661602190208396,-0.46786225012670457,0.020644829995841035,0.04090887684128014,1.3999999999999999
4.3399999999999999,1.114499720769361,0.98937088596865375,0.047469774959994923,-0.48568568143914737,-0.088853870583457825,0.042837999706481049,1.3999999999999999
4.3425000000000002,1.1169453027660989,0.96709945699761968,0.046487268186846606,-0.30038048804788597,-0.088853870583457825,0.042837999706481049,1.3999999999999999
4.3449999999999998,1.1193352362538511,0.94484985909640051,0.045967639866869213,-0.11535442394365913,-0.055744724799814502,0.045567589844665746,1.3999999999999999
4.3475000000000001,1.1216791481800619,0.93028038712376127,0.04583343159548766,0.0079790443619667667,-0.055744724799814502,0.045567589844665746,1.3999999999999999
4.3500000000000005,1.1239866376650507,0.91571028638336083,0.046007541603867275,0.13132032508996067,-0.068891831971611819,0.049012356847790442,1.3999999999999999
4.3525,1.1262538835657441,0.89808382191056058,0.04652070375853299,0.27924221342869837,-0.068891831971611819,0.049012356847790442,1.3999999999999999
4.3550000000000004,1.1284770390410448,0.88043608249688721,0.047403975602606181,0.42743158381220003,0.021589532108780621,0.04957429975559946,1.3999999999999999
4.3574999999999999,1.1306822334050499,0.88371301417865,0.04844792195795955,0.40780109083412225,0.021589532108780621,0.04957429975559946,1.3999999999999999
4.3600000000000003,1.1328955728906274,0.88695247686368328,0.04944335012096427,0.38861351560887986,0.027586432575392884,0.049682451208604261,1.3999999999999999
4.3624999999999998,1.1351187017686775,0.89154483395506201,0.05037740913050219,0.35870189498540006,0.027586432575392884,0.049682451208604261,1.3999999999999999
4.3650000000000002,1.1373532692575039,0.89610382452938631,0.051237186986318219,0.3291831792755413,0.060932603930381274,0.050290344570704554,1.3999999999999999
4.3674999999999997,1.1396088444632322,0.90835163596449531,0.051946179235543462,0.23806489968681807,0.060932603930381274,0.050290344570704554,1.3999999999999999
4.3700000000000001,1.1418950076821837,0.92057574000943032,0.052427739381799399,0.14722011637768589,0.073202322493547647,0.049025977663498477,1.3999999999999999
4.3725000000000005,1.1442152608282905,0.93562523654906626,0.052653929282553372,0.033749443020285555,0.073202322493547647,0.049025977663498477,1.3999999999999999
4.375,1.1465731309924552,0.95067128561784164,0.052596519487932106,-0.079681753869794897,0.093369315891223298,0.043766413261528581,1.3999999999999999
4.3775000000000004,1.1489744590217301,0.97039388003527549,0.052208611247144328,-0.23067590898868193,0.093369315891223298,0.043766413261528581,1.3999999999999999
4.3799999999999999,1.1514251207586526,0.99014091115456404,0.051442909123627971,-0.38194703392323509,0.066500379816019639,0.040165447758296113,1.3999999999999999
4.3825000000000003,1.153917421030187,1.0037065453889271,0.050360908228269913,-0.48373702185222633,0.066500379816019639,0.040165447758296113,1.3999999999999999
4.3849999999999998,1.1564436938826039,1.0173206563447552,0.0490237587420458,-0.5860853550354439,-0.0033413615069002971,0.037059799673324179,1.3999999999999999
4.3875000000000002,1.1589838516818809,1.0148139012793618,0.047592231449848997,-0.55923647649983943,-0.0033413615069002971,0.037059799673324179,1.3999999999999999
4.3899999999999997,1.161517804049899,1.0123559429217281,0.046227087734532102,-0.53297399457180905,0.016339741090622355,0.036448872485715759,1.3999999999999999
4.3925000000000001,1.164051370762303,1.0145055807810421,0.044881135251546925,-0.54388472553587608,0.016339741090622355,0.036448872485715759,1.3999999999999999
4.3950000000000005,1.1665903731420211,1.0167046488281486,0.043507175480876494,-0.55538185931369566,-0.034858441150842245,0.035768590910829956,1.3999999999999999
4.3975,1.1691201011813612,1.0070848670266317,0.042222818447495827,-0.47219038771590904,-0.034858441150842245,0.035768590910829956,1.3999999999999999
4.4000000000000004,1.171625830103654,0.99750423690433787,0.041145824938538911,-0.3894772553349844,-0.063655824834188801,0.039319206413690778,1.3999999999999999
4.4024999999999999,1.1740993030188271,0.98127832752426869,0.04034210882917609,-0.25354818491782405,-0.063655824834188801,0.039319206413690778,1.3999999999999999
4.4050000000000002,1.1765322384632044,0.96507248165485171,0.039877876535308145,-0.11786807644049072,-0.081519950211886377,0.04524742979658998,1.3999999999999999
4.4074999999999998,1.1789194951505968,0.9447332962637861,0.039794243453081538,0.050956243451051014,-0.081519950211886377,0.04524742979658998,1.3999999999999999
4.4100000000000001,1.1812559016863871,0.92439020291276308,0.040132698611720301,0.21982957920614518,-0.062587100605730819,0.04673475852808251,1.3999999999999999
4.4125000000000005,1.1835469194159127,0.90842019340489366,0.040849513614355057,0.35366939396200264,-0.062587100605730819,0.04673475852808251,1.3999999999999999
4.415,1.1857979793496465,0.89242222434014629,0.041901334843929688,0.48785629318346546,-0.076649337732679998,0.051779983674182711,1.3999999999999999
4.4175000000000004,1.1880049241477117,0.87312641477084119,0.043321902340286239,0.6486883219304711,-0.076649337732679998,0.051779983674182711,1.3999999999999999
4.4199999999999999,1.1901635705520837,0.85378157390811737,0.045145291950696019,0.81013885072207459,0.0093501837674682901,0.049325032029377838,1.3999999999999999
4.4225000000000003,1.192298686313781,0.85429897988196457,0.047173313964821571,0.81242270559012364,0.0093501837674682901,0.049325032029377838,1.3999999999999999
4.4249999999999998,1.1944350051316401,0.85474399600445727,0.049208125865653526,0.81557109835359998,0.046969055835542221,0.054805968434235609,1.3999999999999999
4.4275000000000002,1.1965832333120241,0.86382602144184706,0.05116450162304842,0.74967568161502807,0.046969055835542221,0.054805968434235609,1.3999999999999999
4.4299999999999997,1.1987540751596786,0.87283594724612323,0.052957204991030668,0.68462118931547333,0.097517100679919325,0.052504956756892401,1.3999999999999999
4.4325000000000001,1.2009619791429456,0.89347646640305622,0.054470901087504207,0.5264575719853789,0.097517100679919325,0.052504956756892401,1.3999999999999999
4.4350000000000005,1.2032214105360264,0.91406064309417734,0.055590023642295684,0.36893089430811743,0.13562414856276406,0.046972743551732893,1.3999999999999999
4.4375,1.2055432679972407,0.94342041119495668,0.056227500054241243,0.14110463159658446,0.13562414856276406,0.046972743551732893,1.3999999999999999
4.4400000000000004,1.2079384989792439,0.97276384731900611,0.05629569740658677,-0.086540918864866478,0.12017294946827446,0.044290176502405167,1.3999999999999999
4.4424999999999999,1.2104026277850033,0.99854268545953784,0.055830557992088969,-0.28560950085035425,0.12017294946827446,0.044290176502405167,1.3999999999999999
4.4450000000000003,1.2129312391428675,1.0243536001350837,0.054867351700924584,-0.48503587766999667,0.08967107445700262,0.035950850517208859,1.3999999999999999
4.4474999999999998,1.2155156180406119,1.0431592919684101,0.053475682534095105,-0.62841043847952083,0.08967107445700262,0.035950850517208859,1.3999999999999999
4.4500000000000002,1.2181470906246132,1.0620310054092275,0.05172467421389073,-0.77253533819572662,0.060985791567277042,0.032349610848604417,1.3999999999999999
4.4524999999999997,1.2208175379493915,1.0743403115687169,0.049678876756899339,-0.8642584132435015,0.060985791567277042,0.032349610848604417,1.3999999999999999
4.4550000000000001,1.223518863075193,1.0867346907665354,0.047402560816259945,-0.95696712936027695,-0.037287598498827963,0.033106444446994447,1.3999999999999999
4.4575000000000005,1.2262228269094382,1.0764486695709978,0.045121606630799574,-0.86794781683755029,-0.037287598498827963,0.033106444446994447,1.3999999999999999
4.46,1.2289011651473456,1.0662331156752021,0.043062098693690015,-0.77979616320714962,-0.057930577836439352,0.035100675202799428,1.3999999999999999
4.4625000000000004,1.2315480636724958,1.0512951321207089,0.041269995672174459,-0.65400342640198783,-0.057930577836439352,0.035100675202799428,1.3999999999999999
4.4649999999999999,1.2341576840099708,1.0364089845692799,0.039791545541752182,-0.52885388442828318,-0.061500564767543127,0.037252482571922423,1.3999999999999999
4.4675000000000002,1.2367291089127923,1.0207370863519207,0.038633599205139244,-0.39757932869886947,-0.061500564767543127,0.037252482571922423,1.3999999999999999
4.4699999999999998,1.2392613959067036,1.0050969419540294,0.037803321520209959,-0.2666976079502491,-0.057850907669193173,0.03748342613084199,1.3999999999999999
4.4725000000000001,1.2417556696434944,0.99032480854771154,0.037291395023697382,-0.14287759356003965,-0.057850907669193173,0.03748342613084199,1.3999999999999999
4.4750000000000005,1.2442130295911815,0.97556424433399791,0.03708881485656821,-0.019200013349442671,-0.065476230200113394,0.042268718587610679,1.3999999999999999
4.4775,1.2466312811907898,0.95903637252856544,0.037213130520350905,0.11866073808113796,-0.065476230200113394,0.042268718587610679,1.3999999999999999
4.4800000000000004,1.2490082035483929,0.94249901630662292,0.037682216292980623,0.25663876972247074,-0.046043932095344971,0.041858602877669765,1.3999999999999999
4.4824999999999999,1.2513493929313195,0.93044826685828863,0.038451303831607081,0.35868296288283041,-0.046043932095344971,0.041858602877669765,1.3999999999999999
4.4850000000000003,1.2536604203080641,0.91836802987987187,0.039475932152775874,0.46108840402904944,-0.022965518921516846,0.049623234492983795,1.3999999999999999
4.4874999999999998,1.2559478906569566,0.9116012809417513,0.04070342923748007,0.52099365977976175,-0.022965518921516846,0.049623234492983795,1.3999999999999999
4.4900000000000002,1.2582183898084518,0.90479024559045085,0.042081347682265777,0.58143561708609948,-0.006399402260164686,0.046521044090712449,1.3999999999999999
4.4924999999999997,1.2604766006107604,0.90176972659601085,0.043572572715309017,0.61164862075119075,-0.006399402260164686,0.046521044090712449,1.3999999999999999
4.4950000000000001,1.2627271940500293,0.89869593436726902,0.0451401246046595,0.64250225349037415,0.056214864622206158,0.050650421259235516,1.3999999999999999
4.4975000000000005,1.264988167323184,0.9100729209867805,0.046640077323812534,0.55757325736292651,0.056214864622206158,0.050650421259235516,1.3999999999999999
4.5,1.2672775132271219,0.92139539175500373,0.047928517972205396,0.47327679863882932,0.10900167901968934,0.052608644675786603,1.3999999999999999
4.5025000000000004,1.269610387597762,0.94489723846490492,0.048884241943165825,0.29137984326277966,0.10900167901968934,0.052608644675786603,1.3999999999999999
4.5049999999999999,1.2720019732064736,0.96836763370024437,0.049385712742760129,0.10983753615209652,0.077512399478335228,0.043426795636329063,1.3999999999999999
4.5075000000000003,1.27444310074323,0.98453356930712865,0.049506705222767441,-0.013034096384878874,0.077512399478335228,0.043426795636329063,1.3999999999999999
4.5099999999999998,1.2769246421659961,1.0007008399304584,0.049320529526070057,-0.13592100448865357,0.042162250863671452,0.044079672210476512,1.3999999999999999
4.5125000000000002,1.2794363831363609,1.0086945647849384,0.048909107813789793,-0.19324703385746628,0.042162250863671452,0.044079672210476512,1.3999999999999999
4.5149999999999997,1.2819681304173409,1.0167068036229776,0.048354114332019062,-0.2507891071514512,0.095634801571337871,0.041094838045760945,1.3999999999999999
4.5175000000000001,1.2845354195326866,1.0371302673579648,0.04753065356394251,-0.40804512585711727,0.095634801571337871,0.041094838045760945,1.3999999999999999
4.5200000000000005,1.287153817480867,1.0575965982674569,0.046313482778355182,-0.56578822850855903,-0.0067062378811711745,0.034278351403403809,1.3999999999999999
4.5225,1.289793809123591,1.0544046787150023,0.044939101897786757,-0.53381228913931156,-0.0067062378811711745,0.034278351403403809,1.3999999999999999
4.5250000000000004,1.2924258795754018,1.0512592036102066,0.043643955843291733,-0.50239498021590112,-0.018750307468441411,0.033531704977331336,1.3999999999999999
4.5274999999999999,1.2950466519323665,1.0453654489941391,0.042454702885014163,-0.44908928029919398,-0.018750307468441411,0.033531704977331336,1.3999999999999999
4.5300000000000002,1.2976527388051626,1.0395100780166422,0.041398122557323905,-0.39624787138008755,-0.040519486255023537,0.033969062926156493,1.3999999999999999
4.5324999999999998,1.300237921411566,1.0286408135973977,0.040523772880658844,-0.30329069385234042,-0.040519486255023537,0.033969062926156493,1.3999999999999999
4.5350000000000001,1.3027959637452533,1.017796595254123,0.039881413794916415,-0.21063987522475935,-0.040429129531823121,0.039759083087016638,1.3999999999999999
4.5375000000000005,1.3053269451120868,1.0069907708233483,0.039470185635354933,-0.11837041337962952,-0.040429129531823121,0.039759083087016638,1.3999999999999999
4.54,1.3078309257806802,0.99619476403194229,0.039289461814227045,-0.02622085363933177,-0.035569564184229276,0.037399073904992107,1.3999999999999999
4.5425000000000004,1.3103093294177273,0.98652793198953459,0.039327749713858481,0.056853774042871591,-0.035569564184229276,0.037399073904992107,1.3999999999999999
4.5449999999999999,1.3127635614743725,0.97685634079645189,0.039573778974215663,0.13998634711894123,-0.010271951294288246,0.042463475202296132,1.3999999999999999
4.5475000000000003,1.3152009340412061,0.97303941073658151,0.039968930309373013,0.17616236086242493,-0.010271951294288246,0.042463475202296132,1.3999999999999999
4.5499999999999998,1.3176287457057951,0.9692070930796951,0.040454744757965524,0.21252316186893455,-0.0032255513732944675,0.040330003699932018,1.3999999999999999
4.5525000000000002,1.3200489962418975,0.96699003529332961,0.041015336461006704,0.23598969813553042,-0.0032255513732944675,0.040330003699932018,1.3999999999999999
4.5549999999999997,1.3224636785228174,0.96475214464995829,0.041634901018093286,0.25970557685515089,-0.0088188715043225705,0.040128425037388171,1.3999999999999999
4.5575000000000001,1.3248711170853422,0.9611946778218835,0.042327104741564085,0.29410578335927878,-0.0088188715043225705,0.040128425037388171,1.3999999999999999
4.5600000000000005,1.3272696305364513,0.95761155882561333,0.043105686765399762,0.32881420775560311,0.031734829865315235,0.046972178672968781,1.3999999999999999
4.5625,1.3296708999003024,0.96339911336313033,0.043877144466689492,0.28840857183707386,0.031734829865315235,0.046972178672968781,1.3999999999999999
4.5650000000000004,1.3320866035802346,0.96915963788315651,0.04454799422706273,0.24832048800746878,0.029348483741234034,0.044785363727465326,1.3999999999999999
4.5674999999999999,1.3345159874576831,0.97434387472142236,0.045124523710166689,0.21294531102108299,0.029348483741234034,0.044785363727465326,1.3999999999999999
4.5700000000000003,1.3369583063811612,0.97950822250734881,0.045612915673212094,0.17780402546992263,0.023419120953778516,0.041652048011146525,1.3999999999999999
4.5724999999999998,1.339411797459487,0.98328208590769517,0.046027491787765745,0.15388700059846033,0.023419120953778516,0.041652048011146525,1.3999999999999999
4.5750000000000002,1.3418747049601405,0.98704172726919537,0.046382490483988077,0.13013776133165705,0.018648785201700206,0.04484139434500805,1.3999999999999999
4.5774999999999997,1.344345614622797,0.9896841288528555,0.0466893880791781,0.11540248455593066,0.018648785201700206,0.04484139434500805,1.3999999999999999
4.5800000000000001,1.3468231167969997,0.99231596053107174,0.046959607099929218,0.10079225162877357,0.043786912865516489,0.042246302624642545,1.3999999999999999
4.5825000000000005,1.3493144659856573,1.0007622674112913,0.047135008753641731,0.039542166148112123,0.043786912865516489,0.042246302624642545,1.3999999999999999
4.585,1.3518269249699806,1.0092047768858956,0.047157354824804459,-0.021663639912479958,0.042204919357374804,0.039090549288919398,1.3999999999999999
4.5875000000000004,1.354360033503651,1.017282860738314,0.047030347557155718,-0.07995163544226544,0.042204919357374804,0.039090549288919398,1.3999999999999999
4.5899999999999999,1.3569133456524167,1.0253685993764876,0.046757522200779791,-0.13832897122708895,0.014768492819803048,0.037271843852309507,1.3999999999999999
4.5925000000000002,1.3594789420510656,1.0271106720309102,0.046402353799871059,-0.14583127343190683,0.014768492819803048,0.037271843852309507,1.3999999999999999
4.5949999999999998,1.362048910059942,1.0288660026998737,0.046028234837606569,-0.15349078469192773,0.03821138172794563,0.037730924051355655,1.3999999999999999
4.5975000000000001,1.3646300734021934,1.0360675067606808,0.045580258783090299,-0.20492323846572236,0.03821138172794563,0.037730924051355655,1.3999999999999999
4.6000000000000005,1.367229263803071,1.0432884632560349,0.045003428965444139,-0.25658332397931083,0.02329736534024357,0.03464722588900402,1.3999999999999999
4.6025,1.3698422157499746,1.0470772290431118,0.044331785666017455,-0.28078011147557852,0.02329736534024357,0.03464722588900402,1.3999999999999999
4.6050000000000004,1.3724646715516866,1.0508919211053667,0.043599273450253523,-0.3052828745341119,0.030881963173086481,0.033703563320505392,1.3999999999999999
4.6074999999999999,1.3750988963735731,1.0564929986390776,0.042787452809253168,-0.34423314786634568,0.030881963173086481,0.033703563320505392,1.3999999999999999
4.6100000000000003,1.3777471633662957,1.0621262643432903,0.041877792374294086,-0.38356185555876188,-0.019575931148339828,0.035492850039029092,1.3999999999999999
4.6124999999999998,1.3803949345495143,1.0560957676693308,0.040986686971388811,-0.32938394357039774,-0.019575931148339828,0.035492850039029092,1.3999999999999999
4.6150000000000002,1.3830276657240683,1.0500934957529642,0.040230588439675918,-0.27554711416306055,0.0042054062610819756,0.036859921627030778,1.3999999999999999
4.6174999999999997,1.3856523149843516,1.0496299522286969,0.039553371985047103,-0.26627419557929632,0.0042054062610819756,0.036859921627030778,1.3999999999999999
4.6200000000000001,1.3882758353437881,1.0491902410823222,0.038898980807499678,-0.25728528725984084,0.0015805666736190323,0.034330692393536325,1.3999999999999999
4.6225000000000005,1.3908975244305548,1.0481647516843569,0.03827282619663102,-0.24368282050381146,0.0015805666736190323,0.034330692393536325,1.3999999999999999
4.625,1.3935166772187828,1.0471610040588304,0.037680350598009442,-0.23033970497539197,-0.019685789846935697,0.036697264699136881,1.3999999999999999
4.6275000000000004,1.3961271804852906,1.0412445433355455,0.037170429403548769,-0.17763262324710324,-0.019685789846935697,0.036697264699136881,1.3999999999999999
4.6299999999999999,1.3987229127177501,1.0353434222981939,0.036792033416755986,-0.12511043330715335,-0.0343745233887039,0.038635220544524354,1.3999999999999999
4.6325000000000003,1.4012996473283048,1.0260454656333144,0.036578965917757847,-0.045358129007942102,-0.0343745233887039,0.038635220544524354,1.3999999999999999
4.6349999999999998,1.403853143237854,1.0167513396059129,0.036565204021675839,0.034347670145628909,-0.045002577042392605,0.039512525118479427,1.3999999999999999
4.6375000000000002,1.4063803198251423,1.0049887672227282,0.036775476987625857,0.13388490441586853,-0.045002577042392605,0.039512525118479427,1.3999999999999999
4.6399999999999997,1.40887807782235,0.99321509378528439,0.037234741540783156,0.23355773071868796,-0.011057869444176971,0.041155745148289014,1.3999999999999999
4.6425000000000001,1.411356220882336,0.98929568168007287,0.037864445442526901,0.27024947409262667,-0.011057869444176971,0.041155745148289014,1.3999999999999999
4.6450000000000005,1.4138245365419007,0.98535264153290847,0.03858622529464293,0.30722489667472902,-0.032066059635647098,0.044445072295426206,1.3999999999999999
4.6475,1.4162768718462242,0.97651075761612049,0.03944973168365095,0.38363910378645388,-0.032066059635647098,0.044445072295426206,1.3999999999999999
4.6500000000000004,1.418707063469101,0.96763664078765566,0.040504747518190366,0.46044536591250357,0.02654846395328702,0.03944138421068704,1.3999999999999999
4.6524999999999999,1.4211320095761129,0.97231337831358755,0.041615976118784523,0.42861847060335639,0.02654846395328702,0.03944138421068704,1.3999999999999999
4.6550000000000002,1.423568597248329,0.97695037752994662,0.042648230224027424,0.39726004105041535,0.022301486532228205,0.044037285629592651,1.3999999999999999
4.6574999999999998,1.4260155002985957,0.98056614265066766,0.043612516263786899,0.37423872220962062,0.022301486532228205,0.044037285629592651,1.3999999999999999
4.6600000000000001,1.4284713992422571,0.98414744144342303,0.044519763072958934,0.35162452628292878,0.084293616103977204,0.040854886718369954,1.3999999999999999
4.6625000000000005,1.4309541668986319,1.0020618471858793,0.04522681121824642,0.2140693094907595,0.084293616103977204,0.040854886718369954,1.3999999999999999
4.665,1.4334816901573055,1.0199542684415341,0.04559031909945406,0.076765473688484381,0.051906993116649543,0.037235030168688232,1.3999999999999999
4.6675000000000004,1.4360445514553164,1.0303341489526427,0.045686012457407062,-0.00020357478071487967,0.051906993116649543,0.037235030168688232,1.3999999999999999
4.6699999999999999,1.438633360918852,1.0407140492772753,0.045589301030557763,-0.077172853365885349,0.050804600587290874,0.035599294361726867,1.3999999999999999
4.6725000000000003,1.4412478086605127,1.0508459997086224,0.045302638650391983,-0.15217861747192443,0.050804600587290874,0.035599294361726867,1.3999999999999999
4.6749999999999998,1.4438876032273189,1.0609927224980382,0.044828264860772182,-0.22735608810669403,0.053712889234813772,0.03588770589318746,1.3999999999999999
4.6775000000000002,1.4465536331322548,1.0718355489293019,0.044158881481623523,-0.30820109708989268,0.053712889234813772,0.03588770589318746,1.3999999999999999
4.6799999999999997,1.4492468059739414,1.0827083786899669,0.043286968987965142,-0.38939458796933851,0.042184411280781868,0.031833503642721771,1.3999999999999999
4.6825000000000001,1.45196386612062,1.0909463971298625,0.042238358561104458,-0.44957160529804663,0.042184411280781868,0.031833503642721771,1.3999999999999999
4.6850000000000005,1.4547015736137625,1.099227203099741,0.041038693978384,-0.5102490366556941,0.0021867785751637507,0.029858004920121139,1.3999999999999999
4.6875,1.4574484493669189,1.0982808614375432,0.039779713164065401,-0.49702474928096835,0.0021867785751637507,0.029858004920121139,1.3999999999999999
4.6900000000000004,1.4601930147635904,1.0973787346588351,0.03855313023090981,-0.48432850854052129,0.0012021497826368924,0.026345982647085875,1.3999999999999999
4.6924999999999999,1.4629350935084919,1.0962913388313917,0.037359933495293172,-0.47031339949519824,0.0012021497826368924,0.026345982647085875,1.3999999999999999
4.6950000000000003,1.465674506346045,1.0952458124853208,0.036201146679960383,-0.45679819763224228,-0.04823458555653734,0.027337712446884588,1.3999999999999999
4.6974999999999998,1.4683970194735882,1.0827702522664928,0.035190649277080689,-0.3516677770104169,-0.04823458555653734,0.027337712446884588,1.3999999999999999
4.7000000000000002,1.4710883818532297,1.0703237857390018,0.034442511398670148,-0.2468930337881225,0.0037341143265400127,0.030381689800081269,1.3999999999999999
4.7024999999999997,1.4737637290996315,1.0699576479247477,0.033834946063379057,-0.23920252904182787,0.0037341143265400127,0.030381689800081269,1.3999999999999999
4.7050000000000001,1.4764381879916348,1.0696129905481164,0.033246285675344989,-0.23176774082142201,-0.0064904360741171651,0.036016389316016098,1.3999999999999999
4.7075000000000005,1.4791088453757095,1.066916144778786,0.032699716235160617,-0.2055264047501506,-0.0064904360741171651,0.036016389316016098,1.3999999999999999
4.71,1.4817727838924422,1.0642375128139758,0.032218472224332294,-0.17950280023503609,-0.01394589185350183,0.032143542466827782,1.3999999999999999
4.7125000000000004,1.4844278832563855,1.0598443143870098,0.031819411155977376,-0.13977406151459884,-0.01394589185350183,0.032143542466827782,1.3999999999999999
4.7149999999999999,1.4870720156942931,1.0554633928176784,0.031519479283481186,-0.10019249532886945,0.018678554599691605,0.034694055653177139,1.3999999999999999
4.7175000000000002,1.4897146729814252,1.0586641320152048,0.03124235701089613,-0.12152536658930688,0.018678554599691605,0.034694055653177139,1.3999999999999999
4.7199999999999998,1.4923653456453212,1.0618760212521359,0.030911742588740718,-0.14299008271243685,-0.0015121079932601256,0.033910873080295903,1.3999999999999999
4.7225000000000001,1.4950182056485679,1.0604139925192029,0.030574318267293565,-0.12697334897976581,-0.0015121079932601256,0.033910873080295903,1.3999999999999999
4.7250000000000005,1.4976674250684985,1.0589633175013791,0.03027676307318717,-0.11109195237657306,-0.023508911543182381,0.032816481345386131,1.3999999999999999
4.7275,1.5003066477557556,1.0524160309303918,0.030070011938930441,-0.054323369951747622,-0.023508911543182381,0.032816481345386131,1.3999999999999999
4.7300000000000004,1.5029295091598867,1.0458734688773101,0.030005098882727718,0.0023883976056283743,-0.034192729636891461,0.036290386114397569,1.3999999999999999
4.7324999999999999,1.5055329148140055,1.0368504727121497,0.030106849309893012,0.079018970881437195,-0.034192729636891461,0.036290386114397569,1.3999999999999999
4.7350000000000003,1.5081137558771656,1.0278207012336185,0.030400261947162145,0.15573139569200467,-0.036242749956166651,0.036351237387075623,1.3999999999999999
4.7374999999999998,1.5106714123886889,1.0183017183639049,0.030890416844706715,0.23642627207543615,-0.036242749956166651,0.036351237387075623,1.3999999999999999
4.7400000000000002,1.5132052476649009,1.0087625708699517,0.031582596672389496,0.31736519021483217,-0.017410416087538672,0.042482129620719289,1.3999999999999999
4.7424999999999997,1.5157206661642508,1.0035672771363326,0.032433646252598605,0.36353396065175647,-0.017410416087538672,0.042482129620719289,1.3999999999999999
4.7450000000000001,1.5182230576379023,0.99834028657654705,0.033400583894229931,0.41008365678213354,0.019277998205988345,0.038902587345064021,1.3999999999999999
4.7475000000000005,1.5207229793474037,1.0015909809039916,0.034398977855044692,0.38870368128406918,0.019277998205988345,0.038902587345064021,1.3999999999999999
4.75,1.5232309828545449,1.0048060465711834,0.035344453513886931,0.36774520006040673,0.013887507330686409,0.037539356707788345,1.3999999999999999
4.7525000000000004,1.5257454182913037,1.006736808018065,0.036250587203365728,0.35722690922195577,0.013887507330686409,0.037539356707788345,1.3999999999999999
4.7549999999999999,1.5282646398207445,1.0086350778491422,0.037130909106270427,0.34709390893787456,0.060698576169003628,0.037047354183588045,1.3999999999999999
4.7575000000000003,1.5308021394791096,1.0213597927127562,0.037877400689719294,0.25015572316698431,0.060698576169003628,0.037047354183588045,1.3999999999999999
4.7599999999999998,1.5333714184277076,1.0340600788289034,0.038381923932415796,0.15350100685986739,0.07554843658356325,0.037074303844613125,1.3999999999999999
4.7625000000000002,1.5359767323915479,1.0501895686789953,0.038610487316663958,0.029367257062999794,0.07554843658356325,0.037074303844613125,1.3999999999999999
4.7649999999999997,1.5386223638245009,1.0663161221626061,0.038528788408129767,-0.094732657511473334,0.050580210377356327,0.032660112814915411,1.3999999999999999
4.7675000000000001,1.5413010822823878,1.0766607887494191,0.038194849135304319,-0.1724437457764923,0.050580210377356327,0.032660112814915411,1.3999999999999999
4.7700000000000005,1.5440056816059129,1.0870220609546573,0.037666408446803162,-0.25034832099335408,0.039877139327646638,0.034706320035273255,1.3999999999999999
4.7725,1.5467331092908745,1.0949244948226193,0.036967789774215082,-0.30859824820767584,0.039877139327646638,0.034706320035273255,1.3999999999999999
4.7750000000000004,1.5494803284039254,1.1028561190491226,0.036123132234897652,-0.36719016324466713,0.024457145071876588,0.029860180309662844,1.3999999999999999
4.7774999999999999,1.552242946873722,1.1072445416019865,0.035167405148667896,-0.39746095968222273,0.024457145071876588,0.029860180309662844,1.3999999999999999
4.7800000000000002,1.5550165816930372,1.1116696644504851,0.034135466475414822,-0.42816494550059736,0.003175510402492298,0.029213822850305896,1.3999999999999999
4.7824999999999998,1.5577951548996329,1.1111952297060861,0.03307575821073646,-0.41967707859109604,0.003175510402492298,0.029213822850305896,1.3999999999999999
4.7850000000000001,1.5605725891810673,1.110758405624102,0.032036707699789078,-0.41163731021298611,-0.043073770704597378,0.030148371364133199,1.3999999999999999
4.7875000000000005,1.5633355592791827,1.0996227940592866,0.031124949143155081,-0.31783176909444866,-0.043073770704597378,0.030148371364133199,1.3999999999999999
4.79,1.5660707255001436,1.0885140006682978,0.0304472774230145,-0.22435195400645241,-0.012107837525499467,0.029934221734303226,1.3999999999999999
4.7925000000000004,1.5687871304091674,1.0846129633760002,0.029930847615999949,-0.18882824889663502,-0.012107837525499467,0.029934221734303226,1.3999999999999999
4.7949999999999999,1.5714938042009305,1.0807285880757818,0.029502969981160268,-0.15350399746031865,-0.053360758657943354,0.03208053508852933,1.3999999999999999
4.7975000000000003,1.5741788134707233,1.0672801884815899,0.029259319407592396,-0.041433026096374989,-0.053360758657943354,0.03208053508852933,1.3999999999999999
4.7999999999999998,1.5768302080359602,1.0538352602135068,0.029295769642174792,0.070595690629662644,-0.021445172141148352,0.036184412116582319,1.3999999999999999
4.8025000000000002,1.5794572462590495,1.0477939086938179,0.029537989719232896,0.12319730174622182,-0.021445172141148352,0.036184412116582319,1.3999999999999999
4.8049999999999997,1.58206916862075,1.0417418064256214,0.029911863767814302,0.17592805883190149,-0.013948764664563424,0.036423274537915766,1.3999999999999999
4.8075000000000001,1.5846681176951491,1.0374145873872824,0.030400317269568235,0.21486907578612,-0.013948764664563424,0.036423274537915766,1.3999999999999999
4.8100000000000005,1.5872562258080769,1.0330684677253645,0.030986397867273037,0.25403657216567832,0.0024188373214044994,0.03550391015196748,1.3999999999999999
4.8125,1.5898381901697882,1.0324991545620625,0.031632592273312214,0.26296499527507877,0.0024188373214044994,0.03550391015196748,1.3999999999999999
4.8150000000000004,1.5924187019160976,1.0319062416459044,0.032301456996177022,0.27217442552954563,0.021484977426410534,0.03659984377103094,1.3999999999999999
4.8174999999999999,1.5950032319627439,1.0357138207521428,0.032949296046952105,0.24614377518081157,0.021484977426410534,0.03659984377103094,1.3999999999999999
4.8200000000000003,1.5975972521410573,1.0394987432266645,0.033532398896482539,0.22038077897438102,0.055227253166208815,0.034616222634297221,1.3999999999999999
4.8224999999999998,1.6002104959965602,1.0510935112158672,0.033972814667374486,0.13198480411333449,0.055227253166208815,0.034616222634297221,1.3999999999999999
4.8250000000000002,1.6028527090929592,1.0626755534604879,0.034192446426505992,0.043737052492751741,0.035609631849185919,0.035469528463727994,1.3999999999999999
4.8274999999999997,1.6055181802058101,1.0697010562445319,0.034237227680177569,-0.0079087560550532773,0.035609631849185919,0.035469528463727994,1.3999999999999999
4.8300000000000001,1.6082012149935516,1.0767273021111869,0.034152895375855329,-0.059563287193064827,0.037330931926882437,0.033328585694449124,1.3999999999999999
4.8325000000000005,1.6109023206490594,1.0841585878155973,0.033935347738041119,-0.11449084176840066,0.037330931926882437,0.033328585694449124,1.3999999999999999
4.835,1.6136220169140398,1.0916006517245955,0.033580335801162778,-0.16954484236929088,-0.008152271599365532,0.028687767060520897,1.3999999999999999
4.8375000000000004,1.616347143609532,1.0885029843462892,0.033193403455396814,-0.14002830934247981,-0.008152271599365532,0.028687767060520897,1.3999999999999999
4.8399999999999999,1.6190645421498684,1.0854176949250731,0.032880070863043592,-0.11065985911702238,0.039484217302967577,0.0341290401869941,1.3999999999999999
4.8425000000000002,1.6217880593093175,1.093398239613953,0.032529047231827077,-0.17018492328332205,0.039484217302967577,0.0341290401869941,1.3999999999999999
4.8449999999999998,1.6245315467184698,1.1013948297147271,0.032028989457532325,-0.22989814525345845,0.010393323431565486,0.029916560502409852,1.3999999999999999
4.8475000000000001,1.6272866114916349,1.1026605076862543,0.0314471143679819,-0.23564368508950684,0.010393323431565486,0.029916560502409852,1.3999999999999999
4.8500000000000005,1.6300448670695864,1.1039475627742423,0.030850559651137366,-0.2416429045454429,0.00086071932908354278,0.030260367825908064,1.3999999999999999
4.8525,1.632803601605624,1.1030435900058868,0.03026089297456256,-0.2301324116006,0.00086071932908354278,0.030260367825908064,1.3999999999999999
4.8550000000000004,1.635560102213325,1.1021602515053028,0.029699692808799676,-0.21886768174904511,-0.030910157314461707,0.032747184878733515,1.3999999999999999
4.8574999999999999,1.6383051996888953,1.0939203686055115,0.029240391188047853,-0.14860545007102316,-0.030910157314461707,0.032747184878733515,1.3999999999999999
4.8600000000000003,1.6410297147368655,1.0856933028950133,0.02895653677426234,-0.078497769692237193,-0.031079042727008815,0.029235838602644695,1.3999999999999999
4.8624999999999998,1.6437336228389361,1.0774338021800764,0.028848227829621653,-0.0081569009066399245,-0.031079042727008815,0.029235838602644695,1.3999999999999999
4.8650000000000002,1.6464168843343348,1.069175005640014,0.028915745199216289,0.062175479600163897,-0.020272963757250493,0.034982924996150681,1.3999999999999999
4.8674999999999997,1.6490826292736016,1.0634196731018171,0.029133978240427797,0.11242622943663891,-0.020272963757250493,0.034982924996150681,1.3999999999999999
4.8700000000000001,1.651733974506701,1.0576545084640563,0.02947797469889972,0.16279500761164542,0.003743398260361846,0.03167270189204905,1.3999999999999999
4.8725000000000005,1.6543778589512554,1.0574505607804008,0.02989213557234726,0.16856326401832103,0.003743398260361846,0.03167270189204905,1.3999999999999999
4.875,1.6570212146636925,1.0572314354923396,0.030320941445425423,0.17451204782190968,-0.0093626882383924474,0.032627424855188394,1.3999999999999999
4.8775000000000004,1.6596602002660912,1.0539542475536716,0.030795386879785832,0.20507777351488984,-0.0093626882383924474,0.032627424855188394,1.3999999999999999
4.8799999999999999,1.6622909707853748,1.0506589190953648,0.031346511119800594,0.23586048298324996,0.048261568663019401,0.037624775780594956,1.3999999999999999
4.8825000000000003,1.6649301955540305,1.0607177582047456,0.031840657231702582,0.15949308834448067,0.048261568663019401,0.037624775780594956,1.3999999999999999
4.8849999999999998,1.6675945469135549,1.0707614009127924,0.03214412457900593,0.083303329264179563,0.024712074900993086,0.032578383295108204,1.3999999999999999
4.8875000000000002,1.6702771640642344,1.0753312836754307,0.032312107992926796,0.051095620694721344,0.024712074900993086,0.032578383295108204,1.3999999999999999
4.8899999999999997,1.672971199393541,1.0798964398373889,0.03239964913394134,0.018943660290187306,0.032852359077317185,0.030952309255040888,1.3999999999999999
4.8925000000000001,1.6756790063201614,1.0863491747470864,0.032387881715413396,-0.028358456662451841,0.032852359077317185,0.030952309255040888,1.3999999999999999
4.8950000000000005,1.6784029474768807,1.0928045611844202,0.032257830874845995,-0.07569174474576143,0.020246592526256491,0.03062989973590995,1.3999999999999999
4.8975,1.6811393779463784,1.0963411576059987,0.032038718240462623,-0.099614234400828047,0.020246592526256491,0.03062989973590995,1.3999999999999999
4.9000000000000004,1.6838846608972702,1.0998869135636311,0.031759669514602858,-0.1236449583834799,-0.004250815566933702,0.028418266028778616,1.3999999999999999
4.9024999999999999,1.6866317146179561,1.0977577379728192,0.03147745074652937,-0.10215004968977505,-0.004250815566933702,0.028418266028778616,1.3999999999999999
4.9050000000000002,1.6893734571657812,1.0956376575789855,0.03124882880773092,-0.08076370117449258,0.00406616229952867,0.029635395313077885,1.3999999999999999
4.9074999999999998,1.6921123219833551,1.095455364962072,0.031054184485438906,-0.074965654214493985,0.00406616229952867,0.029635395313077885,1.3999999999999999
4.9100000000000001,1.6948507396157473,1.0952798231502787,0.030873933634061424,-0.069247897752509835,0.025766205755544988,0.030867163298831348,1.3999999999999999
4.9125000000000005,1.6975950225684733,1.1001478758661007,0.030657326018580257,-0.10405395833217346,0.025766205755544988,0.030867163298831348,1.3999999999999999
4.915,1.7003514870213974,1.1050255608185211,0.030353569194549946,-0.13897360436050837,-0.0051657984327741404,0.032394965966505151,1.3999999999999999
4.9175000000000004,1.7031111856177996,1.1027352106663024,0.030034402540006215,-0.11638233135101755,-0.0051657984327741404,0.032394965966505151,1.3999999999999999
4.9199999999999999,1.7058651717099071,1.1004552236498288,0.029771554470075123,-0.093914750946026151,-0.012823497644151485,0.030329059736220798,1.3999999999999999
4.9225000000000003,1.7086112465894332,1.096405791483017,0.029582588830457179,-0.057271066203458829,-0.012823497644151485,0.030329059736220798,1.3999999999999999
4.9249999999999998,1.7113472048781435,1.0923614127960941,0.029485148735375496,-0.020687872174914364,-0.034971322626289096,0.030182762194196688,1.3999999999999999
4.9275000000000002,1.7140666282203376,1.0831770003209349,0.029530738855463642,0.057163116432001913,-0.034971322626289096,0.030182762194196688,1.3999999999999999
4.9299999999999997,1.7167630857938583,1.0739876850378041,0.029771013672229549,0.1350733291951963,-0.0027244222945986963,0.030694859726708781,1.3999999999999999
4.9325000000000001,1.7194459140686673,1.0722727907627152,0.030131086378629428,0.15301040232504223,-0.0027244222945986963,0.030694859726708781,1.3999999999999999
4.9350000000000005,1.7221244383619141,1.0705442325182486,0.030536201460253234,0.17111042009580818,0.030321712465307148,0.031604065695489479,1.3999999999999999
4.9375,1.7248082107756626,1.0764713799942534,0.03090979898648135,0.12779489483253631,0.030321712465307148,0.031604065695489479,1.3999999999999999
4.9400000000000004,1.7275067853480059,1.0823866297152471,0.031175292636349165,0.08461942554401447,0.036891842611120308,0.029179682552812582,1.3999999999999999
4.9424999999999999,1.7302220435831095,1.0898190669405909,0.031317667066681813,0.029290584417168967,0.036891842611120308,0.029179682552812582,1.3999999999999999
4.9450000000000003,1.7329558783907277,1.0972487533725976,0.03132177246641258,-0.026005961948470838,0.04427854170602312,0.027675543767523059,1.3999999999999999
4.9474999999999998,1.7357104325372243,1.1063955201464024,0.031170404620144247,-0.095099511320769298,0.04427854170602312,0.027675543767523059,1.3999999999999999
4.9500000000000002,1.7384878635007504,1.1155512982558538,0.030846186988326078,-0.16429857004695253,0.017730711961951487,0.02459896897869103,1.3999999999999999
4.9524999999999997,1.7412804989741475,1.1185597408464165,0.030410612910628913,-0.1841921649770398,0.017730711961951487,0.02459896897869103,1.3999999999999999
4.9550000000000001,1.7440806762656149,1.1215850576057551,0.029925059819439843,-0.2042853895353145,0.027053991604496633,0.028344740886640941,1.3999999999999999
4.9575000000000005,1.7468911453124991,1.1267936243098069,0.029367277148266164,-0.24198135877882254,0.027053991604496633,0.028344740886640941,1.3999999999999999
4.96,1.7497146630596647,1.1320245996587355,0.028714932847251406,-0.27994156235175377,0.042527740735345619,0.027558972860174592,1.3999999999999999
4.9625000000000004,1.7525557806751437,1.1408744121443892,0.027931253940756368,-0.34705927909314377,0.042527740735345619,0.027558972860174592,1.3999999999999999
4.9649999999999999,1.7554190623307706,1.149756878529709,0.026979317127986152,-0.41456020641904662,-0.024495854276863554,0.024780602294801637,1.3999999999999999
4.9675000000000002,1.7582851427870387,1.1431130972399035,0.026014296586993037,-0.35752365294242028,-0.024495854276863554,0.024780602294801637,1.3999999999999999
4.9699999999999998,1.7611346538261479,1.1365005285898682,0.025191386418889718,-0.30086205773570524,-0.024196276994202268,0.028106088552715659,1.3999999999999999
4.9725000000000001,1.7639677543271806,1.1299838561099769,0.024509024657062454,-0.24507515924570616,-0.024196276994202268,0.028106088552715659,1.3999999999999999
4.9750000000000005,1.7667845910032667,1.1234886607577816,0.023965795913682662,-0.18954592998316766,-0.058472166869578221,0.031347891933444609,1.3999999999999999
4.9775,1.7695752603394255,1.1090486424134927,0.023641041249629506,-0.070280048312212726,-0.058472166869578221,0.031347891933444609,1.3999999999999999
4.9800000000000004,1.7723298391788347,1.0946145802147398,0.02361433548332955,0.048913603174977754,-0.063502889880820451,0.031111530997077641,1.3999999999999999
4.9824999999999999,1.7750468692496861,1.079007886286975,0.023897379997846357,0.1775413276925048,-0.063502889880820451,0.031111530997077641,1.3999999999999999
4.9850000000000003,1.7777248661528293,1.0633862456683754,0.02450219351700814,0.30635071246575718,-0.044147189789387052,0.034128241811159275,1.3999999999999999
4.9874999999999998,1.7803693978833997,1.052234104194345,0.0253842727272711,0.39937351759771639,-0.044147189789387052,0.034128241811159275,1.3999999999999999
4.9900000000000002,1.7829860082309001,1.0410478323638632,0.026499405152299073,0.49280918172996274,-0.025615606657420742,0.036629486813396443,1.3999999999999999
4.9924999999999997,1.7855799806731616,1.0341225599023436,0.027805550968000817,0.55219848062857546,-0.025615606657420742,0.036629486813396443,1.3999999999999999
4.9950000000000001,1.7881565811395941,1.0271494168467736,0.029260877952348163,0.6121642849539084,0.011401752551175268,0.03618128036851289,1.3999999999999999
4.9975000000000005,1.790726424705487,1.028716270636217,0.030780654648279341,0.6037659770296645,0.011401752551175268,0.03618128036851289,1.3999999999999999
5,1.7933001169873763,1.0302285131465994,0.032280248562880323,0.59601659711139887,0.017006993775561356,0.034886846616098026,1.3999999999999999
5.0025000000000004,1.7958791483033378,1.032987621856946,0.0337482158109422,0.57846292021235124,0.017006993775561356,0.034886846616098026,1.3999999999999999
5.0049999999999999,1.7984650111697307,1.0356940135990935,0.035173083885982989,0.56153416560760794,0.046127487424084859,0.036402938123893301,1.3999999999999999
5.0075000000000003,1.8010660202782292,1.0451049312778091,0.036488589946346545,0.49096827374467111,0.046127487424084859,0.036402938123893301,1.3999999999999999
5.0099999999999998,1.8036904968692045,1.0544690979417488,0.037628380827363694,0.42094910857829654,0.069427383078855751,0.031178523473460708,1.3999999999999999
5.0125000000000002,1.8063450872440385,1.0691971972013392,0.038539492891051665,0.30800997579773121,0.069427383078855751,0.031178523473460708,1.3999999999999999
5.0149999999999997,1.8090364574522966,1.0838948128082384,0.039168724320143365,0.19542319395170299,0.07650873870672445,0.032547857215992515,1.3999999999999999
5.0175000000000001,1.8117665978556585,1.1002152930223994,0.039500315302207843,0.069875115255898457,0.07650873870672445,0.032547857215992515,1.3999999999999999
5.0200000000000005,1.814537528077051,1.1165287645012032,0.03951816712905408,-0.055592277088715003,0.10193324502466986,0.028866749137928929,1.3999999999999999
5.0225,1.8173566163070203,1.1387442814802371,0.039163130816207807,-0.22846482181305014,0.10193324502466986,0.028866749137928929,1.3999999999999999
5.0250000000000004,1.8202312692678522,1.1609835341914641,0.038375617557738349,-0.40160789294837373,0.032014148102442533,0.024999036442778767,1.3999999999999999
5.0274999999999999,1.8231412965195259,1.1670448580562587,0.037317453684698319,-0.44500072154796033,0.032014148102442533,0.024999036442778767,1.3999999999999999
5.0300000000000002,1.8260665281846227,1.1731477367360152,0.036150206631634173,-0.48888237026372638,0.080551957534246835,0.02316184642929027,1.3999999999999999
5.0324999999999998,1.8290211498917253,1.1905588650895613,0.034759573057347865,-0.6237310694078495,0.080551957534246835,0.02316184642929027,1.3999999999999999
5.0350000000000001,1.8320193741481934,1.2080319545982798,0.033030954870035635,-0.75929545061473658,-0.0003132979452771514,0.020390781918830616,1.3999999999999999
5.0375000000000005,1.8350379112098301,1.2068088188518542,0.031150750794825936,-0.74500082319269323,-0.0003132979452771514,0.020390781918830616,1.3999999999999999
5.04,1.8380534733810814,1.2056518548519526,0.02930529163415134,-0.73149720617453318,-0.0070961255512834555,0.016782255306711846,1.3999999999999999
5.0425000000000004,1.8410642561842587,1.20298496712133,0.027508423973991832,-0.70612361131825419,-0.0070961255512834555,0.016782255306711846,1.3999999999999999
5.0449999999999999,1.8440684502375304,1.2003805091854542,0.025774050857268038,-0.68149734137271956,-0.10748646147463316,0.018959697571458968,1.3999999999999999
5.0475000000000003,1.8470370654235646,1.1745192535435629,0.024334367401097342,-0.47034386288417301,-0.10748646147463316,0.018959697571458968,1.3999999999999999
5.0499999999999998,1.8499410777668306,1.1486954947493047,0.023421944579993074,-0.25965462385202526,-0.029382502878594039,0.025272208097648588,1.3999999999999999
5.0525000000000002,1.8528032368623413,1.1410350919164935,0.022853774809419154,-0.19492094212215177,-0.029382502878594039,0.025272208097648588,1.3999999999999999
5.0549999999999997,1.8556462674297804,1.1333917339826816,0.022447169355579211,-0.13039189091777059,-0.069724436401580617,0.030816050074206139,1.3999999999999999
5.0575000000000001,1.8584584915762434,1.1163884328571567,0.022295767556163203,0.0092601240769999427,-0.069724436401580617,0.030816050074206139,1.3999999999999999
5.0600000000000005,1.8612282089440975,1.0993843524252229,0.022493477875435503,0.14892161140780349,-0.068218642448777109,0.027163372599651472,1.3999999999999999
5.0625,1.8639558401003469,1.0827175249475716,0.023036991529384508,0.28592636358187734,-0.068218642448777109,0.027163372599651472,1.3999999999999999
5.0650000000000004,1.8666417765615513,1.0660266927010107,0.02392335307836627,0.42322315344343098,-0.046453759279832099,0.03152437001206905,1.3999999999999999
5.0674999999999999,1.869292262479336,1.0543553295228358,0.025102726840728895,0.52035708348088028,-0.046453759279832099,0.03152437001206905,1.3999999999999999
5.0700000000000003,1.8719135162811549,1.0426396545696535,0.026525585763641234,0.61802773531561572,-0.024011033191903855,0.034786119191037045,1.3999999999999999
5.0724999999999998,1.8745119307408948,1.0360825660601165,0.028141089319013896,0.67448765296829472,-0.024011033191903855,0.034786119191037045,1.3999999999999999
5.0750000000000002,1.877093880428887,1.0294670562729593,0.029898610585983178,0.73165147722937018,0.080151850779875328,0.038570986613464545,1.3999999999999999
5.0774999999999997,1.8796894351826479,1.0469658756533522,0.031557306545023457,0.59543125168771693,0.080151850779875328,0.038570986613464545,1.3999999999999999
5.0800000000000001,1.8823286608851972,1.0644059921859268,0.03287633312998578,0.45989056546874113,0.092941495548180389,0.033946721859532424,1.3999999999999999
5.0825000000000005,1.8850151370363255,1.0847685303149477,0.033827410102831364,0.30104455892081095,0.092941495548180389,0.033946721859532424,1.3999999999999999
5.085,1.8877524781773114,1.1051006400760444,0.034381847239818804,0.14254812140255937,0.094519861801019414,0.031387098171884564,1.3999999999999999
5.0875000000000004,1.8905410859872025,1.1257845592822957,0.034536613193975246,-0.018723331398907167,0.094519861801019414,0.031387098171884564,1.3999999999999999
5.0899999999999999,1.8933814025596476,1.1464703806495566,0.034288212393246281,-0.18001660210489032,0.091088591426288418,0.028316679201982067,1.3999999999999999
5.0925000000000002,1.8962724578463088,1.1663781814594811,0.033644346762738565,-0.33512569504586698,0.091088591426288418,0.028316679201982067,1.3999999999999999
5.0949999999999998,1.8992133216112281,1.1863197509269301,0.032612260313089871,-0.49062308860379794,0.067103208459938973,0.019823104143647786,1.3999999999999999
5.0975000000000001,1.9021971388816412,1.2007429152062197,0.031246634083384236,-0.60198076012123969,0.067103208459938973,0.019823104143647786,1.3999999999999999
5.1000000000000005,1.9052170848386605,1.2152244596503963,0.029601790593645774,-0.71401754190493183,-0.0079977115355209238,0.020314527680549199,1.3999999999999999
5.1025,1.9082515231801398,1.2123365116990394,0.027850891753371115,-0.68682488750918957,-0.0079977115355209238,0.020314527680549199,1.3999999999999999
5.1050000000000004,1.9112788179456499,1.2095092265294547,0.02616706089068168,-0.66035861003475815,-0.040410915743182646,0.020320164529235088,1.3999999999999999
5.1074999999999999,1.9142897086440762,1.1992121318422371,0.024624075630580746,-0.57413604106934779,-0.040410915743182646,0.020320164529235088,1.3999999999999999
5.1100000000000003,1.9172749196333427,1.1889642713126409,0.023295884835312908,-0.48850851135915169,-0.072988116684556376,0.018206063845426425,1.3999999999999999
5.1124999999999998,1.9202251062919433,1.1711908410454739,0.02225706903732325,-0.34261463626451127,-0.072988116684556376,0.018206063845426425,1.3999999999999999
5.1150000000000002,1.9231308977507511,1.1534461010092263,0.02158252050815461,-0.19707011475841379,-0.0928544098452595,0.025328677600762229,1.3999999999999999
5.1174999999999997,1.9259865819654092,1.1311027275258689,0.021317876750918067,-0.014662710948867758,-0.0928544098452595,0.025328677600762229,1.3999999999999999
5.1200000000000001,1.9287864123970306,1.1087605647333658,0.021509194617540556,0.16772988411645551,-0.068903564089131619,0.028000128700774996,1.3999999999999999
5.1225000000000005,1.9315373276799765,1.0919683354395331,0.022100818425389707,0.30560956612753309,-0.068903564089131619,0.028000128700774996,1.3999999999999999
5.125,1.934246232635918,1.0751503844402959,0.023037503031247186,0.44380192179342814,-0.053222677667868354,0.030726097033015612,1.3999999999999999
5.1275000000000004,1.9369176011133478,1.0619373427179373,0.024283646246519915,0.5531981753955717,-0.053222677667868354,0.030726097033015612,1.3999999999999999
5.1299999999999999,1.9395558803139648,1.0486774617587902,0.025803967606765121,0.6631628560478805,-0.024935564177939597,0.036567865763315943,1.3999999999999999
5.1325000000000003,1.9421691522223714,1.0419300633771003,0.027534095145669398,0.72105964292859437,-0.024935564177939597,0.036567865763315943,1.3999999999999999
5.1349999999999998,1.9447654786416895,1.0351202758010085,0.029409892488103977,0.77970846893810175,0.031861817035552339,0.036852236783248497,1.3999999999999999
5.1375000000000002,1.9473611773812967,1.0414270502730638,0.031300983074461268,0.73330168219084935,0.031861817035552339,0.036852236783248497,1.3999999999999999
5.1399999999999997,1.9499725572951785,1.0476659022680486,0.033077068641369493,0.68769625104874299,0.078238345499604234,0.03216371449169269,1.3999999999999999
5.1425000000000001,1.9526129051359551,1.0646021210996113,0.034632084531057296,0.55643501071913581,0.078238345499604234,0.03216371449169269,1.3999999999999999
5.1450000000000005,1.9552955219402057,1.0814831897907429,0.035859774837319155,0.42581114487475924,0.10570754969175153,0.028294397665901118,1.3999999999999999
5.1475,1.9580282511398286,1.1046943887749716,0.03669759378872868,0.24450998267236398,0.10570754969175153,0.028294397665901118,1.3999999999999999
5.1500000000000004,1.9608189727607537,1.1278802434845041,0.037082565643568821,0.063497875597848946,0.17166230477631758,0.027034109024116782,1.3999999999999999
5.1524999999999999,1.9636867709310348,1.1663599569955323,0.036861601742218003,-0.24028753011995099,0.17166230477631758,0.027034109024116782,1.3999999999999999
5.1550000000000002,1.9666507951375096,1.2048667619465441,0.035880876279575084,-0.54437485039493683,0.086001033923830225,0.022171315725863838,1.3999999999999999
5.1574999999999998,1.9696863111685436,1.223556362331722,0.034338636500281523,-0.68953564378158527,0.086001033923830225,0.022171315725863838,1.3999999999999999
5.1600000000000001,1.9727686343184989,1.2423147990287042,0.032432536337669488,-0.83549047383549246,0.048153222959495631,0.017054211962568001,1.3999999999999999
5.1625000000000005,1.9758869727674748,1.252369684275408,0.030248561632775589,-0.91185039054410955,0.048153222959495631,0.017054211962568001,1.3999999999999999
5.165,1.9790305541930635,1.2625103160443414,0.027872444958881425,-0.98921766972248937,-0.0050076994475588121,0.011847770850261275,1.3999999999999999
5.1675000000000004,1.9821841704869447,1.2603970906417945,0.025425477690163682,-0.96852848382550338,-0.0050076994475588121,0.011847770850261275,1.3999999999999999
5.1699999999999999,1.9853326108359304,1.2583692993029834,0.023028949229723171,-0.94886335210737716,-0.074696754240537469,0.012590569034935606,1.3999999999999999
5.1725000000000003,1.9884558512060977,1.240235078247546,0.020842827868671733,-0.80018147521494742,-0.074696754240537469,0.012590569034935606,1.3999999999999999
5.1749999999999998,1.9915338418322563,1.2221675715025431,0.019027363356745139,-0.65231372942964994,-0.088884933776382485,0.018794077324035666,1.3999999999999999
5.1775000000000002,1.9945626141438912,1.200858161486454,0.017613795564564251,-0.47863656096388174,-0.088884933776382485,0.018794077324035666,1.3999999999999999
5.1799999999999997,1.997538166147,1.1795889499579628,0.016633772918821347,-0.30544848945624092,-0.091984809960167113,0.021080001913503722,1.3999999999999999
5.1825000000000001,2.0004596800196901,1.1576251933920136,0.016093523048135591,-0.12678836812652852,-0.091984809960167113,0.021080001913503722,1.3999999999999999
5.1850000000000005,2.0033263010580291,1.1356721673127135,0.015999722574835999,0.051741561121024515,-0.055973772117782837,0.026243199223453063,1.3999999999999999
5.1875,2.0061484970446872,1.1220830667790753,0.016268270943401515,0.16311584355909245,-0.055973772117782837,0.026243199223453063,1.3999999999999999
5.1900000000000004,2.0089367045916728,1.1084798072024074,0.01681544378699356,0.27466051279711801,-0.070912223950815326,0.027735099174645606,1.3999999999999999
5.1924999999999999,2.011686537474608,1.0913815910065008,0.017676657265472552,0.41436963244063396,-0.070912223950815326,0.027735099174645606,1.3999999999999999
5.1950000000000003,2.0143935831020277,1.0742480468896871,0.01888764838758708,0.55450644447344444,-0.049805502054135496,0.03706518844595548,1.3999999999999999
5.1974999999999998,2.0170638679556787,1.0619711623673611,0.020400439889036875,0.65583149271719232,-0.049805502054135496,0.03706518844595548,1.3999999999999999
5.2000000000000002,2.0197033920577763,1.0496380532368224,0.022167372257713615,0.75783622675579509,0.0002083329602886254,0.033577920194777212,1.3999999999999999
5.2024999999999997,2.0223265249259814,1.0488568941188074,0.024073664082974421,0.76733265999711098,0.0002083329602886254,0.033577920194777212,1.3999999999999999
5.2050000000000001,2.0249476194741391,1.0480072643133156,0.026004716625618082,0.77764644339747258,0.043888006874702366,0.037977738366777827,1.3999999999999999
5.2075000000000005,2.0275791811290955,1.0572304815021123,0.027860781420668508,0.70734157292337962,0.043888006874702366,0.037977738366777827,1.3999999999999999
5.21,2.0302337166354851,1.0663873999414955,0.029542073893788944,0.63781603831605271,0.044739508333664788,0.032151975854781821,1.3999999999999999
5.2125000000000004,2.0329113152209275,1.075682001458506,0.031048464498543055,0.56740751438495451,0.044739508333664788,0.032151975854781821,1.3999999999999999
5.2149999999999999,2.0356120820125909,1.0849230438384958,0.032379634831364218,0.49762707275120061,0.069605036244661911,0.030577913884013031,1.3999999999999999
5.2175000000000002,2.0383431041885536,1.0998875251828175,0.03347914298529267,0.38206263975972465,0.069605036244661911,0.030577913884013031,1.3999999999999999
5.2199999999999998,2.0411114884406611,1.1148145694010829,0.034290309714936136,0.26693224201087334,0.062159316818892835,0.027935683717801175,1.3999999999999999
5.2225000000000001,2.043914995675765,1.1279877061118704,0.034831396518551862,0.16597799525374834,0.062159316818892835,0.027935683717801175,1.3999999999999999
5.2250000000000005,2.0467514134961444,1.1411446721677068,0.03512035615393095,0.065211515847145213,0.097115098667642341,0.024875703643636449,1.3999999999999999
5.2275,2.0496308515699129,1.1624060878093729,0.035076117677859314,-0.10060574339075037,0.097115098667642341,0.024875703643636449,1.3999999999999999
5.2300000000000004,2.0525634524945287,1.183677772511041,0.034617229399790839,-0.26654063132736738,0.073456915784343324,0.025634605006053704,1.3999999999999999
5.2324999999999999,2.0555424009375467,1.1994863700289584,0.033798252566136569,-0.38870316899828405,0.073456915784343324,0.025634605006053704,1.3999999999999999
5.2350000000000003,2.0585609162615097,1.2153332658820792,0.032673344135024825,-0.51130900774443266,0.015003705073256319,0.020963808715086452,1.3999999999999999
5.2374999999999998,2.0616021505400797,1.2176620176005213,0.031377391129246542,-0.52554661922485557,0.015003705073256319,0.020963808715086452,1.3999999999999999
5.2400000000000002,2.0646492661907079,1.2200385828822011,0.030045138533808406,-0.54035128625246909,0.0047491737723711364,0.017875482068099104,1.3999999999999999
5.2424999999999997,2.0676994086021399,1.2200834082956185,0.028699044115248012,-0.53662024243184525,0.0047491737723711364,0.017875482068099104,1.3999999999999999
5.2450000000000001,2.0707497234162799,1.2201764588104951,0.027361558904753475,-0.53346334923982197,-0.064297411740629404,0.016895924167468147,1.3999999999999999
5.2475000000000005,2.0737802893384045,1.2042827539328949,0.026192187556474192,-0.40211279759223989,-0.064297411740629404,0.016895924167468147,1.3999999999999999
5.25,2.0767711650933607,1.1884225341472259,0.0253506544775833,-0.27117075761690002,-0.0625748700954529,0.018518170033323345,1.3999999999999999
5.2525000000000004,2.0797229209585018,1.1729850601573593,0.024832087997545115,-0.14371773306116342,-0.0625748700954529,0.018518170033323345,1.3999999999999999
5.2549999999999999,2.0826361004573926,1.1575596611846994,0.024631943435219798,-0.016411560560456562,-0.024013261507522209,0.023402014140207528,1.3999999999999999
5.2575000000000003,2.0855219149912827,1.1510918012354934,0.024660119249290631,0.038954186950265438,-0.024013261507522209,0.023402014140207528,1.3999999999999999
5.2599999999999998,2.0883915566164073,1.1446205247451973,0.024826748516338919,0.094360910033202489,0.009897098077546216,0.026143668310384463,1.3999999999999999
5.2625000000000002,2.0912548547710661,1.1460166288310638,0.025052955006962238,0.086620533504126893,0.009897098077546216,0.026143668310384463,1.3999999999999999
5.2649999999999997,2.0941216332029327,1.1474048630224571,0.025259928962451814,0.078973500050532261,0.020613245670098489,0.025078938963097278,1.3999999999999999
5.2675000000000001,2.0969949838733819,1.1512746749804927,0.025422912915838144,0.051425462790575832,0.020613245670098489,0.025078938963097278,1.3999999999999999
5.2700000000000005,2.0998780026406894,1.1551397618468959,0.025517102810994893,0.023933273252039484,0.020174727324746566,0.021663165122623163,1.3999999999999999
5.2725,2.1027705535553221,1.1589008074357583,0.025543623157278445,-0.0027150762525932348,0.020174727324746566,0.021663165122623163,1.3999999999999999
5.2750000000000004,2.10567250688575,1.1626621023952157,0.025503524972407272,-0.029366373509627598,0.027713913803321145,0.026181610137721491,1.3999999999999999
5.2774999999999999,2.108586054840305,1.1681770284613699,0.025379190172056407,-0.070110514092728449,0.027713913803321145,0.026181610137721491,1.3999999999999999
5.2800000000000002,2.1115133974354299,1.1736984437132638,0.025152908633961722,-0.11093118057682896,0.050089034420883971,0.024672675526355037,1.3999999999999999
5.2824999999999998,2.1144610510772091,1.1844268705989318,0.024772272511972858,-0.19360584134894146,0.050089034420883971,0.024672675526355037,1.3999999999999999
5.2850000000000001,2.1174355470450363,1.1951736056394393,0.024184700678076803,-0.27649500809797967,0.0077426300910462473,0.019340999379769366,1.3999999999999999
5.2875000000000005,2.1204246466019421,1.1961102456594661,0.023488270928269508,-0.28069872640327648,0.0077426300910462473,0.019340999379769366,1.3999999999999999
5.29,2.1234161194621302,1.1970723144879705,0.022780955477969645,-0.28520435320446441,-0.00042876704000384879,0.014603019898625381,1.3999999999999999
5.2925000000000004,2.1264076570998998,1.1961619914149177,0.022081046953999206,-0.27477239638060214,-0.00042876704000384879,0.014603019898625381,1.3999999999999999
5.2949999999999999,2.1293969500113366,1.1952763810817195,0.021406848459159772,-0.26463451005348293,-0.02621984686150574,0.021432514533823135,1.3999999999999999
5.2975000000000003,2.1323765696082959,1.1884227505952918,0.020817782241585012,-0.2066598563430263,-0.02621984686150574,0.021432514533823135,1.3999999999999999
5.2999999999999998,2.1353390789194711,1.1815873073675529,0.020373367605206697,-0.14890310523625991,0.0098340252414874513,0.016731255472282935,1.3999999999999999
5.3025000000000002,2.1382949870052381,1.1831414895140113,0.019989053927235611,-0.1585754512817025,0.0098340252414874513,0.016731255472282935,1.3999999999999999
5.3049999999999997,2.1412547983745323,1.184710081898863,0.019580347934501717,-0.16841870932657943,-0.029801105720042544,0.023245875144716346,1.3999999999999999
5.3075000000000001,2.144207039662255,1.1770849489784023,0.019239248399642642,-0.10448489073143255,-0.029801105720042544,0.023245875144716346,1.3999999999999999
5.3100000000000005,2.1471402307817034,1.16946901139878,0.019057831683997589,-0.040661237472191192,-0.0067847074482013979,0.024491766054989175,1.3999999999999999
5.3125,2.1500610720503754,1.1672044557649235,0.018982225144330872,-0.019829379279524793,-0.0067847074482013979,0.024491766054989175,1.3999999999999999
5.3150000000000004,2.1529762545428497,1.1649416791482732,0.018958667136582757,0.00098129489824322,-0.051536508312151674,0.025335647840741007,1.3999999999999999
5.3174999999999999,2.1558727836912408,1.1522808737136296,0.019091507641379159,0.10530033528226479,-0.051536508312151674,0.025335647840741007,1.3999999999999999
5.3200000000000003,2.1587376513248917,1.1396109652437967,0.019485260221448027,0.20972906125959268,-0.015601326646799731,0.027672178119653435,1.3999999999999999
5.3224999999999998,2.1615812590449854,1.1352718236517281,0.020056527830321823,0.2473254727162435,-0.015601326646799731,0.027672178119653435,1.3999999999999999
5.3250000000000002,2.1644139921222547,1.1309106956061976,0.020722106392488417,0.2851844712912916,-0.0552544234009874,0.031326779946970196,1.3999999999999999
5.3274999999999997,2.1672242771436032,1.1173124563897394,0.021575170709342312,0.39732580998755995,-0.0552544234009874,0.031326779946970196,1.3999999999999999
5.3300000000000001,2.1700005261370543,1.103680299300154,0.022709077484136395,0.5098775882634442,-0.029169094565396392,0.030719174642317972,1.3999999999999999
5.3325000000000005,2.1727502157966563,1.0960635638861607,0.024064178570826881,0.57429786513492065,-0.029169094565396392,0.030719174642317972,1.3999999999999999
5.335,2.1754808023721015,1.0883969258631216,0.025581067247336404,0.63931869477719216,-0.014712092852130151,0.032866890577237129,1.3999999999999999
5.3375000000000004,2.17819635054239,1.0840319692910934,0.027227630772594331,0.67804776876268957,-0.014712092852130151,0.032866890577237129,1.3999999999999999
5.3399999999999999,2.1809009126665955,1.0796075467539128,0.028971900751084585,0.71749048397426085,0.024192025075607693,0.028198035013284307,1.3999999999999999
5.3425000000000002,2.1836056246109519,1.0841512860119424,0.03072506461001779,0.6851674782829521,0.024192025075607693,0.028198035013284307,1.3999999999999999
5.3449999999999998,2.1863216166881623,1.0886321298847714,0.032398358126479454,0.65358851742243607,0.079058708479917181,0.030072099577842938,1.3999999999999999
5.3475000000000001,2.1890646504313049,1.1057851929896352,0.033865807983598215,0.52048323327462509,0.079058708479917181,0.030072099577842938,1.3999999999999999
5.3500000000000005,2.1918504996691985,1.1228866778639321,0.035001271038037282,0.38797404542071534,0.12128660297124083,0.028069213171298204,1.3999999999999999
5.3525,2.1946912979773345,1.1497470084265755,0.035707722078883099,0.17724310755469702,0.12128660297124083,0.028069213171298204,1.3999999999999999
5.3550000000000004,2.1975992191332931,1.1765886495025843,0.035887663362840924,-0.03327570750974046,0.12683694093677897,0.020713597032395881,1.3999999999999999
5.3574999999999999,2.2005758537609408,1.20472159759368,0.035528386748689883,-0.2541744052890037,0.12683694093677897,0.020713597032395881,1.3999999999999999
5.3600000000000003,2.2036228495956331,1.2328815055573541,0.03461653669753223,-0.47537860250897623,0.071861908057992391,0.018399519286261136,1.3999999999999999
5.3624999999999998,2.2067243567831034,1.2483330004216877,0.033279055575651841,-0.59470776109330092,0.071861908057992391,0.018399519286261136,1.3999999999999999
5.3650000000000002,2.2098645631480172,1.2638427532434422,0.031642434846190233,-0.71471257552508871,0.057827221185800602,0.015242681922098456,1.3999999999999999
5.3674999999999997,2.2130395562483334,1.2761638597810836,0.029737517752780437,-0.80936290748668416,0.057827221185800602,0.015242681922098456,1.3999999999999999
5.3700000000000001,2.2162454467114965,1.2885620840676386,0.027594868517201665,-0.90491541800962672,-0.025101947245276184,0.010243016615381517,1.3999999999999999
5.3725000000000005,2.2194583660647269,1.2817860022911238,0.025405404420958257,-0.8468079363832266,-0.025101947245276184,0.010243016615381517,1.3999999999999999
5.375,2.2226544378082798,1.275083225994089,0.023360092440279114,-0.78958418062126023,-0.0074999476641258774,0.013981684343385405,1.3999999999999999
5.3775000000000004,2.2258389503416454,1.2725382903981681,0.021415751306334326,-0.76602617485518332,-0.0074999476641258774,0.013981684343385405,1.3999999999999999
5.3799999999999999,2.229017185898452,1.2700613259049542,0.019529284260292459,-0.74328100241427875,-0.050775189798370382,0.0085845695148050408,1.3999999999999999
5.3825000000000003,2.2321767436587314,1.257594800551465,0.017799623304163903,-0.64056754216336198,-0.050775189798370382,0.0085845695148050408,1.3999999999999999
5.3849999999999998,2.2353052059597096,1.2451835435799972,0.016325890947719694,-0.53852081170714117,-0.090690302454869365,0.016926701506319586,1.3999999999999999
5.3875000000000002,2.2383911060922279,1.2235429179916204,0.015199664860986116,-0.36253718444821298,-0.090690302454869365,0.016926701506319586,1.3999999999999999
5.3899999999999997,2.2414229462050375,1.2019330710569485,0.014512894058505104,-0.18692667085163456,-0.057251385606776374,0.019313791131972648,1.3999999999999999
5.3925000000000001,2.2444104983591724,1.1881105484758674,0.01418685852396416,-0.073924539084629648,-0.057251385606776374,0.019313791131972648,1.3999999999999999
5.3950000000000005,2.2473635043233289,1.1742944770524069,0.014143206785744938,0.039000095209019842,-0.063201521486831475,0.020130005559219556,1.3999999999999999
5.3975,2.2502802394601904,1.1590921687130322,0.014395774638811556,0.16307179211367401,-0.063201521486831475,0.020130005559219556,1.3999999999999999
5.4000000000000004,2.2531589533618446,1.1438756960887742,0.014958707768233638,0.28731390466679418,-0.064668044814893869,0.022925060701670243,1.3999999999999999
5.4024999999999999,2.2559991712121543,1.1282935307848427,0.015836015114455905,0.4145928817393893,-0.064668044814893869,0.022925060701670243,1.3999999999999999
5.4050000000000002,2.258800391233331,1.1126756307650389,0.017032031437080732,0.54230294919852862,-0.0087573795616276567,0.026346984098923956,1.3999999999999999
5.4074999999999998,2.2615787489626054,1.1100023071961518,0.018417587316845122,0.56624013527361006,-0.0087573795616276567,0.026346984098923956,1.3999999999999999
5.4100000000000001,2.2643503606829869,1.1072784761813734,0.019863734393047255,0.5907801050085566,0.022703443512724922,0.027757373226569237,1.3999999999999999
5.4125000000000005,2.2671242331861614,1.1118107758405027,0.021298644233570835,0.55725138145337205,0.022703443512724922,0.027757373226569237,1.3999999999999999
5.415,2.2699093720623997,1.1162920715655438,0.022650494429886422,0.5243264652363322,0.043480454939485699,0.026691409046356918,1.3999999999999999
5.4175000000000004,2.2727116856897887,1.1255512124372236,0.02387230836380129,0.45321426097520617,0.043480454939485699,0.026691409046356918,1.3999999999999999
5.4199999999999999,2.275537092764619,1.1347679191134596,0.024916981363590732,0.38260084546073803,0.014802983948917794,0.027672987618358416,1.3999999999999999
5.4225000000000003,2.2783771707615448,1.1372887936398639,0.025852513636427533,0.36589234306682622,0.014802983948917794,0.027672987618358416,1.3999999999999999
5.4249999999999998,2.2812235089406951,1.1397763146173041,0.026746772428998086,0.34957909662793824,0.10161262602645167,0.022532487139560534,1.3999999999999999
5.4275000000000002,2.2841012216101482,1.1623894723722819,0.027398396833903393,0.17177052597366244,0.10161262602645167,0.022532487139560534,1.3999999999999999
5.4299999999999997,2.2870354419569643,1.1849854178523358,0.027605790255734331,-0.0058398179504300096,0.059229971519983507,0.02218395395029911,1.3999999999999999
5.4325000000000001,2.2900138481712435,1.1977404349053464,0.027467970370689234,-0.10442637080636377,0.059229971519983507,0.02218395395029911,1.3999999999999999
5.4350000000000005,2.2930241524774018,1.2105054667046875,0.027083561037559895,-0.20312975989810378,0.036711200800181136,0.021991501542883207,1.3999999999999999
5.4375,2.2960598554889158,1.2180605502044948,0.026504619245868114,-0.26006609239029554,0.036711200800181136,0.021991501542883207,1.3999999999999999
5.4400000000000004,2.2991144754753816,1.2256399313676152,0.025782992475378623,-0.31728816332797399,0.04139571917760268,0.016033399877089384,1.3999999999999999
5.4424999999999999,2.3021894396993003,1.2343369205316008,0.024906967924611001,-0.38359578211546663,0.04139571917760268,0.016033399877089384,1.3999999999999999
5.4450000000000003,2.3052861900060129,1.2430698248579641,0.023864661809511783,-0.45032553169923634,-0.002361305200315942,0.016571733228259045,1.3999999999999999
5.4474999999999998,2.3083921195255925,1.2416804040884091,0.022756950091865083,-0.43592265630724047,-0.002361305200315942,0.016571733228259045,1.3999999999999999
5.4500000000000002,2.3114946245695118,1.2403300383300975,0.021684660751492738,-0.42198515326938452,-0.024456605927913985,0.016592891844124491,1.3999999999999999
5.4524999999999997,2.3145873851958836,1.2338842471536904,0.020698174041337433,-0.3672735415047102,-0.024456605927913985,0.016592891844124491,1.3999999999999999
5.4550000000000001,2.3176640727497797,1.2274707912077718,0.019847970225939301,-0.31294933835811101,-0.037316386360947203,0.019415172994213692,1.3999999999999999
5.4575000000000005,2.3207210275350665,1.2180970244486562,0.019163144077000642,-0.23495947322722902,-0.037316386360947203,0.019415172994213692,1.3999999999999999
5.46,2.3237545749868667,1.2087437961063137,0.018672967363644981,-0.15721621695958543,-0.03857934040925122,0.018847710480428704,1.3999999999999999
5.4625000000000004,2.3267643911891049,1.1991108755776967,0.018379871066246539,-0.07728134402495139,-0.03857934040925122,0.018847710480428704,1.3999999999999999
5.4649999999999999,2.3297501350013774,1.1894847193905165,0.018286492998340426,0.0025723478559250001,-0.068650193950228547,0.023578400804775048,1.3999999999999999
5.4675000000000002,2.3327030811881913,1.1728712254375959,0.018462872712339248,0.13854357379530527,-0.068650193950228547,0.023578400804775048,1.3999999999999999
5.4699999999999998,2.3356144812698982,1.1562459031799888,0.018979330131148109,0.27465790215123043,-0.0025324525720308555,0.02462472417527424,1.3999999999999999
5.4725000000000001,2.3385034923379648,1.1549587386562736,0.019682195881946953,0.2876848336083942,-0.0025324525720308555,0.02462472417527424,1.3999999999999999
5.4750000000000005,2.3413892534174203,1.1536457170598013,0.020418010740413658,0.30101952061847287,-0.0020211938542320138,0.025204240733421469,1.3999999999999999
5.4775,2.3442718468508694,1.1524244273473743,0.021186369466201171,0.31372224484150157,-0.0020211938542320138,0.025204240733421469,1.3999999999999999
5.4800000000000004,2.347151352073265,1.1511749582059345,0.021986901498683896,0.32676043841396302,-0.011222288909846521,0.024810511497931412,1.3999999999999999
5.4824999999999999,2.3500250256677049,1.1477588467792961,0.022841916831821296,0.35731237789613074,-0.011222288909846521,0.024810511497931412,1.3999999999999999
5.4850000000000003,2.3528901198373964,1.1443109693912072,0.023773779538314423,0.38824372615977543,0.027740675241632089,0.024875426110243848,1.3999999999999999
5.4874999999999998,2.3557578630946949,1.1498779804223933,0.024692643464186557,0.34691417671789126,0.027740675241632089,0.024875426110243848,1.3999999999999999
5.4900000000000002,2.3586394830371598,1.1554129460115294,0.025508665557239484,0.30596282254161783,0.022424005632829012,0.025764832410836339,1.3999999999999999
5.4924999999999997,2.3615333609688935,1.159684945408439,0.026235128724930001,0.27526034580891756,0.022424005632829012,0.025764832410836339,1.3999999999999999
5.4950000000000001,2.3644378866659803,1.1639316246973466,0.026885216590276522,0.24485706111574779,0.030505358522076621,0.025991190288140922,1.3999999999999999
5.4975000000000005,2.3673553458654526,1.1700322947978568,0.027440800719171998,0.19965076957462413,0.030505358522076621,0.025991190288140922,1.3999999999999999
5.5,2.3702880326846509,1.1761144169388216,0.027883652497964567,0.15466296964909998,0.015383815651902501,0.023200812030825468,1.3999999999999999
5.5025000000000004,2.3732315173875955,1.1786711170393478,0.028249497207981488,0.13803918297764162,0.015383815651902501,0.023200812030825468,1.3999999999999999
5.5049999999999999,2.3761813777605689,1.181215204814599,0.028573972843913296,0.12156472774850254,0.014025559887485127,0.024175002241488209,1.3999999999999999
5.5075000000000003,2.3791371899850655,1.1834328315602942,0.028860595614002955,0.10775413789217213,0.014025559887485127,0.024175002241488209,1.3999999999999999
5.5099999999999998,2.3820985337272189,1.185640627987202,0.029112840562128865,0.094059993668565892,0.047499297029853393,0.021837233620469187,1.3999999999999999
5.5125000000000002,2.3850750997683665,1.1956113180452945,0.029252979381785841,0.018061440835392753,0.047499297029853393,0.021837233620469187,1.3999999999999999
5.5149999999999997,2.3880765888890765,1.2055802936681699,0.029203164481172123,-0.057917049173135712,0.074472684546709148,0.02225214256012438,1.3999999999999999
5.5175000000000001,2.3911108334226179,1.2218173072155245,0.028900485609439638,-0.18424894157105515,0.074472684546709148,0.02225214256012438,1.3999999999999999
5.5200000000000005,2.3941856904360157,1.2380723323971699,0.028281745650043395,-0.31078977538153629,0.071558670429864482,0.015668076278222975,1.3999999999999999
5.5225,2.3973003746053734,1.2536810147807456,0.027353034792566705,-0.43224879697819729,0.071558670429864482,0.015668076278222975,1.3999999999999999
5.5250000000000004,2.4004541304220903,1.2693315895580399,0.026120095571001034,-0.55419512756196965,0.048335733842936171,0.014478624679890029,1.3999999999999999
5.5274999999999999,2.4036403356303579,1.2796418871736039,0.024635675931817116,-0.63344987899830685,0.048335733842936171,0.014478624679890029,1.3999999999999999
5.5300000000000002,2.4068523894296727,1.2900116724354331,0.022952263887987847,-0.71340340889220766,0.0062671890881212753,0.01093736427838643,1.3999999999999999
5.5324999999999998,2.410078234291293,1.2906749257975878,0.02116610083235345,-0.71565454355554581,0.0062671890881212753,0.01093736427838643,1.3999999999999999
5.5350000000000001,2.4133058176973656,1.2914025511117944,0.019373352544391001,-0.71867209565708712,-0.016175609929597372,0.0134065239273369,1.3999999999999999
5.5375000000000005,2.4165287828341309,1.286979871734282,0.017624444971060985,-0.68057740312003812,-0.016175609929597372,0.0134065239273369,1.3999999999999999
5.54,2.4197407672861386,1.2826174726586543,0.015969864607056388,-0.64320387193049056,-0.055187678001611451,0.012041730724544997,1.3999999999999999
5.5425000000000004,2.4229305855520344,1.2692456431133248,0.014498867402654422,-0.53369629683919961,-0.055187678001611451,0.012041730724544997,1.3999999999999999
5.5449999999999999,2.42608703417002,1.2559202135191223,0.013300917891293848,-0.42474700255017062,-0.10891523166284466,0.01625486664491671,1.3999999999999999
5.5475000000000003,2.429194609234143,1.2301443731157573,0.012500115728756927,-0.21594969415850859,-0.10891523166284466,0.01625486664491671,1.3999999999999999
5.5499999999999998,2.4322377713600587,1.2043869152322864,0.012220983863357123,-0.0073750110959289739,-0.090580381860190254,0.018571870569101766,1.3999999999999999
5.5525000000000002,2.4352218708345093,1.1828915184734705,0.012420455422443653,0.16696607894128312,-0.090580381860190254,0.018571870569101766,1.3999999999999999
5.5549999999999997,2.4381522169731875,1.161381751072464,0.013055958793631023,0.3414805794705682,-0.014397407026489957,0.023415734965349502,1.3999999999999999
5.5575000000000001,2.4410508860438371,1.1575481694240604,0.013950413836241701,0.37414705720401148,-0.014397407026489957,0.023415734965349502,1.3999999999999999
5.5600000000000005,2.443939929938626,1.1536811274008396,0.014927026482140678,0.40721244799064304,-0.030790146276926309,0.023715894063285781,1.3999999999999999
5.5625,2.4468144997758112,1.1459682803178939,0.016025078812112778,0.47130677879531213,-0.030790146276926309,0.023715894063285781,1.3999999999999999
5.5650000000000004,2.4496697367202773,1.1382138880243842,0.017283975041727684,0.53589873249984776,0.032317484651930885,0.025751233999032654,1.3999999999999999
5.5674999999999999,2.4525238583560309,1.1450755995585125,0.018557847303669057,0.48329148420377915,0.032317484651930885,0.025751233999032654,1.3999999999999999
5.5700000000000003,2.4553950775972493,1.1518927630176452,0.019700870911674235,0.43121041588381698,0.025077030546181652,0.026508192880943773,1.3999999999999999
5.5724999999999998,2.4582811864257619,1.1569879910589198,0.020731176417359595,0.39310858025387896,0.025077030546181652,0.026508192880943773,1.3999999999999999
5.5750000000000002,2.4611799874521294,1.1620470956416658,0.021666769643635925,0.35543377838223261,0.070119726942966129,0.025382228225067638,1.3999999999999999
5.5774999999999997,2.4641044731097703,1.1775367247169934,0.022403638425909502,0.23411617237988194,0.070119726942966129,0.025382228225067638,1.3999999999999999
5.5800000000000001,2.4670676523676063,1.193003904515042,0.022837568777044528,0.11306049896425895,0.08530231169445758,0.022560056083603876,1.3999999999999999
5.5825000000000005,2.4700738917277358,1.211986959553865,0.022933646498821427,-0.036191074646217389,0.08530231169445758,0.022560056083603876,1.3999999999999999
5.585,2.4731275901029584,1.2309735386626133,0.022656579289949415,-0.18548357556386896,0.046120298040880144,0.018834578803287119,1.3999999999999999
5.5875000000000004,2.4762173977214341,1.2408760559064889,0.022097415937841366,-0.26188820141724689,0.046120298040880144,0.018834578803287119,1.3999999999999999
5.5899999999999999,2.4793319908571547,1.250803143371334,0.021346897809672513,-0.338581407655976,0.029305627713077875,0.014879203013697651,1.3999999999999999
5.5925000000000002,2.4824665571190851,1.2568554235529104,0.020443410299185588,-0.38427421278504681,0.029305627713077875,0.014879203013697651,1.3999999999999999
5.5949999999999998,2.4856162975015241,1.2629431380093787,0.019425178075139115,-0.43038545314583693,-0.02798881729737239,0.014846506210457756,1.3999999999999999
5.5975000000000001,2.488764666243104,1.2557577244630171,0.018424723395307492,-0.37004862360509844,-0.02798881729737239,0.014846506210457756,1.3999999999999999
5.6000000000000005,2.4918951132878586,1.2486049093823235,0.017574609567454904,-0.31010228734935963,-0.012237055763565695,0.013953770052732507,1.3999999999999999
5.6025,2.4950122886796473,1.2451397971840676,0.016837196382523619,-0.27988064418538883,-0.012237055763565695,0.013953770052732507,1.3999999999999999
5.6050000000000004,2.4981208331234099,1.2416997065774502,0.016174957774408007,-0.24995731306578545,-0.053552392896629969,0.015007838160325471,1.3999999999999999
5.6074999999999999,2.5012088050619257,1.2286806956795651,0.015683567339113327,-0.14318931956303455,-0.053552392896629969,0.015007838160325471,1.3999999999999999
5.6100000000000003,2.5042642469950489,1.215674156529341,0.015458886249952345,-0.036571243201320491,-0.053855296800187663,0.01802860887171567,1.3999999999999999
5.6124999999999998,2.5072870905158666,1.2026004132718444,0.015501385824248539,0.070573869047891855,-0.053855296800187663,0.01802860887171567,1.3999999999999999
5.6150000000000002,2.5102772439357071,1.1895205198796022,0.015811817194512037,0.17779289549011504,-0.019071931420517857,0.020441039911836212,1.3999999999999999
5.6174999999999997,2.5132447834839122,1.1845081632943173,0.016309364731439135,0.22028040440766358,-0.019071931420517857,0.020441039911836212,1.3999999999999999
5.6200000000000001,2.5161997684047788,1.1794761887083611,0.016913414339757363,0.26300207638339573,-0.0053064224297614104,0.019662502839243493,1.3999999999999999
5.6225000000000005,2.5191461430384101,1.1776194515564107,0.017592498892680157,0.28031397646958123,-0.0053064224297614104,0.019662502839243493,1.3999999999999999
5.625,2.5220878446872566,1.1757375419946818,0.018315233942169877,0.29792556548663374,-0.007925638259043211,0.023513904210006677,1.3999999999999999
5.6275000000000004,2.5250240477964927,1.1732203300160378,0.019088500945653546,0.32074303864042203,-0.007925638259043211,0.023513904210006677,1.3999999999999999
5.6299999999999999,2.5279539224188405,1.1706744136180611,0.019919234210498654,0.34390262939803468,0.033460054851351867,0.021195860451884665,1.3999999999999999
5.6325000000000003,2.5308894122366721,1.1777125485823146,0.020711805131642239,0.2902118013484703,0.033460054851351867,0.021195860451884665,1.3999999999999999
5.6349999999999998,2.533842462760211,1.1847237997209066,0.021370557354147668,0.23683796372437405,-0.00017570026228595726,0.023318402006527485,1.3999999999999999
5.6375000000000002,2.5368032462650278,1.183899379573272,0.02197464391047696,0.24647440165300971,-0.00017570026228595726,0.023318402006527485,1.3999999999999999
5.6399999999999997,2.5397619411773289,1.1830527806399658,0.022603149235956441,0.25637471049672428,0.06492681612413434,0.020382733945766996,1.3999999999999999
5.6425000000000001,2.5427373928382839,1.1973053504633655,0.023104952712086853,0.14510541520055359,0.06492681612413434,0.020382733945766996,1.3999999999999999
5.6450000000000005,2.5457484563652515,1.2115440428307134,0.023328811337789301,0.03399815931685593,0.036351930783693913,0.018610917880430455,1.3999999999999999
5.6475,2.5487868140893619,1.2191420569150395,0.023341598467452068,-0.023767519582279614,0.036351930783693913,0.018610917880430455,1.3999999999999999
5.6500000000000004,2.5518441684960496,1.2267422863662163,0.023209952014767415,-0.081559267667356883,0.023800596229796821,0.019485743939813616,1.3999999999999999
5.6524999999999999,2.5549168877038482,1.2314345959423414,0.022962992109832034,-0.11602656328225863,0.023800596229796821,0.019485743939813616,1.3999999999999999
5.6550000000000002,2.5580013503778236,1.236137588720853,0.022629714047718276,-0.15062004866401535,0.049386189269098359,0.018601330838994911,1.3999999999999999
5.6574999999999998,2.5611050160905364,1.2467979927515052,0.022150096946677144,-0.23310895729809397,0.049386189269098359,0.018601330838994911,1.3999999999999999
5.6600000000000001,2.5642353586240696,1.2574803360727573,0.021463954745484369,-0.31585529382103961,0.0069595604373210891,0.014306734609638983,1.3999999999999999
5.6625000000000005,2.5673801225393333,1.2583355916714676,0.020669468146082087,-0.3197909335610033,0.0069595604373210891,0.014306734609638983,1.3999999999999999
5.665,2.5705270607099195,1.2592198028231456,0.019864713563349488,-0.32407042098482935,0.0027038791898733078,0.015311183439621524,1.3999999999999999
5.6675000000000004,2.5736750101062853,1.2591445634082095,0.019058750987760515,-0.32075728245177476,0.0027038791898733078,0.015311183439621524,1.3999999999999999
5.6699999999999999,2.576822807651566,1.2590982760897682,0.018260640388929512,-0.31778828918289809,-0.017665963032565481,0.011825740868096313,1.3999999999999999
5.6725000000000003,2.5799646092092274,1.2543473789906807,0.017517038060778208,-0.27714622470491107,-0.017665963032565481,0.011825740868096313,1.3999999999999999
5.6749999999999998,2.5830945650969768,1.2496211442651917,0.016874663902478774,-0.23679861963897542,0.010246189886093581,0.012623743039514879,1.3999999999999999
5.6775000000000002,2.5862208398181088,1.2514023089283848,0.016267724851386303,-0.24879622834056869,0.010246189886093581,0.012623743039514879,1.3999999999999999
5.6799999999999997,2.5893515954762245,1.2532060770723163,0.015630459344837463,-0.2610619594620413,0.0039310608464480559,0.011623717229305486,1.3999999999999999
5.6825000000000001,2.5924850555644698,1.2535659353749344,0.014976912973503162,-0.26182195732591301,0.0039310608464480559,0.011623717229305486,1.3999999999999999
5.6850000000000005,2.5956194448921117,1.253949482599922,0.014321115110061946,-0.26286331803771629,-0.016494507986553993,0.015197001968129743,1.3999999999999999
5.6875,2.598748889288661,1.2496096777144023,0.013710014330345587,-0.22606073515578545,-0.016494507986553993,0.015197001968129743,1.3999999999999999
5.6900000000000004,2.6018675101317381,1.245290095697799,0.013190610580415723,-0.18949919740904178,-0.015684905475197981,0.018977028886731074,1.3999999999999999
5.6924999999999999,2.6049755890979411,1.2411756465626422,0.012760460976107087,-0.15465109510324465,-0.015684905475197981,0.018977028886731074,1.3999999999999999
5.6950000000000003,2.6080733999131098,1.2370750568637547,0.012417217535368568,-0.11996809096136495,-0.071787951503908043,0.012709821774749953,1.3999999999999999
5.6974999999999998,2.6111446746620355,1.2199454726027423,0.0122914138304096,0.019316346923195157,-0.071787951503908043,0.012709821774749953,1.3999999999999999
5.7000000000000002,2.6141731258742906,1.2028142069172751,0.012513816122398571,0.15862100003322305,-0.063172759168047946,0.017976691630075804,1.3999999999999999
5.7024999999999997,2.6171612369686326,1.187671463923887,0.01306455655386847,0.28200984174825988,-0.063172759168047946,0.017976691630075804,1.3999999999999999
5.7050000000000001,2.6201114627114217,1.172504144592909,0.013924111504909463,0.40569407832383508,-0.015419266198708211,0.02499624438317798,1.3999999999999999
5.7075000000000005,2.6230375999464788,1.1683993467822402,0.014981973972377955,0.44067100690056771,-0.015419266198708211,0.02499624438317798,1.3999999999999999
5.71,2.6259534266853191,1.1642552342725128,0.016127857425366116,0.47611703333230038,-0.0013783004192239761,0.023534561335748962,1.3999999999999999
5.7125000000000004,2.6288629189871804,1.1633314011234297,0.01733022850482592,0.48586561019635083,-0.0013783004192239761,0.023534561335748962,1.3999999999999999
5.7149999999999999,2.6317700473075925,1.1623639042606391,0.01855761862514815,0.49613401028065945,0.026120347114940729,0.028337102015478368,1.3999999999999999
5.7175000000000002,2.6346826872683415,1.167740784709183,0.019747206538855498,0.45562241440577955,0.026120347114940729,0.028337102015478368,1.3999999999999999
5.7199999999999998,2.6376087163604831,1.1730758170527034,0.020836143008746942,0.41560563426560387,0.044767155612796615,0.024969122765567175,1.3999999999999999
5.7225000000000001,2.6405534489969269,1.1827043940757564,0.021782128690559455,0.3412522584473533,0.044767155612796615,0.024969122765567175,1.3999999999999999
5.7250000000000005,2.6435222117127872,1.1923010277880357,0.022542717164777046,0.26727434476207523,0.054347626472981948,0.021042562554246948,1.3999999999999999
5.7275,2.6465177148652757,1.2040980001945141,0.023096407707912183,0.17571901617951552,0.054347626472981948,0.021042562554246948,1.3999999999999999
5.7300000000000004,2.6495426878459827,1.2158783306165648,0.023421474646847275,0.084358581731975163,0.01061375250866145,0.012125250892901108,1.3999999999999999
5.7324999999999999,2.6525844026335035,1.2174922943227511,0.023620243933711961,0.074671136809972324,0.01061375250866145,0.012125250892901108,1.3999999999999999
5.7350000000000003,2.6556301436593373,1.2190994674692082,0.023794897422859371,0.065064209943352477,0.047154847798602385,0.017414736536737196,1.3999999999999999
5.7374999999999998,2.6586905037143498,1.229188164765693,0.02386043064095611,-0.012632805925469476,0.047154847798602385,0.017414736536737196,1.3999999999999999
5.7400000000000002,2.6617760854753238,1.2392780523733236,0.023731721756690423,-0.090343782589161287,0.05813056352361691,0.013373155342861343,1.3999999999999999
5.7424999999999997,2.6648900876442392,1.2519258942566274,0.023383038759912975,-0.18862847738449567,0.05813056352361691,0.013373155342861343,1.3999999999999999
5.7450000000000001,2.6680357298922486,1.2645916705718827,0.022788404551762991,-0.28712295603224391,0.061432638576687404,0.01117168402517954,1.3999999999999999
5.7475000000000005,2.6712140274872995,1.2780517871602242,0.021939458618157031,-0.39209674562052221,0.061432638576687404,0.01117168402517954,1.3999999999999999
5.75,2.6744260198523846,1.2915491321047965,0.020827557728487718,-0.49750625465353265,0.027575482054035809,0.011894160294746547,1.3999999999999999
5.7525000000000004,2.6776619802261972,1.2972271144699772,0.019530427383226554,-0.54029198302912684,0.027575482054035809,0.011894160294746547,1.3999999999999999
5.7549999999999999,2.6809121967689711,1.3029547133369872,0.018125608878792762,-0.58366447694825985,0.027282054807016183,0.010904875895966004,1.3999999999999999
5.7575000000000003,2.6841767131550576,1.3086676345955068,0.016612261840104212,-0.62712252099906918,0.027282054807016183,0.010904875895966004,1.3999999999999999
5.7599999999999998,2.6874555827501228,1.3144379295169832,0.014989430158390542,-0.67125995385468462,-0.035979294061060693,0.0079474974217729425,1.3999999999999999
5.7625000000000002,2.6907305767976526,1.305566606637858,0.01340294670814954,-0.59803830099091693,-0.035979294061060693,0.0079474974217729425,1.3999999999999999
5.7649999999999997,2.6939834596836021,1.2967479656370786,0.01199871262529043,-0.52544791428476179,-0.057100623322683987,0.0132022246008364,1.3999999999999999
5.7675000000000001,2.6972082190656628,1.2830664042395377,0.01082452642447532,-0.41398340329467015,-0.057100623322683987,0.0132022246008364,1.3999999999999999
5.7700000000000005,2.700398822020238,1.2694212198664296,0.0099284321670348348,-0.30295502582757305,-0.079294048585191332,0.012462826716690634,1.3999999999999999
5.7725,2.7035488993315409,1.2506439383601589,0.0093612722305280848,-0.15081264306754943,-0.079294048585191332,0.012462826716690634,1.3999999999999999
5.7750000000000004,2.7066520527233275,1.2318798687370704,0.0091742368439732495,0.0011712161113862363,-0.017702339503051324,0.017842608504794223,1.3999999999999999
5.7774999999999999,2.7097261936421488,1.2274325717767576,0.0092234057776084746,0.038167436278470399,-0.017702339503051324,0.017842608504794223,1.3999999999999999
5.7800000000000002,2.7127892127240072,1.2229818448705339,0.0093651080425944475,0.075204478554269982,-0.032022822157545407,0.019265726454734036,1.3999999999999999
5.7824999999999998,2.7158369365515171,1.2151956226059006,0.0096329115645567374,0.13905735349041709,-0.032022822157545407,0.019265726454734036,1.3999999999999999
5.7850000000000001,2.71886518049135,1.2073969852504158,0.010060518195460185,0.20305829648969353,-0.02291324228173627,0.022997179707840921,1.3999999999999999
5.7875000000000005,2.7218765530134013,1.2016976516258351,0.010627126887740987,0.25026894808215849,-0.02291324228173627,0.022997179707840921,1.3999999999999999
5.79,2.7248736500945276,1.1959759308548559,0.011312085298858689,0.29774645205390737,-0.052202188319842475,0.020259398990448929,1.3999999999999999
5.7925000000000004,2.7278479015435613,1.1834201132636,0.012184462130769614,0.40021631698241839,-0.052202188319842475,0.020259398990448929,1.3999999999999999
5.7949999999999999,2.7307907213806897,1.1708291610792259,0.013313518014089986,0.50310753704328892,-0.016871136800132538,0.021314022278109104,1.3999999999999999
5.7975000000000003,2.7337122739978659,1.1664051814907515,0.014618012609264611,0.54058066312705944,-0.016871136800132538,0.021314022278109104,1.3999999999999999
5.7999999999999998,2.7366227071799396,1.1619330688939085,0.016016900253900956,0.57862853987679785,-0.010514804072938568,0.025009177646535166,1.3999999999999999
5.8025000000000002,2.7395237426950461,1.1588865460586175,0.017496840245007653,0.60542845987001681,-0.010514804072938568,0.025009177646535166,1.3999999999999999
5.8049999999999997,2.7424170949675597,1.1557860880175568,0.019044579168091883,0.63287236813499304,0.030582819580151525,0.024558873044979768,1.3999999999999999
5.8075000000000001,2.7453145608651415,1.1621773015994121,0.020565916654237511,0.58430789737744593,0.030582819580151525,0.024558873044979768,1.3999999999999999
5.8100000000000005,2.7482279366497364,1.168514720338315,0.021966648379603739,0.53637914674312115,0.073129656675406801,0.025426443912506147,1.3999999999999999
5.8125,2.751169446467109,1.1846855672524341,0.02314909482396077,0.40966628390488963,0.073129656675406801,0.025426443912506147,1.3999999999999999
5.8150000000000004,2.7541513316550827,1.2008170187129157,0.024015362568374245,0.28341274794149768,0.085505856949082942,0.023072250223079949,1.3999999999999999
5.8174999999999999,2.7571771017136006,1.2197956253249909,0.024537570978760997,0.13439345731818633,0.085505856949082942,0.023072250223079949,1.3999999999999999
5.8200000000000003,2.7602502988271636,1.2387610872683956,0.024687456903335705,-0.014473373962146568,0.085600851013380067,0.020052487630394113,1.3999999999999999
5.8224999999999998,2.7633709359084819,1.2577500292661601,0.024464968955752727,-0.16353381549700996,0.085600851013380067,0.020052487630394113,1.3999999999999999
5.8250000000000002,2.7665390623014483,1.2767549624271468,0.023869633238774082,-0.31277974621535859,0.05398787869023703,0.0098986107805295823,1.3999999999999999
5.8274999999999997,2.7697455577780139,1.2884470648610602,0.022974481826627303,-0.40340753235809357,0.05398787869023703,0.0098986107805295823,1.3999999999999999
5.8300000000000001,2.7729813293893213,1.3001772838009444,0.021852223276729598,-0.49448209296136536,0.04238209704711067,0.0091008748006391037,1.3999999999999999
5.8325000000000005,2.7762431129075362,1.3092577487005965,0.020528680156154583,-0.56444916617860608,0.04238209704711067,0.0091008748006391037,1.3999999999999999
5.835,2.779527661877164,1.3183907088243363,0.019029462128066919,-0.63503465447242702,0.014163066628517294,0.0087620082472094751,1.3999999999999999
5.8375000000000004,2.7828269197020541,1.3210252870193209,0.017418748153536848,-0.65365213913486053,0.014163066628517294,0.0087620082472094751,1.3999999999999999
5.8399999999999999,2.786132837679292,1.3237191105609198,0.015760615129989889,-0.67297324632485622,0.0073008775612018566,0.0097612452977051904,1.3999999999999999
5.8425000000000002,2.789443572682893,1.3248790584565937,0.014069287538999031,-0.68020976822315493,0.0073008775612018566,0.0097612452977051904,1.3999999999999999
5.8449999999999998,2.792757284071492,1.3261003314873494,0.012358958362388525,-0.68817586503951578,-0.070101341204621234,0.0051592279926165668,1.3999999999999999
5.8475000000000001,2.7960516387877123,1.3093924205901457,0.010808395838584912,-0.55238223645134532,-0.070101341204621234,0.0051592279926165668,1.3999999999999999
5.8500000000000005,2.7993042862991304,1.2927326539371484,0.0095965648062642916,-0.41716743433081604,-0.065355854737554814,0.0097830834596513774,1.3999999999999999
5.8525,2.8025167113190217,1.2772125602521065,0.0087111193635703039,-0.29125119683196177,-0.065355854737554814,0.0097830834596513774,1.3999999999999999
5.8550000000000004,2.8056903705097112,1.2617181559644328,0.0081400524934035212,-0.16564255126753133,-0.083512285517682416,0.015993645882066022,1.3999999999999999
5.8574999999999999,2.8088200388948925,1.2420178126323391,0.0079251300830107171,-0.0063104809694722042,-0.083512285517682416,0.015993645882066022,1.3999999999999999
5.8600000000000003,2.8119004600349893,1.2223180243660317,0.0081084945516050957,0.15301493809847144,-0.073874845539339304,0.019258925048056243,1.3999999999999999
5.8624999999999998,2.8149344179617102,1.2048450323322029,0.0086678496630330643,0.29450849443929472,-0.073874845539339304,0.019258925048056243,1.3999999999999999
5.8650000000000002,2.8179246636142912,1.1873461455715475,0.0095812956812386819,0.43631241486510797,-0.016548217868519788,0.023311027504550764,1.3999999999999999
5.8674999999999997,2.8208877721280232,1.1831338899386976,0.010716027840045111,0.47155405836653819,-0.016548217868519788,0.023311027504550764,1.3999999999999999
5.8700000000000001,2.8238402978986548,1.178879433004278,0.011939485164907971,0.50729876957629449,0.00058491353290885707,0.019435947455532721,1.3999999999999999
5.8725000000000005,2.8267871088202319,1.1785616545338382,0.013212997779959171,0.51160232282225215,0.00058491353290885707,0.019435947455532721,1.3999999999999999
5.875,2.8297330677689825,1.1781977892641202,0.014497953639813479,0.5164541569045451,0.019088417046074987,0.019052890561953008,1.3999999999999999
5.8775000000000004,2.8326834338060469,1.1820874205277481,0.015752563575264125,0.48732412355739535,0.019088417046074987,0.019052890561953008,1.3999999999999999
5.8799999999999999,2.835643467860578,1.1859326348049573,0.016935012943075738,0.45872055862146088,0.025810998946833766,0.019292733763577232,1.3999999999999999
5.8825000000000003,2.8386150146108311,1.1912980648151927,0.01803089891200817,0.41806747941781758,0.025810998946833766,0.019292733763577232,1.3999999999999999
5.8849999999999998,2.8415999262163365,1.1966251297972679,0.019025728422220289,0.37786813714248757,0.07773164536037061,0.020809730124819126,1.3999999999999999
5.8875000000000002,2.8446131894299924,1.2139805015748431,0.019799490909287412,0.24119951379983298,0.07773164536037061,0.020809730124819126,1.3999999999999999
5.8899999999999997,2.8476698094527899,1.2313127489816278,0.020231950847038559,0.10480071785139411,0.084142493870814933,0.019302748685311011,1.3999999999999999
5.8925000000000001,2.850771606458907,1.250124361904752,0.020308641583919939,-0.043442377120961828,0.084142493870814933,0.019302748685311011,1.3999999999999999
5.8950000000000005,2.8539204347588565,1.2689401695786628,0.020014698254486981,-0.19173431082123329,0.03862656775778258,0.01102920697511376,1.3999999999999999
5.8975,2.8571031045875657,1.2771991570516246,0.019455943068133228,-0.25531062965701223,0.03862656775778258,0.01102920697511376,1.3999999999999999
5.9000000000000004,2.8603064503151518,1.2854818707859297,0.018737912219410287,-0.31916642817129004,0.040289890941309234,0.012249189011235284,1.3999999999999999
5.9024999999999999,2.8635310217065206,1.2941807016537215,0.017855940450356537,-0.38647531663484724,0.040289890941309234,0.012249189011235284,1.3999999999999999
5.9050000000000002,2.8667773836971246,1.3029153824028541,0.016805183511641907,-0.45420677778581353,0.027958420184433921,0.0078940185362983868,1.3999999999999999
5.9074999999999998,2.8700420517864016,1.3088263771410826,0.015613259531682796,-0.49941862173673601,0.027958420184433921,0.0078940185362983868,1.3999999999999999
5.9100000000000001,2.8733215537211234,1.3147831408405528,0.01430763911719367,-0.54517204805277175,-0.03907738025918616,0.0073725554552471987,1.3999999999999999
5.9125000000000005,2.8765965351294964,1.3052094057732198,0.01304330675800813,-0.46638275701478121,-0.03907738025918616,0.0073725554552471987,1.3999999999999999
5.915,2.8798476350198268,1.2956767954471762,0.011975314906311416,-0.38808600055492287,-0.010398267518047552,0.012607058702088447,1.3999999999999999
5.9175000000000004,2.8830832796642794,1.2928445459554683,0.011035617695474597,-0.36373875208372219,-0.010398267518047552,0.012607058702088447,1.3999999999999999
5.9199999999999999,2.886311884979917,1.2900449755798369,0.010156296978290546,-0.33978053844016287,-0.046989464910216078,0.0082892418741600925,1.3999999999999999
5.9225000000000003,2.8895228987931532,1.2787704147066086,0.0094217958504494888,-0.2478722466946825,-0.046989464910216078,0.0082892418741600925,1.3999999999999999
5.9249999999999998,2.8927057553779862,1.2675178434966854,0.0089167167522531711,-0.15622675727033813,-0.0551158165495357,0.01272202089838277,1.3999999999999999
5.9275000000000002,2.8958581384878075,1.2543901646894635,0.0086594869478815364,-0.049575258963173566,-0.0551158165495357,0.01272202089838277,1.3999999999999999
5.9299999999999997,2.8989777098643552,1.2412668816459773,0.008668796679389381,0.057023700336379921,-0.058954369042054242,0.015480761706501634,1.3999999999999999
5.9325000000000001,2.9020633534041869,1.2272462697465794,0.0089536131537062708,0.17084957599882167,-0.058954369042054242,0.015480761706501634,1.3999999999999999
5.9350000000000005,2.9051139286212311,1.213210548934319,0.0095231951839149821,0.28485619450260136,-0.058880200721173163,0.019122782148227248,1.3999999999999999
5.9375,2.9081294067521144,1.1991669353965533,0.010377971811263501,0.39902524293300951,-0.058880200721173163,0.019122782148227248,1.3999999999999999
5.9400000000000004,2.9111097340603114,1.1850882389685418,0.011518671851240061,0.51361482530813296,0.0085929871827263374,0.019916641195453201,1.3999999999999999
5.9424999999999999,2.9140744122219102,1.1866466271793585,0.012789066952625626,0.50279229584068563,0.0085929871827263374,0.019916641195453201,1.3999999999999999
5.9450000000000003,2.917042929283892,1.1881595166027699,0.014033083717644836,0.49251027907884248,0.052581138736957259,0.018896883736923133,1.3999999999999999
5.9474999999999998,2.9200279504078064,1.1998504616220438,0.015149438485906096,0.40065505785185129,0.052581138736957259,0.018896883736923133,1.3999999999999999
5.9500000000000002,2.923042150500609,1.211504096238059,0.016036725049794778,0.30923910898269569,0.078498090585917835,0.01606015033547854,1.3999999999999999
5.9524999999999997,2.9260929746240607,1.2291514078385566,0.016635460462907443,0.16979361310167321,0.078498090585917835,0.01606015033547854,1.3999999999999999
5.9550000000000001,2.9291878940759473,1.2467825637421774,0.016885850562302691,0.030537054671520347,0.0026271634450867067,0.013712231936060082,1.3999999999999999
5.9575000000000005,2.9323048481560279,1.2467802221464368,0.016965153430431423,0.032910919391457315,0.0026271634450867067,0.013712231936060082,1.3999999999999999
5.96,2.935421792706352,1.2467749039019556,0.017050434619588727,0.035320139550833657,0.031709377900869466,0.014341053938157412,1.3999999999999999
5.9625000000000004,2.9385471669061736,1.2535243111689331,0.017073948346306107,-0.016507449349751513,0.031709377900869466,0.014341053938157412,1.3999999999999999
5.9649999999999999,2.9416894155321907,1.2602752423168546,0.016967882383858525,-0.068353023845775338,-0.0012003246817134812,0.014400477234399633,1.3999999999999999
5.9675000000000002,2.9448389896618865,1.2593850175359476,0.016808887725600647,-0.058854068609783081,-0.0012003246817134812,0.014400477234399633,1.3999999999999999
5.9699999999999998,2.9479863450434709,1.2585001015797168,0.016673559454797083,-0.049418222614628873,0.016060650176326796,0.016596604553976779,1.3999999999999999
5.9725000000000001,2.9511365074476585,1.2616307472780692,0.016521488154048719,-0.072249778961775313,0.016060650176326796,0.016596604553976779,1.3999999999999999
5.9750000000000005,2.9542945042757882,1.2647679885637142,0.016312245469520967,-0.095159449601154522,0.013873856242454328,0.012854942057700325,1.3999999999999999
5.9775,2.9574597194448198,1.2674057357306696,0.016050706404159988,-0.11409063243375575,0.013873856242454328,0.012854942057700325,1.3999999999999999
5.9800000000000004,2.9606315416183144,1.2700538803758306,0.015741689642238602,-0.13314502336560236,-0.00061018597779573637,0.009869011730194277,1.3999999999999999
5.9824999999999999,2.9638057917426406,1.269348163093206,0.015418650196176137,-0.12530963839587089,-0.00061018597779573637,0.009869011730194277,1.3999999999999999
5.9850000000000003,2.9669782918597707,1.2686537580277757,0.015115029423277247,-0.11760869808754591,-0.006802113069564528,0.012361186565703997,1.3999999999999999
5.9874999999999998,2.9701472707468795,1.2665309711700397,0.014844946699337024,-0.098476750818353331,-0.006802113069564528,0.012361186565703997,1.3999999999999999
5.9900000000000002,2.9733109540968532,1.2644170426129924,0.014622557846796619,-0.079450200374084665,0.0048881078605015112,0.014237257633439859,1.3999999999999999
5.9924999999999997,2.976472757764919,1.2650271133961017,0.014420352073948515,-0.082328918623594219,0.0048881078605015112,0.014237257633439859,1.3999999999999999
5.9950000000000001,2.979636095880386,1.2656446446991685,0.014210839459085484,-0.085296198186711913,0.031509191148471803,0.013170528341390698,1.3999999999999999
5.9975000000000005,2.9828087206458891,1.272456880304826,0.013931687382863666,-0.13804569548520682,0.031509191148471803,0.013170528341390698,1.3999999999999999
6,2.9859983908653747,1.2792818166686375,0.013520485937860739,-0.19094525378745708,-0.02185658795260418,-0.18403144020171813,-0.59999999999999998
6.0025000000000004,2.9891896414513397,1.2737211465178775,0.013101296267217273,-0.14443623495166541,-0.02185658795260418,-0.18403144020171813,-0.59999999999999998
6.0049999999999999,2.99236700734376,1.2681733723205078,0.012798176607345368,-0.09808101627823114,0.0011676194060218836,-0.1874559028620856,-0.59999999999999998
6.0075000000000003,2.9955372043571336,1.2679856922219686,0.012557084773412629,-0.094809718876714535,0.0011676194060218836,-0.1874559028620856,-0.59999999999999998
6.0099999999999998,2.9987069429510105,1.2678065882702694,0.012324043135675335,-0.091640283471833131,0.40000000000000002,-0.18632122296012377,-0.59999999999999998
6.0125000000000002,3.0019475444916579,1.3241477203647756,0.011526164646950552,-0.54244918113363205,0.40000000000000002,-0.18632122296012377,-0.59999999999999998
6.0150000000000006,3.0053251401221988,1.3774377434083367,0.009632049709725185,-0.96894319410139307,0.40000000000000002,-0.19917497054726724,-0.59999999999999998
6.0175000000000001,3.0088323637077874,1.4278830270618748,0.0067001958699373504,-1.372929172631133,0.40000000000000002,-0.19917497054726724,-0.59999999999999998
6.0200000000000005,3.0124623431262791,1.4756724823372807,0.0027847685893597832,-1.7560666638105187,0.40000000000000002,-0.20743038116338419,-0.59999999999999998
6.0225,3.0162086573072284,1.5209781664278057,-0.0020640371716667332,-2.1198736813431762,0.40000000000000002,-0.20743038116338419,-0.59999999999999998
6.0250000000000004,3.020065295145534,1.5639561556134973,-0.0077996525440714223,-2.4657345001814774,0.40000000000000002,-0.21598848734137036,-0.59999999999999998
6.0274999999999999,3.0240266168127286,1.6047475750258682,-0.014378811414125232,-2.7949086000396033,0.40000000000000002,-0.21598848734137036,-0.59999999999999998
6.0300000000000002,3.0280873177552388,1.643479707810596,-0.021761250228734218,-3.1085401519355731,0.40000000000000002,-0.22283766194383434,-0.59999999999999998
6.0324999999999998,3.032242395507676,1.6802671308055268,-0.029909431752732613,-3.407667637882775,0.40000000000000002,-0.22283766194383434,-0.59999999999999998
6.0350000000000001,3.036487119340284,1.7152128414615424,-0.038788292749081021,-3.6932333336238239,0.40000000000000002,-0.23116628349802515,-0.59999999999999998
6.0375000000000005,3.0408170026879104,1.7484093531318805,-0.048365015007384833,-3.9660924821290484,0.40000000000000002,-0.23116628349802515,-0.59999999999999998
6.04,3.0452277782620651,1.7799397444062801,-0.058608818804621897,-4.2270220525368662,0.35649458169875514,-0.24212133576440525,-0.59999999999999998
6.0425000000000004,3.0497153757194897,1.8098786539156004,-0.069490777678286014,-4.4767290237602291,0.35649458169875514,-0.24212133576440525,-0.59999999999999998
6.0449999999999999,3.0542759017442602,1.8382932157741911,-0.080983653278691808,-4.7158581605408836,0.26296084964344013,-0.24469587044897373,-0.59999999999999998
6.0475000000000003,3.058905622391519,1.8652439331610353,-0.093061749010312347,-4.9449992671440492,0.26296084964344013,-0.24469587044897373,-0.59999999999999998
6.0499999999999998,3.0636009475365706,1.8907854889183298,-0.10570078114864011,-5.1646939137945695,0.067770623157480725,-0.24552641901005728,-0.59999999999999998
6.0525000000000002,3.0683501748878195,1.9086122061760638,-0.11881175612816303,-5.3245434629520192,0.067770623157480725,-0.24552641901005728,-0.59999999999999998
6.0549999999999997,3.0731440732864757,1.9265164351366417,-0.13232569944167091,-5.4870331304016791,-0.052901901046425628,-0.2514871894270691,-0.59999999999999998
6.0575000000000001,3.0779487999108004,1.9173235143836123,-0.14597716242199948,-5.4349602480765267,-0.052901901046425628,-0.2514871894270691,-0.59999999999999998
6.0600000000000005,3.0827309833927297,1.9084815781017956,-0.15950459982812729,-5.3878060558877632,-0.21376120854800282,-0.25167977640296629,-0.59999999999999998
6.0625,3.0874467500974609,1.8642692199606432,-0.1725632042934066,-5.0605224538887486,-0.21376120854800282,-0.25167977640296629,-0.59999999999999998
6.0650000000000004,3.0920530125850854,1.8208761972546939,-0.1848143407035715,-4.7417906071211746,-0.34670707389397648,-0.24407354282740501,-0.59999999999999998
6.0674999999999999,3.0965152875863895,1.7491359724916984,-0.19598836258378974,-4.1992594236638041,-0.34670707389397648,-0.24407354282740501,-0.59999999999999998
6.0700000000000003,3.1007996144628884,1.6785015276001032,-0.20581938826581822,-3.6672244542642751,-0.40000000000000002,-0.2294124215694775,-0.59999999999999998
6.0724999999999998,3.1048941558223486,1.5973071829393013,-0.21421735124859753,-3.0527675027701595,-0.40000000000000002,-0.2294124215694775,-0.59999999999999998
6.0750000000000002,3.1087869590234831,1.5170827668953704,-0.22109067085918033,-2.447241848388483,-0.40000000000000002,-0.21095286264064317,-0.59999999999999998
6.0775000000000006,3.1124802320536844,1.4376529327103682,-0.22645963100659139,-1.8489990933026825,-0.40000000000000002,-0.21095286264064317,-0.59999999999999998
6.0800000000000001,3.1159757320339745,1.3588329303574895,-0.2303403092971,-1.2563269200630978,-0.40000000000000002,-0.19519676158886445,-0.59999999999999998
6.0825000000000005,3.1192747458007224,1.280431737087955,-0.23274444659947296,-0.66747144295664418,-0.40000000000000002,-0.19519676158886445,-0.59999999999999998
6.085,3.122378077363027,1.2022544701412334,-0.23367936482845533,-0.080653777902803481,-0.40000000000000002,-0.18378131244101167,-0.59999999999999998
6.0875000000000004,3.1252860407520449,1.1241043267402531,-0.23314792101012566,0.5059171861197107,-0.40000000000000002,-0.18378131244101167,-0.59999999999999998
6.0899999999999999,3.1279984573670756,1.0457842782059457,-0.23114849044130742,1.094033988392014,-0.3219508485458345,-0.16292975952462224,-0.59999999999999998
6.0925000000000002,3.1305356261402912,0.98388980341560173,-0.22784110747975417,1.5524406611580894,-0.3219508485458345,-0.16292975952462224,-0.59999999999999998
6.0949999999999998,3.1329175504034352,0.92156822664032068,-0.22338296389487675,2.014834872366047,-0.20617930198918924,-0.15172244706694973,-0.59999999999999998
6.0975000000000001,3.1351742977229713,0.88376198086231195,-0.21801077092012736,2.2835909995937849,-0.20617930198918924,-0.15172244706694973,-0.59999999999999998
6.1000000000000005,3.1373360026055477,0.84552650961111264,-0.21196145303923722,2.5566142133626983,-0.084815998015964622,-0.14705563755500514,-0.59999999999999998
6.1025,3.139434579864421,0.83329097550817566,-0.20548614525356265,2.6241416944082925,-0.084815998015964622,-0.14705563755500514,-0.59999999999999998
6.1050000000000004,3.141502232565565,0.82078552248545944,-0.1988381587976345,2.6947723412920928,0.062706702198330966,-0.14525814615547228,-0.59999999999999998
6.1074999999999999,3.1435787548947589,0.84042877680805672,-0.19233148585459764,2.5107461627654111,0.062706702198330966,-0.14525814615547228,-0.59999999999999998
6.1100000000000003,3.1457043552702313,0.86004669992681837,-0.18628352836430723,2.3277989200449785,0.14742598334693921,-0.14706541300299111,-0.59999999999999998
6.1124999999999998,3.1479023598902014,0.89837020446079241,-0.18087787947718934,1.9967374308280803,0.14742598334693921,-0.14706541300299111,-0.59999999999999998
6.1150000000000002,3.1501962631830889,0.9367621723397439,-0.17629973025867279,1.6658076047488419,0.22365210862045731,-0.15632293844528583,-0.59999999999999998
6.1174999999999997,3.152607361807422,0.99213418551509813,-0.1727172318913745,1.2001308253284031,0.22365210862045731,-0.15632293844528583,-0.59999999999999998
6.1200000000000001,3.155157005101815,1.0475916120976403,-0.17029931230817716,0.73416891801486395,0.18138385632639753,-0.16485254391629167,-0.59999999999999998
6.1225000000000005,3.1578336074471141,1.0936940620950393,-0.16895280846459454,0.34303369630701291,0.18138385632639753,-0.16485254391629167,-0.59999999999999998
6.125,3.160625487330067,1.1398108604301942,-0.16858414394043975,-0.048102020937858647,0.1635445418104742,-0.17461005411679184,-0.59999999999999998
6.1275000000000004,3.1635276983059457,1.1819567377861815,-0.16915375524947876,-0.40759026156819578,0.1635445418104742,-0.17461005411679184,-0.59999999999999998
6.1299999999999999,3.166535260305201,1.2240897096402255,-0.1706221231368841,-0.76711159252380823,0.10202126161827811,-0.184195099894052,-0.59999999999999998
6.1325000000000003,3.1696310416991413,1.252535712552038,-0.17285316232805001,-1.0177727179359821,0.10202126161827811,-0.184195099894052,-0.59999999999999998
6.1349999999999998,3.1727979398336634,1.2809828112134096,-0.17571128264802155,-1.2687884721105822,0.0090123042775797704,-0.18980430665494877,-0.59999999999999998
6.1375000000000002,3.1760102058090638,1.2888417571094344,-0.17899227705822976,-1.3561772955150535,0.0090123042775797704,-0.18980430665494877,-0.59999999999999998
6.1400000000000006,3.1792422087822825,1.2967728877541227,-0.18249304285649157,-1.4446145407203894,-0.052190267039095732,-0.19124814103430321,-0.59999999999999998
6.1425000000000001,3.1824772524602576,1.2912834102480177,-0.18608184212291104,-1.4266798659971556,-0.052190267039095732,-0.19124814103430321,-0.59999999999999998
6.1450000000000005,3.1856987316149996,1.2859208815678287,-0.18962770643342583,-1.4102624214883541,-0.12068544573319129,-0.18482441426720686,-0.59999999999999998
6.1475,3.1888881421466553,1.2656370850737941,-0.19298463852515138,-1.2755992410268178,-0.12068544573319129,-0.18482441426720686,-0.59999999999999998
6.1500000000000004,3.1920270575069485,1.2455218619700559,-0.19600720435853122,-1.1427382990336827,-0.16001907501532314,-0.18376995304886395,-0.59999999999999998
6.1524999999999999,3.195105106820987,1.2169450983094605,-0.19861401634096151,-0.94299348173375241,-0.16001907501532314,-0.18376995304886395,-0.59999999999999998
6.1550000000000002,3.1981119075887894,1.1885178500073765,-0.20072344908031223,-0.74478156302530163,-0.23172926624012083,-0.1760848190063504,-0.59999999999999998
6.1574999999999998,3.2010282034886837,1.1445389980129377,-0.20218319753100406,-0.42321337639264178,-0.23172926624012083,-0.1760848190063504,-0.59999999999999998
6.1600000000000001,3.2038346756129923,1.1006477834753878,-0.20284022749779398,-0.10249905872136306,-0.2085487781197351,-0.17003113950147514,-0.59999999999999998
6.1625000000000005,3.2065377894122848,1.0618420526679102,-0.20274616854187033,0.17775809842315904,-0.2085487781197351,-0.17003113950147514,-0.59999999999999998
6.165,3.2091438574437015,1.0230022056741592,-0.20195115635398547,0.45835202162336031,-0.19946008726825898,-0.16548893169371026,-0.59999999999999998
6.1675000000000004,3.2116552115319656,0.98606280269495516,-0.20047343198301262,0.72400893576406478,-0.19946008726825898,-0.16548893169371026,-0.59999999999999998
6.1699999999999999,3.2140740598002813,0.94898941598315045,-0.19833000168663278,0.990997853999108,-0.16158459862143762,-0.15504525319010054,-0.59999999999999998
6.1725000000000003,3.2164103863211038,0.92004282409616667,-0.19559946415360682,1.193729101734905,-0.16158459862143762,-0.15504525319010054,-0.59999999999999998
6.1749999999999998,3.2186741159260368,0.89090663501196499,-0.19235973602769266,1.3984046322286741,-0.087136854366685695,-0.1472766533304595,-0.59999999999999998
6.1775000000000002,3.2208852142080318,0.87794555705061406,-0.18876848665949864,1.474891071348591,-0.087136854366685695,-0.1472766533304595,-0.59999999999999998
6.1799999999999997,3.2230637079649189,0.8648215684850229,-0.18498375943942066,1.5532031650469804,-0.022607175045599399,-0.15039178551283583,-0.59999999999999998
6.1825000000000001,3.225227003140875,0.86579641344786895,-0.18114278408121309,1.519812028424127,-0.022607175045599399,-0.15039178551283583,-0.59999999999999998
6.1850000000000005,3.2273925995782777,0.86666271077297075,-0.17738353235503324,1.4878212881547801,0.053673922581178382,-0.14464212527486811,-0.59999999999999998
6.1875,3.2295813794251393,0.88435472328521192,-0.17387106100722244,1.3222879788442852,0.053673922581178382,-0.14464212527486811,-0.59999999999999998
6.1900000000000004,3.231814341796587,0.90200909555224107,-0.17077146208413724,1.157510855191298,0.11858928259203752,-0.15067258273638445,-0.59999999999999998
6.1924999999999999,3.2341094512849486,0.93407960080285013,-0.16822688571910116,0.87819886026674465,0.11858928259203752,-0.15067258273638445,-0.59999999999999998
6.1950000000000003,3.2364847438320501,0.96615500925840803,-0.16638025233847761,0.59914490387484309,0.051057118991539446,-0.15701610458506232,-0.59999999999999998
6.1974999999999998,3.2389214126508921,0.98317700424768473,-0.16508094918580177,0.44035163757605422,0.051057118991539446,-0.15701610458506232,-0.59999999999999998
6.2000000000000002,3.2414006158448685,1.0001834003857726,-0.16417826435493982,0.28183404826188951,0.10470974853662127,-0.16176743773249058,-0.59999999999999998
6.2025000000000006,3.243937282044878,1.0291494097046003,-0.16379096858107267,0.028012515235302182,0.10470974853662127,-0.16176743773249058,-0.59999999999999998
6.2050000000000001,3.2465463627562272,1.0581152557267073,-0.16403819277780926,-0.22579822453105253,0.065275106314324427,-0.16674174304034362,-0.59999999999999998
6.2075000000000005,3.2492168672132631,1.0782897813359609,-0.1648323506936504,-0.40955796180410842,0.065275106314324427,-0.16674174304034362,-0.59999999999999998
6.21,3.2519378210525915,1.0984755597882827,-0.16608617429152212,-0.59354763510081043,0.035640491892481772,-0.17043964885533647,-0.59999999999999998
6.2125000000000004,3.2547010085086008,1.1120791599805235,-0.1677345698677514,-0.72524466584516301,0.035640491892481772,-0.17043964885533647,-0.59999999999999998
6.2149999999999999,3.257498242741931,1.1257138138022911,-0.16971281266554736,-0.85743965690122093,-0.025337365920443194,-0.17326799319634423,-0.59999999999999998
6.2175000000000002,3.2603126667122195,1.125836529214906,-0.17188718868166372,-0.88220102039032333,-0.025337365920443194,-0.17326799319634423,-0.59999999999999998
6.2199999999999998,3.2631274818200162,1.1260269663943459,-0.17412452546165305,-0.90781166804880364,-0.067054476089999426,-0.17220279163790556,-0.59999999999999998
6.2225000000000001,3.2659312958057609,1.117039086120194,-0.17633481562291256,-0.86059115621246796,-0.067054476089999426,-0.17220279163790556,-0.59999999999999998
6.2250000000000005,3.2687127495231709,1.1081379420799751,-0.17842831135839107,-0.81436688765918175,-0.10721136313607996,-0.16840889085111149,-0.59999999999999998
6.2275,3.2714609467718958,1.090435608075351,-0.18031894963750708,-0.6983143468086066,-0.10721136313607996,-0.16840889085111149,-0.59999999999999998
6.2300000000000004,3.2741650003154144,1.0728205845069929,-0.18192067091505795,-0.58320729308107788,-0.15364723249910417,-0.16793969868095648,-0.59999999999999998
6.2324999999999999,3.2768122876169361,1.0450216937381502,-0.18313352234342242,-0.38720218052644029,-0.15364723249910417,-0.16793969868095648,-0.59999999999999998
6.2350000000000003,3.2793901584511129,1.0172824062555943,-0.18385719415177845,-0.19181192101986974,-0.1602425659302821,-0.1628013095287483,-0.59999999999999998
6.2374999999999998,3.2818969042370836,0.9881165561572629,-0.18407834357139446,0.014868455621952575,-0.1602425659302821,-0.1628013095287483,-0.59999999999999998
6.2400000000000002,3.2843307392700694,0.95894835309980919,-0.18378283175593549,0.22157295956405815,-0.10928567813183632,-0.15510167266396088,-0.59999999999999998
6.2424999999999997,3.2867056845609603,0.94100196426021543,-0.18308219753837895,0.33899823336053614,-0.10928567813183632,-0.15510167266396088,-0.59999999999999998
6.2450000000000001,3.289035713324973,0.92301265244204089,-0.18208745467533044,0.45688664355064373,-0.10007696846352551,-0.15165518915807774,-0.59999999999999998
6.2475000000000005,3.2913232447273604,0.90700223669860003,-0.18081751353718606,0.55917800153271413,-0.10007696846352551,-0.15165518915807774,-0.59999999999999998
6.25,3.2935706682048713,0.89092425067558512,-0.17929094978842394,0.66220728481429092,-0.096502658348019896,-0.14859212215565587,-0.59999999999999998
6.2525000000000004,3.2957787888502716,0.87555821606336148,-0.17751363169775311,0.75980141505735299,-0.096502658348019896,-0.14859212215565587,-0.59999999999999998
6.2549999999999999,3.2979483842354065,0.86010211371577994,-0.17549111871935733,0.85838443246823082,-0.054673688533578624,-0.14651254451254389,-0.59999999999999998
6.2575000000000003,3.3000908194401317,0.85383245445379674,-0.17331325626388017,0.88406519243691128,-0.054673688533578624,-0.14651254451254389,-0.59999999999999998
6.2599999999999998,3.3022174774252044,0.84747988821962228,-0.17106998181507907,0.91071917551292048,0.025348407462704139,-0.13996515987791205,-0.59999999999999998
6.2625000000000002,3.3043503984980953,0.85885017760850213,-0.16893620919232724,0.79640233532379801,0.025348407462704139,-0.13996515987791205,-0.59999999999999998
6.2650000000000006,3.3065116963132901,0.87018207755320542,-0.16708748526381609,0.68266728112680841,0.027690969504270947,-0.14690410899575312,-0.59999999999999998
6.2675000000000001,3.3087019335024817,0.88200267225543316,-0.16552765714389175,0.56527105239200304,0.027690969504270947,-0.14690410899575312,-0.59999999999999998
6.2700000000000005,3.3109216868573954,0.89379589408712046,-0.16426078522087176,0.44828851390933383,0.030162988329607079,-0.15041236647018821,-0.59999999999999998
6.2725,3.3131715840658549,0.90611877866259671,-0.16329143858427375,0.32723578639681294,0.030162988329607079,-0.15041236647018821,-0.59999999999999998
6.2750000000000004,3.3154522676382889,0.91842593296170838,-0.1626244075649011,0.20642149989705669,0.019208091527032116,-0.154078807089153,-0.59999999999999998
6.2774999999999999,3.3177606484268054,0.9282772783117077,-0.16223481764545974,0.10527074757171705,0.019208091527032116,-0.154078807089153,-0.59999999999999998
6.2800000000000002,3.3200936492299618,0.93812286455611327,-0.1620979851845965,0.004202363878846635,0.022458945854447021,-0.15226260652859047,-0.59999999999999998
6.2824999999999998,3.3224521697944089,0.94869402125356217,-0.16222104104223942,-0.10265335016977688,0.022458945854447021,-0.15226260652859047,-0.59999999999999998
6.2850000000000001,3.3248371238618941,0.95927060727045887,-0.16261131761445655,-0.20958786851214367,-0.0070055860514646323,-0.15240444382873825,-0.59999999999999998
6.2875000000000005,3.3272403126353152,0.96328314308059326,-0.16320354262123277,-0.26422767679148124,-0.0070055860514646323,-0.15240444382873825,-0.59999999999999998
6.29,3.3296535547893709,0.96731393314059333,-0.16393265402474938,-0.31910512100401678,-0.049234530807770883,-0.15612546532151061,-0.59999999999999998
6.2925000000000004,3.3320651288495275,0.96195008912231239,-0.16470540626306115,-0.29915287656879491,-0.049234530807770883,-0.15612546532151061,-0.59999999999999998
6.2949999999999999,3.3344633283225931,0.95661395306336217,-0.16542869026463008,-0.27952689312240642,-0.036890349940503983,-0.15317020849136764,-0.59999999999999998
6.2975000000000003,3.3368516588491,0.95405446655392578,-0.16613072071201027,-0.28214577250333689,-0.036890349940503983,-0.15317020849136764,-0.59999999999999998
6.2999999999999998,3.3392336207250835,0.95151906571390488,-0.16683966166470796,-0.28505572140454771,-0.077786071254278943,-0.15538222600103568,-0.59999999999999998
6.3025000000000002,3.3415978901408718,0.93990100036695989,-0.16746545657280015,-0.21563113970694561,-0.077786071254278943,-0.15538222600103568,-0.59999999999999998
6.3049999999999997,3.3439331452496281,0.9283063650224509,-0.16791803670299527,-0.14646979718675149,-0.079324783731917536,-0.14963992352727115,-0.59999999999999998
6.3075000000000001,3.3462390070623211,0.91638510433825482,-0.16819454031477529,-0.074755726870918193,-0.079324783731917536,-0.14963992352727115,-0.59999999999999998
6.3100000000000005,3.3485150775938455,0.90447203185819103,-0.16829189181452042,-0.0031334427102023832,-0.060576339141317971,-0.14847002791065728,-0.59999999999999998
6.3125,3.3507665841007639,0.89673290993582944,-0.16825180710344687,0.035204257131204827,-0.060576339141317971,-0.14847002791065728,-0.59999999999999998
6.3150000000000004,3.352998739247639,0.8889903127397063,-0.16811583708831671,0.07358208788422417,-0.06679436992529586,-0.14720414224995201,-0.59999999999999998
6.3174999999999999,3.3552097992383803,0.87985600316635948,-0.16787002879343696,0.12308370770851085,-0.06679436992529586,-0.14720414224995201,-0.59999999999999998
6.3200000000000003,3.3573980087683486,0.87070909830998355,-0.16750029862240942,0.17272925299788788,-0.082665196030195037,-0.14622885747698525,-0.59999999999999998
6.3224999999999998,3.3595589116423725,0.8580092672898848,-0.16697098035715566,0.25076924455276844,-0.082665196030195037,-0.14622885747698525,-0.59999999999999998
6.3250000000000002,3.361688031811632,0.84528148199030495,-0.16624619252116998,0.32912111858657422,-0.050959356503563105,-0.14374511588226802,-0.59999999999999998
6.3275000000000006,3.3637941218551832,0.83958525533624118,-0.16539548244230612,0.35150916077756933,-0.050959356503563105,-0.14374511588226802,-0.59999999999999998
6.3300000000000001,3.3658859307131537,0.83385617528875589,-0.16448832526425167,0.37428298326352716,-0.085684193676153389,-0.14595268761888497,-0.59999999999999998
6.3325000000000005,3.3679536903097018,0.82034363741340677,-0.16344648670746167,0.45927525230902372,-0.085684193676153389,-0.14595268761888497,-0.59999999999999998
6.335,3.3699876055726499,0.80677910184960977,-0.16219146750578439,0.54484537143984235,-0.039423527775921383,-0.1422317784106418,-0.59999999999999998
6.3375000000000004,3.3720004507230161,0.80348905564248729,-0.16082473537356551,0.54863586699629108,-0.039423527775921383,-0.1422317784106418,-0.59999999999999998
6.3399999999999999,3.3740050108464392,0.80015099991543237,-0.15944780841937439,0.55300211470549288,0.0068130594132965105,-0.14054883589095388,-0.59999999999999998
6.3425000000000002,3.3760140914990786,0.80710817115954636,-0.15816238936186677,0.47540560160137746,0.0068130594132965105,-0.14054883589095388,-0.59999999999999998
6.3449999999999998,3.3780405268767297,0.81403555371446967,-0.15707044469964507,0.39821194028137696,0.0018664083972086886,-0.14146372449450667,-0.59999999999999998
6.3475000000000001,3.3800828640619622,0.81983019280348823,-0.15615999900053293,0.33019765789853206,0.0018664083972086886,-0.14146372449450667,-0.59999999999999998
6.3500000000000005,3.382139659660373,0.82560301605197706,-0.15541921566114369,0.2624722788867056,0.019041573172731086,-0.14169439307196111,-0.59999999999999998
6.3525,3.3842156741330367,0.83520652930741768,-0.15488583706499326,0.16425913341084766,0.019041573172731086,-0.14169439307196111,-0.59999999999999998
6.3550000000000004,3.3863156844694213,0.84480063876842004,-0.15459781005606163,0.066177909299215992,0.035296289535906931,-0.14494053057932413,-0.59999999999999998
6.3574999999999999,3.3884442268813171,0.85803326934458635,-0.15459124698413212,-0.060927129563232985,0.035296289535906931,-0.14494053057932413,-0.59999999999999998
6.3600000000000003,3.3906058532855092,0.87126886179579599,-0.15490248292331227,-0.18807682095445474,0.0018219090487788482,-0.14611667157960667,-0.59999999999999998
6.3624999999999998,3.3927912062685879,0.8770159806838278,-0.15545692815617454,-0.25551181550634666,0.0018219090487788482,-0.14611667157960667,-0.59999999999999998
6.3650000000000002,3.3949909473148923,0.88278004989984638,-0.1561802287538237,-0.32317091277571841,-0.023648160662554516,-0.1481430849478691,-0.59999999999999998
6.3674999999999997,3.3971979978309079,0.88286481178307652,-0.15701613595509958,-0.34560984156712149,-0.023648160662554516,-0.1481430849478691,-0.59999999999999998
6.3700000000000001,3.3994052943366802,0.8829771307175952,-0.1579085619303289,-0.36838955513024191,-0.087772484897033903,-0.14936344852978922,-0.59999999999999998
6.3725000000000005,3.4015949807591603,0.86877817495807186,-0.15871531433134714,-0.2770806729803042,-0.087772484897033903,-0.14936344852978922,-0.59999999999999998
6.375,3.403749211690918,0.85461099789210659,-0.15929425853011625,-0.18612371261318333,-0.065083673800900063,-0.14634192583455188,-0.59999999999999998
6.3775000000000004,3.4058743934688915,0.84553716652164468,-0.15969672158840212,-0.13587808486451472,-0.065083673800900063,-0.14634192583455188,-0.59999999999999998
6.3799999999999999,3.4079769090927714,0.83647721991734969,-0.15997378123217207,-0.085791209458042264,-0.078486153101827327,-0.1414209585151868,-0.59999999999999998
6.3825000000000003,3.4100530427428262,0.82443059232289828,-0.16009588515934003,-0.011901933828512734,-0.078486153101827327,-0.1414209585151868,-0.59999999999999998
6.3849999999999998,3.4120990631409405,0.81238526905619057,-0.16003330308124214,0.061972720402993509,-0.046832079810780004,-0.13813387356894902,-0.59999999999999998
6.3875000000000002,3.4141238071074116,0.80740881906842488,-0.15985652535977488,0.079462256495817257,-0.046832079810780004,-0.13813387356894902,-0.59999999999999998
6.3900000000000006,3.4161361011391307,0.80242505184733814,-0.15963591987700415,0.097038106169525448,-0.07735799328168512,-0.14009876218790351,-0.59999999999999998
6.3925000000000001,3.4181273945649564,0.79060727138029852,-0.15930317763387253,0.1691828298180772,-0.07735799328168512,-0.14009876218790351,-0.59999999999999998
6.3950000000000005,3.4200891221323708,0.77877105298303972,-0.15878983323028564,0.24153456811696777,-0.060592772981393088,-0.13547424405514774,-0.59999999999999998
6.3975,3.4220259153444244,0.77065914528000723,-0.15813266543810939,0.28424999881585344,-0.060592772981393088,-0.13547424405514774,-0.59999999999999998
6.4000000000000004,3.4239423942201084,0.76251886840339211,-0.15736831106762372,0.32729206318281118,-0.10189330210015837,-0.13493140651905794,-0.59999999999999998
6.4024999999999999,3.4258269264129018,0.74509901747740659,-0.15640366099854255,0.44451368597442409,-0.10189330210015837,-0.13493140651905794,-0.59999999999999998
6.4050000000000002,3.4276678440114448,0.72762480791729434,-0.15514524922461309,0.56232744921614142,-0.08408984751439752,-0.13065284029763799,-0.59999999999999998
6.4074999999999998,3.4294699808573665,0.71407331347294389,-0.15363121437479685,0.64902688562493915,-0.08408984751439752,-0.13065284029763799,-0.59999999999999998
6.4100000000000001,3.4312381497571791,0.70044882696416011,-0.15189943736294911,0.73653931563629316,-0.060034370546514108,-0.13167370319168523,-0.59999999999999998
6.4125000000000005,3.4329789060347093,0.6921435841295096,-0.15000164585332632,0.78183925355307382,-0.060034370546514108,-0.13167370319168523,-0.59999999999999998
6.415,3.4346988027091081,0.68376037132241407,-0.14798949228918989,0.82803784522750834,-0.050456439710289638,-0.12729463073725086,-0.59999999999999998
6.4175000000000004,3.4364003314781635,0.67744930502608403,-0.14588216777291835,0.85797781273714446,-0.050456439710289638,-0.12729463073725086,-0.59999999999999998
6.4199999999999999,3.4380859812902753,0.67105669825544989,-0.1436988085749363,0.88887145064707029,0.0035767752143909173,-0.12505382301144233,-0.59999999999999998
6.4225000000000003,3.439770762642155,0.67675864644304584,-0.14155857357736443,0.82344404370364477,0.0035767752143909173,-0.12505382301144233,-0.59999999999999998
6.4249999999999998,3.441469727464221,0.68240412596316069,-0.13958097337759659,0.75875462403943739,0.043125930441539145,-0.12744840861465462,-0.59999999999999998
6.4275000000000002,3.4431938964638746,0.69692529612166965,-0.13785339667164251,0.62339267426685208,0.043125930441539145,-0.12744840861465462,-0.59999999999999998
6.4299999999999997,3.44495432767035,0.71141494802373095,-0.13646362073578649,0.48849777747616452,0.065024042407224647,-0.13133420298710027,-0.59999999999999998
6.4325000000000001,3.4467571345717491,0.73082782843097704,-0.13546003545327995,0.31441536043316087,0.065024042407224647,-0.13133420298710027,-0.59999999999999998
6.4350000000000005,3.4486084559940897,0.75022773602797688,-0.13489136751586128,0.1405445803663363,0.08642963033483185,-0.1368772580138384,-0.59999999999999998
6.4375,3.4505143158645168,0.77445998024409923,-0.13480558018625469,-0.071911322291984214,0.08642963033483185,-0.1368772580138384,-0.59999999999999998
6.4400000000000004,3.4524807577797101,0.79869448192437775,-0.13525095966898845,-0.28440984445309059,0.057348882050495313,-0.1354910009035781,-0.59999999999999998
6.4424999999999999,3.4544995834512382,0.81636878027193782,-0.13616211871424994,-0.44456006080055976,0.057348882050495313,-0.1354910009035781,-0.59999999999999998
6.4450000000000003,3.456562618193602,0.83406288153075014,-0.13747401936875547,-0.60502146482735619,0.038608819501082699,-0.14401541916825972,-0.59999999999999998
6.4474999999999998,3.4586646339308711,0.84755556510856411,-0.13914532484238035,-0.732108218445501,0.038608819501082699,-0.14401541916825972,-0.59999999999999998
6.4500000000000002,3.4608004278284903,0.86108640760555522,-0.14113502550343021,-0.85975294180961692,-0.043349256125041272,-0.14371035654308489,-0.59999999999999998
6.4525000000000006,3.4629470242904015,0.85620378025848065,-0.14326021326697666,-0.84055112303818036,-0.043349256125041272,-0.14371035654308489,-0.59999999999999998
6.4550000000000001,3.4650815110048994,0.85139829030612724,-0.14533854100978791,-0.82226125895699831,-0.069686607983563562,-0.14662970990604562,-0.59999999999999998
6.4575000000000005,3.4671966753529682,0.84074700858159246,-0.14731312214958542,-0.75756060584744966,-0.069686607983563562,-0.14662970990604562,-0.59999999999999998
6.46,3.4692853123201139,0.83017526148333221,-0.14912709660424067,-0.69376312299155374,-0.087227805738619907,-0.13969475836156217,-0.59999999999999998
6.4625000000000004,3.4713426895396684,0.81573881903351286,-0.15074331230433846,-0.59934593795729474,-0.087227805738619907,-0.13969475836156217,-0.59999999999999998
6.4649999999999999,3.4733640634741225,0.80137085341717185,-0.15212445912533415,-0.50568822664987034,-0.14791079851651343,-0.1383046286823971,-0.59999999999999998
6.4675000000000002,3.4753325820650685,0.77345391963170917,-0.15313647395768828,-0.3040269353269579,-0.14791079851651343,-0.1383046286823971,-0.59999999999999998
6.4699999999999998,3.4772313702807987,0.74558163638474895,-0.15364498190004403,-0.10283138724716831,-0.14118930299095117,-0.13614960965473144,-0.59999999999999998
6.4725000000000001,3.4790623862517687,0.71923133986678978,-0.1536657983886191,0.086176104589529595,-0.14118930299095117,-0.13614960965473144,-0.59999999999999998
6.4750000000000005,3.4808275166777443,0.69286868158486647,-0.15321399336371591,0.27531320442236662,-0.16912154207205382,-0.1301744782260193,-0.59999999999999998
6.4775,3.4825188660252473,0.66020039056595214,-0.15222636841526799,0.51489360805275686,-0.16912154207205382,-0.1301744782260193,-0.59999999999999998
6.4800000000000004,3.4841284509269976,0.62745086301829078,-0.15063882979180546,0.75530861721893383,-0.1204221253150863,-0.12129280089618114,-0.59999999999999998
6.4824999999999999,3.4856696952919926,0.60552641886688363,-0.14855799989570723,0.90955035350509106,-0.1204221253150863,-0.12129280089618114,-0.59999999999999998
6.4850000000000003,3.4871559837195951,0.58348281048824746,-0.1460900137164686,1.06506931915258,-0.072028727395626532,-0.11966980477220224,-0.59999999999999998
6.4874999999999998,3.4886006116663264,0.57220018527355321,-0.14334019512029839,1.1350052282559675,-0.072028727395626532,-0.11966980477220224,-0.59999999999999998
6.4900000000000002,3.4900168847876922,0.56079772016102591,-0.14041385439098975,1.2063010795496971,0.011422680582389724,-0.11613542591522852,-0.59999999999999998
6.4924999999999997,3.4914280363361963,0.56811093893572751,-0.13749562375050595,1.1284517862429861,0.011422680582389724,-0.11613542591522852,-0.59999999999999998
6.4950000000000001,3.4928573782024928,0.57535062650214075,-0.13477077798302231,1.0515834585315749,0.060026505287342991,-0.11867106356401505,-0.59999999999999998
6.4975000000000005,3.4943184728190229,0.59351802176206392,-0.13234679545262104,0.88771460284525816,0.060026505287342991,-0.11867106356401505,-0.59999999999999998
6.5,3.4958249355655253,0.61164614595541578,-0.1303316882392393,0.72446565655537787,0.05134911366883621,-0.11972904893238275,-0.59999999999999998
6.5025000000000004,3.4973742190689343,0.62777523982182637,-0.12870439079027465,0.57745303112723467,0.05134911366883621,-0.11972904893238275,-0.59999999999999998
6.5049999999999999,3.4989637875410042,0.64387527742816753,-0.12744406348095802,0.43087184874315476,0.072034362749221509,-0.12403122987546072,-0.59999999999999998
6.5075000000000003,3.5005994397198554,0.6646440988164769,-0.12659665342941087,0.24709450993774687,0.072034362749221509,-0.12403122987546072,-0.59999999999999998
6.5099999999999998,3.5022869993618113,0.68540252025641712,-0.12620845091530797,0.063485134952941585,0.043227975539157165,-0.12738176518477506,-0.59999999999999998
6.5125000000000002,3.5040182838925595,0.69962512422629786,-0.12621386915424615,-0.067820009227047673,0.043227975539157165,-0.12738176518477506,-0.59999999999999998
6.5150000000000006,3.5057851281133634,0.7138514831711974,-0.12654759549424391,-0.19917858076493,0.09220374930840608,-0.13307389394179503,-0.59999999999999998
6.5175000000000001,3.5076014300526035,0.73919175903672418,-0.12732091461657796,-0.41950786239186993,0.09220374930840608,-0.13307389394179503,-0.59999999999999998
6.5200000000000005,3.5094810982587856,0.7645456340115937,-0.12864534510526823,-0.64008934334341605,0.036861631640368972,-0.13466483872901863,-0.59999999999999998
6.5225,3.5114085087754852,0.77738938024161686,-0.1303963824887627,-0.76083372609633793,0.036861631640368972,-0.13466483872901863,-0.59999999999999998
6.5250000000000004,3.513368080739935,0.79027581121120005,-0.13245001758915287,-0.88218266168535908,-0.0034678066284868172,-0.14165433177487663,-0.59999999999999998
6.5274999999999999,3.5153485309443964,0.79409551360133723,-0.13471674328239394,-0.93133986073574138,-0.0034678066284868172,-0.14165433177487663,-0.59999999999999998
6.5300000000000002,3.5173386153780148,0.79798370084689152,-0.13710744399291985,-0.98136961098387598,-0.041767645104923916,-0.13763093239800159,-0.59999999999999998
6.5324999999999998,3.5193277065575064,0.79330404266394083,-0.13953800685554013,-0.9632559775158267,-0.041767645104923916,-0.13763093239800159,-0.59999999999999998
6.5350000000000001,3.5213052087964347,0.78871223864943052,-0.14192459131681626,-0.94618336307327666,-0.12394403212841106,-0.13944091487626287,-0.59999999999999998
6.5375000000000005,3.5232482077931184,0.76570601880458922,-0.14408494154166532,-0.78230062457416505,-0.12394403212841106,-0.13944091487626287,-0.59999999999999998
6.54,3.5251338253284636,0.74280352672069982,-0.14583701811243746,-0.61952635451540605,-0.1342129910346104,-0.13372042320855931,-0.59999999999999998
6.5425000000000004,3.5269594076799513,0.7176745747155624,-0.14716024911241063,-0.43918765001755244,-0.1342129910346104,-0.13372042320855931,-0.59999999999999998
6.5449999999999999,3.5287222489589647,0.69260653197093669,-0.14803349279713846,-0.25949270290410387,-0.12894482986457029,-0.12986646856787334,-0.59999999999999998
6.5475000000000003,3.5304239501375587,0.66875837621203194,-0.14846984863978396,-0.089634042113633711,-0.12894482986457029,-0.12986646856787334,-0.59999999999999998
6.5499999999999998,3.5320660510222406,0.6449224402229552,-0.14848177102513649,0.080094980421624384,-0.1570571075151429,-0.12460192637825546,-0.59999999999999998
6.5525000000000002,3.5336406563464089,0.61475703577350838,-0.14800620722626806,0.30040566283915676,-0.1570571075151429,-0.12460192637825546,-0.59999999999999998
6.5549999999999997,3.5351397984619375,0.58454634809981443,-0.14697935125190772,0.52118607987714316,-0.10358436983217993,-0.11939503506971719,-0.59999999999999998
6.5575000000000001,3.5365783585415644,0.56628977566485084,-0.14551969911802221,0.64666563055554693,-0.10358436983217993,-0.11939503506971719,-0.59999999999999998
6.5600000000000005,3.5379711812899552,0.5479539390692254,-0.14374530368217631,0.77300853893387322,-0.076485585807455972,-0.11574824012991365,-0.59999999999999998
6.5625,3.5393256812417233,0.53563132860304985,-0.14171477242077843,0.85158180656686688,-0.076485585807455972,-0.11574824012991365,-0.59999999999999998
6.5650000000000004,3.540649260943074,0.52321632269989171,-0.13948652815916074,0.93119495439659761,-0.063844059441423184,-0.11100979043557824,-0.59999999999999998
6.5674999999999999,3.541945245774027,0.51355519445330711,-0.13708635847007503,0.98912799884143277,-0.063844059441423184,-0.11100979043557824,-0.59999999999999998
6.5700000000000003,3.5432169527090962,0.50379300981178188,-0.13453992380935445,1.0482183758366341,0.0073783049967608757,-0.11356405335199958,-0.59999999999999998
6.5724999999999998,3.544484260259583,0.51004144511430893,-0.132005249578307,0.97967252297743312,0.0073783049967608757,-0.11356405335199958,-0.59999999999999998
6.5750000000000002,3.5457671036318876,0.51622231901545557,-0.12964082659340384,0.91200820308580643,0.035006249698368928,-0.11082724834416663,-0.59999999999999998
6.5775000000000006,3.5470731451380315,0.52860271177947205,-0.12750711031011844,0.79507945932694013,0.035006249698368928,-0.11082724834416663,-0.59999999999999998
6.5800000000000001,3.5484100788095927,0.54093705704555395,-0.12566489294794939,0.67879427676587833,0.058387474106018751,-0.11291688051221044,-0.59999999999999998
6.5825000000000005,3.5497844295292689,0.5585386517168236,-0.12416573267248247,0.52060730010107226,0.058387474106018751,-0.11291688051221044,-0.59999999999999998
6.585,3.5512027507717963,0.5761147033624,-0.12306153670675701,0.36280392669010814,0.055819544806912563,-0.11655610627838323,-0.59999999999999998
6.5875000000000004,3.5526642590311988,0.59308946649860605,-0.12234565629578514,0.20993633738638257,0.055819544806912563,-0.11655610627838323,-0.59999999999999998
6.5899999999999999,3.5541681891400101,0.61005347694525547,-0.12201172307605533,0.057227052307168652,0.056201697926519717,-0.12211870009867815,-0.59999999999999998
6.5925000000000002,3.5557146324710511,0.62710135397220956,-0.12206035319770066,-0.096133593769776898,0.056201697926519717,-0.12211870009867815,-0.59999999999999998
6.5949999999999998,3.5573037000144803,0.64415415383350683,-0.12249245145990642,-0.24956671709504491,0.049128580545874934,-0.12005266378339051,-0.59999999999999998
6.5975000000000001,3.5589334062851279,0.65961373782138577,-0.12329228072759738,-0.39033808157216876,0.049128580545874934,-0.12005266378339051,-0.59999999999999998
6.6000000000000005,3.5606017861681081,0.67509427117496412,-0.12444439373876807,-0.5314116354090338,-0.016435064527996503,-0.12695839780992454,-0.59999999999999998
6.6025,3.5622903090726603,0.6757314867081019,-0.12580094314815382,-0.55391893724248642,-0.016435064527996503,-0.12695839780992454,-0.59999999999999998
6.6050000000000004,3.5639804814797933,0.6764141588515209,-0.1272144525763465,-0.57698325924779836,-0.024671111250098979,-0.12918989333719233,-0.59999999999999998
6.6074999999999999,3.5656700861867576,0.67527788041885739,-0.12866768116063754,-0.58569966631364812,-0.024671111250098979,-0.12918989333719233,-0.59999999999999998
6.6100000000000003,3.5673569125006219,0.67419154834346329,-0.130143454461213,-0.59502038579110605,-0.061738786284176297,-0.13122846969324967,-0.59999999999999998
6.6124999999999998,3.569030598195257,0.66476665705730975,-0.13155942164273848,-0.537863776110859,-0.061738786284176297,-0.13122846969324967,-0.59999999999999998
6.6150000000000002,3.5706807916004641,0.65539674870566222,-0.13283329754567352,-0.48133627509222332,-0.087478370953972998,-0.12909393747286196,-0.59999999999999998
6.6174999999999997,3.5723003473843127,0.64025608132750089,-0.13390839965150553,-0.37883636143864918,-0.087478370953972998,-0.12909393747286196,-0.59999999999999998
6.6200000000000001,3.5738821081523922,0.62515879186518775,-0.13472788004108344,-0.27681731979040042,-0.10024427903439539,-0.12110939681603113,-0.59999999999999998
6.6225000000000005,3.5754225615945838,0.60720827773303632,-0.13526394923823876,-0.15208521735664882,-0.10024427903439539,-0.12110939681603113,-0.59999999999999998
6.625,3.576918164848558,0.58927613418153024,-0.13548847344398854,-0.027553916132270095,-0.077468904489000262,-0.11721500125389311,-0.59999999999999998
6.6275000000000004,3.5783753778515153,0.57649400969140063,-0.13545317428749262,0.055796138123923145,-0.077468904489000262,-0.11721500125389311,-0.59999999999999998
6.6299999999999999,3.5798006297874725,0.56370575359899322,-0.13520943549066186,0.13921490952035043,-0.10827929913759837,-0.11434084582514036,-0.59999999999999998
6.6325000000000003,3.5811851895548421,0.54393772376267036,-0.1346873713727339,0.27848341613255456,-0.10827929913759837,-0.11434084582514036,-0.59999999999999998
6.6349999999999998,3.582520289507054,0.52413501431362919,-0.13381670493102665,0.41812811209886502,-0.11318646471004762,-0.11351005541809821,-0.59999999999999998
6.6375000000000002,3.5838044338922757,0.50317010446940447,-0.13258516805894957,0.56721365933503332,-0.11318646471004762,-0.11351005541809821,-0.59999999999999998
6.6400000000000006,3.5850360802966734,0.48213351472086802,-0.1309799908604255,0.71707416474706065,-0.033459776083095062,-0.10840058486764709,-0.59999999999999998
6.6425000000000001,3.5862375971404332,0.47906928646398678,-0.12917947616224171,0.72346503447230259,-0.033459776083095062,-0.10840058486764709,-0.59999999999999998
6.6450000000000005,3.5874313730531808,0.47594064157755001,-0.12736202507684288,0.73062470531610513,-0.037324932511833477,-0.1108264388654833,-0.59999999999999998
6.6475,3.5886161502292979,0.47186989089868431,-0.1255169398539909,0.74557628042220059,-0.037324932511833477,-0.1108264388654833,-0.59999999999999998
6.6500000000000004,3.5897906658392884,0.46773113198529581,-0.12363347241540339,0.76133343957934507,0.029744095008073415,-0.10386644159241887,-0.59999999999999998
6.6524999999999999,3.5909737889811737,0.4787600526312899,-0.12186192492328066,0.65600411013720239,0.029744095008073415,-0.10386644159241887,-0.59999999999999998
6.6550000000000002,3.5921844319849812,0.48974803832905223,-0.12035298953697976,0.55122954454142847,0.046660231965932442,-0.1086037522537962,-0.59999999999999998
6.6574999999999998,3.5934273078304777,0.50454811982644598,-0.11914385764361135,0.41613994817284139,0.046660231965932442,-0.1086037522537962,-0.59999999999999998
6.6600000000000001,3.5947071530505101,0.51932476791764715,-0.11827201381963726,0.28138148082783165,0.023497321421493404,-0.11364435015521429,-0.59999999999999998
6.6625000000000005,3.596017331500966,0.52881537520353461,-0.11768404736425903,0.18902620679888418,0.023497321421493404,-0.11364435015521429,-0.59999999999999998
6.665,3.5973512193940484,0.53829334439784804,-0.11732674393952849,0.09683754729914397,0.037408831485203985,-0.11307759931802407,-0.59999999999999998
6.6675000000000004,3.5987127497521136,0.55093055342234776,-0.11723145800529917,-0.020603494470399608,0.037408831485203985,-0.11307759931802407,-0.59999999999999998
6.6699999999999999,3.6001058732115663,0.56356902230834738,-0.11742977575111677,-0.13806173741792077,0.019437454396070534,-0.11632439650509402,-0.59999999999999998
6.6725000000000003,3.6015254911102286,0.57212736029457323,-0.11788095857282853,-0.22291146072106616,0.019437454396070534,-0.11632439650509402,-0.59999999999999998
6.6749999999999998,3.6029665227405392,0.58070096995723042,-0.11854449929656168,-0.30796066854108961,0.027989541686951933,-0.11673456733449245,-0.59999999999999998
6.6775000000000002,3.6044314443249603,0.59124014727254326,-0.11944044499831921,-0.40884737670409838,0.027989541686951933,-0.11673456733449245,-0.59999999999999998
6.6799999999999997,3.605922745368455,0.60180559066130801,-0.12058902931338766,-0.51008582410745584,-0.030803941548568612,-0.12009704059038118,-0.59999999999999998
6.6825000000000001,3.6074238024364447,0.59904760747944141,-0.12185763041140073,-0.5048850134199423,-0.030803941548568612,-0.12009704059038118,-0.59999999999999998
6.6850000000000005,3.6089180208981673,0.59633461910587193,-0.12311390159609885,-0.50022090948304332,-0.076692486940874646,-0.11616027745474666,-0.59999999999999998
6.6875,3.6103924924453712,0.58325093164885966,-0.12425500733228985,-0.41275702970804617,-0.076692486940874646,-0.11616027745474666,-0.59999999999999998
6.6900000000000004,3.6118343131561348,0.5702123677478419,-0.12517810889073122,-0.32579977403764104,-0.063744053004429091,-0.11600787491540175,-0.59999999999999998
6.6924999999999999,3.6132472554675186,0.56014656298674181,-0.12591371013822575,-0.26273913294105955,-0.063744053004429091,-0.11600787491540175,-0.59999999999999998
6.6950000000000003,3.6146350686581448,0.55010798551923779,-0.12649206307798283,-0.19998875195447485,-0.11492703653874801,-0.1172613202822797,-0.59999999999999998
6.6974999999999998,3.6159833058890003,0.52848438474339843,-0.12679781115497404,-0.044637632730295529,-0.11492703653874801,-0.1172613202822797,-0.59999999999999998
6.7000000000000002,3.6172774952997555,0.50686644628993982,-0.12671530218780924,0.11065233896434987,-0.09008510503168167,-0.11042590514108741,-0.59999999999999998
6.7025000000000006,3.6185246682692456,0.49086873550552151,-0.12630075018777137,0.22102457967297429,-0.09008510503168167,-0.11042590514108741,-0.59999999999999998
6.7050000000000001,3.6197318176994173,0.474845490280417,-0.12560994396046524,0.33167923041748559,-0.010695012612594722,-0.10770383247682667,-0.59999999999999998
6.7075000000000005,3.6209213803597158,0.47680044465884847,-0.12482212191506298,0.29863025514767144,-0.010695012612594722,-0.10770383247682667,-0.59999999999999998
6.71,3.6221158000338458,0.47873153103536181,-0.12411654685863024,0.26587629112897376,-0.0083033453554545861,-0.10820132656434961,-0.59999999999999998
6.7125000000000004,3.6233156989336641,0.48118432662295574,-0.12349795076735222,0.22904104479933923,-0.0083033453554545861,-0.10820132656434961,-0.59999999999999998
6.7149999999999999,3.6245217065566573,0.4836189888669874,-0.12297115427255591,0.19243064785153477,-0.0027777190921949302,-0.10821494017881415,-0.59999999999999998
6.7175000000000002,3.6257353497192804,0.48729337218283025,-0.12254818967500675,0.14596819504267089,-0.0027777190921949302,-0.10821494017881415,-0.59999999999999998
6.7199999999999998,3.6269581640554174,0.49095652040994237,-0.1222411960757297,0.099646416948510286,-0.014400006132609586,-0.10976913262271114,-0.59999999999999998
6.7225000000000001,3.6281868260001588,0.4919718425400455,-0.12202347427868901,0.074545625092903467,-0.014400006132609586,-0.10976913262271114,-0.59999999999999998
6.7250000000000005,3.6294180181622471,0.49298103714025854,-0.1218684054426411,0.049519848812345807,-0.0035622960260274089,-0.10654594060222329,-0.59999999999999998
6.7275,3.630654805280749,0.49644830653828004,-0.12180045755205449,0.0048428493896566505,-0.0035622960260274089,-0.10654594060222329,-0.59999999999999998
6.7300000000000004,3.6319002593823035,0.49991520060182043,-0.12184418729069185,-0.039829461887413597,-0.015002123813516382,-0.11229865395923735,-0.59999999999999998
6.7324999999999999,3.6331511355462958,0.50078644249347926,-0.12197364612305354,-0.063746309067068491,-0.015002123813516382,-0.11229865395923735,-0.59999999999999998
6.7350000000000003,3.634404195975685,0.50166294173787351,-0.12216297240862956,-0.087727446925588995,-0.048689945388525273,-0.11181062988885,-0.59999999999999998
6.7374999999999998,3.6356498920200591,0.49489501398409547,-0.12233583158888946,-0.050572902827410587,-0.048689945388525273,-0.11181062988885,-0.59999999999999998
6.7400000000000002,3.6368786751415341,0.48813200198387541,-0.12241588447575188,-0.013475429741299672,-0.031382985694416762,-0.10866973812237282,-0.59999999999999998
6.7424999999999997,3.6380954665084801,0.48530125075413821,-0.12244253376961381,-0.0078459002421971576,-0.031382985694416762,-0.10866973812237282,-0.59999999999999998
6.7450000000000001,3.6393051819810109,0.48247120245797259,-0.12245512094924012,-0.0022247384976553704,-0.054788873832511395,-0.11200726152776293,-0.59999999999999998
6.7475000000000005,3.6405011778721086,0.47432514676487803,-0.12240049392282096,0.045930547827117259,-0.054788873832511395,-0.11200726152776293,-0.59999999999999998
6.75,3.6416768038922713,0.46617450375387814,-0.12222542418542932,0.094138666481342309,-0.077846244058078953,-0.10068951787616576,-0.59999999999999998
6.7525000000000004,3.642825495626385,0.45277633161489766,-0.12187732720208624,0.18436752126817954,-0.077846244058078953,-0.10068951787616576,-0.59999999999999998
6.7549999999999999,3.6439406686589324,0.43935788867462999,-0.12130339725122134,0.27482358396780271,-0.046359337157853689,-0.10534499757255318,-0.59999999999999998
6.7575000000000003,3.6450312044015605,0.43306603116500014,-0.12057449792261764,0.3083503228544982,-0.046359337157853689,-0.10534499757255318,-0.59999999999999998
6.7599999999999998,3.6461059740949811,0.42674450716494172,-0.11976135772132762,0.34222259231281899,-0.075869353236002954,-0.10079299567765454,-0.59999999999999998
6.7625000000000002,3.6471565114648352,0.41367837955543441,-0.11879594082846905,0.43018970417473901,-0.075869353236002954,-0.10079299567765454,-0.59999999999999998
6.7650000000000006,3.6481743269735678,0.40056542586805433,-0.11760997054784016,0.51868323874543076,0.03276514028857723,-0.10320464614718433,-0.59999999999999998
6.7675000000000001,3.6491901969794558,0.41212570765868894,-0.11644934642969187,0.40988181678274049,0.03276514028857723,-0.10320464614718433,-0.59999999999999998
6.7700000000000005,3.650234933930272,0.42366009538713861,-0.11556027056367646,0.30142945663951104,-0.012112804938673016,-0.10035657672147427,-0.59999999999999998
6.7725,3.6512957067890723,0.42495423483257183,-0.11483973034627928,0.2750511327187134,-0.012112804938673016,-0.10035657672147427,-0.59999999999999998
6.7750000000000004,3.652359686209413,0.42622569871873989,-0.11418478377038405,0.24895018513271322,0.046053627625393161,-0.1037872834022293,-0.59999999999999998
6.7774999999999999,3.6534433829048591,0.44072986753245352,-0.11372737188964556,0.11700417264557775,0.046053627625393161,-0.1037872834022293,-0.59999999999999998
6.7800000000000002,3.6545633298154279,0.45522715988266921,-0.11359968338406795,-0.014846419525194554,-0.0060146405516482201,-0.10294366639282038,-0.59999999999999998
6.7824999999999998,3.6557046906709787,0.45786196969661513,-0.1136829052194254,-0.051736543232422577,-0.0060146405516482201,-0.10294366639282038,-0.59999999999999998
6.7850000000000001,3.6568526431226753,0.46050093009667908,-0.11385840879486125,-0.088677902002409326,-0.0056298639371970818,-0.10899111818630469,-0.59999999999999998
6.7875000000000005,3.6580073108158602,0.46323465820439902,-0.11412724500517812,-0.1264087817021019,-0.0056298639371970818,-0.10899111818630469,-0.59999999999999998
6.79,3.6591688248368017,0.465978494379582,-0.1144905567947523,-0.16426457688413948,-0.040920098029763596,-0.10827986391158645,-0.59999999999999998
6.7925000000000004,3.6603271675637248,0.46069806594493062,-0.11486828068546097,-0.13794239533653596,-0.040920098029763596,-0.10827986391158645,-0.59999999999999998
6.7949999999999999,3.6614723260230138,0.45543066666897436,-0.11518039592287906,-0.11177281145415474,-0.028974359319031553,-0.10533979863137258,-0.59999999999999998
6.7975000000000003,3.6626077297856479,0.45289397782661633,-0.11545446404356804,-0.10750115258480131,-0.028974359319031553,-0.10533979863137258,-0.59999999999999998
6.7999999999999998,3.6637368039233862,0.45036690335806739,-0.11571799711438958,-0.10334401852243091,-0.056095912001748585,-0.1063666483071867,-0.59999999999999998
6.8025000000000002,3.664851853845037,0.44167431999298423,-0.1159094972730947,-0.049870884519038261,-0.056095912001748585,-0.1063666483071867,-0.59999999999999998
6.8049999999999997,3.6659451797089413,0.43298676003688158,-0.11596739962745212,0.0035445326594086349,-0.078056588290632306,-0.10315103101862366,-0.59999999999999998
6.8075000000000001,3.6670105379157079,0.41929888485215372,-0.11584174941394489,0.096985957478968293,-0.078056588290632306,-0.10315103101862366,-0.59999999999999998
6.8100000000000005,3.6680416652516938,0.40560035154635515,-0.11548237027091036,0.19054686990275549,-0.037994047370728035,-0.10134490594110193,-0.59999999999999998
6.8125,3.6690499261838658,0.40100527413338077,-0.11498010193636692,0.21130449275664157,-0.037994047370728035,-0.10134490594110193,-0.59999999999999998
6.8150000000000004,3.6700466752126348,0.39639050323894637,-0.11442565482272572,0.23229371787402331,-0.051673987608329933,-0.096417624759935761,-0.59999999999999998
6.8174999999999999,3.6710279650874447,0.38863718762499105,-0.11378723730430375,0.27848892213856169,-0.051673987608329933,-0.096417624759935761,-0.59999999999999998
6.8200000000000003,3.6719898382017528,0.38085633078280939,-0.11303294508366633,0.32500230862700386,-0.036519491457461334,-0.099061789281416984,-0.59999999999999998
6.8224999999999998,3.6729365377560099,0.37649814133869186,-0.11219648292631897,0.34422833396775754,-0.036519491457461334,-0.099061789281416984,-0.59999999999999998
6.8250000000000002,3.673872302299821,0.37210801858456088,-0.11131148999849097,0.36383049216733443,0.014802326207518909,-0.097879901893073662,-0.59999999999999998
6.8275000000000006,3.6748116809602633,0.37939097083664808,-0.11049414266454823,0.29009782180258187,0.014802326207518909,-0.097879901893073662,-0.59999999999999998
6.8300000000000001,3.6757692396497448,0.38665291832292764,-0.10986077685880885,0.21663399446131804,-0.012495050535806896,-0.096672978630691131,-0.59999999999999998
6.8325000000000005,3.6767371471658907,0.38767024108762632,-0.10934846809136725,0.19324777044934513,-0.012495050535806896,-0.096672978630691131,-0.59999999999999998
6.835,3.6777075773942847,0.3886714095881072,-0.1088943741065851,0.17005824195272096,0.0033973107129563387,-0.098979982721678128,-0.59999999999999998
6.8375000000000004,3.6786850262589881,0.393285823025109,-0.10853433762288045,0.11799417508789473,0.0033973107129563387,-0.098979982721678128,-0.59999999999999998
6.8399999999999999,3.6796739988898977,0.39789109264069256,-0.1083043080447747,0.066044339191021581,-0.01607067555803288,-0.097884633227803483,-0.59999999999999998
6.8425000000000002,3.6806689226991498,0.39804713243017337,-0.10815958170864023,0.049746678632816517,-0.01607067555803288,-0.097884633227803483,-0.59999999999999998
6.8449999999999998,3.6816642310187806,0.39819893191444139,-0.1080555319064628,0.033500317053705084,-0.00069655899548874559,-0.1017274505510134,-0.59999999999999998
6.8475000000000001,3.6826643019260268,0.4018576440774187,-0.10802718124317877,-0.010817929283378304,-0.00069655899548874559,-0.1017274505510134,-0.59999999999999998
6.8500000000000005,3.6836735199535133,0.40551721332707935,-0.10810963040871888,-0.055146801275097752,-0.048092158527670424,-0.10174911881424512,-0.59999999999999998
6.8525,3.6846783682914599,0.39836201159194651,-0.1081946682217314,-0.01288987677583267,-0.048092158527670424,-0.10174911881424512,-0.59999999999999998
6.8550000000000004,3.685665331061855,0.39120807061291751,-0.10817409196693484,0.029352435001597232,-0.042164672548784504,-0.099661487142089278,-0.59999999999999998
6.8574999999999999,3.6866360976000117,0.38540444273839775,-0.10806142225273208,0.060791708813254068,-0.042164672548784504,-0.099661487142089278,-0.59999999999999998
6.8600000000000003,3.6875923484385211,0.37959501000181195,-0.10787007695449435,0.092298749625446319,-0.028762639560797401,-0.09902209421960162,-0.59999999999999998
6.8624999999999998,3.6885378899443828,0.37683675291939789,-0.10763047014545719,0.099403823602173008,-0.028762639560797401,-0.09902209421960162,-0.59999999999999998
6.8650000000000002,3.689476524725972,0.37406952246568304,-0.10737296902316089,0.10661548293978161,-0.03432543893947225,-0.098451450176774077,-0.59999999999999998
6.8674999999999997,3.6904066417658372,0.37002233149356578,-0.10708458238901514,0.12411478468220397,-0.03432543893947225,-0.098451450176774077,-0.59999999999999998
6.8700000000000001,3.6913266268182161,0.36596366123167795,-0.10675228233763707,0.14174941283478984,-0.054712542768848717,-0.09344077831597708,-0.59999999999999998
6.8725000000000005,3.6922306287858451,0.35723508004835963,-0.1063290947045102,0.1968332764588695,-0.054712542768848717,-0.09344077831597708,-0.59999999999999998
6.875,3.6931127857504973,0.34848673576159434,-0.10576792653572889,0.25214446200592516,-0.023250408735301535,-0.094607741143299048,-0.59999999999999998
6.8775000000000004,3.6939820269861281,0.34690255561749062,-0.10514009413947116,0.25016567639952009,-0.023250408735301535,-0.094607741143299048,-0.59999999999999998
6.8799999999999999,3.6948472801075338,0.34529626828547394,-0.1045168778500678,0.24845127833882469,-0.018661640453303371,-0.095420534346147279,-0.59999999999999998
6.8825000000000003,3.695709801087983,0.34471699547289991,-0.10390811968798003,0.23859760628848226,-0.018661640453303371,-0.095420534346147279,-0.59999999999999998
6.8849999999999998,3.6965708478292996,0.34411701421666474,-0.10332368225761052,0.22899302864683654,-0.039862248778392027,-0.093561368591955324,-0.59999999999999998
6.8875000000000002,3.6974243100184587,0.33864888386429015,-0.10271441881152289,0.25846280636724189,-0.039862248778392027,-0.093561368591955324,-0.59999999999999998
6.8900000000000006,3.6982640718148887,0.33315623081443696,-0.10203112918214231,0.28821946223050865,0.017771470169938311,-0.09150105820252441,-0.59999999999999998
6.8925000000000001,3.6991065483710175,0.34082194337872057,-0.10140506665597793,0.21266963599781769,0.017771470169938311,-0.09150105820252441,-0.59999999999999998
6.8950000000000005,3.6999681684777199,0.34847199124128253,-0.1009676149595061,0.13731906652097936,-0.015615610996267135,-0.092839418638114901,-0.59999999999999998
6.8975,3.7008393507176134,0.34847193000875326,-0.10064186700456176,0.12330185340370312,-0.015615610996267135,-0.092839418638114901,-0.59999999999999998
6.9000000000000004,3.701710519275093,0.34846124468275302,-0.10035099895937215,0.10941273106899717,0.026899579755913228,-0.096598033112711257,-0.59999999999999998
6.9024999999999999,3.7025938111316039,0.35817149199316956,-0.10019214008398306,0.017684034577474722,0.026899579755913228,-0.096598033112711257,-0.59999999999999998
6.9050000000000002,3.703501375693687,0.36788048943985718,-0.10026256534091794,-0.074028523776219365,-0.0004311288409221607,-0.096208103412446982,-0.59999999999999998
6.9074999999999998,3.7044254001954231,0.37134038688263021,-0.10049971005354601,-0.11570295820775195,-0.0004311288409221607,-0.096208103412446982,-0.59999999999999998
6.9100000000000001,3.7053580854004418,0.3748096113996055,-0.10084117592853239,-0.15749235338793471,-0.008147678610237406,-0.099424267012552942,-0.59999999999999998
6.9125000000000005,3.706297252038329,0.37652607920766629,-0.10126962384496722,-0.18529499395929111,-0.008147678610237406,-0.099424267012552942,-0.59999999999999998
6.915,3.7072407286568296,0.37825798031704222,-0.1017678076850272,-0.21328579067421904,-0.023547885052803898,-0.095643223561366286,-0.59999999999999998
6.9175000000000004,3.7081841539552851,0.37648541754600878,-0.10230096474145987,-0.21327756668411524,-0.023547885052803898,-0.095643223561366286,-0.59999999999999998
6.9199999999999999,3.7091231715341584,0.37473180396192185,-0.10283438402978835,-0.21349557624926893,-0.04384219447311382,-0.097125199490964639,-0.59999999999999998
6.9225000000000003,3.710052028733299,0.36835708971806391,-0.10332217262377205,-0.17677179123895057,-0.04384219447311382,-0.097125199490964639,-0.59999999999999998
6.9249999999999998,3.710964971178969,0.36199941271326291,-0.10371840826735597,-0.14024636459418954,-0.059827727093855927,-0.095892494914962254,-0.59999999999999998
6.9275000000000002,3.7118574695199711,0.35200109375563138,-0.10398695099897456,-0.074608791403259267,-0.059827727093855927,-0.095892494914962254,-0.59999999999999998
6.9299999999999997,3.7127249830150721,0.34201041651993885,-0.10409152504174675,-0.0090586103297497361,-0.028180646355845138,-0.095798657285718999,-0.59999999999999998
6.9325000000000001,3.713576564417771,0.33925478493941752,-0.1041046754960005,-0.0014626944670216423,-0.028180646355845138,-0.095798657285718999,-0.59999999999999998
6.9350000000000005,3.7144212570499744,0.33649928564756304,-0.10409883982235596,0.0061316509629452563,-0.0022316899441231514,-0.094287725561664967,-0.59999999999999998
6.9375,3.7152664743240171,0.33967471922201053,-0.10413339398164823,-0.033777266412127811,-0.0022316899441231514,-0.094287725561664967,-0.59999999999999998
6.9400000000000004,3.7161196329146944,0.34285287510868084,-0.10426775411632981,-0.07371973832365393,-0.028594549179993368,-0.094859932538089789,-0.59999999999999998
6.9424999999999999,3.7169732121929524,0.34001159793478297,-0.10444173079861009,-0.065474072189961707,-0.028594549179993368,-0.094859932538089789,-0.59999999999999998
6.9450000000000003,3.7178196958448932,0.33717624997078538,-0.10459518310407176,-0.05729876503418789,-0.040254012639159356,-0.094819204004579619,-0.59999999999999998
6.9474999999999998,3.7186557671290417,0.33168145120402237,-0.10470159978294646,-0.027842457836824021,-0.040254012639159356,-0.094819204004579619,-0.59999999999999998
6.9500000000000002,3.719478105304252,0.32618929681932285,-0.10473442115814241,0.0015829270974233346,-0.069958676131078021,-0.092199360364161084,-0.59999999999999998
6.9525000000000006,3.7202782280828597,0.31390815596764959,-0.10462572179492441,0.085385278307668594,-0.069958676131078021,-0.092199360364161084,-0.59999999999999998
6.9550000000000001,3.721047638522371,0.30161794077669135,-0.10430740919074936,0.16929032451075499,-0.040738455055787673,-0.090220705970011861,-0.59999999999999998
6.9575000000000005,3.7217946517431724,0.29598970852834788,-0.1038459711045122,0.19989435712994402,-0.040738455055787673,-0.090220705970011861,-0.59999999999999998
6.96,3.7225275712133103,0.29034245254190044,-0.10330775214434126,0.23072072232766472,-0.048964353110196056,-0.091185258716672365,-0.59999999999999998
6.9625000000000004,3.7232439945454923,0.28279205656972339,-0.10267332108806165,0.27687223876543493,-0.048964353110196056,-0.091185258716672365,-0.59999999999999998
6.9649999999999999,3.72394150882366,0.27521445127863031,-0.10192312849165651,0.3233387331144828,-0.037216420827024574,-0.089682408873598796,-0.59999999999999998
6.9675000000000002,3.7246233998027729,0.27029307321073004,-0.10108323193029203,0.34864023099157943,-0.037216420827024574,-0.089682408873598796,-0.59999999999999998
6.9699999999999998,3.7252929468997684,0.26533894420808457,-0.10017960708877122,0.37432606134947205,0.0060333392659166121,-0.082982529947765671,-0.59999999999999998
6.9725000000000001,3.7259624399163571,0.27025093291561081,-0.099310393886672829,0.32110098394067776,0.0060333392659166121,-0.082982529947765671,-0.59999999999999998
6.9750000000000005,3.7266441805903372,0.27513775200085155,-0.098573841136084084,0.2681891625268798,0.033938843031754547,-0.088142018114816922,-0.59999999999999998
6.9775,3.7273460988316054,0.28639436677804958,-0.098033226003776106,0.16433524118626983,0.033938843031754547,-0.088142018114816922,-0.59999999999999998
6.9800000000000004,3.7280761430109672,0.29763968662678292,-0.097752042120470325,0.060628689502810945,-0.037262974757950568,-0.092417985190735255,-0.59999999999999998
6.9824999999999999,3.7288139097792787,0.29257256272041027,-0.097566717409935999,0.087644735287242648,-0.037262974757950568,-0.092417985190735255,-0.59999999999999998
6.9850000000000003,3.729538998935864,0.2874971716908335,-0.097313737714765286,0.11475766404070216,0.043383490030893306,-0.08824785763708104,-0.59999999999999998
6.9874999999999998,3.730274478131431,0.30088558972775398,-0.09717784024914744,-0.0060317923275035046,0.043383490030893306,-0.08824785763708104,-0.59999999999999998
6.9900000000000002,3.7310434272149378,0.31427440381520294,-0.097343901062268062,-0.12682650658119377,-0.031268709040307811,-0.09083765901330064,-0.59999999999999998
6.9924999999999997,3.7318244848095903,0.31057349670857148,-0.097640823747298974,-0.11073317771593189,-0.031268709040307811,-0.09083765901330064,-0.59999999999999998
6.9950000000000001,3.7325963032033407,0.30688279646102468,-0.09789766732787987,-0.09476031329956898,-0.039662625640973337,-0.090241152303492195,-0.59999999999999998
6.9975000000000005,3.7333565032784097,0.30127851841639536,-0.098095459837622592,-0.063488360562142354,-0.039662625640973337,-0.090241152303492195,-0.59999999999999998
7,3.7341027008292906,0.29568028171781274,-0.098215167965487613,-0.032287017818947883,-0.022603514190880879,-0.09026739971883016,-0.59999999999999998
7.0025000000000004,3.7348397901599748,0.29399166284344252,-0.098296046567917794,-0.032421591259659883,-0.022603514190880879,-0.09026739971883016,-0.59999999999999998
7.0049999999999999,3.7355726615484461,0.29230593014944894,-0.098377304615997266,-0.03259060079382977,-0.052871848424304937,-0.089955315548207793,-0.59999999999999998
7.0075000000000003,3.7362926587754677,0.28369193354655803,-0.098389617707618199,0.022739181911410167,-0.052871848424304937,-0.089955315548207793,-0.59999999999999998
7.0099999999999998,3.736991119323259,0.27507566547605466,-0.098263586899716551,0.078095132262463035,-0.014152162592127702,-0.085455820371231075,-0.59999999999999998
7.0125000000000002,3.7376791140168506,0.27531908195528598,-0.098087866949228927,0.062492982207245709,-0.014152162592127702,-0.085455820371231075,-0.59999999999999998
7.0150000000000006,3.7383677102543027,0.2755571234782776,-0.097951067958587712,0.046955674196471564,-0.024922665299617897,-0.084774812082793027,-0.59999999999999998
7.0175000000000001,3.7390538130169548,0.27332435117080905,-0.097828344736570261,0.051231651635859209,-0.024922665299617897,-0.084774812082793027,-0.59999999999999998
7.0200000000000005,3.7397343281723328,0.2710869730743698,-0.097694864051661279,0.055562412307708212,-0.03748693597508608,-0.088261240753257461,-0.59999999999999998
7.0225,3.7404056466548532,0.26596672290469897,-0.097521662840464082,0.083011327510668656,-0.03748693597508608,-0.088261240753257461,-0.59999999999999998
7.0250000000000004,3.7410641552565367,0.26083863571787352,-0.097279730905458536,0.1105520604400255,-0.030895409665954041,-0.085778655146126509,-0.59999999999999998
7.0274999999999999,3.7417117185370539,0.25721017281508091,-0.096983923153663193,0.12611557945031776,-0.030895409665954041,-0.085778655146126509,-0.59999999999999998
7.0300000000000002,3.7423501964428776,0.25357009560126248,-0.096649038755514838,0.14181621371105438,-0.029779500632989592,-0.086008345632205677,-0.59999999999999998
7.0324999999999998,3.7429798777213681,0.25017265365979097,-0.096277274344474306,0.1556221886474379,-0.029779500632989592,-0.086008345632205677,-0.59999999999999998
7.0350000000000001,3.7436010478139479,0.24676093376357583,-0.095870787190894133,0.16959692422447614,-0.065099949184774394,-0.083662258254500826,-0.59999999999999998
7.0375000000000005,3.7442035512319767,0.23523817157633603,-0.095348060330314302,0.24862587663210717,-0.065099949184774394,-0.083662258254500826,-0.59999999999999998
7.04,3.7447772171033469,0.22368952572544532,-0.09462741225010636,0.32794951789424376,-0.011213147185327213,-0.08136364867480364,-0.59999999999999998
7.0425000000000004,3.7453374140980786,0.22446353935041258,-0.093831745286354892,0.30863884323334412,-0.011213147185327213,-0.08136364867480364,-0.59999999999999998
7.0449999999999999,3.7458995128174286,0.22521117174379107,-0.093083952262505515,0.28964712006917764,-0.033656419182467763,-0.085359484674403893,-0.59999999999999998
7.0475000000000003,3.7464570144741489,0.22078547573158641,-0.092331691433023957,0.312216560207354,-0.033656419182467763,-0.085359484674403893,-0.59999999999999998
7.0499999999999998,3.7470034159250036,0.21633065177630634,-0.091522584021423312,0.33512855929874547,0.014656465870749653,-0.082735802120363022,-0.59999999999999998
7.0525000000000002,3.7475525000867029,0.22293278752074824,-0.090766811518822682,0.2695381147170629,0.014656465870749653,-0.082735802120363022,-0.59999999999999998
7.0549999999999997,3.7481180624991648,0.22951408684675206,-0.09017467630648085,0.20420825068698148,0.020618373296599241,-0.083731079197807728,-0.59999999999999998
7.0575000000000001,3.7487017680114074,0.23744822997619883,-0.089759316694510316,0.12810581951834044,0.020618373296599241,-0.083731079197807728,-0.59999999999999998
7.0600000000000005,3.7493052955749611,0.24537268414778107,-0.089534045469339602,0.052125480955149975,0.028282219924188515,-0.086344840950329571,-0.59999999999999998
7.0625,3.7499308273887189,0.25505268003434112,-0.089516275457014863,-0.037908364301898687,0.028282219924188515,-0.086344840950329571,-0.59999999999999998
7.0650000000000004,3.750580561287451,0.26473545021623029,-0.089723616770372841,-0.12797758093565323,-0.003705369324525793,-0.089464535041273496,-0.59999999999999998
7.0674999999999999,3.7512453343918764,0.2670850355877924,-0.090082698846345025,-0.15931245837485042,-0.003705369324525793,-0.089464535041273496,-0.59999999999999998
7.0700000000000003,3.7519159975640815,0.26944794009293671,-0.090520314214451197,-0.19080952834233403,-0.0068811150198801836,-0.08881757558330329,-0.59999999999999998
7.0724999999999998,3.7525916763944611,0.27109799430289677,-0.091029606847091049,-0.21665940179538834,-0.0068811150198801836,-0.08881757558330329,-0.59999999999999998
7.0750000000000002,3.7532715027881882,0.27276635276647432,-0.091603796324337239,-0.24273141155236544,-0.030515591796633348,-0.084774428498633744,-0.59999999999999998
7.0775000000000006,3.7539487477814708,0.26903324432394515,-0.092189153227496975,-0.22559661343413956,-0.030515591796633348,-0.084774428498633744,-0.59999999999999998
7.0800000000000001,3.7546166863598045,0.26532095789876881,-0.092731984099346673,-0.20870748839233694,-0.052290259810576625,-0.087198106900778116,-0.59999999999999998
7.0825000000000005,3.7552691263449312,0.25663402658487372,-0.093182853889131181,-0.15202288681826531,-0.052290259810576625,-0.087198106900778116,-0.59999999999999998
7.085,3.7558998691212744,0.24796225107233541,-0.093492244112876308,-0.095512999202185672,-0.062991471186672837,-0.087074718640191492,-0.59999999999999998
7.0875000000000004,3.7565058782359495,0.23684603114012298,-0.093635929605372037,-0.019446693164528683,-0.062991471186672837,-0.087074718640191492,-0.59999999999999998
7.0899999999999999,3.7570841009520852,0.22573182182200807,-0.093589496686174556,0.056596678025238295,-0.064386973907178416,-0.081007619287490257,-0.59999999999999998
7.0925000000000002,3.7576341324544313,0.2142917197763011,-0.093349684964569773,0.13527161382493968,-0.064386973907178416,-0.081007619287490257,-0.59999999999999998
7.0949999999999998,3.7581555478463917,0.20283757159487451,-0.09291300526542623,0.21410658036389618,-0.045429746232226224,-0.080836944159904528,-0.59999999999999998
7.0975000000000001,3.7586537372621032,0.19571012963142637,-0.092322501161242562,0.25834118673848888,-0.045429746232226224,-0.080836944159904528,-0.59999999999999998
7.1000000000000005,3.7591340775449948,0.18855754610615821,-0.091621056088504529,0.30286770979626038,-0.033415777336422911,-0.082142717187284831,-0.59999999999999998
7.1025,3.7595999465054342,0.18413273708719169,-0.090835496129166207,0.32563771270176911,-0.033415777336422911,-0.082142717187284831,-0.59999999999999998
7.1050000000000004,3.7600547159151136,0.17967754693379437,-0.089992569799742489,0.34876501812597477,0.0033795511743885333,-0.077574409169165234,-0.59999999999999998
7.1074999999999999,3.7605088663692543,0.18363839282745845,-0.089175986024890214,0.3045563896790473,0.0033795511743885333,-0.077574409169165234,-0.59999999999999998
7.1100000000000003,3.7609728872354777,0.18757446494595933,-0.088469534134108282,0.26065224142770826,0.034590379643304227,-0.078047142605148778,-0.59999999999999998
7.1124999999999998,3.7614556808975523,0.19865796253032555,-0.087944327245215254,0.15954545134008399,0.034590379643304227,-0.078047142605148778,-0.59999999999999998
7.1150000000000002,3.7619661675362104,0.20973004657307359,-0.08767168460008011,0.058585393819267931,-0.0051321283648340342,-0.081339877858434884,-0.59999999999999998
7.1174999999999997,3.762492922796481,0.21167353212042389,-0.087559934566623365,0.030822272092263413,-0.0051321283648340342,-0.081339877858434884,-0.59999999999999998
7.1200000000000001,3.7630245330265946,0.21361441312608115,-0.087517546905271831,0.0030907551554433428,-0.016639487428372193,-0.081454321194737556,-0.59999999999999998
7.1225000000000005,3.7635576906465174,0.21291168542853703,-0.087517993242351211,-0.0034478561301828636,-0.016639487428372193,-0.081454321194737556,-0.59999999999999998
7.125,3.7640890917072078,0.21220926189595418,-0.087534789219168657,-0.0099901073178323696,0.024271597236013721,-0.082717349441232421,-0.59999999999999998
7.1275000000000004,3.7646304838978333,0.22090512725155925,-0.087662110287901759,-0.091874793433510085,0.024271597236013721,-0.082717349441232421,-0.59999999999999998
7.1299999999999999,3.765193623084381,0.22960788116229311,-0.087994235748449015,-0.17384655121601034,-0.018172041188444257,-0.083889947313109406,-0.59999999999999998
7.1325000000000003,3.7657663503864205,0.22857655688144868,-0.088433817173613857,-0.17784961851227857,-0.018172041188444257,-0.083889947313109406,-0.59999999999999998
7.1349999999999998,3.766336518994907,0.22756098528714189,-0.08888364072467482,-0.18204096238647369,-0.028305382018408407,-0.079866897587466582,-0.59999999999999998
7.1375000000000002,3.7669012605800765,0.22423495930470605,-0.08932087209838277,-0.16777576614825473,-0.028305382018408407,-0.079866897587466582,-0.59999999999999998
7.1400000000000006,3.7674577066259696,0.22092433626338293,-0.089722671236301746,-0.153692604495973,-0.0050229242395093947,-0.081618732964910651,-0.59999999999999998
7.1425000000000001,3.768012574343961,0.22297219382572916,-0.090143018284010376,-0.18261366824795972,-0.0050229242395093947,-0.081618732964910651,-0.59999999999999998
7.1450000000000005,3.7685725803805168,0.22503539477144099,-0.090635895016021456,-0.21172127021810341,-0.028948880516858119,-0.084463189665412511,-0.59999999999999998
7.1475,3.7691309031118685,0.22162591981150698,-0.091146798556018344,-0.19703853762331922,-0.028948880516858119,-0.084463189665412511,-0.59999999999999998
7.1500000000000004,3.7696807250622455,0.21823454580597224,-0.091621265918158112,-0.18256968236002016,-0.05147351866060651,-0.079781137173974392,-0.59999999999999998
7.1524999999999999,3.7702156304045351,0.20969229165464451,-0.092008043089293653,-0.12688163206211514,-0.05147351866060651,-0.079781137173974392,-0.59999999999999998
7.1550000000000002,3.7707291970323955,0.20116265308146936,-0.092255795352861658,-0.071339126994626578,-0.030316672520780141,-0.079798328458449766,-0.59999999999999998
7.1574999999999998,3.7712275159787727,0.19749347373404869,-0.092413424709440251,-0.054775799762998283,-0.030316672520780141,-0.079798328458449766,-0.59999999999999998
7.1600000000000001,3.771716668612493,0.19382934864143633,-0.092529724042226827,-0.03827210754686116,-0.060502927735782447,-0.080929776872952372,-0.59999999999999998
7.1625000000000005,3.772188010744137,0.18324439596424474,-0.092535457905585955,0.033684567524143581,-0.060502927735782447,-0.080929776872952372,-0.59999999999999998
7.165,3.7726328877148383,0.172655990367971,-0.092361268300581542,0.10568072699505179,-0.052673447900508145,-0.078606507926248195,-0.59999999999999998
7.1675000000000004,3.7730535267960255,0.16385303627506745,-0.092024944056473768,0.16340446083739762,-0.052673447900508145,-0.078606507926248195,-0.59999999999999998
7.1699999999999999,3.7734521393046485,0.15503377116581221,-0.091544089370320922,0.22131615982375699,-0.022196136521919176,-0.078339891516377935,-0.59999999999999998
7.1725000000000003,3.7738374191529944,0.15318678784941667,-0.090988213711317822,0.2234239024358281,-0.022196136521919176,-0.078339891516377935,-0.59999999999999998
7.1749999999999998,3.7742180565617383,0.15131978416389777,-0.090426771203007669,0.22577005237825132,-0.040108194404458022,-0.073684711302802366,-0.59999999999999998
7.1775000000000002,3.7745888618230112,0.14532054426103663,-0.089817970576763814,0.26131574566457622,-0.040108194404458022,-0.073684711302802366,-0.59999999999999998
7.1799999999999997,3.7749446384635608,0.13929631881063825,-0.0891199494518089,0.29715309185754063,0.015432810822871637,-0.071778497296596924,-0.59999999999999998
7.1825000000000001,3.7753012619250774,0.14599903850502816,-0.088459712696113121,0.23107894211033134,0.015432810822871637,-0.071778497296596924,-0.59999999999999998
7.1850000000000005,3.7756746187136003,0.15268382693116611,-0.087964368124230766,0.16522874263166637,-0.044842936066011994,-0.07376148285128846,-0.59999999999999998
7.1875,3.7760473647198998,0.14550993308054491,-0.087494715676338458,0.21052857839322345,-0.044842936066011994,-0.07376148285128846,-0.59999999999999998
7.1900000000000004,3.7764021513191053,0.13831556571080161,-0.086911527103978634,0.25606618762429073,-0.023205081522838875,-0.07647915432350183,-0.59999999999999998
7.1924999999999999,3.7767451362816344,0.13606850444098265,-0.086263960609475665,0.26203333348743507,-0.023205081522838875,-0.07647915432350183,-0.59999999999999998
7.1950000000000003,3.7770824741113964,0.13379776515102421,-0.085601126091128632,0.26828171896764191,-0.01023898121765743,-0.074384120207262663,-0.59999999999999998
7.1974999999999998,3.7774178301065038,0.13448329400457681,-0.084952175930424728,0.2509234377219447,-0.01023898121765743,-0.074384120207262663,-0.59999999999999998
7.2000000000000002,3.7777548725116654,0.13514713741474646,-0.084346291210516761,0.23382640864671284,-0.004487039014081878,-0.073259297281738647,-0.59999999999999998
7.2025000000000006,3.778095202006337,0.13711334879800077,-0.083796093778100961,0.20636923359610143,-0.004487039014081878,-0.073259297281738647,-0.59999999999999998
7.2050000000000001,3.7784404246699523,0.1390620560504025,-0.083314268255401752,0.17912421998966249,-0.0014399319923369697,-0.077847863538597697,-0.59999999999999998
7.2075000000000005,3.7787913755433129,0.14169636354322918,-0.082907341888005151,0.1464445846081735,-0.0014399319923369697,-0.077847863538597697,-0.59999999999999998
7.21,3.7791488962318174,0.1443183631295776,-0.082581920653899271,0.11391457530373579,0.020391834452355699,-0.071905422068554034,-0.59999999999999998
7.2125000000000004,3.7795192361632362,0.15195258016296553,-0.082387997613007247,0.041236375591599456,0.020391834452355699,-0.071905422068554034,-0.59999999999999998
7.2149999999999999,3.7799086564695816,0.15958360130192345,-0.082375705504025981,-0.031401893739083156,0.01638394750408536,-0.078209161075508196,-0.59999999999999998
7.2175000000000002,3.7803160039192818,0.16629519847216784,-0.082535793686273104,-0.096679091313495807,0.01638394750408536,-0.078209161075508196,-0.59999999999999998
7.2199999999999998,3.7807401388010957,0.17301440244223515,-0.082859179750252795,-0.16205083686719324,-0.025162167491517628,-0.078355474867542074,-0.59999999999999998
7.2225000000000001,3.7811691439868516,0.17019212736341791,-0.083250428865405221,-0.15097664735391239,-0.025162167491517628,-0.078355474867542074,-0.59999999999999998
7.2250000000000005,3.781591110921029,0.16738363334104125,-0.083614198945995019,-0.14006562410395271,-0.016212084928350978,-0.078939609575016487,-0.59999999999999998
7.2275,3.7820086450705808,0.16664579378769956,-0.0839715059151461,-0.14580514953093354,-0.016212084928350978,-0.078939609575016487,-0.59999999999999998
7.2300000000000004,3.7824243506365147,0.16592085117277044,-0.084343353194947665,-0.15169888957448618,-0.053927849705359424,-0.077807011755376784,-0.59999999999999998
7.2324999999999999,3.7828274229988992,0.15653904118730144,-0.084643248421073708,-0.088240346316531659,-0.053927849705359424,-0.077807011755376784,-0.59999999999999998
7.2350000000000003,3.7832070532069433,0.14716606956595404,-0.084784639712953164,-0.024883558729010713,0.013521016247223802,-0.074685775986881378,-0.59999999999999998
7.2374999999999998,3.7835826353779303,0.15330039687746766,-0.084923058784923205,-0.085860752157096445,0.013521016247223802,-0.074685775986881378,-0.59999999999999998
7.2400000000000002,3.7839735608474108,0.15944151136488535,-0.085214013659962951,-0.14692216969693001,-0.0088832595805272002,-0.0740840848853105,-0.59999999999999998
7.2424999999999997,3.7843734163756464,0.16044515926991276,-0.085606191577715221,-0.16684729058240988,-0.0088832595805272002,-0.0740840848853105,-0.59999999999999998
7.2450000000000001,3.7847757985935528,0.16146314792152286,-0.086048394322854077,-0.18694547613696433,-0.056234496911222238,-0.077987243882178814,-0.59999999999999998
7.2475000000000005,3.7851671456640319,0.15161708957956355,-0.086432057042774707,-0.12001435199856816,-0.056234496911222238,-0.077987243882178814,-0.59999999999999998
7.25,3.7855338941339967,0.14178314351952193,-0.086648582020222659,-0.0532223679228985,-0.084419429461126641,-0.07468953276983635,-0.59999999999999998
7.2525000000000004,3.7858679714908172,0.12547863035818449,-0.086633333207381494,0.065422669335334999,-0.084419429461126641,-0.07468953276983635,-0.59999999999999998
7.2549999999999999,3.7861612812928209,0.10916692603496611,-0.08632140146489152,0.18414835430455423,-0.030674182417691626,-0.071324868768325278,-0.59999999999999998
7.2575000000000003,3.7864292272007449,0.1051867987895036,-0.085836159907814638,0.20408024938442329,-0.030674182417691626,-0.071324868768325278,-0.59999999999999998
7.2599999999999998,3.7866871995066878,0.10118773375580899,-0.085300814332758643,0.22423522650317337,-0.073532469626454697,-0.072813255959828932,-0.59999999999999998
7.2625000000000002,3.7869228342588199,0.087315218847468345,-0.084616058268936256,0.32362452722900537,-0.073532469626454697,-0.072813255959828932,-0.59999999999999998
7.2650000000000006,3.7871237469746433,0.073408351349724732,-0.083682367509667996,0.42340287138416666,-0.060633029763812907,-0.069346514464209405,-0.59999999999999998
7.2675000000000001,3.7872935468795932,0.062423730767286481,-0.082528350749170074,0.49990038712028528,-0.060633029763812907,-0.069346514464209405,-0.59999999999999998
7.2700000000000005,3.7874358232012146,0.051388194468076374,-0.081182379322955731,0.57698144497787729,-0.027323771596461943,-0.068124996627116283,-0.59999999999999998
7.2725,3.7875600211376219,0.04796120990830826,-0.079719715023720217,0.59325578406177892,-0.027323771596461943,-0.068124996627116283,-0.59999999999999998
7.2750000000000004,3.7876755838883267,0.044479785574898227,-0.078215563951233566,0.61017392238922874,-0.0068945398084836653,-0.067374515272529634,-0.59999999999999998
7.2774999999999999,3.7877882546085595,0.045648187109905806,-0.076715456146097261,0.59001617258460848,-0.0068945398084836653,-0.067374515272529634,-0.59999999999999998
7.2800000000000002,3.7879037824748591,0.046765766006692987,-0.075264972120798274,0.57047163251137223,0.055235365119313685,-0.06803320945174117,-0.59999999999999998
7.2824999999999998,3.7880399404518479,0.062154797706734037,-0.07400614767782214,0.43666362104300771,0.055235365119313685,-0.06803320945174117,-0.59999999999999998
7.2850000000000001,3.7882145311375384,0.077513444403017509,-0.07308132501604353,0.30325037539593103,0.056886852853436136,-0.066706823522471523,-0.59999999999999998
7.2875000000000005,3.7884279659091948,0.093231638900124175,-0.072493483805586664,0.16705807263345809,0.056886852853436136,-0.066706823522471523,-0.59999999999999998
7.29,3.7886806796044956,0.10893816244930109,-0.072245908503689463,0.031017138783769105,0.07336006187103393,-0.071838216816566811,-0.59999999999999998
7.2925000000000004,3.7889774026320602,0.1284408300676125,-0.07237645609469251,-0.13546278996239261,0.07336006187103393,-0.071838216816566811,-0.59999999999999998
7.2949999999999999,3.7893228911488577,0.14795236655353705,-0.072923320717091331,-0.30206060527873946,0.0061419579618763147,-0.079820964489646262,-0.59999999999999998
7.2975000000000003,3.7896978133767427,0.15198990556658853,-0.073731635262185763,-0.34464577939762014,0.0061419579618763147,-0.079820964489646262,-0.59999999999999998
7.2999999999999998,3.7900828645791171,0.15605612875748665,-0.074646841186403398,-0.3875808600344296,-0.0059917072563130209,-0.070871797318407426,-0.59999999999999998
7.3025000000000002,3.7904746262422147,0.15735892777812899,-0.075641839413287934,-0.40848674509475624,-0.0059917072563130209,-0.070871797318407426,-0.59999999999999998
7.3049999999999997,3.7908696885747144,0.15869695737325856,-0.076689628889199141,-0.42981743521161597,-0.044355790655120839,-0.076947627799044571,-0.59999999999999998
7.3075000000000001,3.791257098148936,0.15123725431262261,-0.077702732192749466,-0.38074137830672034,-0.044355790655120839,-0.076947627799044571,-0.59999999999999998
7.3100000000000005,3.7916259056319066,0.14381449734625895,-0.078593693625382779,-0.33209477542122878,-0.058204758459778627,-0.074866595304174943,-0.59999999999999998
7.3125,3.791972212500875,0.13323597391977804,-0.079331562468588177,-0.25825743347861985,-0.058204758459778627,-0.074866595304174943,-0.59999999999999998
7.3150000000000004,3.7922921072784459,0.12268358493264538,-0.079885230792920814,-0.18472011910863306,-0.04853955224420408,-0.071404903276443721,-0.59999999999999998
7.3174999999999999,3.7925884264328595,0.11437431356690271,-0.080277637081298175,-0.12923471139161172,-0.04853955224420408,-0.071404903276443721,-0.59999999999999998
7.3200000000000003,3.7928639894465266,0.106077763787225,-0.080531527019181787,-0.073896522542814119,-0.066261931681869571,-0.0688430309721456,-0.59999999999999998
7.3224999999999998,3.7931137236331587,0.09371010286513308,-0.080606314542018095,0.014060607647901915,-0.066261931681869571,-0.0688430309721456,-0.59999999999999998
7.3250000000000002,3.7933325387451204,0.081340983373555206,-0.080461210124312774,0.10203436232951565,-0.061633339436155829,-0.070234294722613153,-0.59999999999999998
7.3275000000000006,3.7935217512318435,0.070026588035125487,-0.080106718775506985,0.18158638522974488,-0.061633339436155829,-0.070234294722613153,-0.59999999999999998
7.3300000000000001,3.7936826562075652,0.058693618587982291,-0.079553101071092036,0.2613509725156048,-0.07092058489824736,-0.066185132056329518,-0.59999999999999998
7.3325000000000005,3.7938125246319201,0.045195703680487635,-0.078778279528989165,0.35856782221008132,-0.07092058489824736,-0.066185132056329518,-0.59999999999999998
7.335,3.7939086034148275,0.031660214249097027,-0.077759906048998503,0.45621178628966208,-0.017597859278038318,-0.06684666864712821,-0.59999999999999998
7.3375000000000004,3.7939861375209225,0.030360282736049869,-0.076619877822572749,0.45589173735115057,-0.017597859278038318,-0.06684666864712821,-0.59999999999999998
7.3399999999999999,3.7940603708814007,0.029019611136744356,-0.075480042630430233,0.45605740924115912,-0.011736600742907305,-0.064261438051978287,-0.59999999999999998
7.3425000000000002,3.7941328899225901,0.028989016366359123,-0.074352726177302916,0.44587492311860821,-0.011736600742907305,-0.064261438051978287,-0.59999999999999998
7.3449999999999998,3.7942052832846542,0.028919204032812614,-0.073250276438236131,0.43616236892269467,0.046866004556315566,-0.062400929255490491,-0.59999999999999998
7.3475000000000001,3.7942943428104257,0.042323865909807454,-0.072306991890706496,0.31852354328412436,0.046866004556315566,-0.062400929255490491,-0.59999999999999998
7.3500000000000005,3.7944168833588456,0.055705424208756849,-0.071657412389994415,0.20118030391173847,0.07552686033941336,-0.067912456415519795,-0.59999999999999998
7.3525,3.7945811196708497,0.075682361776553395,-0.071367204951869059,0.031002458939385635,0.07552686033941336,-0.067912456415519795,-0.59999999999999998
7.3550000000000004,3.7947952934797962,0.095657274081211469,-0.071502377644059562,-0.13914844347532246,0.042237792045716205,-0.068874428262501938,-0.59999999999999998
7.3574999999999999,3.795049818422108,0.10796506751151839,-0.071986082946147306,-0.24784611743101895,0.042237792045716205,-0.068874428262501938,-0.59999999999999998
7.3600000000000003,3.7953351340875381,0.12029118279457987,-0.072741802240069278,-0.35677658878903717,0.055891676774489633,-0.073304191227007112,-0.59999999999999998
7.3624999999999998,3.7956552303743316,0.13579077239007881,-0.073801799567604034,-0.49128522640933231,0.055891676774489633,-0.073304191227007112,-0.59999999999999998
7.3650000000000002,3.7960141163733319,0.15132446268089528,-0.075198597987537266,-0.62623735181668583,-0.00089993091882625029,-0.073222914322715812,-0.59999999999999998
7.3674999999999997,3.7963955360113859,0.15382027804291043,-0.07680230605030286,-0.65683876436124033,-0.00089993091882625029,-0.073222914322715812,-0.59999999999999998
7.3700000000000001,3.7967832639126753,0.1563714756664108,-0.078483352584734184,-0.68811315301880038,-0.038100202873649312,-0.073476906091930236,-0.59999999999999998
7.3725000000000005,3.7971667387595267,0.15041898654977567,-0.080157631711790384,-0.65143408383130963,-0.038100202873649312,-0.073476906091930236,-0.59999999999999998
7.375,3.7975354103255792,0.14452827921134861,-0.081741125733488462,-0.61547835705465503,-0.094988943926581429,-0.075195757769374524,-0.59999999999999998
7.3775000000000004,3.7978730741230247,0.12561296043162051,-0.083104461509468278,-0.47530407194055213,-0.094988943926581429,-0.075195757769374524,-0.59999999999999998
7.3799999999999999,3.7981635196578267,0.10675107748299142,-0.084118142583383598,-0.33572559563021959,-0.11380569021395621,-0.071012936011040043,-0.59999999999999998
7.3825000000000003,3.7984014540932844,0.083601393897787146,-0.084740092216750496,-0.16188821024879851,-0.11380569021395621,-0.071012936011040043,-0.59999999999999998
7.3849999999999998,3.7985815426556684,0.060470943723707746,-0.084927759722150706,0.011737864071058257,-0.13895568169398467,-0.067145216433325688,-0.59999999999999998
7.3875000000000002,3.7986965811813906,0.031557306529398643,-0.084623455987475782,0.23173290803420238,-0.13895568169398467,-0.067145216433325688,-0.59999999999999998
7.3900000000000006,3.7987393047424494,0.0026143407145893909,-0.083768830853396523,0.45204510290873795,-0.085213140163572426,-0.060201440092166651,-0.59999999999999998
7.3925000000000001,3.7987250550898781,-0.014023415001393855,-0.082486582168798395,0.57385889760896303,-0.085213140163572426,-0.060201440092166651,-0.59999999999999998
7.3950000000000005,3.7986691354358162,-0.030723848682294226,-0.080898949344700849,0.69637713826082759,-0.10504733009814357,-0.055798446553929716,-0.59999999999999998
7.3975,3.7985656661365517,-0.052066391326808875,-0.078958228752517609,0.85636367284066228,-0.10504733009814357,-0.055798446553929716,-0.59999999999999998
7.4000000000000004,3.7984087221214287,-0.073506556061288419,-0.076616226683937305,1.01743534065373,-0.033330266490839963,-0.053991332576028145,-0.59999999999999998
7.4024999999999999,3.7982186952206853,-0.078530929536895847,-0.074035653200865609,1.0472117748361411,-0.033330266490839963,-0.053991332576028145,-0.59999999999999998
7.4050000000000002,3.798015986498926,-0.083652480740172189,-0.07137921254599619,1.0781346226975455,-0.0089827100225950713,-0.04807861878647246,-0.59999999999999998
7.4074999999999998,3.7978073709886404,-0.08325537375721638,-0.068700318439013405,1.0651669996201263,-0.0089827100225950713,-0.04807861878647246,-0.59999999999999998
7.4100000000000001,3.7975996327265418,-0.082950557964846697,-0.066052450372154348,1.0533120751638152,0.051148658160120673,-0.051178346018657263,-0.59999999999999998
7.4125000000000005,3.7974099019337944,-0.068846098321880544,-0.063572115163482573,0.93110998290146563,0.051148658160120673,-0.051178346018657263,-0.59999999999999998
7.415,3.7972553454202504,-0.05480980621493442,-0.061396175203029667,0.80977814485235389,0.065006800286403391,-0.053243582617894351,-0.59999999999999998
7.4175000000000004,3.7971398069874174,-0.037629715325731714,-0.05955471780566636,0.66350072453781539,0.065006800286403391,-0.053243582617894351,-0.59999999999999998
7.4199999999999999,3.7970671570802899,-0.020497329191083054,-0.058078160993274772,0.51783594098657793,0.081320243307484275,-0.055804240613794742,-0.59999999999999998
7.4225000000000003,3.7970420049705531,0.00037066195125902424,-0.057002981828561186,0.34237212789614996,0.081320243307484275,-0.055804240613794742,-0.59999999999999998
7.4249999999999998,3.7970689904911721,0.021214783150756429,-0.056366042071024837,0.16721819768222526,0.10959328731937175,-0.063563215856782748,-0.59999999999999998
7.4275000000000002,3.7971562440130087,0.048587461485679682,-0.056232369179933892,-0.060272215169393684,0.10959328731937175,-0.063563215856782748,-0.59999999999999998
7.4299999999999997,3.7973119310260217,0.075964009054444781,-0.05666744636071018,-0.28781445444529974,0.071366353824087819,-0.063621775940594608,-0.59999999999999998
7.4325000000000001,3.7975250285310129,0.094518378819033716,-0.057582963192077466,-0.44465530304730244,0.071366353824087819,-0.063621775940594608,-0.59999999999999998
7.4350000000000005,3.797784549434013,0.11310455538863926,-0.058891063836684597,-0.60190523726758816,0.03172859288878007,-0.071844678503873702,-0.59999999999999998
7.4375,3.7980791338294311,0.12257147665063772,-0.060501042972443471,-0.68618368899681292,0.03172859288878007,-0.071844678503873702,-0.59999999999999998
7.4400000000000004,3.7983974520295254,0.13209265071714382,-0.062322543726963393,-0.77113587897737457,-0.020602575948103771,-0.072477207184117834,-0.59999999999999998
7.4424999999999999,3.7987245375207328,0.12958730217206713,-0.064236112527028696,-0.75985646431701281,-0.020602575948103771,-0.072477207184117834,-0.59999999999999998
7.4450000000000003,3.7990454458888689,0.12715077785477735,-0.066122507288098459,-0.74939460968395344,-0.042596826616832346,-0.071981203039778396,-0.59999999999999998
7.4474999999999998,3.7993540021592827,0.11970582098505285,-0.067932846949958728,-0.69901227629013685,-0.042596826616832346,-0.071981203039778396,-0.59999999999999998
7.4500000000000002,3.799644030927269,0.11232798978228002,-0.069618221197981417,-0.64941304537942379,-0.071158958185602098,-0.071408443909439706,-0.59999999999999998
7.4525000000000006,3.7999074592510573,0.09842501302472946,-0.071114460877214861,-0.54769666915388937,-0.071158958185602098,-0.071408443909439706,-0.59999999999999998
7.4550000000000001,3.8001362033863826,0.084578911250749414,-0.072357244802830512,-0.4466286438147361,-0.04064852827473299,-0.067710850491712077,-0.59999999999999998
7.4575000000000005,3.800339184441953,0.077812722355536434,-0.073418564618649373,-0.40250639727171272,-0.04064852827473299,-0.067710850491712077,-0.59999999999999998
7.46,3.8005252991871323,0.071085163732946793,-0.074370152203503889,-0.35883469016278546,-0.093798945168870329,-0.064437500328620986,-0.59999999999999998
7.4625000000000004,3.8006793296569152,0.052144531171057523,-0.075090286895366079,-0.21733260156262194,-0.093798945168870329,-0.064437500328620986,-0.59999999999999998
7.4649999999999999,3.8007860419240629,0.033227995904852023,-0.07545703991794056,-0.076100172657259213,-0.06832680575821079,-0.061495661363807436,-0.59999999999999998
7.4675000000000002,3.8008528126110233,0.020189057148452615,-0.075529700898875035,0.017965651680729056,-0.06832680575821079,-0.061495661363807436,-0.59999999999999998
7.4699999999999998,3.8008869856539178,0.0071482516594354277,-0.075367193933355073,0.11205274382235234,-0.068355652715115608,-0.060890938455387983,-0.59999999999999998
7.4725000000000001,3.8008885358611795,-0.0059108409245536928,-0.074969260027759999,0.20632577445364214,-0.068355652715115608,-0.060890938455387983,-0.59999999999999998
7.4750000000000005,3.8008574136011086,-0.018991351866314836,-0.07433536165362907,0.30084290439543299,-0.074477439052557229,-0.06079750972543823,-0.59999999999999998
7.4775,3.8007917893231524,-0.033514280623791338,-0.073450602905639012,0.40703459409452225,-0.074477439052557229,-0.06079750972543823,-0.59999999999999998
7.4800000000000004,3.8006898065243457,-0.048080018411330874,-0.072299783562054409,0.51371244813733952,-0.064524746741828606,-0.054803247774355635,-0.59999999999999998
7.4824999999999999,3.8005542134069041,-0.060403975332852272,-0.070904543193395994,0.60258865670043127,-0.064524746741828606,-0.054803247774355635,-0.59999999999999998
7.4850000000000003,3.8003877354309785,-0.072789394699168508,-0.069286253390954219,0.69216917017998358,-0.019846585832092607,-0.0515665632052031,-0.59999999999999998
7.4874999999999998,3.8002030964417886,-0.074932265527051303,-0.067546415949007912,0.69982526080968721,-0.019846585832092607,-0.0515665632052031,-0.59999999999999998
7.4900000000000002,3.800013021442358,-0.077138335037755801,-0.065786501033583092,0.7082326813372285,0.028309472737591063,-0.050166685860928317,-0.59999999999999998
7.4924999999999997,3.799831253336424,-0.068284932130172629,-0.064116151493477616,0.62815610248554232,0.028309472737591063,-0.050166685860928317,-0.59999999999999998
7.4950000000000001,3.7996715553690645,-0.059481223740485804,-0.06264520642823497,0.54869644958588704,0.005538365899148575,-0.0535641606516883,-0.59999999999999998
7.4975000000000005,3.7995272334622698,-0.055983816443754324,-0.06131944392383834,0.51200460939714731,0.005538365899148575,-0.0535641606516883,-0.59999999999999998
7.5,3.7993915999628851,-0.052530000656193246,-0.060084743456275694,0.47584071721699511,0.013822697884879543,-0.054901614433950897,-0.59999999999999998
7.5025000000000004,3.7992669436301343,-0.047201341877292545,-0.058959041096075734,0.42479762638021912,0.013822697884879543,-0.054901614433950897,-0.59999999999999998
7.5049999999999999,3.7991555636079695,-0.041908259415860488,-0.057960394378352181,0.37418769772657035,0.067259001383977723,-0.056431467371360101,-0.59999999999999998
7.5075000000000003,3.7990728236111342,-0.024287361524383818,-0.057211746956972183,0.22477658477268206,0.067259001383977723,-0.056431467371360101,-0.59999999999999998
7.5099999999999998,3.7990341131719187,-0.0066828141451992611,-0.056836337297534532,0.075574440316573482,0.037889239092175342,-0.059695091122994842,-0.59999999999999998
7.5125000000000002,3.7990309137839713,0.0041229304136096712,-0.056765674077422661,-0.019039234005741035,0.037889239092175342,-0.059695091122994842,-0.59999999999999998
7.5150000000000006,3.7990547290813201,0.014930183348768417,-0.056931549059709742,-0.11367161472634935,0.037829009291206812,-0.06322198896033443,-0.59999999999999998
7.5175000000000001,3.799105554788591,0.025732505330266938,-0.057333985450469076,-0.20830383664422475,0.037829009291206812,-0.06322198896033443,-0.59999999999999998
7.5200000000000005,3.7991834053289768,0.036551291346439127,-0.057973238545167255,-0.30314041674229864,0.065284514087695616,-0.063486700547958116,-0.59999999999999998
7.5225,3.7992962663191072,0.053742055238136396,-0.058913612787890729,-0.44921721961432948,0.065284514087695616,-0.063486700547958116,-0.59999999999999998
7.5250000000000004,3.7994521427030552,0.070965328160797286,-0.060219671648678814,-0.59571037331747334,0.0032265243144088129,-0.06507571422968271,-0.59999999999999998
7.5274999999999999,3.7996332017978718,0.073890671182882992,-0.061748773965737046,-0.62767697359259444,0.0032265243144088129,-0.06507571422968271,-0.59999999999999998
7.5300000000000002,3.7998216407485952,0.076869645038852963,-0.063358597227808774,-0.6602924720246145,-0.012517142819546773,-0.064010351112413141,-0.59999999999999998
7.5324999999999998,3.8000130518454571,0.076269036593353212,-0.065014337162686578,-0.66441663747362378,-0.012517142819546773,-0.064010351112413141,-0.59999999999999998
7.5350000000000001,3.8002030350643574,0.07572739243452177,-0.066681267715377163,-0.66924562315131397,-0.063147588376430724,-0.068773251699648222,-0.59999999999999998
7.5375000000000005,3.8003771316399515,0.063560421859527233,-0.068243974322908268,-0.581040846590264,-0.063147588376430724,-0.068773251699648222,-0.59999999999999998
7.54,3.8005208862849584,0.051452387937346383,-0.069587035607172956,-0.49351250802077928,-0.069910669904373987,-0.066863536031321266,-0.59999999999999998
7.5425000000000004,3.8006324853595292,0.037834529818410338,-0.070696373703174026,-0.39404532855921748,-0.069910669904373987,-0.066863536031321266,-0.59999999999999998
7.5449999999999999,3.8007100929684663,0.024257514853181384,-0.071557650358611391,-0.29504391082014148,-0.078471072816720666,-0.063334188784451462,-0.59999999999999998
7.5475000000000003,3.8007513310862096,0.0087371878659618998,-0.072152092917495844,-0.18055779611264611,-0.078471072816720666,-0.063334188784451462,-0.59999999999999998
7.5499999999999998,3.8007537948938968,-0.0067639549919264342,-0.072460620337670215,-0.066288895132345788,-0.070320603525956107,-0.059176499398240892,-0.59999999999999998
7.5525000000000002,3.80071986613406,-0.020378762311245292,-0.072502444638139193,0.032826146419749777,-0.070320603525956107,-0.059176499398240892,-0.59999999999999998
7.5549999999999997,3.8006518982330837,-0.033996988425742065,-0.072296457164777173,0.13198011393552636,-0.07292663005072679,-0.057931784818317095,-0.59999999999999998
7.5575000000000001,3.8005491186053981,-0.048229926907219507,-0.071836388826244657,0.23611108196834335,-0.07292663005072679,-0.057931784818317095,-0.59999999999999998
7.5600000000000005,3.8004107279977197,-0.062487586642725496,-0.071115667536033364,0.34052312195232992,-0.075209536741917618,-0.052732368482796943,-0.59999999999999998
7.5625,3.8002359927778135,-0.077307504417026565,-0.070128155884066012,0.44956476047077526,-0.075209536741917618,-0.052732368482796943,-0.59999999999999998
7.5650000000000004,3.8000241511739659,-0.092174584625604614,-0.068867397060294447,0.55914242587112062,-0.038900948938637617,-0.051500319576794309,-0.59999999999999998
7.5674999999999999,3.7997855458242453,-0.098718915745954414,-0.067415917393659153,0.60214910685666478,-0.038900948938637617,-0.051500319576794309,-0.59999999999999998
7.5700000000000003,3.7995305088022824,-0.10532060300036808,-0.065856092686674778,0.64582645112742132,-0.022023666879416256,-0.051133448397550435,-0.59999999999999998
7.5724999999999998,3.7992637636866502,-0.1080853904336941,-0.064225274041102648,0.65894585507444325,-0.022023666879416256,-0.051133448397550435,-0.59999999999999998
7.5750000000000002,3.7989900318312411,-0.1109102057751969,-0.06256077041588215,0.67277691630751524,0.022058368429793133,-0.04822848965272309,-0.59999999999999998
7.5775000000000006,3.7987218953296429,-0.10360763307262694,-0.060962955581785945,0.60558128911590658,0.022058368429793133,-0.04822848965272309,-0.59999999999999998
7.5800000000000001,3.7984719526422719,-0.096354289501539028,-0.059532359393352142,0.5389911796683754,0.00538795663658506,-0.050351504938248054,-0.59999999999999998
7.5825000000000005,3.7982352691772765,-0.092999912989547934,-0.058228887336225561,0.50387633452489178,0.00538795663658506,-0.050351504938248054,-0.59999999999999998
7.585,3.7980069171295785,-0.089688676606491671,-0.057012543141194041,0.46928302327254473,0.041600229007705471,-0.053573640153854379,-0.59999999999999998
7.5875000000000004,3.7977972626619576,-0.078040360495681901,-0.055966092340298965,0.36794565673736934,0.041600229007705471,-0.053573640153854379,-0.59999999999999998
7.5899999999999999,3.7976166912635274,-0.066420919080321175,-0.05517251541125269,0.26696762545804864,0.039018686933315921,-0.052086705582277272,-0.59999999999999998
7.5925000000000002,3.7974643939236015,-0.055419851632151337,-0.05462504449333757,0.1710450309774712,0.039018686933315921,-0.052086705582277272,-0.59999999999999998
7.5949999999999998,3.7973395806741341,-0.044432381330552564,-0.054317149892599517,0.075290876875629395,0.061546200325823669,-0.053956899672179162,-0.59999999999999998
7.5975000000000001,3.7972487428672621,-0.028237946024552017,-0.054300821995161536,-0.062227524567672873,0.061546200325823669,-0.053956899672179162,-0.59999999999999998
7.6000000000000005,3.7971983948350472,-0.012038842873453273,-0.054628336692534286,-0.19980492734551175,0.0098063050400450068,-0.060222695956419853,-0.59999999999999998
7.6025,3.7971735978549002,-0.0077956002838429576,-0.055179915966670372,-0.24149648246020572,0.0098063050400450068,-0.060222695956419853,-0.59999999999999998
7.6050000000000004,3.7971594340115233,-0.0035317432167157031,-0.055836026920404055,-0.2834374309602804,0.0031049079916665836,-0.059709280679419656,-0.59999999999999998
7.6074999999999999,3.7971540216566959,-0.00079383597368961256,-0.056581796919704892,-0.31323040926089757,0.0031049079916665836,-0.059709280679419656,-0.59999999999999998
7.6100000000000003,3.7971554874144897,0.0019711724312043754,-0.057402450992840338,-0.3433498420816094,-0.02739715128811461,-0.059827340999056372,-0.59999999999999998
7.6124999999999998,3.7971550855902985,-0.0022875159371937145,-0.058228091260691082,-0.31722262468172902,-0.02739715128811461,-0.059827340999056372,-0.59999999999999998
7.6150000000000002,3.797144074403052,-0.00651671965427822,-0.058988853464119098,-0.29144265741622216,-0.037061308546291957,-0.059519278981593496,-0.59999999999999998
7.6174999999999997,3.7971197318849899,-0.01295301956248791,-0.059663160434126582,-0.24805291704878754,-0.037061308546291957,-0.059519278981593496,-0.59999999999999998
7.6200000000000001,3.7970793289657085,-0.019365724747086758,-0.060229347958936995,-0.20493909439888258,-0.047989375115678738,-0.059423310633371987,-0.59999999999999998
7.6225000000000005,3.7970197622322126,-0.028284841168115041,-0.060662711156483355,-0.14178419295816735,-0.047989375115678738,-0.059423310633371987,-0.59999999999999998
7.625,3.7969379162973098,-0.037190111410990309,-0.060938402775700354,-0.078789929793692814,-0.066054027117502745,-0.055100875254030707,-0.59999999999999998
7.6275000000000004,3.7968285994125712,-0.050262877301967726,-0.061014860203844203,0.017618038027521113,-0.066054027117502745,-0.055100875254030707,-0.59999999999999998
7.6299999999999999,3.7966866004158373,-0.063337436785699808,-0.06085029545163663,0.11404656266248177,-0.054397562535508703,-0.05530665424019509,-0.59999999999999998
7.6325000000000003,3.7965152702510676,-0.073729197402141358,-0.060471539230949688,0.18898731963529403,-0.054397562535508703,-0.05530665424019509,-0.59999999999999998
7.6349999999999998,3.7963179388269079,-0.084139681103444955,-0.059905178609731005,0.26414438074114954,-0.032416010850345955,-0.053205946441766461,-0.59999999999999998
7.6375000000000002,3.7961009021990915,-0.089494033592348296,-0.059201537256135403,0.29882047746247598,-0.032416010850345955,-0.053205946441766461,-0.59999999999999998
7.6400000000000006,3.7958704452404608,-0.094876490575126773,-0.058410801416243267,0.33382636931106835,-0.034179772790839683,-0.050855657289920309,-0.59999999999999998
7.6425000000000001,3.795625983757664,-0.10069825066927671,-0.057528007196407459,0.37247412489745368,-0.034179772790839683,-0.050855657289920309,-0.59999999999999998
7.6450000000000005,3.7953669246985497,-0.10655515986568471,-0.056548087426666477,0.4115339528292975,0.0074625845233758726,-0.050022231554860991,-0.59999999999999998
7.6475,3.7951052169980057,-0.10281660201664694,-0.05556659192649497,0.37373015928949294,0.0074625845233758726,-0.050022231554860991,-0.59999999999999998
7.6500000000000004,3.7948528150032748,-0.099110068494146261,-0.054679114161604342,0.33631335675538709,-0.0059168560770087317,-0.050470793225199255,-0.59999999999999998
7.6524999999999999,3.7946057726279974,-0.098528708874317292,-0.053853675945159142,0.32409551691840272,-0.0059168560770087317,-0.050470793225199255,-0.59999999999999998
7.6550000000000002,3.794360147513383,-0.097976086321734143,-0.053058350379434509,0.31222114392845635,0.061717572449976554,-0.052340054700019151,-0.59999999999999998
7.6574999999999998,3.7941354372278604,-0.081795205945009414,-0.05244934632927771,0.17502074485725333,0.061717572449976554,-0.052340054700019151,-0.59999999999999998
7.6600000000000001,3.7939511604610305,-0.065627550710586569,-0.052183107696646691,0.037987087219415017,0.025988898325082971,-0.053555113244288632,-0.59999999999999998
7.6625000000000005,3.7937969593469307,-0.057733377594914745,-0.052176409176494305,-0.032627818553535221,0.025988898325082971,-0.053555113244288632,-0.59999999999999998
7.665,3.7936624958218661,-0.049836506145220456,-0.052346274277595202,-0.1032757081754504,0.063259917325841075,-0.055523028254823283,-0.59999999999999998
7.6675000000000004,3.793558567200904,-0.033304217632759661,-0.052779421723383964,-0.24326968455639281,0.063259917325841075,-0.055523028254823283,-0.59999999999999998
7.6699999999999999,3.7934959899639509,-0.016753657029000658,-0.053562815117311695,-0.38349453318101812,0.0025242493077404162,-0.055898007073529488,-0.59999999999999998
7.6725000000000003,3.7934572556780348,-0.014228018260932751,-0.054556207000116069,-0.41128819306209746,0.0025242493077404162,-0.055898007073529488,-0.59999999999999998
7.6749999999999998,3.7934248796205789,-0.011666679550766277,-0.05561961408503787,-0.43951148734939299,0.030570281239409136,-0.058108959963572918,-0.59999999999999998
7.6775000000000002,3.7934070630242802,-0.0025801495253940793,-0.056819223907301389,-0.52025588674269807,0.030570281239409136,-0.058108959963572918,-0.59999999999999998
7.6799999999999997,3.7934120137424063,0.0065482228570840056,-0.058221323900156115,-0.60151675028636042,-0.060294547447518887,-0.06133401944037023,-0.59999999999999998
7.6825000000000001,3.7934135857578681,-0.0052813176928055428,-0.059616587068101794,-0.51480091717851884,-0.060294547447518887,-0.06133401944037023,-0.59999999999999998
7.6850000000000005,3.7933856500618472,-0.017059366144097771,-0.060795822941663719,-0.42867847165511325,-0.070745554805926245,-0.057282428116170209,-0.59999999999999998
7.6875,3.7933253058142005,-0.031209591295359627,-0.061736167676238768,-0.32367095371893451,-0.070745554805926245,-0.057282428116170209,-0.59999999999999998
7.6900000000000004,3.7932296298412518,-0.045326532228968819,-0.062414494712697027,-0.21904386192777775,-0.097968457242722268,-0.05162731646957739,-0.59999999999999998
7.6924999999999999,3.7930908301083268,-0.065710671491664624,-0.062768520747810586,-0.064205974065975002,-0.097968457242722268,-0.05162731646957739,-0.59999999999999998
7.6950000000000003,3.7929010823394953,-0.086087783675212914,-0.062735590343889369,0.090552993365692919,-0.068100040846992532,-0.054182111531298122,-0.59999999999999998
7.6974999999999998,3.7926690091402637,-0.099573170824883858,-0.062384876461581681,0.19004551423112506,-0.068100040846992532,-0.054182111531298122,-0.59999999999999998
7.7000000000000002,3.7924032002694843,-0.11307801717571521,-0.061785177223532217,0.28976070058809034,-0.095241546166624821,-0.046919740248027808,-0.59999999999999998
7.7025000000000006,3.792095753747128,-0.13288579072506748,-0.060872878208205132,0.44015273810427707,-0.095241546166624821,-0.046919740248027808,-0.59999999999999998
7.7050000000000001,3.7917387316440503,-0.15274116669468057,-0.059583966441295412,0.59108127131500099,0.0054427115854267794,-0.045567785911167842,-0.59999999999999998
7.7075000000000005,3.7913610949612808,-0.14937634381984011,-0.05815038483029334,0.55588279976654598,0.0054427115854267794,-0.045567785911167842,-0.59999999999999998
7.71,3.7909918102998916,-0.14605907410373975,-0.056804073241217959,0.52125941175884005,-0.029261833525930772,-0.046564643699537084,-0.59999999999999998
7.7125000000000004,3.7906207272255763,-0.15081571108620465,-0.055463105048090641,0.55161316270268934,-0.029261833525930772,-0.046564643699537084,-0.59999999999999998
7.7149999999999999,3.7902376889456741,-0.15562371092568494,-0.054045503510420138,0.5825716663125422,0.019771285684787941,-0.046440685875298537,-0.59999999999999998
7.7175000000000002,3.7898567487338659,-0.14913613538589976,-0.052663561271065334,0.52307577062164679,0.019771285684787941,-0.046440685875298537,-0.59999999999999998
7.7199999999999998,3.7894919718800271,-0.14269222783415236,-0.05142968107569177,0.46411220171930756,0.040936516579780369,-0.048069509584858755,-0.59999999999999998
7.7225000000000001,3.7891493806290391,-0.13138630119991199,-0.050391770137533209,0.36628493065292655,0.040936516579780369,-0.048069509584858755,-0.59999999999999998
7.7250000000000005,3.788835015937329,-0.12010969741297996,-0.049597954388727127,0.26882010300905745,0.012927986109454009,-0.04906171486693113,-0.59999999999999998
7.7275,3.7885407062796412,-0.11534154263111161,-0.048982368607379367,0.22369099234626302,0.012927986109454009,-0.04906171486693113,-0.59999999999999998
7.7300000000000004,3.7882582922544192,-0.11059255276820101,-0.048479306454415783,0.17879346596895074,0.016454964476263954,-0.045546334425116033,-0.59999999999999998
7.7324999999999999,3.78798875187471,-0.10504192515825954,-0.048096443445879627,0.12752326180454726,0.016454964476263954,-0.045546334425116033,-0.59999999999999998
7.7350000000000003,3.787733073573853,-0.099502163978869462,-0.047841580542308679,0.076384591591883613,0.058425807479325687,-0.053909659952536153,-0.59999999999999998
7.7374999999999998,3.7875033878886319,-0.084246537674746644,-0.047812000695278592,-0.052718798276517362,0.058425807479325687,-0.053909659952536153,-0.59999999999999998
7.7400000000000002,3.7873118443007736,-0.068986814107225777,-0.048105217167416746,-0.18187333969914754,0.002339591110377117,-0.049661393928920841,-0.59999999999999998
7.7425000000000006,3.7871422280553211,-0.066703340744389703,-0.048591177101295256,-0.20692868486572213,0.002339591110377117,-0.049661393928920841,-0.59999999999999998
7.7450000000000001,3.7869783427146837,-0.06440172495438265,-0.049140041916395073,-0.23220163572808522,0.032053104730566905,-0.054239032445588697,-0.59999999999999998
7.7475000000000005,3.7868288372847561,-0.055198892925264455,-0.049821425576008736,-0.31295096781091891,0.032053104730566905,-0.054239032445588697,-0.59999999999999998
7.75,3.7867023696120015,-0.0459704271319804,-0.050705058746185229,-0.39401469249934284,-0.016934411666591778,-0.053548872561113597,-0.59999999999999998
7.7525000000000004,3.7865848360877887,-0.048050492804133739,-0.051678047257365987,-0.38444607193988767,-0.016934411666591778,-0.053548872561113597,-0.59999999999999998
7.7549999999999999,3.7864621462774801,-0.050095599896788023,-0.052627634539419071,-0.37529200936178736,-0.017020561193634272,-0.052990098871095938,-0.59999999999999998
7.7575000000000003,3.7863343615919525,-0.052126530804183287,-0.053554644400663924,-0.36638250349551205,-0.017020561193634272,-0.052990098871095938,-0.59999999999999998
7.7599999999999998,3.7862015413694197,-0.054124163526726242,-0.054459876129287987,-0.35786792046573285,-0.037693280022552428,-0.059323745410845508,-0.59999999999999998
7.7625000000000002,3.7860577892834382,-0.060872202547086779,-0.055296323762555742,-0.31135220758853233,-0.037693280022552428,-0.059323745410845508,-0.59999999999999998
7.7650000000000006,3.7858972050346322,-0.067590625442266281,-0.056016925771125804,-0.26518285119908419,-0.045142141921181475,-0.052188586634516511,-0.59999999999999998
7.7675000000000001,3.7857177034815179,-0.076006821871770019,-0.056605199931484315,-0.20548063037905606,-0.045142141921181475,-0.052188586634516511,-0.59999999999999998
7.7700000000000005,3.7855171874988147,-0.084403128365470828,-0.057044521718480262,-0.14600978557951599,-0.010216163672460664,-0.049215972178455449,-0.59999999999999998
7.7725,3.7853057963233017,-0.084707595879182251,-0.057416411911768786,-0.1515287857520729,-0.010216163672460664,-0.049215972178455449,-0.59999999999999998
7.7750000000000004,3.7850936608038444,-0.084998520926642424,-0.057802300165114555,-0.15720922124262821,-0.10838722930894261,-0.048096567477061453,-0.59999999999999998
7.7774999999999999,3.7848524390130445,-0.10797763915713407,-0.057974881915694963,0.019129568192152696,-0.10838722930894261,-0.048096567477061453,-0.59999999999999998
7.7800000000000002,3.7845537708445214,-0.13095887254194749,-0.057706632573192952,0.19549204770008316,-0.057199262630105371,-0.050638287452972414,-0.59999999999999998
7.7824999999999998,3.7842124245438016,-0.14212208237341248,-0.057115971063902704,0.27708233820277373,-0.057199262630105371,-0.050638287452972414,-0.59999999999999998
7.7850000000000001,3.7838431374939621,-0.15331281964465354,-0.056320956076780199,0.35899041172515539,-0.0445888382240862,-0.045237170814204558,-0.59999999999999998
7.7875000000000005,3.7834494773480758,-0.16162154429008893,-0.055349940732404998,0.41789461206112116,-0.0445888382240862,-0.045237170814204558,-0.59999999999999998
7.79,3.7830349961868408,-0.16997057434806992,-0.05423109183390528,0.47726826557118002,0.004201354977474466,-0.042876715458928134,-0.59999999999999998
7.7925000000000004,3.7826137003314884,-0.16707276982144983,-0.053076428529303957,0.4465426168526932,0.004201354977474466,-0.042876715458928134,-0.59999999999999998
7.7949999999999999,3.7821996001134588,-0.16421363719654455,-0.051997990642614567,0.41628273282052952,0.0080489160736965312,-0.042019293560015825,-0.59999999999999998
7.7975000000000003,3.7817937154624341,-0.16049979200944323,-0.051003589027423857,0.37930743535627809,0.0080489160736965312,-0.042019293560015825,-0.59999999999999998
7.7999999999999998,3.781397073912049,-0.15681863865625573,-0.0501011248862019,0.34272646314577715,0.009942219097351504,-0.041675305987679157,-0.59999999999999998
7.8025000000000002,3.7810101456521386,-0.15272859983468123,-0.049294058341987954,0.30298264933764085,0.009942219097351504,-0.041675305987679157,-0.59999999999999998
7.8050000000000006,3.7806334091679576,-0.14866465664764017,-0.048585949315443244,0.263553648103656,0.047195953486344429,-0.043027968039618864,-0.59999999999999998
7.8075000000000001,3.7802775892282865,-0.13599407132308397,-0.048062637549797338,0.15513014606869727,0.047195953486344429,-0.043027968039618864,-0.59999999999999998
7.8100000000000005,3.7799534285144265,-0.12333584170038563,-0.047810171115945044,0.04685960855190846,-0.021481352675436358,-0.050437992401837231,-0.59999999999999998
7.8125,3.7796410219815781,-0.12659025311542033,-0.047668685084514224,0.066339474362665379,-0.021481352675436358,-0.050437992401837231,-0.59999999999999998
7.8150000000000004,3.77932047215864,-0.12985077325456185,-0.047478413626564533,0.085891486847094245,-0.0060320936097763515,-0.050224118412413081,-0.59999999999999998
7.8174999999999999,3.7789962350199819,-0.12954014886302781,-0.04727505876883762,0.07680683965661439,-0.0060320936097763515,-0.050224118412413081,-0.59999999999999998
7.8200000000000003,3.7786727656960792,-0.12923638699347914,-0.047094311254992617,0.067804007958267604,0.027398560523884258,-0.046404744867818454,-0.59999999999999998
7.8224999999999998,3.7783597286830575,-0.12119367215871568,-0.047013686248622809,-0.0032985343077805429,0.027398560523884258,-0.046404744867818454,-0.59999999999999998
7.8250000000000002,3.7780667975649433,-0.11315068200334635,-0.04711080672516816,-0.07440443183126623,0.053129734357451941,-0.046735373664846647,-0.59999999999999998
7.8275000000000006,3.7778014311845927,-0.099140662925546422,-0.047445579359147394,-0.19343553236880262,0.053129734357451941,-0.046735373664846647,-0.59999999999999998
7.8300000000000001,3.7775711069442131,-0.085115413362532505,-0.048078142149308181,-0.31265593438901723,-0.010862741202216562,-0.055398641746507861,-0.59999999999999998
7.8325000000000005,3.7773573486191001,-0.08588655216783149,-0.048860407284816977,-0.31321201795462866,-0.010862741202216562,-0.055398641746507861,-0.59999999999999998
7.835,3.7771416976709635,-0.086629503376658437,-0.04964448165686583,-0.31410343256059869,0.0027675031550925349,-0.051862834361998081,-0.59999999999999998
7.8375000000000004,3.7769281696909673,-0.08418811463416398,-0.050462869882259585,-0.34066438381468178,0.0027675031550925349,-0.051862834361998081,-0.59999999999999998
7.8399999999999999,3.7767207818781396,-0.081716987403978689,-0.051348101236547608,-0.3675825543946824,-0.00045736185632663405,-0.054132967584910575,-0.59999999999999998
7.8425000000000002,3.7765186783407261,-0.079960312276900689,-0.052293614128798918,-0.3888940843571545,-0.00045736185632663405,-0.054132967584910575,-0.59999999999999998
7.8449999999999998,3.7763210087276913,-0.078169541488901331,-0.053292912471768789,-0.4106146223537171,-0.070066257137244806,-0.048775080036450098,-0.59999999999999998
7.8475000000000001,3.776107725843298,-0.092450723539727747,-0.054185448634955127,-0.30348362731106387,-0.070066257137244806,-0.048775080036450098,-0.59999999999999998
7.8500000000000005,3.775858780815637,-0.10670105797612686,-0.054810625399533609,-0.19670640155959668,-0.039537653703839,-0.050390193210876705,-0.59999999999999998
7.8525,3.775583066114816,-0.11386796643573947,-0.05524002810910407,-0.14684771692386195,-0.039537653703839,-0.050390193210876705,-0.59999999999999998
7.8550000000000004,3.7752894526807532,-0.12102083682057301,-0.055545000563318764,-0.097152943581464507,-0.056150560591482365,-0.046574241659033844,-0.59999999999999998
7.8574999999999999,3.7749731656966401,-0.13200781015377402,-0.055687329640153882,-0.016721180588426698,-0.056150560591482365,-0.046574241659033844,-0.59999999999999998
7.8600000000000003,3.7746294150103914,-0.14299312656825,-0.055628622412371743,0.063691441691292233,-0.034115538438926681,-0.043704681771511558,-0.59999999999999998
7.8624999999999998,3.7742645669088746,-0.14888666923082589,-0.055419949939968551,0.103261938792487,-0.034115538438926681,-0.043704681771511558,-0.59999999999999998
7.8650000000000002,3.7738849735334807,-0.15478996946798279,-0.055112217450549228,0.14294676542177256,-0.088099012270574178,-0.044933429652533198,-0.59999999999999998
7.8675000000000006,3.7734749929980116,-0.17319820389556434,-0.054579784356625999,0.28304220204132496,-0.088099012270574178,-0.044933429652533198,-0.59999999999999998
7.8700000000000001,3.7730189576549753,-0.1916362670614648,-0.053696724282780266,0.42347621986068373,-0.019279512459451434,-0.039557923716498494,-0.59999999999999998
7.8725000000000005,3.7725366845216386,-0.19418878147351176,-0.052621774752313118,0.43656089093848238,-0.019279512459451434,-0.039557923716498494,-0.59999999999999998
7.875,3.7720479805360139,-0.19678115332176385,-0.051513526459148411,0.4501176465761299,-0.015836814163445484,-0.040958626118807469,-0.59999999999999998
7.8775000000000004,3.7715537408506861,-0.19861745477924947,-0.050378777784356385,0.45776271839089078,-0.015836814163445484,-0.040958626118807469,-0.59999999999999998
7.8799999999999999,3.7710548586661026,-0.20049527512622234,-0.049224302244486692,0.46590058113502891,0.033773469631955794,-0.041219549219322693,-0.59999999999999998
7.8825000000000003,3.7705655919844636,-0.19092384814955032,-0.048164142426845247,0.38229819321872927,0.033773469631955794,-0.041219549219322693,-0.59999999999999998
7.8849999999999998,3.7701002133342612,-0.18138373032004498,-0.047312491247366757,0.29907985402487358,0.013715400003321488,-0.045407077184927341,-0.59999999999999998
7.8875000000000002,3.7696528444264579,-0.17651534638907279,-0.046621867517082201,0.25346684625145849,0.013715400003321488,-0.045407077184927341,-0.59999999999999998
7.8900000000000006,3.7692176184675028,-0.17166872558930596,-0.046044938029143841,0.20811664209072928,0.05448023764283564,-0.046325456399084655,-0.59999999999999998
7.8925000000000001,3.7688062924792907,-0.15739400913568888,-0.045675879659705633,0.087154188094062363,0.05448023764283564,-0.046325456399084655,-0.59999999999999998
7.8950000000000005,3.7684306426796694,-0.14312618289901635,-0.045609095825847525,-0.033722749028941387,0.0068254196409469467,-0.043860814709142264,-0.59999999999999998
7.8975,3.7680768616232676,-0.13989793721411148,-0.04573372554747341,-0.065989736935370538,0.0068254196409469467,-0.043860814709142264,-0.59999999999999998
7.9000000000000004,3.7677311577914883,-0.1366639337875217,-0.045939102144269446,-0.098325889060003446,0.030472075930076687,-0.048252431851501153,-0.59999999999999998
7.9024999999999999,3.7674003974149697,-0.12794247667372516,-0.046280414544666415,-0.17474710776118807,0.030472075930076687,-0.048252431851501153,-0.59999999999999998
7.9050000000000002,3.767091457500376,-0.11920650911466588,-0.046812985302818057,-0.25134547223158227,0.011945227314939466,-0.048881819625919781,-0.59999999999999998
7.9074999999999998,3.7667990175633546,-0.11474153034577429,-0.047494290930865227,-0.29374620792622319,0.011945227314939466,-0.048881819625919781,-0.59999999999999998
7.9100000000000001,3.7665177709047235,-0.11025128300053387,-0.048281970458887727,-0.33645190193014862,0.012584048964942441,-0.042921697494826508,-0.59999999999999998
7.9125000000000005,3.7662479701583007,-0.10558419421101424,-0.049178325615404875,-0.38069409698085027,0.012584048964942441,-0.042921697494826508,-0.59999999999999998
7.915,3.7659898770850257,-0.10088452220234656,-0.050185769181122969,-0.42533020044719227,-0.016413814007452222,-0.050028894198542985,-0.59999999999999998
7.9175000000000004,3.7657351858465256,-0.10286209665618309,-0.051237984769350757,-0.41651786041277999,-0.016413814007452222,-0.050028894198542985,-0.59999999999999998
7.9199999999999999,3.7654755981216779,-0.10480184376600622,-0.05226873242385361,-0.40815428985682223,-0.057329979935315543,-0.053259376300963585,-0.59999999999999998
7.9225000000000003,3.7651993702373918,-0.11617442961120041,-0.053184116010513482,-0.3242223422201731,-0.057329979935315543,-0.053259376300963585,-0.59999999999999998
7.9249999999999998,3.7648947527074812,-0.12751493303085998,-0.053890153131700341,-0.24066121792653764,-0.070717744467765603,-0.049236789878617453,-0.59999999999999998
7.9275000000000002,3.7645579431298701,-0.14192956176829241,-0.05435657360117549,-0.13251145694142932,-0.070717744467765603,-0.049236789878617453,-0.59999999999999998
7.9300000000000006,3.764185116150264,-0.15633068793207178,-0.05455283934549611,-0.024516422646764652,-0.044806576378931921,-0.04454648812661717,-0.59999999999999998
7.9325000000000001,3.76378378600345,-0.16473351653598395,-0.05453932506262156,0.035328861511419167,-0.044806576378931921,-0.04454648812661717,-0.59999999999999998
7.9350000000000005,3.7633614457214888,-0.17313976044534188,-0.054376161918506728,0.09521388913602731,-0.070220000874290978,-0.048905825621198759,-0.59999999999999998
7.9375,3.7629107287847514,-0.18743631285429954,-0.054004172091058483,0.20240690406811279,-0.070220000874290978,-0.048905825621198759,-0.59999999999999998
7.9400000000000004,3.7624242470005891,-0.20175345298887543,-0.053363930697175176,0.3098359640684234,-0.06347865381255885,-0.042928525745957645,-0.59999999999999998
7.9424999999999999,3.7619038856682199,-0.21454157718954886,-0.052470344856385985,0.40510141201087058,-0.06347865381255885,-0.042928525745957645,-0.59999999999999998
7.9450000000000003,3.7613515053543853,-0.22737021440553254,-0.051338034607993896,0.50083371363625773,-0.0080520602276360383,-0.037506522428023152,-0.59999999999999998
7.9474999999999998,3.7607830346507032,-0.22741374016923294,-0.050094451307204538,0.49412113688703158,-0.0080520602276360383,-0.037506522428023152,-0.59999999999999998
7.9500000000000002,3.7602143999245929,-0.22750134444961884,-0.048866990686019407,0.48793449089829966,-0.011649150378012594,-0.038677204968833326,-0.59999999999999998
7.9525000000000006,3.7596444501558124,-0.22846579604090989,-0.04764598616840076,0.48895628705624328,-0.011649150378012594,-0.038677204968833326,-0.59999999999999998
7.9550000000000001,3.7590720342655155,-0.22947426613853597,-0.046421772865890387,0.49050179120289206,0.019242698641317696,-0.036488808018465713,-0.59999999999999998
7.9575000000000005,3.7585059893118431,-0.22336824004036543,-0.045264861622842718,0.43510654314399233,0.019242698641317696,-0.036488808018465713,-0.59999999999999998
7.96,3.7579551622627334,-0.21729917872524404,-0.044245866843739802,0.38015929035905593,0.05376152772598139,-0.037989732753328058,-0.59999999999999998
7.9625000000000004,3.7574294669489956,-0.20326132845260442,-0.043444019173955649,0.26137155080344954,0.05376152772598139,-0.037989732753328058,-0.59999999999999998
7.9649999999999999,3.7569388382484346,-0.18924432279498457,-0.042938794114930116,0.14284177621133387,0.00075274177750216239,-0.040002129231848815,-0.59999999999999998
7.9675000000000002,3.7564678766345407,-0.18752693075241017,-0.042606390879362563,0.12310427533222272,0.00075274177750216239,-0.040002129231848815,-0.59999999999999998
7.9699999999999998,3.7560011945091123,-0.18582044233879341,-0.04232316411728123,0.10349713139914136,0.017943889699151172,-0.041319110525872935,-0.59999999999999998
7.9725000000000001,3.755543748263352,-0.18013766725463853,-0.042128805168328669,0.052003465421345589,0.017943889699151172,-0.041319110525872935,-0.59999999999999998
7.9750000000000005,3.7551005024503947,-0.17445935951866798,-0.042063101850076043,0.00056373325154486509,0.028213886206207309,-0.042193619790574344,-0.59999999999999998
7.9775,3.7546744273882329,-0.16640020267901576,-0.042149877139524713,-0.0699898872250308,0.028213886206207309,-0.042193619790574344,-0.59999999999999998
7.9800000000000004,3.7542685063520427,-0.15833514796394174,-0.042413110996883906,-0.14061516019546827,0.01704361117572423,-0.045271887481672241,-0.59999999999999998
7.9824999999999999,3.7538795249316004,-0.15284761641774172,-0.042827089654286055,-0.19059639855298419,0.01704361117572423,-0.045271887481672241,-0.59999999999999998
7.9850000000000003,3.7535042819129201,-0.14734371269949897,-0.043366257707846752,-0.24077530871265596,0.025634942764973894,-0.045345161520061156,-0.59999999999999998
7.9874999999999998,3.7531453125358718,-0.13982793938408178,-0.044051154933279338,-0.30718923560154354,0.025634942764973894,-0.045345161520061156,-0.59999999999999998
7.9900000000000002,3.7528051637738273,-0.13228629636088293,-0.044902465867974965,-0.37391755191285081,0.0061513445910246507,-0.048602031491662784,-0.59999999999999998
7.9925000000000006,3.7524782641170793,-0.12922776960370935,-0.045875760893532097,-0.40478647316830518,0.0061513445910246507,-0.048602031491662784,-0.59999999999999998
7.9950000000000001,3.7521590543203636,-0.12613396704597593,-0.046926751543418951,-0.43607939655707678,-0.019889377637809975,-0.049544790528865006,-0.59999999999999998
7.9975000000000005,3.751840085930322,-0.12903421717957123,-0.047996013756950166,-0.4194076208363246,-0.019889377637809975,-0.049544790528865006,-0.59999999999999998
8,3.7515139152360555,-0.13189606190207431,-0.049024168337143174,-0.40319031420421159,-0.048597878715809367,-0.044112928260841955,-0.59999999999999998
8.0024999999999995,3.7511723265147778,-0.14136896197261709,-0.049945628315764927,-0.33404690840511486,-0.048597878715809367,-0.044112928260841955,-0.59999999999999998
8.0050000000000008,3.7508070974177903,-0.15080946988390778,-0.050694716738686127,-0.26528016458050385,-0.053696112124616703,-0.044098634707297989,-0.59999999999999998
8.0075000000000003,3.7504168252350865,-0.16140457624351484,-0.05126043651652433,-0.18733853068088635,-0.053696112124616703,-0.044098634707297989,-0.59999999999999998
8.0099999999999998,3.7500000898572541,-0.17198129650481583,-0.051631586887594463,-0.1096099094785174,-0.10241438776181976,-0.043106799230223702,-0.59999999999999998
8.0124999999999993,3.7495428304493603,-0.19382577128012438,-0.05169544239343029,0.058520331089858102,-0.10241438776181976,-0.043106799230223702,-0.59999999999999998
8.0150000000000006,3.749030955751381,-0.21567654392273788,-0.051338926000726974,0.22672163685606309,-0.061889752248573723,-0.038655642151888783,-0.59999999999999998
8.0175000000000001,3.7484761554137531,-0.22816826421378522,-0.050655737079949241,0.31988184476461018,-0.061889752248573723,-0.038655642151888783,-0.59999999999999998
8.0199999999999996,3.7478900878935573,-0.24069182916983781,-0.049739210597796159,0.41340948201861316,-0.056677989965533457,-0.037833004279816021,-0.59999999999999998
8.0225000000000009,3.7472741707918913,-0.25204931339898562,-0.048600404654375422,0.49772169953002976,-0.056677989965533457,-0.037833004279816021,-0.59999999999999998
8.0250000000000004,3.7466298006157679,-0.26345565216174255,-0.047250130337470081,0.58260006103804962,-0.017390701067736627,-0.032518924445083135,-0.59999999999999998
8.0274999999999999,3.7459682229199411,-0.26581542927636836,-0.045778184879855181,0.59506216445591542,-0.017390701067736627,-0.032518924445083135,-0.59999999999999998
8.0299999999999994,3.7453006783671552,-0.26822933378184771,-0.044274284559385542,0.60816627119163336,0.01935134362393922,-0.033503486525337939,-0.59999999999999998
8.0325000000000006,3.7446376753588684,-0.26218130411533608,-0.042822262882563807,0.5535508210713127,0.01935134362393922,-0.033503486525337939,-0.59999999999999998
8.0350000000000001,3.7439897325551348,-0.25618042632672716,-0.041506054597224944,0.49950643397267969,0.054137189369630072,-0.031129860803287647,-0.59999999999999998
8.0374999999999996,3.7433668194617451,-0.24215593919429945,-0.04040523856908558,0.38121914454221933,0.054137189369630072,-0.031129860803287647,-0.59999999999999998
8.0400000000000009,3.7427789272957992,-0.22816212534377686,-0.039599643445370689,0.26331036167414346,0.043162346806150775,-0.038299313864241062,-0.59999999999999998
8.0425000000000004,3.7422228097303769,-0.21673488057114829,-0.039062926812938326,0.16609907519987854,0.043162346806150775,-0.038299313864241062,-0.59999999999999998
8.0449999999999999,3.7416952414578244,-0.20532135774653851,-0.038769008233165834,0.069055597186699791,0.0072723603786015081,-0.037278303235189721,-0.59999999999999998
8.0474999999999994,3.7411857937462107,-0.2022376030707782,-0.038634057836000886,0.0389142038864237,0.0072723603786015081,-0.037278303235189721,-0.59999999999999998
8.0500000000000007,3.7406840505896555,-0.19915727214273807,-0.038574403034954977,0.0088138297450257065,0.069331954954483563,-0.044628365234845854,-0.59999999999999998
8.0525000000000002,3.7402079978459488,-0.18168408074386708,-0.038734424442067594,-0.13684141184974832,0.069331954954483563,-0.044628365234845854,-0.59999999999999998
8.0549999999999997,3.7397756391818349,-0.16420009696561047,-0.03925872183042324,-0.28263071763237757,-0.0004518924992015041,-0.044726546792360794,-0.59999999999999998
8.057500000000001,3.7393667884533799,-0.16287617787909425,-0.039985412664522962,-0.29877339354658844,-0.0004518924992015041,-0.044726546792360794,-0.59999999999999998
8.0600000000000005,3.7389612804214147,-0.16152570190143373,-0.040752853090476729,-0.31523324622216531,0.052598113358908336,-0.040411836912971358,-0.59999999999999998
8.0625,3.7385745572414608,-0.14784783805266735,-0.041685283561147778,-0.43077286797639691,0.052598113358908336,-0.040411836912971358,-0.59999999999999998
8.0649999999999995,3.7382220700555289,-0.13413538879758929,-0.042907073377694144,-0.54673960749179706,-0.0076689592815692032,-0.045591305896398392,-0.59999999999999998
8.0675000000000008,3.7378864571341293,-0.134346761344216,-0.0442792688499416,-0.55111436548463522,-0.0076689592815692032,-0.045591305896398392,-0.59999999999999998
8.0700000000000003,3.7375503773261678,-0.1345088368545142,-0.04566313495719318,-0.55607687671003503,-0.034253046658807421,-0.04403591807867601,-0.59999999999999998
8.0724999999999998,3.7372062558337942,-0.14077999286613463,-0.046998348168946477,-0.51219190305769202,-0.034253046658807421,-0.04403591807867601,-0.59999999999999998
8.0749999999999993,3.7368465174856746,-0.14700299628274105,-0.048224565505737539,-0.46887221879350188,-0.082274480638590164,-0.045118733142305481,-0.59999999999999998
8.0775000000000006,3.7364573759341768,-0.16430333269555319,-0.04923155352683431,-0.33679718695973554,-0.082274480638590164,-0.045118733142305481,-0.59999999999999998
8.0800000000000001,3.7360250297603161,-0.18156894410385974,-0.049908881964127724,-0.20511879287871629,-0.12337152613470954,-0.041495579024740908,-0.59999999999999998
8.0824999999999996,3.7355376538704155,-0.20832989336686616,-0.050161873147950994,0.0027048781408112177,-0.12337152613470954,-0.041495579024740908,-0.59999999999999998
8.0850000000000009,3.7349833800421468,-0.23509114318620344,-0.049895354761719461,0.21053191117682471,-0.080308835257045269,-0.037135475877446124,-0.59999999999999998
8.0875000000000004,3.7343746440312957,-0.25190237221551737,-0.049209049758283337,0.33856588399797882,-0.080308835257045269,-0.037135475877446124,-0.59999999999999998
8.0899999999999999,3.7337238391937828,-0.26874838434588577,-0.048202193917679784,0.46699756338350978,-0.054259236808313654,-0.031345060235015862,-0.59999999999999998
8.0924999999999994,3.7330384052063907,-0.27960705668312957,-0.04693415246559187,0.54753137588996204,-0.054259236808313654,-0.031345060235015862,-0.59999999999999998
8.0950000000000006,3.7323257594353101,-0.29051910105408307,-0.045464020555390679,0.62868500130990668,-0.035045298407409053,-0.033383988919112227,-0.59999999999999998
8.0975000000000001,3.7315913247755299,-0.29703882115626051,-0.04383481628368658,0.67479817927557884,-0.035045298407409053,-0.033383988919112227,-0.59999999999999998
8.0999999999999996,3.7308405125947175,-0.30362182757022721,-0.042089409959231966,0.72165505476758374,0.010112920310246633,-0.026863670582705702,-0.59999999999999998
8.1025000000000009,3.7300862471048055,-0.29980072005928854,-0.040330948279295002,0.68523664808357421,0.010112920310246633,-0.026863670582705702,-0.59999999999999998
8.1050000000000004,3.7293414594525385,-0.29603906671886443,-0.038662630145305597,0.64953418246128691,0.067115976283805612,-0.02814791439962901,-0.59999999999999998
8.1074999999999999,3.7286225318821593,-0.279110619686598,-0.037215401313387506,0.50834362009638911,0.067115976283805612,-0.02814791439962901,-0.59999999999999998
8.1099999999999994,3.7279458727209045,-0.26222252569663146,-0.036120495070044147,0.36765339144064224,0.049870346186007962,-0.035493112410595759,-0.59999999999999998
8.1125000000000007,3.7273063934817441,-0.24936517298910435,-0.035336676253581042,0.25945438228250572,0.049870346186007962,-0.035493112410595759,-0.59999999999999998
8.1150000000000002,3.726699029007281,-0.23652923765510975,-0.03482300482283069,0.15151737750290376,0.064603426960212484,-0.038377785398621453,-0.59999999999999998
8.1174999999999997,3.7261280099270686,-0.22028715755131401,-0.034613270968513875,0.016283635871175317,0.064603426960212484,-0.038377785398621453,-0.59999999999999998
8.120000000000001,3.7255975921221558,-0.20404639459669216,-0.034741573129671847,-0.11893388424768017,0.062325937528247416,-0.040848415210842266,-0.59999999999999998
8.1225000000000005,3.7251071254481531,-0.18832445250519228,-0.035202735669246636,-0.25002681794921411,0.062325937528247416,-0.040848415210842266,-0.59999999999999998
8.125,3.7246559867240276,-0.17258227647490992,-0.035991914881962621,-0.38136892609007139,1.3097230363172223e-05,-0.03979392503343436,-0.59999999999999998
8.1274999999999995,3.7242261710423121,-0.17126449560256418,-0.036964823312173219,-0.39702674632430013,1.3097230363172223e-05,-0.03979392503343436,-0.59999999999999998
8.1300000000000008,3.7237996936784641,-0.16991139294788205,-0.037977400070337938,-0.41310634949053476,-0.018743792068162332,-0.039890708059120678,-0.59999999999999998
8.1325000000000003,3.7233712070737899,-0.17287172796766676,-0.038987063728272313,-0.39469750969053025,-0.018743792068162332,-0.039890708059120678,-0.59999999999999998
8.1349999999999998,3.7229353651519181,-0.17579592375882006,-0.039951243979209038,-0.37671634146869826,-0.019486574836559054,-0.040454782327602863,-0.59999999999999998
8.1374999999999993,3.7224920409179445,-0.17885785214859948,-0.040869257217721305,-0.35776062308234413,-0.019486574836559054,-0.040454782327602863,-0.59999999999999998
8.1400000000000006,3.7220411032244596,-0.18188697760290062,-0.041740370402378393,-0.33919290966003601,-0.042967472484670345,-0.040460323169184416,-0.59999999999999998
8.1425000000000001,3.721575827986138,-0.19032831073327636,-0.042510905577502131,-0.27729251009338851,-0.042967472484670345,-0.040460323169184416,-0.59999999999999998
8.1449999999999996,3.7210894837321833,-0.19874316821936513,-0.043127090675115734,-0.21570140341140717,-0.035312795589611194,-0.039157828272121858,-0.59999999999999998
8.1475000000000009,3.7205843470375477,-0.20536316617544412,-0.043607416662263997,-0.16859480693480999,-0.035312795589611194,-0.039157828272121858,-0.59999999999999998
8.1500000000000004,3.7200626811585482,-0.21196725400554348,-0.043970220120045513,-0.12167472057796919,-0.05289621584011308,-0.040088854441132492,-0.59999999999999998
8.1524999999999999,3.7195194265341955,-0.22263511659194826,-0.044175010940862618,-0.042173370155910703,-0.05289621584011308,-0.040088854441132492,-0.59999999999999998
8.1549999999999994,3.7189495089959852,-0.233298874173856,-0.044181126694202801,0.03728030520880303,-0.066091224218450081,-0.034984263958750587,-0.59999999999999998
8.1575000000000006,3.7183491065836614,-0.24702453644713004,-0.043957888106603622,0.14132765098132674,-0.066091224218450081,-0.034984263958750587,-0.59999999999999998
8.1600000000000001,3.7177143745997672,-0.26076425518396235,-0.043474353257167662,0.24553721617199142,-0.034786595649539773,-0.031111717197404038,-0.59999999999999998
8.1624999999999996,3.7170543351440788,-0.26727152720815073,-0.042802780772393058,0.2917702444966242,-0.034786595649539773,-0.031111717197404038,-0.59999999999999998
8.1650000000000009,3.7163779940669577,-0.27380627729535506,-0.042015233436748498,0.33832561474442119,-0.028863091676730443,-0.031875048375749768,-0.59999999999999998
8.1675000000000004,3.7156869938572199,-0.27899942097284747,-0.041124622587375294,0.37422816397435471,-0.028863091676730443,-0.031875048375749768,-0.59999999999999998
8.1699999999999999,3.7149829679245712,-0.28422741241964306,-0.040143750779052134,0.41054095212217512,-0.010666965516156,-0.033713587484089556,-0.59999999999999998
8.1724999999999994,3.7142710995165387,-0.28527351610942181,-0.039113889044632484,0.41342214143632738,-0.010666965516156,-0.033713587484089556,-0.59999999999999998
8.1750000000000007,3.713556569218373,-0.28635697387981246,-0.03807627019689807,0.41674722004686571,0.017381846221604623,-0.03142960280731142,-0.59999999999999998
8.1775000000000002,3.7128474158407365,-0.28097138441325276,-0.037095074019452674,0.36827787969016873,0.017381846221604623,-0.03142960280731142,-0.59999999999999998
8.1799999999999997,3.712151685734113,-0.27561767145003291,-0.036234560836049,0.32019252123023284,0.040525465735262091,-0.033024744812274215,-0.59999999999999998
8.182500000000001,3.7114760159602627,-0.2649219793204689,-0.035547720242666093,0.22932661720354194,0.040525465735262091,-0.033024744812274215,-0.59999999999999998
8.1850000000000005,3.7108270598286377,-0.25424549774569921,-0.035087732870739817,0.13869457606047897,0.020369933528186241,-0.034597907723894081,-0.59999999999999998
8.1875,3.7101989331577605,-0.24825745911196401,-0.034807194150160523,0.08575590858807268,0.020369933528186241,-0.034597907723894081,-0.59999999999999998
8.1899999999999995,3.7095857663415908,-0.24227685082961639,-0.034658878783893135,0.032906701789059557,0.042547519842692554,-0.035626567933823405,-0.59999999999999998
8.1925000000000008,3.7089939787619262,-0.23115301530185667,-0.034694277674764191,-0.061228219740706073,0.042547519842692554,-0.035626567933823405,-0.59999999999999998
8.1950000000000003,3.7084300055391197,-0.22002405144454396,-0.034965071910129229,-0.15542557068359333,-0.0010696558800416082,-0.034647990812658833,-0.59999999999999998
8.1974999999999998,3.7078812197694484,-0.219002150770926,-0.035369972272392053,-0.168523489011288,-0.0010696558800416082,-0.034647990812658833,-0.59999999999999998
8.1999999999999993,3.7073350073385547,-0.21796518492498879,-0.03580783900328223,-0.18180099989650375,0.01530753017657455,-0.038765040519780192,-0.59999999999999998
8.2025000000000006,3.7067961565255292,-0.21311250719212343,-0.036317269642009188,-0.22577906937598013,0.01530753017657455,-0.038765040519780192,-0.59999999999999998
8.2050000000000001,3.7062694611816669,-0.2082401735887707,-0.036936931260413461,-0.26999344529778208,-0.055742823028485253,-0.040128649277956521,-0.59999999999999998
8.2074999999999996,3.7057343746066986,-0.21982543584541581,-0.037502072880552136,-0.18216230986745979,-0.055742823028485253,-0.040128649277956521,-0.59999999999999998
8.2100000000000009,3.7051703487173442,-0.23139303929686592,-0.037847913923213926,-0.094536525758123227,-0.0044114523424434718,-0.036425490453177049,-0.59999999999999998
8.2125000000000004,3.7045922992219138,-0.23104508329116807,-0.038094329090195521,-0.10261315635636374,-0.0044114523424434718,-0.036425490453177049,-0.59999999999999998
8.2149999999999999,3.7040151309708818,-0.23068792252599499,-0.038361071037117181,-0.11079939471745559,-0.047751870661646767,-0.03854595614444245,-0.59999999999999998
8.2174999999999994,3.7034263033124728,-0.24037301121556948,-0.038547548237874103,-0.038396280788847686,-0.047751870661646767,-0.03854595614444245,-0.59999999999999998
8.2200000000000006,3.7028132689848907,-0.25005441530327138,-0.038553088248657018,0.033963857548776233,-0.014538805145375472,-0.035296794755457321,-0.59999999999999998
8.2225000000000001,3.702185657208596,-0.25203560179690987,-0.038455002270490007,0.044511987109314824,-0.014538805145375472,-0.035296794755457321,-0.59999999999999998
8.2249999999999996,3.7015530875948492,-0.25402084588324997,-0.0383304882546672,0.055108190636829833,-0.00068171065234969323,-0.03302459588444849,-0.59999999999999998
8.2275000000000009,3.7009195661643477,-0.25279700487224271,-0.038211665774004082,0.039958220779491155,-0.00068171065234969323,-0.03302459588444849,-0.59999999999999998
8.2300000000000004,3.7002890996015156,-0.25157672698701827,-0.038130661731245095,0.024850758701941048,0.054547524682352418,-0.036281807463764609,-0.59999999999999998
8.2324999999999999,3.6996776926111954,-0.2375484035154283,-0.038215944530058242,-0.09308267615667927,0.054547524682352418,-0.036281807463764609,-0.59999999999999998
8.2349999999999994,3.6991013638831398,-0.22351252220189344,-0.038596152586332214,-0.21110907178455973,-0.02819160259384372,-0.037533677635964775,-0.59999999999999998
8.2375000000000007,3.6985361592001955,-0.22864822675739879,-0.039079099021855461,-0.17528336128823702,-0.02819160259384372,-0.037533677635964775,-0.59999999999999998
8.2400000000000002,3.6979581363485097,-0.23376761081124464,-0.039472729469786187,-0.13964976157743292,-0.048872084985938757,-0.037516619556163901,-0.59999999999999998
8.2424999999999997,3.6973613374623397,-0.24366985177990313,-0.039729348610771799,-0.06566473776581451,-0.048872084985938757,-0.037516619556163901,-0.59999999999999998
8.245000000000001,3.6967397923554595,-0.2535657730947814,-0.039801114522794619,0.0082466404956816064,-0.02759127612475552,-0.029768548441579473,-0.59999999999999998
8.2475000000000005,3.6960996764118028,-0.25852737570449652,-0.039737630765602425,0.042545001906094344,-0.02759127612475552,-0.029768548441579473,-0.59999999999999998
8.25,3.6954471521772709,-0.26349293810715591,-0.039588350669486558,0.076889978232485529,-0.054441810573198315,-0.036117629720197768,-0.59999999999999998
8.2524999999999995,3.6947744225110992,-0.27469272063048605,-0.039290623281892985,0.16131431956728459,-0.054441810573198315,-0.036117629720197768,-0.59999999999999998
8.2550000000000008,3.6940736755362273,-0.28590814883878235,-0.038781627484433021,0.24592057150916147,-0.072925177599846944,-0.034571535242178646,-0.59999999999999998
8.2575000000000003,3.6933395033408565,-0.30143467259180784,-0.038017767765026703,0.36522566386502364,-0.072925177599846944,-0.034571535242178646,-0.59999999999999998
8.2599999999999998,3.6925664719425844,-0.316997471747063,-0.036955150099188164,0.48494963548306519,0.0017283679374397883,-0.025566637862140182,-0.59999999999999998
8.2624999999999993,3.6917761245711356,-0.31528745419894222,-0.035766370896273693,0.46615774943438465,0.0017283679374397883,-0.025566637862140182,-0.59999999999999998
8.2650000000000006,3.6909900001994944,-0.31361880656584673,-0.034623949360312822,0.44786029537399996,0.034922051825448205,-0.029091791775578225,-0.59999999999999998
8.2675000000000001,3.6902176254423402,-0.30428675712343389,-0.033603978994705387,0.36818585643092422,0.034922051825448205,-0.029091791775578225,-0.59999999999999998
8.2699999999999996,3.689468540393682,-0.29498593229497055,-0.03278270456382832,0.28889005032841708,0.029520395351480166,-0.032672905064824835,-0.59999999999999998
8.2725000000000009,3.6887411082675161,-0.28696340655747732,-0.032146698254043135,0.21995894076778061,0.029520395351480166,-0.032672905064824835,-0.59999999999999998
8.2750000000000004,3.6880337076224894,-0.27895976762979735,-0.031682719808833713,0.1512559062375759,0.03199864182757272,-0.030118174049576837,-0.59999999999999998
8.2774999999999999,3.687347017603992,-0.27039388564955202,-0.031396061293560366,0.078090701088158729,0.03199864182757272,-0.030118174049576837,-0.59999999999999998
8.2799999999999994,3.686681732613867,-0.26183470051854529,-0.031292198893286036,0.0050063947962076805,0.045213900379589035,-0.037038656743889974,-0.59999999999999998
8.2825000000000006,3.6860416779238667,-0.25020843616650862,-0.031401812097992192,-0.09270443560038133,0.045213900379589035,-0.037038656743889974,-0.59999999999999998
8.2850000000000001,3.6854306969368862,-0.2385743678531333,-0.031755800112284294,-0.19051011135556842,0.026601391329926991,-0.036919000957505686,-0.59999999999999998
8.2874999999999996,3.6848434197610351,-0.2312441797146001,-0.032311167857004733,-0.25382258907609018,0.026601391329926991,-0.036919000957505686,-0.59999999999999998
8.2900000000000009,3.6842744942649399,-0.22389211915243859,-0.033025132907071229,-0.31739889674472077,0.020081890466562665,-0.035678864480409016,-0.59999999999999998
8.2925000000000004,3.6837220908300812,-0.21802566646346178,-0.033883252631463551,-0.36915661577516551,0.020081890466562665,-0.035678864480409016,-0.59999999999999998
8.2949999999999999,3.6831843925879224,-0.21212722605567394,-0.034871236959588506,-0.42129952463915865,0.023913792325908383,-0.041567535427352947,-0.59999999999999998
8.2974999999999994,3.6826625963090325,-0.20530334370472791,-0.035999038477504221,-0.4810196450278062,0.023913792325908383,-0.041567535427352947,-0.59999999999999998
8.3000000000000007,3.6821579102200435,-0.1984382393490256,-0.037276750354006391,-0.54123799228675351,-0.018262409097437919,-0.036117723151455783,-0.59999999999999998
8.3025000000000002,3.6816582161320359,-0.20130892771004177,-0.038607522488086667,-0.52347569933728855,-0.018262409097437919,-0.036117723151455783,-0.59999999999999998
8.3049999999999997,3.681151405424461,-0.2041318002408814,-0.039894600776058636,-0.5062797678939186,-0.045120626354380758,-0.041519916272200114,-0.59999999999999998
8.307500000000001,3.6806298114940112,-0.21313581918932695,-0.041076883445306502,-0.43963429469813631,-0.045120626354380758,-0.041519916272200114,-0.59999999999999998
8.3100000000000005,3.6800857613335878,-0.22209782931178537,-0.042093181146779846,-0.37347953605541562,-0.068529857455075963,-0.038716543642973833,-0.59999999999999998
8.3125,3.6795125692749417,-0.23645052924855042,-0.042890175956100375,-0.26417733636361018,-0.068529857455075963,-0.038716543642973833,-0.59999999999999998
8.3149999999999995,3.6789035306180611,-0.2507769118633929,-0.043414320811502864,-0.15517873136423621,-0.074344651850212801,-0.032489859990059898,-0.59999999999999998
8.3175000000000008,3.678257012981982,-0.26643559543500867,-0.043652694460402763,-0.035538600264799158,-0.074344651850212801,-0.032489859990059898,-0.59999999999999998
8.3200000000000003,3.6775713556252612,-0.28209069730024089,-0.043592048119776954,0.084060355486925142,-0.020882580458388689,-0.032006036392028717,-0.59999999999999998
8.3224999999999998,3.6768620416266047,-0.28536194589340735,-0.043356655176822294,0.10427105948010637,-0.020882580458388689,-0.032006036392028717,-0.59999999999999998
8.3249999999999993,3.6761445378993796,-0.28864279096318363,-0.04307059836302695,0.12459512393858078,-0.096381445426737766,-0.032557253206978692,-0.59999999999999998
8.3275000000000006,3.6753969425588959,-0.30943704005993811,-0.042557952699692696,0.28556193766532184,-0.096381445426737766,-0.032557253206978692,-0.59999999999999998
8.3300000000000001,3.6745973279524757,-0.33026098098780754,-0.041642506706816962,0.4468670889605702,0.0088703853763552783,-0.028876175531838855,-0.59999999999999998
8.3324999999999996,3.6737761033039966,-0.32672498630084973,-0.040568068744431938,0.41275836534158794,0.0088703853763552783,-0.028876175531838855,-0.59999999999999998
8.3350000000000009,3.6729636729910462,-0.32322503010629977,-0.039578354140879117,0.37908256265850143,-0.037576373686173253,-0.026317475959071426,-0.59999999999999998
8.3375000000000004,3.6721464860566382,-0.33053089390185048,-0.038564225319593123,0.43229527154666153,-0.037576373686173253,-0.026317475959071426,-0.59999999999999998
8.3399999999999999,3.6713109845694176,-0.33787750287520518,-0.037416479535601108,0.48598591203948882,0.0057256900596601712,-0.02995857660542647,-0.59999999999999998
8.3424999999999994,3.6704696167794229,-0.33522367041573481,-0.036234660900681212,0.45955214772809383,0.0057256900596601712,-0.02995857660542647,-0.59999999999999998
8.3450000000000006,3.6696348324539199,-0.33261035720772919,-0.035118314445498872,0.43360364496510956,-0.011261455194223252,-0.029115278075008733,-0.59999999999999998
8.3475000000000001,3.6688016061017983,-0.33397731537897402,-0.034026701321892769,0.43976512113061444,-0.011261455194223252,-0.029115278075008733,-0.59999999999999998
8.3499999999999996,3.6679649126857004,-0.33538410664738272,-0.032919094704700488,0.44639960127900491,0.056593719143940374,-0.026008585291912873,-0.59999999999999998
8.3525000000000009,3.6671443372163384,-0.32108157839355583,-0.031952365515167794,0.32704875477722517,0.056593719143940374,-0.026008585291912873,-0.59999999999999998
8.3550000000000004,3.6663594822948258,-0.30680604665367678,-0.03128357569293428,0.20802818852180766,0.015574023775041449,-0.030815252627760997,-0.59999999999999998
8.3574999999999999,3.6655983910445151,-0.30206968509015303,-0.030816483616516302,0.16567823193060721,0.015574023775041449,-0.030815252627760997,-0.59999999999999998
8.3599999999999994,3.6648491217549743,-0.29734786188581735,-0.030455039263657033,0.12350261329019185,0.035191648672251476,-0.03231468737836455,-0.59999999999999998
8.3625000000000007,3.6641173350016745,-0.28808274182592164,-0.030244569993721365,0.044887320856055249,0.035191648672251476,-0.03231468737836455,-0.59999999999999998
8.3650000000000002,3.6634087048438722,-0.27882146446766898,-0.030230563958295664,-0.033681525017993763,0.013066701800183541,-0.033708834082587437,-0.59999999999999998
8.3674999999999997,3.6627168102746404,-0.27469342187698775,-0.030361457046111723,-0.071042154105099481,0.013066701800183541,-0.033708834082587437,-0.59999999999999998
8.370000000000001,3.662035242951259,-0.27055911888267808,-0.030585837199745707,-0.10847775214281269,0.015875438822459832,-0.034721551320051357,-0.59999999999999998
8.3725000000000005,3.6613648375934691,-0.26576326840132464,-0.030910485005519413,-0.15126326429999645,0.015875438822459832,-0.034721551320051357,-0.59999999999999998
8.375,3.6607064376647735,-0.26095415064231919,-0.031342286112053551,-0.19420789466639668,0.05481066670784996,-0.03430326123391092,-0.59999999999999998
8.3774999999999995,3.6600713769747486,-0.24709091819140483,-0.031972396961599349,-0.30992333192366095,0.05481066670784996,-0.03430326123391092,-0.59999999999999998
8.3800000000000008,3.659471004453196,-0.23320203316612231,-0.032892164074247048,-0.42595231896413399,0.037480361266691034,-0.039313778263390241,-0.59999999999999998
8.3825000000000003,3.6589003691866693,-0.22329959598713922,-0.034062153752477134,-0.51011939336036616,0.037480361266691034,-0.039313778263390241,-0.59999999999999998
8.3849999999999998,3.6583545422775328,-0.21335419441773884,-0.035443196247966435,-0.59480872473020852,-0.02738735244898844,-0.040347326815163842,-0.59999999999999998
8.3874999999999993,3.6578148298155653,-0.21840687705098924,-0.036885676995087019,-0.55928085749890233,-0.02738735244898844,-0.040347326815163842,-0.59999999999999998
8.3900000000000006,3.6572625510340648,-0.22340778518842183,-0.038240109453099733,-0.52436374490333248,-0.021848782923261045,-0.037816290947302385,-0.59999999999999998
8.3925000000000001,3.6566994369132884,-0.22707566641057811,-0.039520863437289472,-0.50033219395707818,-0.021848782923261045,-0.037816290947302385,-0.59999999999999998
8.3949999999999996,3.6561272110138234,-0.23069756937474609,-0.040742223349012077,-0.47684420342873274,-0.062576488365036903,-0.031851116552438698,-0.59999999999999998
8.3975000000000009,3.6555341828871111,-0.24371792970636288,-0.041810761224078175,-0.37806720431328855,-0.062576488365036903,-0.031851116552438698,-0.59999999999999998
8.4000000000000004,3.6549086523700511,-0.25670108330607289,-0.042632918345385455,-0.27972099830637281,-0.13078262589805642,-0.034905307433004767,-0.59999999999999998
8.4024999999999999,3.6542309384682183,-0.28546698074249255,-0.043050984346892487,-0.054766126154341094,-0.13078262589805642,-0.034905307433004767,-0.59999999999999998
8.4049999999999994,3.6534813224748386,-0.31422686873595296,-0.04290680518788826,0.17012129131160492,-0.10345205739291596,-0.026993800710283195,-0.59999999999999998
8.4075000000000006,3.6526677078774856,-0.33666931733015626,-0.042263778659043474,0.34435113586928684,-0.10345205739291596,-0.026993800710283195,-0.59999999999999998
8.4100000000000001,3.6517979457626284,-0.3591479103995997,-0.04118470715394916,0.51899176779298051,-0.046623795781853786,-0.028215445299580588,-0.59999999999999998
8.4124999999999996,3.6508883945110577,-0.36850191181665382,-0.039800540991231037,0.5884442044849143,-0.046623795781853786,-0.028215445299580588,-0.59999999999999998
8.4150000000000009,3.6499553893891332,-0.37791209320399533,-0.038241939038038172,0.65855319362606779,-0.074650971852991591,-0.021376518747308518,-0.59999999999999998
8.4175000000000004,3.6489906551541105,-0.39388716951791813,-0.036441917639245633,0.78160125928632596,-0.074650971852991591,-0.021376518747308518,-0.59999999999999998
8.4199999999999999,3.6479858892956964,-0.4099393372809334,-0.03433318894675088,0.90554187714125378,0.039885494669432489,-0.017684640975714167,-0.59999999999999998
8.4224999999999994,3.6469741106109725,-0.39949559334303969,-0.032180131245381251,0.81705046562495898,0.039885494669432489,-0.017684640975714167,-0.59999999999999998
8.4250000000000007,3.6459883542741527,-0.38912031416467563,-0.030247241546338056,0.72939315929621995,0.05507208396589279,-0.017925053184718431,-0.59999999999999998
8.4275000000000002,3.645032864828651,-0.37528053378720994,-0.02856793007265258,0.61416954542026536,0.05507208396589279,-0.017925053184718431,-0.59999999999999998
8.4299999999999997,3.6441119089743812,-0.36149190658003411,-0.027175873642135799,0.49957013473401302,0.054485395066720656,-0.023696226613950017,-0.59999999999999998
8.432500000000001,3.6432252001037537,-0.3478814012177196,-0.026068287060873205,0.38657465838302763,0.054485395066720656,-0.023696226613950017,-0.59999999999999998
8.4350000000000005,3.6423724748101791,-0.33430348366249113,-0.025242670384327322,0.27397513976680821,0.059225558225461696,-0.02827207277966547,-0.59999999999999998
8.4375,3.6415550394336864,-0.31964781526916081,-0.02470922724403506,0.15281579241809246,0.059225558225461696,-0.02827207277966547,-0.59999999999999998
8.4399999999999995,3.6407742249895145,-0.30500503931783529,-0.024478460937954361,0.031813027055242318,0.093663585494409868,-0.027915631644666324,-0.59999999999999998
8.4425000000000008,3.6400400095826488,-0.28236646316751052,-0.024630419713924573,-0.15339016831428137,0.093663585494409868,-0.027915631644666324,-0.59999999999999998
8.4450000000000003,3.6393624030506544,-0.25971543959557053,-0.025245539428856309,-0.33874650598805317,0.053171204649118162,-0.031803127707304722,-0.59999999999999998
8.4474999999999998,3.6387297013046909,-0.24644040950168342,-0.026230045647576597,-0.44892581663431241,0.053171204649118162,-0.031803127707304722,-0.59999999999999998
8.4499999999999993,3.6381302325503255,-0.23312752574305323,-0.02749055179993326,-0.55956506188241817,0.044872238888356918,-0.038069124063565267,-0.59999999999999998
8.4525000000000006,3.6375616943405116,-0.22169448883984369,-0.029009007017498083,-0.65530299018454774,0.044872238888356918,-0.038069124063565267,-0.59999999999999998
8.4550000000000001,3.6370218061030988,-0.21020625783508923,-0.030767625981051823,-0.75171199578948711,-0.0090136622204252358,-0.038024915406962373,-0.59999999999999998
8.4574999999999996,3.636495082556952,-0.21116134248792551,-0.032642678287126345,-0.74846366510478024,-0.0090136622204252358,-0.038024915406962373,-0.59999999999999998
8.4600000000000009,3.6359660554351696,-0.21204916796655771,-0.0345106117965083,-0.74601639194045855,-0.072825843124095943,-0.04044340980763067,-0.59999999999999998
8.4625000000000004,3.6354163871103302,-0.22767424953516355,-0.036224841531063139,-0.62549763660437385,-0.072825843124095943,-0.04044340980763067,-0.59999999999999998
8.4649999999999999,3.6348277355966241,-0.24323764150358543,-0.037638695012751619,-0.50569293532587356,-0.085450836356565085,-0.033775950799840103,-0.59999999999999998
8.4674999999999994,3.6341965805591934,-0.26167907058145801,-0.038724402778265131,-0.36295734853925499,-0.085450836356565085,-0.033775950799840103,-0.59999999999999998
8.4700000000000006,3.6335193708776057,-0.28008374108672596,-0.039453833474301453,-0.22064382412810088,-0.1207881352513422,-0.027535730141687694,-0.59999999999999998
8.4725000000000001,3.6327859375494755,-0.30666084143681216,-0.039745600739690468,-0.012793503381869631,-0.1207881352513422,-0.027535730141687694,-0.59999999999999998
8.4749999999999996,3.6319860678098896,-0.33323657382150135,-0.039517813871120001,0.19504135238915746,-0.11710290396507599,-0.025968992245413582,-0.59999999999999998
8.4775000000000009,3.631120805619259,-0.35897840654464513,-0.038778774456873874,0.39624941141595227,-0.11710290396507599,-0.025968992245413582,-0.59999999999999998
8.4800000000000004,3.6301911408206973,-0.38476217616378217,-0.037536170462577734,0.59793301927189546,-0.065941417686100554,-0.022957512889767297,-0.59999999999999998
8.4824999999999999,3.6292117780250304,-0.39873867286120179,-0.035907626547351523,0.7050252799236354,-0.065941417686100554,-0.022957512889767297,-0.59999999999999998
8.4849999999999994,3.6281973901722551,-0.41278390956466132,-0.034010378683871849,0.81291601139436931,-0.0056136077996133734,-0.019289998935100645,-0.59999999999999998
8.4875000000000007,3.6271652937249317,-0.4129053195266964,-0.031982802428235847,0.80928906358078989,-0.0056136077996133734,-0.019289998935100645,-0.59999999999999998
8.4900000000000002,3.6261328033201878,-0.41309904086853627,-0.029963214353354951,0.8065250046909952,0.071782083898283333,-0.015480909882940326,-0.59999999999999998
8.4924999999999997,3.6251221991815279,-0.39539418828383932,-0.028129816483757925,0.66031540422590185,0.071782083898283333,-0.015480909882940326,-0.59999999999999998
8.495000000000001,3.6241557875024708,-0.37774317775256283,-0.026661085844270314,0.51476753722491719,0.043177160654679261,-0.021798831979107099,-0.59999999999999998
8.4975000000000005,3.623225144686796,-0.36677774416383091,-0.025488869183731829,0.42308651010973081,0.043177160654679261,-0.021798831979107099,-0.59999999999999998
8.5,3.6223218686345313,-0.35584848680702147,-0.024545288685257016,0.33184302540096922,0.078223502578290013,-0.02766129260576311,-0.59999999999999998
8.5024999999999995,3.621456053077194,-0.33680745715750016,-0.023911073337648903,0.17557201551548146,0.078223502578290013,-0.02766129260576311,-0.59999999999999998
8.5050000000000008,3.620637819226229,-0.31778097201416944,-0.023667280501727748,0.019478720948555545,0.064780211897943654,-0.028144761456151163,-0.59999999999999998
8.5075000000000003,3.6198632439584872,-0.30187859667192551,-0.023782320963446485,-0.11151893536950525,0.064780211897943654,-0.028144761456151163,-0.59999999999999998
8.5099999999999998,3.6191284340625893,-0.28596683933074485,-0.024224970230308854,-0.24263064215441416,0.062360626035767246,-0.034119094046375649,-0.59999999999999998
8.5124999999999993,3.6184327243254768,-0.27059666427682533,-0.024990040004347343,-0.36947730441644933,0.062360626035767246,-0.034119094046375649,-0.59999999999999998
8.5150000000000006,3.617775476559816,-0.25519551090032438,-0.02607267099292393,-0.49670103339828764,0.027742833951080584,-0.036048019627855914,-0.59999999999999998
8.5175000000000001,3.6171467335255434,-0.24779128524776378,-0.027393280120769616,-0.55987817293731534,0.027742833951080584,-0.036048019627855914,-0.59999999999999998
8.5199999999999996,3.6165365605006414,-0.24033861777677734,-0.028872548300545874,-0.62363907117322026,-0.0040087237326556086,-0.032566713862185979,-0.59999999999999998
8.5225000000000009,3.6159358718327117,-0.24020296429075397,-0.030438033057084056,-0.62886019445402641,-0.0040087237326556086,-0.032566713862185979,-0.59999999999999998
8.5250000000000004,3.6153355926141861,-0.24001098403385793,-0.032017408725263312,-0.63475271840840131,-0.041061810921457227,-0.032726322087625624,-0.59999999999999998
8.5274999999999999,3.6147251158134477,-0.24836099554907506,-0.033526056076602133,-0.57227623267129946,-0.041061810921457227,-0.032726322087625624,-0.59999999999999998
8.5299999999999994,3.6140938325449694,-0.25665711339475655,-0.034879316889718348,-0.51043219582553212,-0.088329779339423861,-0.03463531756573509,-0.59999999999999998
8.5325000000000006,3.6134281626315508,-0.27587149620820106,-0.035968626151909919,-0.36109939403693203,-0.088329779339423861,-0.03463531756573509,-0.59999999999999998
8.5350000000000001,3.6127145054574989,-0.29504940949665331,-0.036685163100495868,-0.21218567551953377,-0.11558539295004577,-0.031138200527145218,-0.59999999999999998
8.5374999999999996,3.6119450304524401,-0.32052862308783781,-0.036966307459891566,-0.012752203538540285,-0.11558539295004577,-0.031138200527145218,-0.59999999999999998
8.5400000000000009,3.6111118634592696,-0.34600649543936363,-0.0367489368051159,0.18666603538404797,-0.094447797302367992,-0.024054734309738642,-0.59999999999999998
8.5425000000000004,3.610221111131942,-0.36659990375905405,-0.036082004714024264,0.34693161670345346,-0.094447797302367992,-0.024054734309738642,-0.59999999999999998
8.5449999999999999,3.6092788344869442,-0.38722865127671435,-0.035013941121752892,0.50760228868884871,-0.043131223801966545,-0.017249802445520625,-0.59999999999999998
8.5474999999999994,3.6082998094840488,-0.39599986726805431,-0.033663010864336755,0.57324172706429044,-0.043131223801966545,-0.017249802445520625,-0.59999999999999998
8.5500000000000007,3.6072987900359101,-0.40482522358226458,-0.032147203529131474,0.63951595388457316,-0.014482095311915747,-0.020294522607971266,-0.59999999999999998
8.5525000000000002,3.6062839454948885,-0.40706018203722122,-0.030531586244934614,0.65309389493990433,-0.014482095311915747,-0.020294522607971266,-0.59999999999999998
8.5549999999999997,3.6052634397506287,-0.40935439566851045,-0.028881147862474026,0.66737532727050097,-0.0032911713446122752,-0.021531414641768894,-0.59999999999999998
8.557500000000001,3.6042403710169566,-0.40911050624272388,-0.027220191516068731,0.66150795355105474,-0.0032911713446122752,-0.021531414641768894,-0.59999999999999998
8.5600000000000005,3.6032178378406305,-0.40892587641172962,-0.025573019501313306,0.65634695309831781,0.033421632898772896,-0.018620859513183315,-0.59999999999999998
8.5625,3.6022063506235944,-0.40027281403374559,-0.024023459756967666,0.5834083902975401,0.033421632898772896,-0.018620859513183315,-0.59999999999999998
8.5649999999999995,3.6012164317182567,-0.39167021553633663,-0.022655470734620136,0.51107803499496929,0.095590390441712803,-0.02348230691857003,-0.59999999999999998
8.5675000000000008,3.6002660140739939,-0.36866959066294241,-0.021612588974337189,0.32329720086827279,0.095590390441712803,-0.02348230691857003,-0.59999999999999998
8.5700000000000003,3.5993730616414652,-0.3456955055213522,-0.021038713601293994,0.13584166834051975,0.070996120920561193,-0.022204727190086777,-0.59999999999999998
8.5724999999999998,3.5985303854882913,-0.32844633425414427,-0.020875913089342033,-0.0055901245704438884,0.070996120920561193,-0.022204727190086777,-0.59999999999999998
8.5750000000000011,3.597730830364311,-0.31119669066775901,-0.021066669007827509,-0.14702765100275819,0.080317223892274539,-0.033539902865492056,-0.59999999999999998
8.5775000000000006,3.5969771189646478,-0.29176927495092014,-0.021632912810467975,-0.30600582154626743,0.080317223892274539,-0.033539902865492056,-0.59999999999999998
8.5800000000000001,3.596272005252763,-0.27231634964895635,-0.022596957380472293,-0.46529506800457077,0.024108319081719152,-0.033196055952811519,-0.59999999999999998
8.5824999999999996,3.5955992502320377,-0.26588047406916177,-0.023828728652495024,-0.52020827988858676,0.024108319081719152,-0.033196055952811519,-0.59999999999999998
8.5850000000000009,3.5949426407974534,-0.25939909853566245,-0.025198454067078796,-0.57566786701757566,0.050171579483207475,-0.03268519724378291,-0.59999999999999998
8.5875000000000004,3.5943098618674356,-0.24681520739115501,-0.026768322694584765,-0.68033439553385777,0.050171579483207475,-0.03268519724378291,-0.59999999999999998
8.5899999999999999,3.5937086124717932,-0.23417406626357498,-0.028600706318577081,-0.78569724414523145,-0.053238844149300663,-0.034475783212291777,-0.59999999999999998
8.5924999999999994,3.5931090394342968,-0.2454726241103348,-0.030456522583946776,-0.69909326067368927,-0.053238844149300663,-0.034475783212291777,-0.59999999999999998
8.5950000000000006,3.5924813047442923,-0.256704708273571,-0.032096820898845649,-0.61326725108562208,-0.050915511473679786,-0.033071375958447613,-0.59999999999999998
8.5975000000000001,3.5918262386305337,-0.26733908127989864,-0.033528840535212642,-0.53245486990832069,-0.050915511473679786,-0.033071375958447613,-0.59999999999999998
8.5999999999999996,3.591144651697677,-0.27792262033316656,-0.034759590256197397,-0.45223653535460789,-0.092497138024306105,-0.031086627781295551,-0.59999999999999998
8.6025000000000009,3.5904246025779694,-0.29811036263166202,-0.035693620455341912,-0.29506008831701602,-0.092497138024306105,-0.031086627781295551,-0.59999999999999998
8.6050000000000004,3.5896541248529896,-0.31826814547806537,-0.036235177142146774,-0.13822736720223125,-0.094869195015270844,-0.028720814538532719,-0.59999999999999998
8.6074999999999999,3.5888325857275665,-0.33896217248685789,-0.036379368992776252,0.022862637172588407,-0.094869195015270844,-0.028720814538532719,-0.59999999999999998
8.6099999999999994,3.5879593120434077,-0.35965853507584528,-0.036120841659410083,0.18397938798049396,-0.076200753329536436,-0.022872930047249454,-0.59999999999999998
8.6125000000000007,3.5870396912631528,-0.3760421865588997,-0.035502760610098522,0.31053274453374236,-0.076200753329536436,-0.022872930047249454,-0.59999999999999998
8.6150000000000002,3.5860790754097396,-0.39245667724829469,-0.03456788117585944,0.43744220887643459,-0.074538748222945372,-0.023375723557313988,-0.59999999999999998
8.6174999999999997,3.5850778538760286,-0.40852875797701382,-0.033319003206372294,0.56175517052199408,-0.074538748222945372,-0.023375723557313988,-0.59999999999999998
8.620000000000001,3.5840363855761792,-0.42465608826081624,-0.031758572001659581,0.68670811392333586,0.010295277237684468,-0.01665816652738902,-0.59999999999999998
8.6225000000000005,3.582979132535979,-0.42115615593491684,-0.030082462350721352,0.65429730993177104,0.010295277237684468,-0.01665816652738902,-0.59999999999999998
8.625,3.5819305568617859,-0.41771374940445921,-0.028486510684343696,0.62257628092581185,0.035331589391714581,-0.017399130860766245,-0.59999999999999998
8.6274999999999995,3.5808977845401788,-0.40851243877997068,-0.027027382939236261,0.54482664468917985,0.035331589391714581,-0.017399130860766245,-0.59999999999999998
8.6300000000000008,3.5798879557021541,-0.39935788774092806,-0.025761906688664363,0.46764195899196914,0.049556918533783148,-0.023533879763064439,-0.59999999999999998
8.6325000000000003,3.5789050910744944,-0.38693970585748377,-0.024721929543060753,0.36441115760952514,0.049556918533783148,-0.023533879763064439,-0.59999999999999998
8.6349999999999998,3.5779532313201092,-0.37455254628394519,-0.023939537803402768,0.26155607807381998,0.037262235196884243,-0.020699597605848892,-0.59999999999999998
8.6375000000000011,3.5770287402352023,-0.36504352201393969,-0.023385259236072799,0.1819053169319122,0.037262235196884243,-0.020699597605848892,-0.59999999999999998
8.6400000000000006,3.5761280005726181,-0.35555026310493337,-0.023029853052082008,0.10244436637220292,0.056976065343220542,-0.027228013050627123,-0.59999999999999998
8.6425000000000001,3.575256705259048,-0.34148661719440776,-0.022918913154605772,-0.013684825094964312,0.056976065343220542,-0.027228013050627123,-0.59999999999999998
8.6449999999999996,3.5744205684573411,-0.32742180699141438,-0.023098288933420648,-0.12982811796120236,0.023411530051404672,-0.026183840018259519,-0.59999999999999998
8.6475000000000009,3.5736098605645892,-0.32114221170770968,-0.023489908606837594,-0.18349513040142204,0.023411530051404672,-0.026183840018259519,-0.59999999999999998
8.6500000000000004,3.5728148708365755,-0.31484649049083069,-0.024015925651263603,-0.23735543158846389,0.022201884735181778,-0.027614677716841965,-0.59999999999999998
8.6524999999999999,3.5720352943038685,-0.30881088183525945,-0.024674073890351502,-0.28920936252910207,0.022201884735181778,-0.027614677716841965,-0.59999999999999998
8.6549999999999994,3.5712708375790778,-0.30274989004480202,-0.025462226111115489,-0.34136768729084416,-0.051073989224516038,-0.031610222646483978,-0.59999999999999998
8.6575000000000006,3.5705002998234336,-0.31367558851545868,-0.026210406999098605,-0.25723236546124262,-0.051073989224516038,-0.031610222646483978,-0.59999999999999998
8.6600000000000001,3.5697024799610491,-0.32457689645159404,-0.026748625877959772,-0.17338258982469604,0.0083158933541579629,-0.028073558537016555,-0.59999999999999998
8.6624999999999996,3.5688946668747112,-0.32167080218201899,-0.0272159032119751,-0.20047235891940068,0.0083158933541579629,-0.028073558537016555,-0.59999999999999998
8.6650000000000009,3.568094140801692,-0.31874688478194169,-0.027751165032272599,-0.22777497561844159,-0.054237799684043034,-0.029096119879876411,-0.59999999999999998
8.6675000000000004,3.5672827949298545,-0.3303268980937441,-0.028209198610603212,-0.13868593962331976,-0.054237799684043034,-0.029096119879876411,-0.59999999999999998
8.6699999999999999,3.5664425173461609,-0.34189366879428212,-0.028444723634710865,-0.049751600534780005,0.00077478119737687395,-0.026223798505929985,-0.59999999999999998
8.6724999999999994,3.5655892958002995,-0.34068272232138663,-0.028586203704274241,-0.063442526047674586,0.00077478119737687395,-0.026223798505929985,-0.59999999999999998
8.6750000000000007,3.5647391084736335,-0.33946608852275539,-0.028761992709408414,-0.077201190117489313,-0.01130088804878167,-0.02899789832863673,-0.59999999999999998
8.6775000000000002,3.5638884667584634,-0.34104617929942033,-0.028944138447956312,-0.068528494696456707,-0.01130088804878167,-0.02899789832863673,-0.59999999999999998
8.6799999999999997,3.5630338827699806,-0.34262003806664998,-0.02910469675510893,-0.059929693008181927,-0.014670142098970027,-0.023388487996942604,-0.59999999999999998
8.682500000000001,3.5621743933770103,-0.3449706770715274,-0.029235989653826941,-0.045114090687112154,-0.014670142098970027,-0.023388487996942604,-0.59999999999999998
8.6850000000000005,3.5613090328170687,-0.34731719671226696,-0.029330307856047982,-0.030347270468661341,-0.0079278909725191554,-0.025682222141216422,-0.59999999999999998
8.6875,3.560439766221188,-0.34809563829882806,-0.029403463971895846,-0.02818286615366275,-0.0079278909725191554,-0.025682222141216422,-0.59999999999999998
8.6899999999999995,3.5595685567523283,-0.34887152754284118,-0.029471247436493882,-0.026048764275190674,-0.025381681422307859,-0.024553473662913945,-0.59999999999999998
8.6925000000000008,3.5586903457313337,-0.35369715468487278,-0.029493061305191789,0.0085960821140738004,-0.025381681422307859,-0.024553473662913945,-0.59999999999999998
8.6950000000000003,3.5578000703162229,-0.35852357696724646,-0.029428259209737861,0.043250307037401167,-0.0056957104353555273,-0.022460910558784519,-0.59999999999999998
8.6974999999999998,3.5569034371595394,-0.35878358430897722,-0.029322642294700999,0.041250781472052744,-0.0056957104353555273,-0.022460910558784519,-0.59999999999999998
8.7000000000000011,3.5560061492902166,-0.35904731734445872,-0.02922196841364853,0.039295526427622705,-0.036647133283477192,-0.022243189590386916,-0.59999999999999998
8.7025000000000006,3.5550992156893573,-0.36650061269658124,-0.029054005546974116,0.095087094383208642,-0.036647133283477192,-0.022243189590386916,-0.59999999999999998
8.7050000000000001,3.5541736388020166,-0.37396281806888476,-0.028746445714006082,0.15098334073047201,-0.00044553472942435645,-0.024359518297496288,-0.59999999999999998
8.7074999999999996,3.5532398959437446,-0.37303364145891088,-0.02838331416656598,0.13954776805007441,-0.00044553472942435645,-0.024359518297496288,-0.59999999999999998
8.7100000000000009,3.5523084601565027,-0.3721169918379359,-0.028048582601058629,0.12826133614876403,-0.027538539251312794,-0.022888934851625187,-0.59999999999999998
8.7125000000000004,3.5513714382262651,-0.37750283638660448,-0.027678751744361324,0.16763027732226349,-0.027538539251312794,-0.022888934851625187,-0.59999999999999998
8.7149999999999999,3.5504209330368814,-0.38290420722754209,-0.027210278672753666,0.20718228185847437,-0.020255552252640859,-0.023453324797087713,-0.59999999999999998
8.7174999999999994,3.5494590151172698,-0.38663349925538848,-0.026659626842700696,0.23337903309964822,-0.020255552252640859,-0.023453324797087713,-0.59999999999999998
8.7200000000000006,3.5484877476868459,-0.39038421752242408,-0.026043172421171958,0.25982910851218777,0.011919322381542417,-0.025818465948525979,-0.59999999999999998
8.7225000000000001,3.5475164139645456,-0.38668635357411135,-0.025435247434540606,0.22655383117417852,0.011919322381542417,-0.025818465948525979,-0.59999999999999998
8.7249999999999996,3.5465542991748489,-0.38300858416960126,-0.024910203151438749,0.19351871076563221,0.0078852415753186914,-0.01855181357957807,-0.59999999999999998
8.7275000000000009,3.5456001856143757,-0.38028495201013907,-0.024458078356445367,0.16821319319203909,0.0078852415753186914,-0.01855181357957807,-0.59999999999999998
8.7300000000000004,3.5446528619129292,-0.37757632338158559,-0.024068988039599452,0.14308666661045993,0.020124610432953619,-0.019456797999471483,-0.59999999999999998
8.7324999999999999,3.54371584671674,-0.37203758451550856,-0.023771053227959731,0.095282148902817929,0.020124610432953619,-0.019456797999471483,-0.59999999999999998
8.7349999999999994,3.5427926669899286,-0.36650724683823754,-0.023592493478082576,0.047578220753517982,0.0020121721465035333,-0.020242464969847052,-0.59999999999999998
8.7375000000000007,3.5418780484211041,-0.3651882166592802,-0.023490891324133744,0.033710744720264238,0.0020121721465035333,-0.020242464969847052,-0.59999999999999998
8.7400000000000002,3.5409667233834559,-0.36387221460718083,-0.023423909721154289,0.019879312472471135,0.002347668483377269,-0.023956072556132926,-0.59999999999999998
8.7424999999999997,3.5400587832653501,-0.3624800693849502,-0.023392259265797268,0.0054433077016801546,0.002347668483377269,-0.023956072556132926,-0.59999999999999998
8.745000000000001,3.5391543226292552,-0.36108841299373384,-0.023396688334467789,-0.008986878060155197,-0.0051435385724620964,-0.02042025841468938,-0.59999999999999998
8.7475000000000005,3.5382511669397618,-0.36143599960186401,-0.023419735807927201,-0.0094527515473472844,-0.0051435385724620964,-0.02042025841468938,-0.59999999999999998
8.75,3.5373471433438031,-0.36178273106680409,-0.023443960554979451,-0.0099287812509532888,0.0068823907318115371,-0.022945386975005727,-0.59999999999999998
8.7524999999999995,3.5364457455250484,-0.3593352053142822,-0.023497427100669287,-0.032848253571572082,0.0068823907318115371,-0.022945386975005727,-0.59999999999999998
8.7550000000000008,3.535550469764138,-0.356884743128557,-0.023608230992540741,-0.055802731367918149,-0.0055111280088828455,-0.02562063512175651,-0.59999999999999998
8.7575000000000003,3.5346577278160676,-0.35730797462219377,-0.023747595354027113,-0.055698741863963341,-0.0055111280088828455,-0.02562063512175651,-0.59999999999999998
8.7599999999999998,3.5337639340905436,-0.35772616624442338,-0.023886774574755895,-0.055654605198101066,0.012578947348675987,-0.024046551423148883,-0.59999999999999998
8.7625000000000011,3.5328743530721711,-0.35393757462756509,-0.024068093400830385,-0.089413282101589386,0.012578947348675987,-0.024046551423148883,-0.59999999999999998
8.7650000000000006,3.5319942528353794,-0.35014104100010951,-0.02433392003842131,-0.12326682859030283,-0.028719593573402744,-0.025070659335653368,-0.59999999999999998
8.7675000000000001,3.5311116677385623,-0.35592546635932415,-0.024588257661144263,-0.080221783225422075,-0.028719593573402744,-0.025070659335653368,-0.59999999999999998
8.7699999999999996,3.5302146316937977,-0.36170246271817524,-0.024735101942716109,-0.037264332890044882,-0.028158356492293098,-0.024576599444788162,-0.59999999999999998
8.7725000000000009,3.529303321228983,-0.36734565715583423,-0.024775921609655412,0.0046056279805959388,-0.028158356492293098,-0.024576599444788162,-0.59999999999999998
8.7750000000000004,3.5283779030526068,-0.37298927794828596,-0.024712069611750306,0.046480616492262039,-0.042123118944699153,-0.025074987860509441,-0.59999999999999998
8.7774999999999999,3.5274343172014024,-0.38188066148021743,-0.024510920596487708,0.1144533736273326,-0.042123118944699153,-0.025074987860509441,-0.59999999999999998
8.7799999999999994,3.5264684907963968,-0.39078278385049625,-0.024139697651022269,0.18255224673369708,0.022871478306798157,-0.019356698533148583,-0.59999999999999998
8.7825000000000006,3.5254992584326246,-0.38460539331309995,-0.023749521817161803,0.12961582173694569,0.022871478306798157,-0.019356698533148583,-0.59999999999999998
8.7850000000000001,3.52454545433429,-0.37843939822790079,-0.023491504745339693,0.07681596441861531,-0.0083837550754128388,-0.023160663196271969,-0.59999999999999998
8.7874999999999996,3.523597981407212,-0.37954014730731939,-0.023292502378606039,0.082400213322226828,-0.0083837550754128388,-0.023160663196271969,-0.59999999999999998
8.7900000000000009,3.5226477473671385,-0.38064837377429095,-0.023079429750604123,0.088073183676598263,0.020087460534634394,-0.02175582378348373,-0.59999999999999998
8.7925000000000004,3.5217029992536775,-0.37515106454385266,-0.022918441029946505,0.040729133551343694,0.020087460534634394,-0.02175582378348373,-0.59999999999999998
8.7949999999999999,3.5207719890481055,-0.36965735129169008,-0.022875748223140393,-0.0065718797109553112,0.016890947867302823,-0.022983027693981146,-0.59999999999999998
8.7974999999999994,3.5198537848992726,-0.36490556567791771,-0.022943853189415934,-0.047916900733123609,0.016890947867302823,-0.022983027693981146,-0.59999999999999998
8.8000000000000007,3.5189474647560472,-0.36014953635253338,-0.023115375007928214,-0.089312660867528787,-0.0034921020087165587,-0.02563693993495918,-0.59999999999999998
8.8025000000000002,3.5180471259093231,-0.36012017067312113,-0.023342971314970679,-0.092780668568464064,-0.0034921020087165587,-0.02563693993495918,-0.59999999999999998
8.8049999999999997,3.5171468708846381,-0.36008242591541706,-0.023579361318069834,-0.09634824572970431,0.0074813952472843406,-0.021661017987335243,-0.59999999999999998
8.807500000000001,3.5162499069008928,-0.35748714742414783,-0.023850382853232949,-0.12048822479381957,0.0074813952472843406,-0.021661017987335243,-0.59999999999999998
8.8100000000000005,3.5153594441128195,-0.35488110980696158,-0.024181909356557486,-0.14475651076651411,0.009444571711478153,-0.022688496638303114,-0.59999999999999998
8.8125,3.5144760820462277,-0.35180618656601931,-0.024578870594500889,-0.17284061024300576,0.009444571711478153,-0.022688496638303114,-0.59999999999999998
8.8149999999999995,3.5136004260034222,-0.34871587413424093,-0.025046265474934253,-0.20110840383043121,-0.027875411326848596,-0.026260227891219498,-0.59999999999999998
8.8175000000000008,3.5127216840608009,-0.35427489574560916,-0.025497593546027205,-0.15998689068345751,-0.027875411326848596,-0.026260227891219498,-0.59999999999999998
8.8200000000000003,3.5118290638627574,-0.3598191103625899,-0.025846345434807839,-0.11904000166432832,0.0026923558302004522,-0.024742079185382144,-0.59999999999999998
8.8224999999999998,3.5109314706651942,-0.3582535494542437,-0.026164154269369532,-0.13522967936939656,0.0026923558302004522,-0.024742079185382144,-0.59999999999999998
8.8250000000000011,3.5100378062096516,-0.35667587459252087,-0.026522614087839229,-0.15156367610108182,-0.029127048106156031,-0.027584622336906384,-0.59999999999999998
8.8275000000000006,3.5091388668757029,-0.36247358087156761,-0.026847942639175972,-0.10872287353959555,-0.029127048106156031,-0.027584622336906384,-0.59999999999999998
8.8300000000000001,3.5082254467091776,-0.36826120153925207,-0.027066327492854342,-0.066000927579819429,-0.053648039468474559,-0.02248397294386589,-0.59999999999999998
8.8324999999999996,3.5072904488540146,-0.37973673603923103,-0.027120855917327307,0.02237413732390893,-0.053648039468474559,-0.02248397294386589,-0.59999999999999998
8.8350000000000009,3.506326761252005,-0.39121440259109741,-0.026954436036078049,0.11077412318686689,-0.034485732870388822,-0.019012787992640608,-0.59999999999999998
8.8375000000000004,3.5053399300266337,-0.39825271028859444,-0.026611546101459247,0.16356291285952435,-0.034485732870388822,-0.019012787992640608,-0.59999999999999998
8.8399999999999999,3.5043354849885584,-0.40530627321323431,-0.026136471910277154,0.21653118743682215,-0.044110125993920946,-0.019960818314606738,-0.59999999999999998
8.8424999999999994,3.5033105880746014,-0.41461521142822066,-0.025506257587508571,0.2876866617056959,-0.044110125993920946,-0.019960818314606738,-0.59999999999999998
8.8450000000000006,3.5022623863887619,-0.42395120180279944,-0.024697774020595496,0.35915964963272656,0.011493272708787947,-0.016339041162747404,-0.59999999999999998
8.8475000000000001,3.501206946603503,-0.42040570379084974,-0.023839761264245411,0.32731122814519531,0.011493272708787947,-0.016339041162747404,-0.59999999999999998
8.8499999999999996,3.5001603336466434,-0.41688927584637214,-0.023060928481030332,0.29581011410500441,-0.006850386415898746,-0.017407944794606455,-0.59999999999999998
8.8525000000000009,3.499117152238306,-0.41766033593720875,-0.022317677623550497,0.29884383666840175,-0.006850386415898746,-0.017407944794606455,-0.59999999999999998
8.8550000000000004,3.4980720094253517,-0.41845844835328005,-0.021566441601068114,0.30219882371007978,0.020376371904440613,-0.016266285502096103,-0.59999999999999998
8.8574999999999999,3.4970327432858701,-0.41295856720751845,-0.020869904169546229,0.25508022771683769,0.020376371904440613,-0.016266285502096103,-0.59999999999999998
8.8599999999999994,3.4960071977928875,-0.4074812433089709,-0.02029081560248381,0.20823148469721467,0.036680216747799366,-0.018173075600176808,-0.59999999999999998
8.8625000000000007,3.4950000563381622,-0.39823439073219474,-0.019866585937770166,0.1311819146426102,0.036680216747799366,-0.018173075600176808,-0.59999999999999998
8.8650000000000002,3.4940160162870839,-0.38899900121454506,-0.019634791331213815,0.054269991491264172,0.061710362128526153,-0.02137673717555141,-0.59999999999999998
8.8674999999999997,3.4930623262847518,-0.3739528936869132,-0.019653564047375928,-0.069289457411922328,0.061710362128526153,-0.02137673717555141,-0.59999999999999998
8.870000000000001,3.4921462567599426,-0.35890085765322816,-0.019981298352113232,-0.1929205789643493,0.022963262157297291,-0.025521308426183886,-0.59999999999999998
8.8725000000000005,3.49125658387837,-0.3528342283541811,-0.020527971429114267,-0.24445640732272461,0.022963262157297291,-0.025521308426183886,-0.59999999999999998
8.875,3.4903821036008535,-0.34674601887136208,-0.021203795631066835,-0.29625054106081344,0.011780825184743993,-0.026227416603513378,-0.59999999999999998
8.8774999999999995,3.4895196285475572,-0.34322939767140392,-0.02198340900579486,-0.32749538936650757,0.011780825184743993,-0.026227416603513378,-0.59999999999999998
8.8800000000000008,3.4886659808886811,-0.33968364301178294,-0.022841562463354607,-0.35908812624504161,0.016497107237322253,-0.026174160062329796,-0.59999999999999998
8.8825000000000003,3.4878226061965276,-0.3350105218177431,-0.023790163318294734,-0.3998594377293247,0.016497107237322253,-0.026174160062329796,-0.59999999999999998
8.8849999999999998,3.4869909577008746,-0.33030209296378477,-0.024841211825910887,-0.44105338668314509,-0.032766918579447815,-0.029193030804656447,-0.59999999999999998
8.8875000000000011,3.486156827634018,-0.3369955262032896,-0.025880979937721118,-0.3908369313402551,-0.032766918579447815,-0.029193030804656447,-0.59999999999999998
8.8900000000000006,3.4853060103190554,-0.34365265767309588,-0.026795752887345207,-0.34104819710545087,-0.011810953415496676,-0.027014549539900786,-0.59999999999999998
8.8925000000000001,3.4844446730329954,-0.34541208424204128,-0.027635373752933977,-0.33070883339294638,-0.011810953415496676,-0.027014549539900786,-0.59999999999999998
8.8949999999999996,3.4835789749407753,-0.34714145657508172,-0.02844959409680221,-0.32072595303243212,-0.073541356972109076,-0.028589473148783018,-0.59999999999999998
8.8975000000000009,3.48269107592039,-0.36317355689202591,-0.029095441510054457,-0.19600075586024654,-0.073541356972109076,-0.028589473148783018,-0.59999999999999998
8.9000000000000004,3.4817631231131134,-0.37918650935011472,-0.02942978300897843,-0.071497724995093367,-0.02674044788742835,-0.024151203857868894,-0.59999999999999998
8.9024999999999999,3.4808087301163306,-0.38432707105992414,-0.029562050757848766,-0.03432610593313417,-0.02674044788742835,-0.024151203857868894,-0.59999999999999998
8.9049999999999994,3.4798414904077997,-0.38946445237505717,-0.029601444778887733,0.002808019843105948,-0.082845849658913437,-0.026107530307450638,-0.59999999999999998
8.9075000000000006,3.478845126754416,-0.40762768417442752,-0.029417274969043276,0.1445418610686057,-0.082845849658913437,-0.026107530307450638,-0.59999999999999998
8.9100000000000001,3.4778033400838329,-0.42580519788845267,-0.028878597838183268,0.2864408534486006,-0.036242151272132692,-0.017717439124002456,-0.59999999999999998
8.9124999999999996,3.4767296023679743,-0.43318986927160508,-0.028093404515474277,0.34177135115549123,-0.036242151272132692,-0.017717439124002456,-0.59999999999999998
8.9150000000000009,3.4756373641248723,-0.44060647763875771,-0.027169428121986139,0.3974774266228433,-0.0094298716055629898,-0.016651780392806809,-0.59999999999999998
8.9175000000000004,3.4745343216595037,-0.44183354128067548,-0.026168149038915844,0.40361763854834887,-0.0094298716055629898,-0.016651780392806809,-0.59999999999999998
8.9199999999999999,3.4734281659514772,-0.44309716853123965,-0.025150978164659318,0.41019200633195352,-0.018269364189903395,-0.016183064919874469,-0.59999999999999998
8.9224999999999994,3.4723162386638267,-0.44645108977385478,-0.024096213920465615,0.43369550344833063,-0.018269364189903395,-0.016183064919874469,-0.59999999999999998
8.9250000000000007,3.4711958774746212,-0.4498446478837077,-0.022982109535390843,0.45766837469205834,0.038676510787725576,-0.011197791114576583,-0.59999999999999998
8.9275000000000002,3.4700835151892941,-0.44005119204022075,-0.02194024174848767,0.37589827924482094,0.038676510787725576,-0.011197791114576583,-0.59999999999999998
8.9299999999999997,3.4689955943626551,-0.43029031879815666,-0.0211022912132766,0.29452051185742201,0.032760557593184136,-0.011735763461916722,-0.59999999999999998
8.932500000000001,3.4679303243491546,-0.42192947500087419,-0.020453586465193074,0.22448870042102587,0.032760557593184136,-0.011735763461916722,-0.59999999999999998
8.9350000000000005,3.4668859306120647,-0.41358828272974968,-0.01997965118303335,0.1546927374743815,0.015287953558748391,-0.018092935432234777,-0.59999999999999998
8.9375,3.4658572975276747,-0.40932020469067021,-0.019639237936854279,0.11766197301030029,0.015287953558748391,-0.018092935432234777,-0.59999999999999998
8.9399999999999995,3.4648393208604671,-0.40506260131371763,-0.019391237130559225,0.080756244818122158,-0.002455603598576871,-0.014940568331037836,-0.59999999999999998
8.9425000000000008,3.4638268255781761,-0.40493481270064074,-0.019194002486762902,0.077045587043489738,-0.002455603598576871,-0.014940568331037836,-0.59999999999999998
8.9450000000000003,3.4628146409955778,-0.40481398638534366,-0.019005940269688684,0.073417647604198194,0.0140475526846294,-0.022744517986701997,-0.59999999999999998
8.9474999999999998,3.4618075429477155,-0.40086528803035643,-0.018865339330039484,0.039073078693398038,0.0140475526846294,-0.022744517986701997,-0.59999999999999998
8.9500000000000011,3.4608103116512123,-0.39692007512517985,-0.018810540231346019,0.0047700885357493533,-0.024420736838535365,-0.022658850943339116,-0.59999999999999998
8.9525000000000006,3.4598117702324838,-0.4019134200793445,-0.018751763344834187,0.042255677468015528,-0.024420736838535365,-0.022658850943339116,-0.59999999999999998
8.9550000000000001,3.4588007413135373,-0.40691064991961828,-0.018599223588015933,0.079787175568181573,0.022798284040055929,-0.018022172744789285,-0.59999999999999998
8.9574999999999996,3.457790924517703,-0.40094359229686577,-0.018462888666454645,0.029290391174067697,0.022798284040055929,-0.018022172744789285,-0.59999999999999998
8.9600000000000009,3.4567960211890512,-0.39497913062596962,-0.018452745776621267,-0.021175362095868046,0.02860186814558896,-0.019214681111332167,-0.59999999999999998
8.9625000000000004,3.4558177159353698,-0.38766431035043425,-0.018582320386417422,-0.082493447506892581,0.02860186814558896,-0.019214681111332167,-0.59999999999999998
8.9649999999999999,3.4548577057002312,-0.38034221449299715,-0.0188652856003306,-0.14389863848343204,-0.017938143545345776,-0.02590325375626339,-0.59999999999999998
8.9674999999999994,3.4539024995164489,-0.38382073172086062,-0.019193394996603431,-0.11861256079022128,-0.017938143545345776,-0.02590325375626339,-0.59999999999999998
8.9700000000000006,3.4529386110826579,-0.38728839868160281,-0.019458455413256286,-0.09345490628388016,-0.0016941918465467835,-0.019632180385713779,-0.59999999999999998
8.9725000000000001,3.4519707819951959,-0.3869734254957472,-0.019698638243225652,-0.098708539359012151,-0.0016941918465467835,-0.019632180385713779,-0.59999999999999998
8.9749999999999996,3.4510037513814344,-0.38664954003514357,-0.019952086364514357,-0.10406808694966174,-0.0014473328781826095,-0.022257240731058111,-0.59999999999999998
8.9775000000000009,3.4500376138106845,-0.38625890666504104,-0.020219647423749307,-0.10999989497058726,-0.0014473328781826095,-0.022257240731058111,-0.59999999999999998
8.9800000000000004,3.4490724651201949,-0.38585834593817947,-0.020502184159601061,-0.11604969745647786,0.013709270332700977,-0.022348681098529832,-0.59999999999999998
8.9824999999999999,3.448112732071515,-0.38192611535737303,-0.020835345226152255,-0.15050276149905989,0.013709270332700977,-0.022348681098529832,-0.59999999999999998
8.9849999999999994,3.4471628457072283,-0.37798048735841683,-0.021254831232997103,-0.18511575545673473,-0.029577189047058583,-0.019057668045114724,-0.59999999999999998
8.9875000000000007,3.4462102742890512,-0.38407414869533091,-0.021660149219571722,-0.13916810846013078,-0.029577189047058583,-0.019057668045114724,-0.59999999999999998
8.9900000000000002,3.4452424856882189,-0.39015493954292235,-0.021950798281498578,-0.093372283179300311,-0.0030564152484609691,-0.024191683391952535,-0.59999999999999998
8.9924999999999997,3.4442672073358556,-0.3900663085016271,-0.022188935981058002,-0.097154914724083843,-0.0030564152484609691,-0.024191683391952535,-0.59999999999999998
8.995000000000001,3.4432921614569443,-0.38996890321580191,-0.022436659735198084,-0.10104181146511736,-0.054267287456384129,-0.019877073909982775,-0.59999999999999998
8.9975000000000005,3.4423025013841837,-0.40175828296893151,-0.022574827891331261,-0.0095029270421885942,-0.054267287456384129,-0.019877073909982775,-0.59999999999999998
9,3.4412833707913828,-0.41354676318496364,-0.022484183146019861,0.082025421661910264,-0.0052925694593125398,0.14052580832515363,1
9.0024999999999995,3.4402489811424268,-0.41396619496898135,-0.022278820658728559,0.082279281687152053,-0.0052925694593125398,0.14052580832515363,1
9.0050000000000008,3.4392135336118361,-0.4143930730603651,-0.022072713054810483,0.082621568945994414,-0.016813707667297263,0.14386306128456322,1
9.0075000000000003,3.4381736642396059,-0.41750385110847188,-0.021838773838411044,0.1045466874726305,-0.016813707667297263,0.14386306128456322,1
9.0099999999999998,3.4371260063891311,-0.42062419049437372,-0.021549885312760544,0.12658498054094111,-0.40000000000000002,0.14076332868281655,1
9.0125000000000011,3.4359592638343703,-0.51238886704685926,-0.020312160417393879,0.86056449817383229,-0.40000000000000002,0.14076332868281655,1
9.0150000000000006,3.4345679953336701,-0.59982342194163896,-0.017278396375331254,1.5600733162555813,-0.40000000000000002,0.16142254707920883,1
9.0175000000000001,3.4329640182073762,-0.68260952800670682,-0.012542424303124529,2.2228031259690608,-0.40000000000000002,0.16142254707920883,1
9.0199999999999996,3.4311585671529428,-0.76104969271739475,-0.0061927888020781438,2.8514216049380265,-0.40000000000000002,0.17253433791941913,1
9.0225000000000009,3.429162170081645,-0.83540698815912418,0.001688227829747189,3.4482724899457593,-0.40000000000000002,0.17253433791941913,1
9.0250000000000004,3.4269847450590802,-0.90590655884478744,0.011023811514717471,4.0153896446065698,-0.40000000000000002,0.19196899160475392,1
9.0274999999999999,3.4246356922228216,-0.97273807170280557,0.021741867062329875,4.5545183190333969,-0.40000000000000002,0.19196899160475392,1
9.0299999999999994,3.4221239787186017,-1.0360588112572804,0.033774328476585395,5.0671412935465785,-0.29625991396427254,0.20474150094259086,1
9.0325000000000006,3.4194582153052639,-1.0959972224649837,0.047056539087218831,5.5545083878099062,-0.29625991396427254,0.20474150094259086,1
9.0350000000000001,3.416646723689857,-1.1526567642365499,0.061526708540558077,6.0176682905458199,-0.11409182226606059,0.21274082671610273,1
9.0374999999999996,3.4137307770338081,-1.1801098780567099,0.076859198286535951,6.2487976216742087,-0.11409182226606059,0.21274082671610273,1
9.0400000000000009,3.4107461562018027,-1.2075843671564184,0.092772883476825219,6.4825486277229283,0.060885915218155603,0.21891855662716858,1
9.0425000000000004,3.4077428915196037,-1.195084151705661,0.10887309796099448,6.3985103102777616,0.060885915218155603,0.21891855662716858,1
9.0449999999999999,3.4047704464076061,-1.1829306417669849,0.12476989628506437,6.3198245913335134,0.25834602134664952,0.22120093652577488,1
9.0474999999999994,3.4018837106030237,-1.1266134139939517,0.14003059393341677,5.8903958221623469,0.25834602134664952,0.22120093652577488,1
9.0500000000000007,3.3991365919929537,-1.0712400574085059,0.15423018131756225,5.4709271975889395,0.40000000000000002,0.20773367958801395,1
9.0525000000000002,3.3965662283725351,-0.98527356928890397,0.16707801283300558,4.8094701441023018,0.40000000000000002,0.20773367958801395,1
9.0549999999999997,3.3942091455765642,-0.90059996107169815,0.17828778245705926,4.160303417365026,0.40000000000000002,0.19018103556103952,1
9.057500000000001,3.3920622415741284,-0.81710971164384327,0.18788880183324105,3.5222556829874518,0.40000000000000002,0.19018103556103952,1
9.0600000000000005,3.3901227249170014,-0.73466524209842432,0.19590718240950941,2.8939487039246425,0.40000000000000002,0.17370104005486506,1
9.0625,3.3883881753776612,-0.65310823751353531,0.20236539152609651,2.2738537030743959,0.40000000000000002,0.17370104005486506,1
9.0649999999999995,3.386856588289088,-0.57226541219451355,0.20728193305297576,1.660335041751011,0.40000000000000002,0.15699869424240864,1
9.0675000000000008,3.385526406108788,-0.49195301464649438,0.21067112391507833,1.0516836593444325,0.40000000000000002,0.15699869424240864,1
9.0700000000000003,3.3843965399892233,-0.41198036524190196,0.21254294393246043,0.44614267596972279,0.40000000000000002,0.13954718654432774,1
9.0724999999999998,3.383466383421657,-0.33215270475047887,0.21290294224779369,-0.15807257521183105,0.40000000000000002,0.13954718654432774,1
9.0750000000000011,3.3827358193462387,-0.25227361515980362,0.21175218909256194,-0.76275796686459074,0.40000000000000002,0.12259974283405087,1
9.0775000000000006,3.3822052214849272,-0.1721472612977461,0.20908726679004441,-1.3697054408416773,0.40000000000000002,0.12259974283405087,1
9.0800000000000001,3.3818754500416683,-0.091580695788666913,0.20490029883106067,-1.9806873611248279,0.35653301226739298,0.10749788610054319,1
9.0824999999999996,3.3817359606267083,-0.01990375305736905,0.19927342861858491,-2.5218065850785498,0.35653301226739298,0.10749788610054319,1
9.0850000000000009,3.3817765250291525,0.052485376158435876,0.19228572131725694,-3.069577254358884,0.26488122641806139,0.09554556339396926,1
9.0875000000000004,3.3819738359066442,0.10547991387602312,0.18411988287908956,-3.464232040441551,0.26488122641806139,0.09554556339396926,1
9.0899999999999999,3.3823045340176039,0.15920548560046929,0.17495858875110148,-3.8660519170145786,0.070805760057073688,0.0822307429910933,1
9.0924999999999994,3.3827165179666849,0.17043932293967076,0.165213515240589,-3.9307089590588098,0.070805760057073688,0.0822307429910933,1
9.0950000000000006,3.3831570211993358,0.18202183327273866,0.15530150363686762,-3.999614462858935,-0.089687667428452383,0.082614295607220944,1
9.0975000000000001,3.3835818455639175,0.15784098874390423,0.14557168641533899,-3.7844994128702814,-0.089687667428452383,0.082614295607220944,1
9.0999999999999996,3.3839462526834954,0.13369182374937472,0.13637766197367779,-3.5709966429820179,-0.24270363740195397,0.082142762852446233,1
9.1025000000000009,3.3842070443947514,0.07491200446138932,0.12806146532031268,-3.0819158881395374,-0.24270363740195397,0.082142762852446233,1
9.1050000000000004,3.3843206905561631,0.015984945032894972,0.12096817662859646,-2.5927171416689285,-0.34197704845629162,0.096873605169634697,1
9.1074999999999999,3.3842586492484572,-0.065646125329022892,0.11532375852981784,-1.9227176665297629,-0.34197704845629162,0.096873605169634697,1
9.1099999999999994,3.3839923483283547,-0.14741190166158613,0.11135494935215952,-1.2522788567551988,-0.30117622845814895,0.11332916152263058,1
9.1125000000000007,3.3835331608240495,-0.21994492130759663,0.10896937659727106,-0.65617753072082585,-0.30117622845814895,0.11332916152263058,1
9.1150000000000002,3.3828926012526148,-0.29250512126060024,0.10807406037314927,-0.060076115095530458,-0.2498718578963624,0.12986573360093484,1
9.1174999999999997,3.38208527070549,-0.35335869782302576,0.10855178140898336,0.44225862420687667,-0.2498718578963624,0.12986573360093484,1
9.120000000000001,3.3811258151381502,-0.41420331797834647,0.11028541756316837,0.94466941804661053,-0.21298425921899569,0.14574707848501708,1
9.1225000000000005,3.3800247823626108,-0.46662104345468847,0.11319109510630219,1.3799230590588869,-0.21298425921899569,0.14574707848501708,1
9.125,3.3787927233700374,-0.51902237974973009,0.11718531358138165,1.8155116373911169,-0.085477589258750777,0.15584157340462057,1
9.1274999999999995,3.3774659194250147,-0.54243209080569843,0.12197904906514437,2.0196782199133105,-0.085477589258750777,0.15584157340462057,1
9.1300000000000008,3.3760805061660899,-0.56590981480334279,0.12728474357884351,2.2250908399615414,0.014712666266340248,0.15634287222590582,1
9.1325000000000003,3.3746646613858258,-0.56679402280467617,0.13287886665487764,2.2505640401454348,0.014712666266340248,0.15634287222590582,1
9.1349999999999998,3.3732463962884887,-0.56784595107927249,0.13853934717939073,2.2781774158707186,0.11672683063403955,0.15548207431351532,1
9.1375000000000011,3.3718540213652197,-0.54609946803320986,0.14404193156713324,2.1243864230777909,0.11672683063403955,0.15548207431351532,1
9.1400000000000006,3.3705156783320329,-0.52461772228503767,0.14916368267686617,1.973479577364166,0.20157650212304781,0.15657199645575812,1
9.1425000000000001,3.3692545152930573,-0.48436481488513267,0.15372159275181985,1.6733762283652882,0.20157650212304781,0.15657199645575812,1
9.1449999999999996,3.3680936133803629,-0.4444009059783039,0.15753299869547799,1.3761944450360395,0.2735592210154566,0.14215065413629532,1
9.1475000000000009,3.3670524238663759,-0.38859255067363924,0.16044406118901205,0.95306162107633152,0.2735592210154566,0.14215065413629532,1
9.1500000000000004,3.3661504785026137,-0.33299067298441021,0.16229997505180224,0.53193025921385462,0.27138135397180185,0.13356796997742149,1
9.1524999999999999,3.3653867661410004,-0.27799095962988529,0.16310949609234365,0.11580025301115149,0.27138135397180185,0.13356796997742149,1
9.1549999999999994,3.3647605026925897,-0.22301645590062594,0.16287917965787518,-0.30008575242900148,0.24832684550840642,0.11951023912314947,1
9.1575000000000006,3.3642653038148032,-0.17312603913227642,0.16165987201034832,-0.67552281549595983,0.24832684550840642,0.11951023912314947,1
9.1600000000000001,3.3638949871966402,-0.12309802353525842,0.15950044287862042,-1.052306856914762,0.18705944843992015,0.11257917100782233,1
9.1624999999999996,3.3636328535846132,-0.086575698001685131,0.15653335367278817,-1.3217013269764164,0.18705944843992015,0.11257917100782233,1
9.1650000000000009,3.3634622925146473,-0.049832833421976461,0.15289006731885121,-1.593338356972934,0.14681311436614411,0.10833265673896247,1
9.1675000000000004,3.3633726121378156,-0.021871116537269728,0.14865461936203531,-1.7954446233063044,0.14681311436614411,0.10833265673896247,1
9.1699999999999999,3.3633531495806821,0.006345762078888019,0.14391060289356458,-2.0002404282410975,-0.0081238485165043544,0.097579561837979015,1
9.1724999999999994,3.3633609047357926,-0.00012107417509134299,0.13899985019990041,-1.9286412717941752,-0.0081238485165043544,0.097579561837979015,1
9.1750000000000007,3.3633526464657115,-0.0064652111516758154,0.1342660139284243,-1.8587012321746412,-0.057664043458163193,0.098466397602320815,1
9.1775000000000002,3.3633146629558426,-0.023908892672623552,0.12981705667398891,-1.700669303061503,-0.057664043458163193,0.098466397602320815,1
9.1799999999999997,3.3632331644307225,-0.041277703369486808,0.12576167571310862,-1.5438271144701488,-0.12876459839111873,0.10306446315232978,1
9.182500000000001,3.3630881555100847,-0.074725710664750269,0.12225841648752091,-1.2588899185316489,-0.12876459839111873,0.10306446315232978,1
9.1850000000000005,3.3628595541750466,-0.1081518610930704,0.11946672135147388,-0.97455768712135482,-0.14505125205285427,0.1078837927749987,1
9.1875,3.3625427812456854,-0.14526456601009066,0.11742228280950849,-0.66105478973760889,-0.14505125205285427,0.1078837927749987,1
9.1899999999999995,3.3621332395924739,-0.18236743718979298,0.1161611943689477,-0.34785505333113859,-0.16116440453710174,0.11914140939866687,1
9.1925000000000008,3.3616263632936034,-0.22313331316874435,0.11571957427612962,-0.0054532892209719908,-0.16116440453710174,0.11914140939866687,1
9.1950000000000003,3.3610175730711402,-0.26389913566255851,0.11613392603200096,0.33694620262782066,-0.073538311261917552,0.12556093577351624,1
9.1974999999999998,3.3603317917560167,-0.28472919735896085,0.11720490523080829,0.51988794427181628,-0.073538311261917552,0.12556093577351624,1
9.2000000000000011,3.3595939073379126,-0.30558293670423836,0.11873367266140188,0.70319784333699786,-0.080593833214811422,0.13110069392397386,1
9.2025000000000006,3.3588018461720326,-0.328071467576878,0.12073734885012598,0.89983278544594236,-0.080593833214811422,0.13110069392397386,1
9.2050000000000001,3.3579535198178037,-0.35059618120730029,0.12323333583835744,1.09706656298012,-0.025379002159180385,0.1373886592820926,1
9.2074999999999996,3.3570644884994478,-0.36064079849938185,0.1260980016960053,1.1948279304032303,-0.025379002159180385,0.1373886592820926,1
9.2100000000000009,3.3561502542427375,-0.37075930429075543,0.12920831442817138,1.2935959687930327,0.069779961486720124,0.13489825230662639,1
9.2125000000000004,3.3552375475779335,-0.35942793357609676,0.1323515801706901,1.2212660616486415,0.069779961486720124,0.13489825230662639,1
9.2149999999999999,3.3543530081263131,-0.34822431162949607,0.13531585644275546,1.1503903330005738,0.11772330398919072,0.13453119102053035,1
9.2174999999999994,3.3535098571994983,-0.32631931888717647,0.13799650011972173,0.99437144434226865,0.11772330398919072,0.13453119102053035,1
9.2200000000000006,3.352721305142258,-0.3045419960110608,0.14028886002571545,0.83972826029768699,0.18016954748948052,0.12889734807230249,1
9.2225000000000001,3.3520046494317564,-0.26880146282631578,0.14205552382039113,0.57379629279490452,0.18016954748948052,0.12889734807230249,1
9.2249999999999996,3.3513772209465937,-0.23315317622640119,0.14315862851061401,0.30880870887941869,0.20832676781056636,0.12461093466560094,1
9.2275000000000009,3.3508467680690077,-0.19121355579455987,0.1435366644288299,-0.0063354276904542539,0.20832676781056636,0.12461093466560094,1
9.2300000000000004,3.3504211540975195,-0.14927282195812228,0.14312694201912196,-0.32149076012698014,0.1434263591502494,0.11567256931842398,1
9.2324999999999999,3.3500821734103021,-0.12190171807483025,0.14207477358988643,-0.5203491002812366,0.1434263591502494,0.11567256931842398,1
9.2349999999999994,3.3498117072918241,-0.094456476303325099,0.14052454740316933,-0.71998637406433219,0.091603335521562024,0.11001320349245443,1
9.2375000000000007,3.3495953616000782,-0.078605104245522278,0.1385907376338984,-0.8272268670719638,0.091603335521562024,0.11001320349245443,1
9.2400000000000002,3.3494187617398508,-0.062657763386812754,0.13638752918483116,-0.93552809824463745,0.059019044371783846,0.10816378080852879,1
9.2424999999999997,3.3492729569214394,-0.053970077290338744,0.13398569060769314,-0.98612729823152256,0.059019044371783846,0.10816378080852879,1
9.245000000000001,3.3491489935492278,-0.045183747372881194,0.13145594550583772,-1.0378632280351046,0.0035637202334076199,0.10473371679814288,1
9.2475000000000005,3.3490314250341306,-0.048858481474892336,0.12892091964789551,-0.99031710589110389,0.0035637202334076199,0.10473371679814288,1
9.25,3.3489047628625612,-0.052459149093524012,0.12650357822583236,-0.9437091256352923,-0.039880655024503567,0.10518728439252906,1
9.2524999999999995,3.3487568667265126,-0.065849486693342452,0.12430018880785887,-0.81911943031244039,-0.039880655024503567,0.10518728439252906,1
9.2550000000000008,3.3485755542144426,-0.079193293715065061,0.12240743462801505,-0.69518539866697304,-0.055499674334350386,0.10777894119928642,1
9.2575000000000003,3.3483564977044273,-0.096046619245197501,0.1208592869251443,-0.54341071084655668,-0.055499674334350386,0.10777894119928642,1
9.2599999999999998,3.3480953445286921,-0.11287186420026099,0.11969003769522978,-0.39204799743388785,-0.1012488363943722,0.11098432442365352,1
9.2625000000000011,3.3477791518760402,-0.14008074868813186,0.11900285821433372,-0.15772331526345107,-0.1012488363943722,0.11098432442365352,1
9.2650000000000006,3.3473949451416103,-0.16728441367143704,0.11890134136799754,0.076505723951170251,-0.08253147828151966,0.11642469741729221,1
9.2675000000000001,3.3469480477810398,-0.19023468557279211,0.11934285000814701,0.27672096410494507,-0.08253147828151966,0.11642469741729221,1
9.2699999999999996,3.346443762270721,-0.21319627735635635,0.12028510079151832,0.47712163956025067,-0.017593674729033667,0.12161994516995694,1
9.2725000000000009,3.3459004941876263,-0.22142408107321912,0.12158113389838118,0.55978196918988188,-0.017593674729033667,0.12161994516995694,1
9.2750000000000004,3.3453366101699609,-0.22968991646833722,0.12308442610620536,0.64294085289321457,0.024730242801791601,0.12554067149768824,1
9.2774999999999999,3.3447640159076331,-0.22839475382456428,0.12470024561485048,0.64982652146798459,0.024730242801791601,0.12554067149768824,1
9.2799999999999994,3.3441945899220085,-0.22715537018449244,0.12633411995635344,0.65738573619255036,0.078767996214178959,0.12648774252670933,1
9.2825000000000006,3.3436435039921988,-0.21372460836529789,0.12786526136048063,0.56765331551320708,0.078767996214178959,0.12648774252670933,1
9.2850000000000001,3.3431259147890859,-0.2003563610421713,0.12917297027075131,0.47862144448510291,0.094879484451872526,0.12124315397047913,1
9.2874999999999996,3.3426462390344591,-0.18339248180676346,0.13022238567980607,0.36100155745688667,0.094879484451872526,0.12124315397047913,1
9.2900000000000009,3.34220891693227,-0.16647114282310274,0.13097836807891383,0.24384973666875165,0.094377007870695528,0.11545697617846196,1
9.2925000000000004,3.3418137171894804,-0.14969230006718695,0.1314430348061508,0.1279237914388644,0.094377007870695528,0.11545697617846196,1
9.2949999999999999,3.341460442875011,-0.13292852705927671,0.13161812518643354,0.012163645854259386,0.085001443385133685,0.11512291911507369,1
9.2974999999999994,3.3411464210712323,-0.11828821238452798,0.13152507468362107,-0.086611866010190594,0.085001443385133685,0.11512291911507369,1
9.3000000000000007,3.340869009999976,-0.10363807318246475,0.13118497488239278,-0.18549655047729291,0.10759313671628504,0.11171731955085905,1
9.3025000000000002,3.340634641284812,-0.083851624268853148,0.13054627472410299,-0.32552087152571063,0.10759313671628504,0.11171731955085905,1
9.3049999999999997,3.340449785458818,-0.064024878600642751,0.12955700568511616,-0.46598301684781307,0.11185622998883314,0.1065137080051935,1
9.307500000000001,3.3403157722727639,-0.043174378590775393,0.12820618190004668,-0.61479833036334286,0.11185622998883314,0.1065137080051935,1
9.3100000000000005,3.3402339777072516,-0.022246908542598406,0.12648231888333333,-0.76444785329334675,0.067890369438794312,0.10364167547168382,1
9.3125,3.3401921479720253,-0.011202903645294308,0.1244828228021808,-0.8353078519594187,0.067890369438794312,0.10364167547168382,1
9.3149999999999995,3.340178036129704,-7.1362970330413403e-05,0.12230495045037337,-0.9071629439135549,-0.010027411219362388,0.1014190744577048,1
9.3175000000000008,3.3401697358899245,-0.0065585257222788487,0.12012321013101651,-0.83836237645317713,-0.010027411219362388,0.1014190744577048,1
9.3200000000000003,3.3401452932264508,-0.012986019280087554,0.11811249756776995,-0.77033102328970982,-0.013479262788196038,0.10179421822256965,1
9.3224999999999998,3.3401038699240968,-0.020143983577940866,0.11627882173207746,-0.69672127925213501,-0.013479262788196038,0.10179421822256965,1
9.3250000000000011,3.3400446145087233,-0.027252509129095256,0.11462835964680894,-0.62374937326481139,-0.049936096578950609,0.10441958792248572,1
9.3275000000000006,3.339957261656084,-0.042624527170734762,0.11324271064857602,-0.48484370669010413,-0.049936096578950609,0.10441958792248572,1
9.3300000000000001,3.3398315149487035,-0.057968862758469158,0.11220381695243328,-0.34632697949764446,-0.040025051838404484,0.10800646141611425,1
9.3324999999999996,3.3396702585257803,-0.071033324505162018,0.11148822972099025,-0.22618291670803031,-0.040025051838404484,0.10800646141611425,1
9.3350000000000009,3.3394763600120045,-0.084083765812248509,0.11107274369291185,-0.106229252237994,-0.05335687675414319,0.10784603323288211,1
9.3375000000000004,3.3392460448346588,-0.10016805247517546,0.11098743636458056,0.037978837889735426,-0.05335687675414319,0.10784603323288211,1
9.3399999999999999,3.3389755179494505,-0.11625449815405038,0.11126266320523961,0.18221730520513341,-0.052472538259321737,0.11431232123455,1
9.3424999999999994,3.3386650157594691,-0.13214966026435271,0.11189662635882758,0.32498705640890768,-0.052472538259321737,0.11431232123455,1
9.3450000000000006,3.3383147542788181,-0.14806325871852699,0.11288781492184158,0.46801648151650671,-0.001560520185589739,0.11148566861174036,1
9.3475000000000001,3.3379391766003663,-0.15240520371690713,0.11412094510860553,0.5185668627177521,-0.001560520185589739,0.11148566861174036,1
9.3499999999999996,3.3375526951158894,-0.15678692264376218,0.11548106491865076,0.5696160833900592,0.04641919326117757,0.11507197213358077,1
9.3525000000000009,3.3371688567428888,-0.15029263091741535,0.11686021292305274,0.53380545889904596,0.04641919326117757,0.11507197213358077,1
9.3550000000000004,3.3368011891334652,-0.14384973766120093,0.11815059106252956,0.49859351266451257,0.066544615979970981,0.11669559892329827,1
9.3574999999999999,3.3364552889181511,-0.13287852277869638,0.11930786159550158,0.42731480411836753,0.066544615979970981,0.11669559892329827,1
9.3599999999999994,3.3361367591811342,-0.12195211817365066,0.12028758923024793,0.35654512240014347,0.089734199474475196,0.11450971884630019,1
9.3625000000000007,3.3358520845192379,-0.10579336700242431,0.12103822849127055,0.24403002846370153,0.089734199474475196,0.11450971884630019,1
9.3650000000000002,3.3356077689488961,-0.089662694560095055,0.1215079984437452,0.13182584877549974,0.10213696578882223,0.10927748296107101,1
9.3674999999999997,3.3354072805439205,-0.070729326431616946,0.12166931524112913,-0.0027582237656861575,0.10213696578882223,0.10927748296107101,1
9.370000000000001,3.3352541225944412,-0.051795625713037391,0.12149420428688643,-0.13734593422688568,0.07537499751536593,0.10451930758943201,1
9.3725000000000005,3.3351407150164323,-0.038927164040250012,0.12104325597960616,-0.22344949353480248,0.07537499751536593,0.10451930758943201,1
9.375,3.335059507039277,-0.026034382829895668,0.12037672903675711,-0.3098264108676988,0.054949969744961004,0.10071225886448526,1
9.3774999999999995,3.3350047669183378,-0.017752140753097168,0.11954025460126748,-0.35941732237309587,0.054949969744961004,0.10071225886448526,1
9.3800000000000008,3.3349707762669802,-0.0094339777126041732,0.11857929770229335,-0.40942193830926848,0.01458293876439643,0.1014172539114922,1
9.3825000000000003,3.3349461518237358,-0.010260085540583433,0.11758462100722392,-0.38638649564269439,0.01458293876439643,0.1014172539114922,1
9.3849999999999998,3.3349195025320824,-0.011054159788010633,0.11664703929478767,-0.36374219752825676,0.038257965647039538,0.10150552202394279,1
9.3875000000000011,3.3348976432017357,-0.0064275000979638289,0.11571168040560309,-0.3846132091336496,0.038257965647039538,0.10150552202394279,1
9.3900000000000006,3.3348873948745683,-0.0017650255007659885,0.11472362214786121,-0.40590558104015356,0.0062722144979211435,0.10203470840112548,1
9.3925000000000001,3.3348797412908957,-0.0043526703155920814,0.11375469215435852,-0.36930230624917171,0.0062722144979211435,0.10203470840112548,1
9.3949999999999996,3.3348656561910124,-0.0069107119240416322,0.11287680597352012,-0.33306462696401939,-0.064662304291189063,0.099836462741763901,1
9.3975000000000009,3.3348249990900256,-0.025612815682812741,0.11225089608438556,-0.1676948799094333,-0.064662304291189063,0.099836462741763901,1
9.4000000000000004,3.3347375993436486,-0.044306246237237862,0.11203822561029529,-0.0024522632571464253,0.0078346963830827621,0.10355661684377299,1
9.4024999999999999,3.3346241260340426,-0.046472591182228483,0.11207324405383447,0.030469349801214539,0.0078346963830827621,0.10355661684377299,1
9.4049999999999994,3.3345052343239345,-0.048641412706363532,0.11219059772255208,0.063421399289047081,-0.026542948446507713,0.10692466402099472,1
9.4075000000000006,3.3343711195402883,-0.058651661515584312,0.11246882328062122,0.15917545421370299,-0.026542948446507713,0.10692466402099472,1
9.4100000000000001,3.3342119671048414,-0.068672602732817556,0.11298659226071708,0.25507022142908325,0.043808868815620676,0.10555378547882288,1
9.4124999999999996,3.3340477798190187,-0.062681037960479261,0.11358394996138407,0.22286040881589547,0.043808868815620676,0.10555378547882288,1
9.4150000000000009,3.3338985441419511,-0.056710803095903629,0.11410110164367186,0.19089942840313154,0.01521117363150762,0.10318987469891794,1
9.4175000000000004,3.3337560681880931,-0.05727277015697415,0.11460380509966718,0.2112975167439633,0.01521117363150762,0.10318987469891794,1
9.4199999999999999,3.3336121655360134,-0.057852444569906868,0.11515776873051768,0.23191102412938838,0.053167316301315284,0.10638924992180075,1
9.4224999999999994,3.3334775924673168,-0.049809454509404938,0.11567708628528525,0.1835827380901483,0.053167316301315284,0.10638924992180075,1
9.4250000000000007,3.3333631030463442,-0.041784726940206095,0.11607585790542937,0.13546505613686061,0.057630504753230762,0.10275256244408669,1
9.4275000000000002,3.3332699275446314,-0.032757488786383862,0.1163443762596902,0.079370436447491727,0.057630504753230762,0.10275256244408669,1
9.4299999999999997,3.3331993088996557,-0.023738294930855247,0.11647278696137524,0.023368076894729681,0.060403524693334293,0.10121747880461768,1
9.432500000000001,3.3331520230664728,-0.014090249620348085,0.11645492438569541,-0.037659531926984548,0.060403524693334293,0.10121747880461768,1
9.4350000000000005,3.3331288608687757,-0.0044383435565853845,0.11628445252522723,-0.098731273572662925,0.048007628814664347,0.099558509145611318,1
9.4375,3.3331263124539436,0.0024015258802796034,0.11598940458806954,-0.13732929374513214,0.048007628814664347,0.099558509145611318,1
9.4399999999999995,3.3331408796350028,0.0092547606465317473,0.11559767679420618,-0.17608244178780996,0.053137920765015667,0.1020029131443297,1
9.4425000000000008,3.3331740608165652,0.01729350386708578,0.1150971379723759,-0.22438689464332975,0.053137920765015667,0.1020029131443297,1
9.4450000000000003,3.3332273657530243,0.025354567424661148,0.1144755278302792,-0.27294875863484186,0.043866136544926798,0.096293350481673881,1
9.4474999999999998,3.3332982159759394,0.031330216658218821,0.11375326870103923,-0.30491228626947808,0.043866136544926798,0.096293350481673881,1
9.4500000000000011,3.3333840411432103,0.037335036854736693,0.11295068278675588,-0.3372161796351813,0.05987761968627027,0.09432476448767238,1
9.4525000000000006,3.3334894802020147,0.047022481994919048,0.11203035108539203,-0.39912095047965207,0.05987761968627027,0.09432476448767238,1
9.4550000000000001,3.3336191875425834,0.056750717731477156,0.11095468905320126,-0.46149253852648808,0.05222179700600698,0.093522264875800953,1
9.4574999999999996,3.3337710900452415,0.064779307806879169,0.10973991730582737,-0.51041752658195783,0.05222179700600698,0.093522264875800953,1
9.4600000000000009,3.3339431262161012,0.072858463693441317,0.10840211475606908,-0.55992656400293594,0.038169537575602888,0.092468843674765822,1
9.4625000000000004,3.3341314179978854,0.077783883094676196,0.10697186622927829,-0.58437709758983003,0.038169537575602888,0.092468843674765822,1
9.4649999999999999,3.3343320912109644,0.082764002789550026,0.10547969369265008,-0.60947038057963665,-0.01341319388210621,0.092731276879340241,1
9.4674999999999994,3.3345305494143771,0.076009664438974014,0.10404197733606604,-0.54079290816825276,-0.01341319388210621,0.092731276879340241,1
9.4700000000000006,3.3347121730321132,0.069295524551785601,0.10277530429409412,-0.47262527881025351,-0.038421937957298403,0.095848514744929822,1
9.4725000000000001,3.3348699064713103,0.056895773322569579,0.10173575080987432,-0.35907790369281734,-0.038421937957298403,0.095848514744929822,1
9.4749999999999996,3.3349966715901682,0.04451964833190257,0.10097965353975724,-0.24584399498174281,-0.066763860175263118,0.094461901504857879,1
9.4775000000000009,3.3350844118471716,0.025674077510421861,0.10057129076785071,-0.080867775892343591,-0.066763860175263118,0.094461901504857879,1
9.4800000000000004,3.3351250457457882,0.0068330267384774206,0.10057526127432777,0.084044388882882043,-0.072668792927125969,0.098794800639400937,1
9.4824999999999999,3.3351168842228973,-0.013363782352666727,0.10100509750340614,0.25984676735329765,-0.072668792927125969,0.098794800639400937,1
9.4849999999999994,3.3350582152519173,-0.033574481572606674,0.10187466239390697,0.43584982333177219,-0.027560858359288152,0.10536586737894359,1
9.4875000000000007,3.3349618860801562,-0.043494447752495988,0.10308134317911428,0.52956747875117172,-0.027560858359288152,0.10536586737894359,1
9.4900000000000002,3.3348407124449495,-0.053451092197629516,0.10452289760266098,0.62376249684651486,0.055089214551242514,0.10567864129115177,1
9.4924999999999997,3.3347181975136997,-0.044570796661506193,0.10601158138717022,0.56729902495849871,0.055089214551242514,0.10567864129115177,1
9.495000000000001,3.3346178110875995,-0.035747355203723075,0.10735993812615956,0.5114900942217403,0.072399362864629849,0.10544430285679368,1
9.4975000000000005,3.3345443571358757,-0.023024158959802414,0.10852997069742198,0.4246303114775688,0.072399362864629849,0.10544430285679368,1
9.5,3.3345026523818881,-0.010346459384086314,0.10948351780923568,0.33828432594135693,0.048925477017618943,0.10059236651635076,1
9.5024999999999995,3.3344859008848484,-0.0030599083038060568,0.11027533135140667,0.29522641366772751,0.048925477017618943,0.10059236651635076,1
9.5050000000000008,3.3344873287481804,0.0041977292236894627,0.11095992903199772,0.2525035208915547,0.065843490445005357,0.097793713302970167,1
9.5075000000000003,3.3345116910092281,0.015288311678344494,0.11149947964911539,0.17917978659903377,0.065843490445005357,0.097793713302970167,1
9.5099999999999998,3.3345637546648725,0.026360122221370748,0.11185600568336981,0.10606933724463521,0.091088308244359983,0.097525742541953606,1
9.5125000000000011,3.3346506762915014,0.043176286824861146,0.11197233610490438,-0.012995118246999351,0.091088308244359983,0.097525742541953606,1
9.5150000000000006,3.3347796373450316,0.059993946164366853,0.11179101629226508,-0.13207612786375569,0.09551981286182562,0.094553146569192878,1
9.5175000000000001,3.3349519217254935,0.077837366150933229,0.11130170312520474,-0.25941641640804225,0.09551981286182562,0.094553146569192878,1
9.5199999999999996,3.3351688493967018,0.095711051510334183,0.11049365591264257,-0.38709067309271744,0.089556582582646288,0.089513041434942167,1
9.5225000000000009,3.3354288139409487,0.11226905206782881,0.10937945138883694,-0.50436697525000884,0.089556582582646288,0.089513041434942167,1
9.5250000000000004,3.3357302425199409,0.12888448974088507,0.10797128938810348,-0.62228128741650313,0.070401230247805952,0.091326293659562408,1
9.5274999999999999,3.3360678271988502,0.14119498603883382,0.106311178159034,-0.7059406307214211,0.070401230247805952,0.091326293659562408,1
9.5299999999999994,3.3364362797533307,0.15358025089208199,0.10444088008307902,-0.79044741875045232,0.025476621334294739,0.083736706515095655,1
9.5325000000000006,3.3368229582175997,0.15577423352807535,0.10246099166084803,-0.79360332174571013,0.025476621334294739,0.083736706515095655,1
9.5350000000000001,3.337215209673817,0.15803872559827434,0.10047216147659936,-0.79760169480726129,-0.050513238678018928,0.082638011082514048,1
9.5374999999999996,3.3375914660671548,0.1429738923889384,0.098646477803934138,-0.66304744956051187,-0.050513238678018928,0.082638011082514048,1
9.5400000000000009,3.3379301134327757,0.12795020505624227,0.097156458422735834,-0.52905210726562546,-0.0030636379773506701,0.086372423259064357,1
9.5425000000000004,3.3382448344151565,0.1238333118151702,0.095891957166660949,-0.48263216169850176,-0.0030636379773506701,0.086372423259064357,1
9.5449999999999999,3.3385493121622982,0.11975502471501555,0.09474289992117127,-0.43668947526928287,-0.036040488469857003,0.086586744573218896,1
9.5474999999999994,3.3388341878162184,0.10814991169036606,0.093783882874912045,-0.33058166273307155,-0.036040488469857003,0.086586744573218896,1
9.5500000000000007,3.3390900807851978,0.096567673558026618,0.093089743474414399,-0.22477160096065429,-0.034007907262502371,0.089382103125845935,1
9.5525000000000002,3.3393176219363783,0.085467283777143327,0.092655185700121115,-0.12290096792637012,-0.034007907262502371,0.089382103125845935,1
9.5549999999999997,3.3395174244095212,0.074375539963144693,0.092475145439166059,-0.021142169960071747,-0.057552236924377262,0.097945199571045458,1
9.557500000000001,3.3396827502867414,0.057884627555182463,0.092603559359150475,0.12388054085318749,-0.057552236924377262,0.097945199571045458,1
9.5600000000000005,3.3398068411089024,0.041385991932222976,0.093094635361724451,0.26900789243269096,-0.053362986365298064,0.093431229116921921,1
9.5625,3.3398908670648741,0.025831206029531619,0.093939165089272456,0.40666391673472951,-0.053362986365298064,0.093431229116921921,1
9.5649999999999995,3.3399359757491998,0.010250759760683794,0.095128243400625964,0.54466603734162855,-0.012808740759919203,0.096810777066782899,1
9.5675000000000008,3.33995370787455,0.0039275919938709146,0.096569803744481153,0.60867452185330995,-0.012808740759919203,0.096810777066782899,1
9.5700000000000003,3.3399555750368197,-0.0024419823609318301,0.098172102173573805,0.67326641728523584,0.057145153437080348,0.10009470879426936,1
9.5724999999999998,3.3399614721203847,0.007148854554878948,0.099776299254689824,0.61021529011508691,0.057145153437080348,0.10009470879426936,1
9.5750000000000011,3.3399912679633443,0.016678070650791056,0.10122376853094275,0.54787211642286915,0.110028429391897,0.094842057333743818,1
9.5775000000000006,3.3400599355069405,0.03824653192682903,0.10239507451242585,0.389275855274414,0.110028429391897,0.094842057333743818,1
9.5800000000000001,3.3401824613874855,0.059767911018222805,0.10317057683587473,0.23119444642738968,0.10703134806575341,0.090319412088860906,1
9.5824999999999996,3.3403578952249871,0.08057605376811168,0.10355816229687047,0.07890792946720615,0.10703134806575341,0.090319412088860906,1
9.5850000000000009,3.3405853337531624,0.10137471208892146,0.10356520302412532,-0.073274726752827868,0.100774639647918,0.088749552165997461,1
9.5875000000000004,3.3408629880547367,0.12075155008602187,0.1032060303302957,-0.21409447866011927,0.100774639647918,0.088749552165997461,1
9.5899999999999999,3.341189112511175,0.14015359658616769,0.10249449935591103,-0.35519176254056617,0.068164404393031161,0.087018034934213437,1
9.5924999999999994,3.3415544668267123,0.1521368088122404,0.10150437582726317,-0.43698596039017346,0.068164404393031161,0.087018034934213437,1
9.5950000000000006,3.3419498348892342,0.1641660246997215,0.10030913446274387,-0.51930230557043344,0.058216242288722589,0.089653819223522238,1
9.5975000000000001,3.3423724958880467,0.17397210123936932,0.098930151906195751,-0.58399074107537174,0.058216242288722589,0.089653819223522238,1
9.5999999999999996,3.3428197447412149,0.18383739719776104,0.097388614535529189,-0.64935869839414684,0.038580000339902026,0.081418810624971194,1
9.6025000000000009,3.3432861136801164,0.18926819785064225,0.095727790683402703,-0.67942284568235856,0.038580000339902026,0.081418810624971194,1
9.6050000000000004,3.3437661391438072,0.19476310024007268,0.0939908740187195,-0.71023860673684636,-0.0071002398540191136,0.078434442047201403,1
9.6074999999999999,3.3442468885662078,0.18984542867046872,0.092280893572484868,-0.65785747783108151,-0.0071002398540191136,0.078434442047201403,1
9.6099999999999994,3.3447154096381277,0.18497977982670932,0.090701048450575486,-0.6061221959199331,-0.014180291051456292,0.085182943778588482,1
9.6125000000000007,3.3451697960023363,0.17853671005438082,0.089266068259066564,-0.54195450497825504,-0.014180291051456292,0.085182943778588482,1
9.6150000000000002,3.3456081282033687,0.17213565867950609,0.087990838339800259,-0.47831193699301455,-0.053930283151952745,0.081774162467019434,1
9.6174999999999997,3.3460190914666996,0.15663941472640291,0.086965613469723257,-0.34192735234816329,-0.053930283151952745,0.081774162467019434,1
9.620000000000001,3.3463913439456436,0.14116556800373448,0.086280953482511219,-0.20584045269879703,-0.10184107617877863,0.086744958571319697,1
9.6225000000000005,3.3467111690745783,0.11469532824892094,0.086046580204548181,0.018330107666357509,-0.10184107617877863,0.086744958571319697,1
9.625,3.3469648198107098,0.088224158637052436,0.086372615488541055,0.24251441487308001,-0.045524238753822846,0.091087628394907028,1
9.6274999999999995,3.3471684519482818,0.074678102802762145,0.087129659901614767,0.36316621621802014,-0.045524238753822846,0.091087628394907028,1
9.6300000000000008,3.3473381897020964,0.061107304573744956,0.088188716563268432,0.48414198055737601,-0.050888784904171716,0.091602955746260109,1
9.6325000000000003,3.347472421577506,0.046272183758148275,0.089563069211569202,0.61542001361728937,-0.050888784904171716,0.091602955746260109,1
9.6349999999999998,3.3475695171500441,0.031396907742995958,0.091266262298387427,0.74723278431171103,0.027646984328723142,0.098039677776883744,1
9.6375000000000011,3.3476518832361783,0.034484754178965633,0.093119303510646664,0.73533321218858794,0.027646984328723142,0.098039677776883744,1
9.6400000000000006,3.347741885377467,0.03750594246978757,0.094943587800364104,0.72422504057560333,0.04401192673685738,0.093786177880965299,1
9.6425000000000001,3.3478440454889986,0.044210858987617355,0.096703518301030578,0.68385093939872432,0.04401192673685738,0.093786177880965299,1
9.6449999999999996,3.3479628848507672,0.050849983455194182,0.098363481509038855,0.64424372454890677,0.10638196059883737,0.094567882811003895,1
9.6475000000000009,3.3481160900602762,0.071702941163428568,0.099782356763015903,0.49098000226260219,0.10638196059883737,0.094567882811003895,1
9.6500000000000004,3.348321350846811,0.09249744759537698,0.10081891638321085,0.33835813717922214,0.13820526304552336,0.088373228025123138,1
9.6524999999999999,3.3485876441902969,0.12053212820285056,0.10140161322140995,0.12785397382313016,0.13820526304552336,0.088373228025123138,1
9.6549999999999994,3.3489239974948521,0.1485500181642497,0.10145833616194473,-0.082470294001766892,0.12020794255543606,0.084261824321628931,1
9.6575000000000006,3.3493252564392821,0.17246069398144026,0.10103039484670846,-0.25992134954980661,0.12020794255543606,0.084261824321628931,1
9.6600000000000001,3.349786327944976,0.19640374321331983,0.10015843658572142,-0.43772378581534421,0.11004763024474858,0.077513546385912568,1
9.6624999999999996,3.3503044131242725,0.21807477904178718,0.098864575081373418,-0.59747907938250289,0.11004763024474858,0.077513546385912568,1
9.6650000000000009,3.3508767616281134,0.23981755707490468,0.097170386033230763,-0.75802055791001621,0.086618348340313636,0.07655257980162955,1
9.6675000000000004,3.3514968650679817,0.25628030923335987,0.095127418004359032,-0.87652303766569484,0.086618348340313636,0.07655257980162955,1
9.6699999999999999,3.3521582440511231,0.27284011500915317,0.092786864955261797,-0.99611263001314343,0.060614050883418952,0.074379810193905105,1
9.6724999999999994,3.3528536979068533,0.2835403873150773,0.090205607908764099,-1.0690931716783094,0.060614050883418952,0.074379810193905105,1
9.6750000000000007,3.353576036031515,0.29434871879152297,0.087440363789728984,-1.1433161719545122,-0.016252753068179832,0.071554965218857958,1
9.6775000000000002,3.3543034553113986,0.28760084893913757,0.084664935578924558,-1.0772042848945724,-0.016252753068179832,0.071554965218857958,1
9.6799999999999997,3.355014109242783,0.28093573889315016,0.082053476613980714,-1.0121313305561956,-0.070201639684932621,0.072551455294558961,1
9.682500000000001,3.3556926808239598,0.2619311233806273,0.079727888241239941,-0.84846996031563848,-0.070201639684932621,0.072551455294558961,1
9.6850000000000005,3.3563238090706262,0.2429795404284216,0.077810527802118779,-0.68552726491475591,-0.10041390256777767,0.072558690641870593,1
9.6875,3.3568989164887983,0.21711172320084812,0.076369518224960853,-0.46735620512896803,-0.10041390256777767,0.072558690641870593,1
9.6899999999999995,3.3574093894728487,0.19127002863588921,0.075473438038977422,-0.24955548146246609,-0.11650253729254977,0.08045414730543432,1
9.6925000000000008,3.3578506446348988,0.16173519790087854,0.075158737845515425,-0.0022206743707348653,-0.11650253729254977,0.08045414730543432,1
9.6950000000000003,3.3582180655585869,0.13220048324832634,0.075462333262381359,0.2451124393235036,-0.055162674844298099,0.084641975417355853,1
9.6974999999999998,3.358529299852048,0.11678335545942552,0.07624279458067014,0.37930344596013532,-0.055162674844298099,0.084641975417355853,1
9.7000000000000011,3.3588019605558697,0.10134009786358376,0.077359134466491675,0.51383518136854012,-0.061045957235615927,0.091250630561174162,1
9.7025000000000006,3.3590342778595783,0.0845072592641469,0.078825931883046735,0.65968857554158467,-0.061045957235615927,0.091250630561174162,1
9.7050000000000001,3.3592244606122246,0.067630945754050514,0.080658058078261166,0.80611876356998635,0.045129649153157987,0.092717479203158315,1
9.7074999999999996,3.3594029178495037,0.07512224679350249,0.082612317492746098,0.75743543378411915,0.045129649153157987,0.092717479203158315,1
9.7100000000000009,3.3596000107940247,0.082540278954805507,0.08444594592080884,0.70960498906234426,-0.031509260341894947,0.089778665437322144,1
9.7125000000000004,3.3597935465216229,0.072279148141037142,0.086337507778328312,0.80376166363179935,-0.031509260341894947,0.089778665437322144,1
9.7149999999999999,3.3599613581534058,0.061959964677510811,0.088465374621110759,0.89866277874834566,0.067052752584007572,0.094042823250801766,1
9.7174999999999994,3.3601315725923881,0.074196798896884283,0.090604830902679415,0.81307095111302929,0.067052752584007572,0.094042823250801766,1
9.7200000000000006,3.360332271808526,0.086349220599214779,0.092531531441871623,0.7284416756876243,0.0899930839869406,0.092950587687287214,1
9.7225000000000001,3.3605698307456437,0.10368549819422415,0.094195064295290148,0.60252333878052255,0.0899930839869406,0.092950587687287214,1
9.7249999999999996,3.3608506429271965,0.1209541274659703,0.09554477690001982,0.47735955893379889,0.13768632460728461,0.090082607313196436,1
9.7275000000000009,3.3611882164222648,0.14909665288069274,0.096472905078866494,0.26522916563787174,0.13768632460728461,0.090082607313196436,1
9.7300000000000004,3.3615960975211094,0.17720477725023695,0.096871230842982783,0.053468500440234046,0.11433098208573407,0.08686356038063911,1
9.7324999999999999,3.3620675464655294,0.19995500528308141,0.096793897816849939,-0.11534176647276384,0.11433098208573407,0.08686356038063911,1
9.7349999999999994,3.3625958842385479,0.22271926100240549,0.09629439435957414,-0.28430520450715258,0.099109006334608313,0.078282310854802861,1
9.7375000000000007,3.3631768111016238,0.242029090625591,0.095406996634469429,-0.42568882593019919,0.099109006334608313,0.078282310854802861,1
9.7400000000000002,3.3638060707805866,0.26138822591636007,0.094165495812576661,-0.56761775598109065,0.03354424866796208,0.068987453462414666,1
9.7424999999999997,3.3644650113421708,0.26577318178102488,0.092718922858737507,-0.58974613338529769,0.03354424866796208,0.068987453462414666,1
9.745000000000001,3.3651349823540975,0.27021294012474156,0.091216227281298884,-0.61252000633830317,-0.012524803592983635,0.073019918789659688,1
9.7475000000000005,3.3658029058133234,0.26413336779245294,0.089761699877195025,-0.55119606255604581,-0.012524803592983635,0.073019918789659688,1
9.75,3.366455684999353,0.25809676369185858,0.088459800331538399,-0.49040810525546785,0.01584341776601321,0.07419501993215652,1
9.7524999999999995,3.3671015664672663,0.25861551376569225,0.087243974184265355,-0.48233802261435732,0.01584341776601321,0.07419501993215652,1
9.7550000000000008,3.3677487978193814,0.25917656880530021,0.086047687456755284,-0.47477529714247957,-0.030207772532233262,0.076769578207257883,1
9.7575000000000003,3.3683842538352837,0.24919349332556034,0.084975742156026213,-0.38284780261747942,-0.030207772532233262,0.076769578207257883,1
9.7599999999999998,3.3689947887778593,0.23923860656163756,0.084133149524860507,-0.29127901076776819,-0.039452601315769067,0.078400504863204448,1
9.7625000000000011,3.3695778077452001,0.2271793812826621,0.083540421407216056,-0.18293972301697592,-0.039452601315769067,0.078400504863204448,1
9.7650000000000006,3.3701306965554099,0.21513320019013976,0.083218310987760405,-0.074768338921007427,-0.00087229646750880711,0.077927396714206454,1
9.7675000000000001,3.3706645682501679,0.21196493725263144,0.083077607760549288,-0.037803771926772818,-0.00087229646750880711,0.077927396714206454,1
9.7699999999999996,3.3711905238666549,0.20879982461102173,0.083029260127980273,-0.00087760931637057005,0.011933092771596734,0.083275120742952249,1
9.7725000000000009,3.3717122484888469,0.20857978911492711,0.083043705823462044,0.012435174767868887,0.011933092771596734,0.083275120742952249,1
9.7750000000000004,3.3722334219079357,0.2083586684302145,0.083091446861311341,0.025760990703538808,-0.0010516934212499273,0.079629425432035411,1
9.7774999999999999,3.3727503074376863,0.20514913915372365,0.083202458963678255,0.063056205211126481,-0.0010516934212499273,0.079629425432035411,1
9.7799999999999994,3.3732591632291142,0.20193436021794314,0.083406781233142074,0.1004154371739624,0.024437486512971961,0.081888320089715708,1
9.7825000000000006,3.3737672984014679,0.20457232627444294,0.083645884262105785,0.090884183340247324,0.024437486512971961,0.081888320089715708,1
9.7850000000000001,3.3742820179658128,0.20720201792203075,0.083861283846056733,0.081450974388542485,0.0092325183127241126,0.07592739376582891,1
9.7874999999999996,3.3747989325571441,0.20632834926207533,0.084088245949404519,0.10013444640475554,0.0092325183127241126,0.07592739376582891,1
9.7900000000000009,3.3753136525122232,0.20544604013538681,0.084362042855279651,0.11892205849648554,0.038914438486449356,0.077376423738621178,1
9.7925000000000004,3.3758346832604866,0.21137695090024869,0.084614580874137993,0.08312712902531999,0.038914438486449356,0.077376423738621178,1
9.7949999999999999,3.3763705306531238,0.21729992446331753,0.084777755729997864,0.047424885455896577,0.030275627211014493,0.082537548205128236,1
9.7974999999999994,3.3769186969424321,0.22123252618523725,0.084871648844930939,0.027696448160192868,0.030275627211014493,0.082537548205128236,1
9.8000000000000007,3.3774766911429137,0.22516255822219527,0.084916263192989325,0.0079982812709389547,0.039911862118589554,0.077117528837075511,1
9.8025000000000002,3.3780472778186108,0.2313069535129991,0.084889451022427842,-0.029450014634666156,0.039911862118589554,0.077117528837075511,1
9.8049999999999997,3.3786332282613292,0.23745416992737353,0.084768985695128932,-0.066931221361631224,0.0061079494408776309,0.076995193808049534,1
9.807500000000001,3.3792248407415078,0.23583658927010526,0.084632603763104317,-0.042183702645077557,0.0061079494408776309,0.076995193808049534,1
9.8100000000000005,3.3798124142041917,0.23422260477601323,0.084558030924668862,-0.017479697037620801,0.051393901294770436,0.076336948870102034,1
9.8125,3.3804089680058094,0.24302121269432436,0.084440864273985908,-0.076262580026103449,0.051393901294770436,0.076336948870102034,1
9.8149999999999995,3.3810275265826686,0.25182739898992246,0.084176645152000795,-0.13513291470214647,0.057932089843063708,0.0739689081293156,1
9.8175000000000008,3.3816699952556757,0.2621504223275391,0.083750005733743596,-0.20621169719811938,0.057932089843063708,0.0739689081293156,1
9.8200000000000003,3.3823382961069548,0.2724943420521756,0.08314538686214569,-0.27753026018408172,0.014579374168885297,0.07372979435371689,1
9.8224999999999998,3.3830200268441399,0.2728942574992867,0.082462012817824476,-0.26921700220512157,0.014579374168885297,0.07372979435371689,1
9.8250000000000011,3.3837027871476861,0.2733178788500556,0.081799065294130613,-0.2611876371804096,0.02232241001758422,0.073373814929116987,1
9.8275000000000006,3.3843888622103013,0.27554615966057006,0.081137990561098383,-0.26771950207425477,0.02232241001758422,0.073373814929116987,1
9.8300000000000001,3.3850805381400435,0.27779867551025833,0.080460228047810889,-0.2745390758112114,0.025196019850302172,0.070416455926798113,1
9.8324999999999996,3.3857787030029534,0.28073749343906268,0.079758420426101817,-0.28695765586415184,0.025196019850302172,0.070416455926798113,1
9.8350000000000009,3.3864842474784584,0.28370255919666848,0.079025180954634733,-0.29968684038237514,-0.010613596335576705,0.071274603371865031,1
9.8375000000000004,3.3871869330594739,0.2784495987661405,0.078342355562202273,-0.24661890660634903,-0.010613596335576705,0.071274603371865031,1
9.8399999999999999,3.3878765121602541,0.27321666474545603,0.077791881198198243,-0.19379725572939654,-0.011900229552589675,0.070576160302663213,1
9.8424999999999994,3.3885526591485551,0.26770317155909401,0.077376177954746453,-0.13879297485568787,-0.011900229552589675,0.070576160302663213,1
9.8450000000000006,3.3892150373944903,0.26220093064230482,0.077097800958594601,-0.083927141563746976,-0.020982432719282941,0.072428050671550712,1
9.8475000000000001,3.3898610547615324,0.25461359357292745,0.076977441208302563,-0.012368500135360644,-0.020982432719282941,0.072428050671550712,1
9.8499999999999996,3.3904881061720791,0.24702722843088418,0.077035948389115289,0.059178055282727474,-0.021362361709257007,0.072434782400091671,1
9.8525000000000009,3.391096077654729,0.23934871170241057,0.077274256799095636,0.13148417695489584,-0.021362361709257007,0.072434782400091671,1
9.8550000000000004,3.391684841141887,0.23165988885467273,0.077693476166959874,0.20391857048499762,-0.0070112743109816168,0.078635324256174019,1
9.8574999999999999,3.3922584943118403,0.2272595327069632,0.078260891384121206,0.2500517266604958,-0.0070112743109816168,0.078635324256174019,1
9.8599999999999994,3.3928211216645305,0.22283860676473341,0.078943944682054193,0.29643675347639359,0.019625334839002653,0.079336256258835336,1
9.8625000000000007,3.3933803309868451,0.22452443044536663,0.079681867334575565,0.29395397187006012,0.019625334839002653,0.079336256258835336,1
9.8650000000000002,3.3939437218142676,0.22618384877340575,0.080413976387491481,0.29178543370887772,0.077100883668218767,0.073546618063573474,1
9.8674999999999997,3.3945277595942547,0.24104213768235011,0.081008500008961676,0.18388135739812886,0.077100883668218767,0.073546618063573474,1
9.870000000000001,3.3951489161135839,0.25588075856992776,0.081333568375214466,0.076199539898107002,0.039538842016348219,0.074914955632387106,1
9.8725000000000005,3.3957963544042764,0.26206896342291103,0.081476188000572644,0.037906784289640595,0.039538842016348219,0.074914955632387106,1
9.875,3.396459257906042,0.26825353819752368,0.081523137586332547,-0.00034361790565464595,0.10222011772268888,0.074332480186291475,1
9.8774999999999995,3.3971556479889187,0.28886000395525302,0.081329936598418334,-0.15423354020167315,0.10222011772268888,0.074332480186291475,1
9.8800000000000008,3.3979035726480773,0.30948413493098009,0.080751806584564323,-0.30831941539171259,0.080629851530531288,0.070271220090936767,1
9.8825000000000003,3.3986968870359955,0.325173944652698,0.079837815580493673,-0.42294746912219716,0.080629851530531288,0.070271220090936767,1
9.8849999999999998,3.3995294803261014,0.34090930043764539,0.078636641068272159,-0.53808934518922269,0.047245717396895315,0.065049515229094176,1
9.8875000000000011,3.400391872055232,0.34901328032368439,0.077223885418660237,-0.59222190524806961,0.047245717396895315,0.065049515229094176,1
9.8900000000000006,3.4012745948937737,0.35717506385485254,0.075674972495598597,-0.64702537547052397,-0.034226647575236836,0.063833635842525216,1
9.8925000000000001,3.4021543310583473,0.34662135377237863,0.074176368548845101,-0.55195248307535638,-0.034226647575236836,0.063833635842525216,1
9.8949999999999996,3.4030077362444859,0.33610913948369087,0.072914773179221348,-0.4574038697679535,-0.011720504969698516,0.067820863568126999,1
9.8975000000000009,3.4038413922410751,0.33082154111510453,0.071836957486343056,-0.40492085217137669,-0.011720504969698516,0.067820863568126999,1
9.9000000000000004,3.4046618716178654,0.32556714547881321,0.070889829713958755,-0.35284490352678338,-0.039355101266737053,0.06646890393537222,1
9.9024999999999999,3.4054612841190774,0.31396662798499103,0.070136351645699743,-0.24998521821045713,-0.039355101266737053,0.06646890393537222,1
9.9049999999999994,3.4062317204286288,0.30238491425249381,0.06963970574615104,-0.14736298377262225,-0.031286158158771477,0.07207902952641991,1
9.9075000000000006,3.4069755449591761,0.29267604937437336,0.069380753211985446,-0.059815772184417138,-0.031286158158771477,0.07207902952641991,1
9.9100000000000001,3.4076951045431074,0.28297182576200014,0.069340578580230211,0.027673469315740204,-0.013505714095028253,0.071834906731472969,1
9.9124999999999996,3.4083955300328355,0.27736781305285862,0.06947800908941594,0.082280160301775901,-0.013505714095028253,0.071834906731472969,1
9.9150000000000009,3.4090819379745287,0.2717570397127434,0.069752048390394297,0.13696966346019024,-0.017247266732628903,0.07215655007559485,1
9.9175000000000004,3.409753226965651,0.26527188522961115,0.07017162680364919,0.19872097242702791,-0.017247266732628903,0.07215655007559485,1
9.9199999999999999,3.4104082839842813,0.2587706309864064,0.070745818373675218,0.26067043240368759,0.019025341818058233,0.071411580110853232,1
9.9224999999999994,3.4110575192145913,0.2606136636985385,0.071391318053359035,0.25577551230063167,0.019025341818058233,0.071411580110853232,1
9.9250000000000007,3.4117113330440825,0.26243358387769861,0.072024924710240273,0.25115514720257381,0.030721778367994508,0.07141817495911687,1
9.9275000000000002,3.4123730391529388,0.26692759440250152,0.072620280040642582,0.22517271878769221,0.030721778367994508,0.07141817495911687,1
9.9299999999999997,3.4130459534843376,0.27140056477668251,0.073150994411670139,0.19943764341965486,0.026416144451236287,0.072729477941661888,1
9.932500000000001,3.4137287858545466,0.27486239998002243,0.073627601260708053,0.18188243237586843,0.026416144451236287,0.072729477941661888,1
9.9350000000000005,3.4144202515033673,0.27830745651451844,0.074060571579495471,0.16452524756472814,0.030529931711862066,0.070673963403157777,1
9.9375,3.4151214955781586,0.28268543626064391,0.074440871824452678,0.13974278190912282,0.030529931711862066,0.070673963403157777,1
9.9399999999999995,3.4158336678139092,0.2870503697843762,0.074759413315270959,0.11511372312826432,0.049532727511334251,0.070396421747501742,1
9.9425000000000008,3.4165622119736052,0.29578355581619775,0.074972646960222752,0.055489410448752434,0.049532727511334251,0.070396421747501742,1
9.9450000000000003,3.4173125810325504,0.30451126863557709,0.075036913112769887,-0.0040715995314688017,0.026261715464600672,0.069471353673522404,1
9.9474999999999998,3.4180780658672258,0.30787678877754227,0.075006042481893673,-0.020627144192115022,0.026261715464600672,0.069471353673522404,1
9.9500000000000011,3.4188519665607453,0.31124421019747833,0.074933758689600768,-0.037205132773547825,0.0028704528502104124,0.066963842884618541,1
9.9525000000000006,3.419627552161713,0.30922461185442424,0.074874020033945485,-0.01058991463543682,0.0028704528502104124,0.066963842884618541,1
9.9550000000000001,3.4203980903760542,0.30720592092186583,0.074880799983052304,0.016014341402499833,0.0062987806979896551,0.07206575237435979,1
9.9574999999999996,3.4211645681050795,0.30597588467979731,0.074946185746743249,0.036298815220433683,0.0062987806979896551,0.07206575237435979,1
9.9600000000000009,3.4219279671791751,0.30474270394398018,0.07506232560200593,0.056621142534671244,0.022343797455036018,0.067262546213810295,1
9.9625000000000004,3.4226928988276089,0.30720182578819133,0.075192277240826375,0.047349517354311761,0.022343797455036018,0.067262546213810295,1
9.9649999999999999,3.4234639727150822,0.30965663555851641,0.075299115762198138,0.038128985387970243,-0.018891896764894136,0.071317750790297021,1
9.9674999999999994,3.4242293030259114,0.30260666366418126,0.075478203536593763,0.1051529922759798,-0.018891896764894136,0.071317750790297021,1
9.9700000000000006,3.4249769990675074,0.29554833288527732,0.07582496700315719,0.17228053523752984,0.05844957996365182,0.069416710721812908,1
9.9725000000000001,3.4257293041943777,0.30629350148972778,0.076161136935785648,0.09668144008931813,0.05844957996365182,0.069416710721812908,1
9.9749999999999996,3.4265084584246632,0.31702888876940533,0.076308467772060587,0.021194639626067338,0.034928272206702041,0.067696830127531665,1
9.9775000000000009,3.4273076740528321,0.32234353191151516,0.076321446897618161,-0.010810380415008841,0.034928272206702041,0.067696830127531665,1
9.9800000000000004,3.4281201769360035,0.32765919715456865,0.076254405893059346,-0.042827372296455453,0.061554962962032458,0.065321465742859575,1
9.9824999999999999,3.4289536406884431,0.33911322406930755,0.076045780609215255,-0.12408910786704197,0.061554962962032458,0.065321465742859575,1
9.9849999999999994,3.429815753606698,0.35057991180647219,0.075633839525762595,-0.20549584335053706,0.041371984502788881,0.063624293774395047,1
9.9875000000000007,3.430700744687333,0.35741660669266673,0.075064721732477135,-0.24984095615919349,0.041371984502788881,0.063624293774395047,1
9.9900000000000002,3.4316028566873182,0.36427736007071215,0.074384401205233208,-0.29446633954423351,0.014396485598678057,0.067849335833052637,1
9.9924999999999997,3.4325143832665863,0.36494822781330188,0.073654447899880945,-0.28954794683078761,0.014396485598678057,0.067849335833052637,1
9.995000000000001,3.4334276192754101,0.36564483662448616,0.072936405363561926,-0.28493691008078825,-0.034949085931376189,0.062508511658660268,1
9.9975000000000005,3.434328407296523,0.35498857325339483,0.072343577280589627,-0.18936326060930392,-0.034949085931376189,0.062508511658660268,1
10,3.4352025741057437,0.34434666617727522,0.071989438414667054,-0.093970388314416939,-0.034949085931376189,0.062508511658660268,1
