# {"fell": false, "fall_time": null, "duration": 6.0, "label": "cma-es", "gains": [1.02921855529273, 0.19699796421116256, 0.10154939652456442, 0.3255397043589532], "start_pitch": 0.10000736613927509, "seed": 100}
t,x,x_dot,theta,theta_dot,torque,pitch_reference,velocity_goal
0,0,0,0.10000736613927509,0,0,-0.0018865403645213492,0
0.0025000000000000001,-4.433636440817969e-06,-0.0035471932433703592,0.10006026873295047,0.042325577147496726,0,-0.0018865403645213492,0
0.0050000000000000001,-1.7738807446616197e-05,-0.0070977959565019129,0.10021902905222681,0.084693187515085616,0,-0.0046625024900365068,0
0.0074999999999999997,-3.9928298740458011e-05,-0.010655217833056589,0.10048380473716845,0.12714488083168957,0,-0.0046625024900365068,0
0.01,-7.1023420768283877e-05,-0.014222868986320608,0.10085485858980683,0.16972273962666784,0.11111395472951896,-0.0025600689048440577,0
0.012500000000000001,-7.927712320270896e-05,0.0076181024095886909,0.10107799776022575,0.0088083138496652669,0.11111395472951896,-0.0025600689048440577,0
0.014999999999999999,-3.2933798434402833e-05,0.02945800537667792,0.10089890987864891,-0.15209443868785963,0.12281457490378285,-0.021011211159307416,0
0.017500000000000002,7.1375100914157063e-05,0.053994202034742061,0.10029054655254339,-0.33465134628932414,0.12281457490378285,-0.021011211159307416,0
0.02,0.0002370721556233491,0.078572327439459355,0.099225274421834792,-0.51766270612334009,0.13531178809176114,-0.025449356522143873,0
0.022499999999999999,0.00046786784219457559,0.10607757880823813,0.097672989189436885,-0.72430924335758173,0.13531178809176114,-0.025449356522143873,0
0.025000000000000001,0.00076753771048667643,0.13367601009975327,0.095602891569700865,-0.93195967292897497,0.10525579536684326,-0.034366115993505232,0
0.0275,0.0011277326906716605,0.15449960754746614,0.093081147676513612,-1.0856523159260532,0.10525579536684326,-0.034366115993505232,0
0.029999999999999999,0.0015401410036012251,0.17544950553682329,0.090173465960473417,-1.2407417931131715,0.075848195979099087,-0.053188654423543452,0
0.032500000000000001,0.0019966569105154498,0.18978589959505374,0.08694378464697898,-1.3432611274758293,0.075848195979099087,-0.053188654423543452,0
0.035000000000000003,0.0024891880392443541,0.20426334191037793,0.083455822504971314,-1.4473859180152062,0.038243180065647947,-0.066755219276033825,0
0.037499999999999999,0.0030072835435103521,0.21023570621196405,0.079792136543454392,-1.4838304153314088,0.038243180065647947,-0.066755219276033825,0
0.040000000000000001,0.0035404811678547156,0.21634559750023108,0.076035316131076724,-1.5219001968945418,0.031402603571558441,-0.072928520674099662,0
0.042500000000000003,0.0040871579351068211,0.22101902255404329,0.072197054656717927,-1.5489851673910431,0.031402603571558441,-0.072928520674099662,0
0.044999999999999998,0.0046456933426917502,0.22583293219819078,0.068288997031157095,-1.5777421837162744,0.0073913646968680998,-0.071580109050479804,0
0.047500000000000001,0.0052095115172441659,0.22524380931108801,0.064362520877589799,-1.5637087781681891,0.0073913646968680998,-0.071580109050479804,0
0.050000000000000003,0.0057720231964146071,0.22478766351008472,0.060469106604392357,-1.5512913313503769,0.0034047511586840482,-0.069039772844468633,0
0.052499999999999998,0.0063324079395637375,0.22354192611385046,0.056613970865348903,-1.5330823439269463,0.0034047511586840482,-0.069039772844468633,0
0.055,0.0068898414519274693,0.22242654679771678,0.052802374936958572,-1.5164574059057876,-0.020843538685793504,-0.073108035093639376,0
0.057500000000000002,0.0074376304556138919,0.2158247499898315,0.049086702099929977,-1.4563288561656154,-0.020843538685793504,-0.073108035093639376,0
0.059999999999999998,0.0079690641680287451,0.20934171461334955,0.045519511599014136,-1.3976632358987371,-0.017658319115358277,-0.064753765115557971,0
0.0625,0.008485357826649699,0.20371225504713311,0.042089800179004919,-1.3463387514967564,-0.017658319115358277,-0.064753765115557971,0
0.065000000000000002,0.0089877192643124972,0.19819538477271478,0.038786672297032615,-1.2963889943194411,-0.013806596902047346,-0.058472646874073157,0
0.067500000000000004,0.0094775426809773963,0.1936814450891535,0.035597779556760384,-1.2549448192095713,-0.013806596902047346,-0.058472646874073157,0
0.070000000000000007,0.0099562157787704518,0.18927465777730229,0.032510865750078159,-1.2147996686285858,-0.016802378102598773,-0.055614606874702419,0
0.072499999999999995,0.010423133659457667,0.18427669512509498,0.029529709040860188,-1.1703320265694392,-0.016802378102598773,-0.055614606874702419,0
0.074999999999999997,0.01087768315121407,0.17937941387315878,0.026658191286407302,-1.127081659913191,-0.021536457240415568,-0.058277513789757963,0
0.077499999999999999,0.011318737659756885,0.17348003451499056,0.023904356396384992,-1.0761775564792653,-0.021536457240415568,-0.058277513789757963,0
0.080000000000000002,0.011745160924949233,0.16767378100139155,0.021276367326085094,-1.0263969362791472,-0.033997640712659691,-0.062185628451648177,0
0.082500000000000004,0.012153562165108829,0.15906145758780108,0.018800537413050048,-0.95443896749755586,-0.033997640712659691,-0.062185628451648177,0
0.085000000000000006,0.012540537091021821,0.15053178974048981,0.01650334203072101,-0.88347759371040535,-0.013696973783585194,-0.046350368233727887,0
0.087500000000000008,0.012912182185716811,0.14679708676346631,0.014335018897664371,-0.85133412464909997,-0.013696973783585194,-0.046350368233727887,0
0.089999999999999997,0.013274585430260775,0.14313787573901909,0.012245918854151321,-0.82009379021631756,-0.017647489128196903,-0.043004172104966439,0
0.092499999999999999,0.013626784584760944,0.13863331269867743,0.010243041618907668,-0.78234983282348747,-0.017647489128196903,-0.043004172104966439,0
0.095000000000000001,0.013967810002698743,0.13419836524893133,0.0083334765774308005,-0.74543767452361676,-0.025185804332789708,-0.037400015667253872,0
0.097500000000000003,0.014295641503293042,0.12807753541390837,0.0065327833035215598,-0.69524471139272759,-0.025185804332789708,-0.037400015667253872,0
0.10000000000000001,0.014608249399122315,0.12201877256170368,0.0048566358010235225,-0.64579246442148786,-0.020456844251653682,-0.027536098989726469,0
0.10250000000000001,0.014907157670784526,0.11711720339871201,0.0032922101609286908,-0.60585954134824682,-0.020456844251653682,-0.027536098989726469,0
0.105,0.015193880765102188,0.11227005694716635,0.00182679803221077,-0.56657474394283269,-0.023645906262828427,-0.025463462556030343,0
0.1075,0.015467623765578753,0.10673251429816226,0.00046627351761846861,-0.52194207901791623,-0.023645906262828427,-0.025463462556030343,0
0.11,0.015727582555164762,0.10124203724101383,-0.00078337879509838117,-0.47786917647027805,-0.022868799832929939,-0.022733079975521417,0
0.1125,0.015974095738517928,0.095975392908066878,-0.0019253135806661928,-0.43576044261926783,-0.022868799832929939,-0.022733079975521417,0
0.115,0.016207492376052617,0.090748179121114519,-0.0029625713082828409,-0.39412010681547699,-0.026213427589525214,-0.030252618206181928,0
0.11750000000000001,0.01642689452321627,0.084779138644253516,-0.0038884617557525388,-0.34665871554797578,-0.026213427589525214,-0.030252618206181928,0
0.12,0.016631414293276477,0.078841569241969126,-0.0046961760528116177,-0.29957075442099529,-0.018708129389931105,-0.034240450476476524,0
0.1225,0.016823305875097359,0.074675981616541973,-0.0054041000752472453,-0.26681930757480299,-0.018708129389931105,-0.034240450476476524,0
0.125,0.017004814396220085,0.070534629866571982,-0.0060305121626788088,-0.234355372440398,-0.014137676993054311,-0.022978474251202217,0
0.1275,0.017177324780762577,0.067477045160287685,-0.0065867534265912414,-0.21067758864351008,-0.014137676993054311,-0.022978474251202217,0
0.13,0.017342215566028871,0.064438594970892132,-0.0070840892491439164,-0.18722679744276063,0.0027709397160662094,-0.022077027258334474,0
0.13250000000000001,0.017504444853093576,0.065347717833169949,-0.0075625138708707322,-0.19554715282068058,0.0027709397160662094,-0.022077027258334474,0
0.13500000000000001,0.01766896888303494,0.066274515628734848,-0.0080619999906593777,-0.20407749930178701,0.0013164044438884063,-0.018249154206122026,0
0.13750000000000001,0.017835410183335579,0.066881644775161217,-0.0085796897168425486,-0.21011134916137203,0.0013164044438884063,-0.018249154206122026,0
0.14000000000000001,0.018003392933747142,0.067507767782777353,-0.009112744764301484,-0.21637085218471067,0.0030635983340785889,-0.019340186206333147,0
0.14250000000000002,0.018173472949512604,0.06855957473494044,-0.0096658146140661538,-0.22612460012011015,0.0030635983340785889,-0.019340186206333147,0
0.14499999999999999,0.018346207821863397,0.069631800766703569,-0.010243569972646836,-0.23612101828919443,-0.004424824935631259,-0.013685072115458075,0
0.14749999999999999,0.018519474099955632,0.068984757315129278,-0.010829157523077075,-0.2323910025949327,-0.004424824935631259,-0.013685072115458075,0
0.14999999999999999,0.018691149145615361,0.068358760368424532,-0.011405733215759269,-0.22891088557731026,-0.0078988072274135401,-0.023418102512308393,0
0.1525,0.01886027591909515,0.066946045702115417,-0.011965811339704223,-0.21919181162349413,-0.0078988072274135401,-0.023418102512308393,0
0.155,0.019025895943906298,0.065553216578802517,-0.012501888909376825,-0.20970872178004779,-0.0077504319660573152,-0.010456250292124755,0
0.1575,0.019188100960273843,0.064213899367215929,-0.013014889269036196,-0.20072838701072634,-0.0077504319660573152,-0.010456250292124755,0
0.16,0.019346980615970538,0.062892794087987064,-0.013505710924131335,-0.19196416761508187,-0.011674237198438738,-0.021709075719824857,0
0.16250000000000001,0.019501439598735161,0.060677181150765432,-0.01396572792647423,-0.17608250628133743,-0.011674237198438738,-0.021709075719824857,0
0.16500000000000001,0.019650379866010044,0.058477582828956251,-0.014386281686279775,-0.1603907394324062,-0.019880678344077588,-0.019300697244219896,0
0.16750000000000001,0.019791455827573273,0.054385395235894897,-0.014748680611874355,-0.12955454965455465,-0.019880678344077588,-0.019300697244219896,0
0.17000000000000001,0.019922316712835966,0.050305053515927088,-0.0150341712803326,-0.098858588209034301,-0.013474912661136238,-0.024505517305611232,0
0.17250000000000001,0.020044849355843674,0.047722420331087798,-0.015258006559165947,-0.080225745764347711,-0.013474912661136238,-0.024505517305611232,0
0.17500000000000002,0.020160934904579125,0.045147095966520445,-0.015435372182377173,-0.061679519740808444,-0.0052904952491391807,-0.017954997380000479,0
0.17749999999999999,0.020272966862281992,0.044479377615918039,-0.015585552466558874,-0.058475478693347502,-0.0052904952491391807,-0.017954997380000479,0
0.17999999999999999,0.020383336208709836,0.043816959015129352,-0.015727801994524941,-0.055334345860233718,0.0097752988246472983,-0.022307558995426947,0
0.1825,0.020496431962460933,0.046660658574549714,-0.015897419063666856,-0.080371390534295636,0.0097752988246472983,-0.022307558995426947,0
0.185,0.020616645510149724,0.049511568894886747,-0.01612973049578386,-0.10549429948042079,-0.0035279326506473885,-0.015363340568358119,0
0.1875,0.020740133628776723,0.049280520228401528,-0.016393951747528002,-0.10590163383904802,-0.0035279326506473885,-0.015363340568358119,0
0.19,0.020863056097520833,0.049059055892421037,-0.016659333505045979,-0.10642278644253436,0.0071530921308004709,-0.016178221601914712,0
0.1925,0.020988539262963714,0.051329223241898869,-0.016951076021007035,-0.12699201991775416,0.0071530921308004709,-0.016178221601914712,0
0.19500000000000001,0.021119711716167243,0.05361079437893964,-0.017294406726569216,-0.14769701027169235,-0.011850778736256702,-0.019488090573318826,0
0.19750000000000001,0.021251084771788057,0.051489779683002529,-0.017645365253375334,-0.13309505630154314,-0.011850778736256702,-0.019488090573318826,0
0.20000000000000001,0.021377170708997761,0.04938087941857279,-0.01796000167124755,-0.11863671163651969,-0.014809347783774497,-0.019319546543843231,0
0.20250000000000001,0.021497138905344274,0.046595330567335939,-0.018231754762491999,-0.098785341171539684,-0.014809347783774497,-0.019319546543843231,0
0.20500000000000002,0.021610154872023588,0.04381879481128214,-0.018454017338533191,-0.079040734811545332,-0.0029210384370070524,-0.0068703998221381606,0
0.20750000000000002,0.021719691543816026,0.043811752640796217,-0.01865475770353529,-0.081565930785525487,-0.0029210384370070524,-0.0068703998221381606,0
0.20999999999999999,0.021829219780262605,0.043812085159794428,-0.018861919989035157,-0.084178730348427697,-0.0051877635212104062,-0.022176527898223122,0
0.21249999999999999,0.021938100015400214,0.043293361957024587,-0.019070439970536746,-0.082652202620109902,-0.0051877635212104062,-0.022176527898223122,0
0.215,0.022045692827336285,0.042782124177718671,-0.019275255055833794,-0.081214547368640602,-0.020484799597480403,-0.0088807305154540248,0
0.2175,0.022147574350451484,0.038724106836631855,-0.019440908963568104,-0.051320554562352141,-0.020484799597480403,-0.0088807305154540248,0
0.22,0.022239317282186578,0.034670794810747183,-0.019531904199956058,-0.02148221355861021,0.0022518737340448255,-0.016371888291883931,0
0.2225,0.02232753286137493,0.035902085358845953,-0.019601366391475167,-0.034092497861100399,0.0022518737340448255,-0.016371888291883931,0
0.22500000000000001,0.022418830266049166,0.037136444603476662,-0.019702397106733764,-0.046739285715707818,-0.016397219206614987,-0.01259278696806773,0
0.22750000000000001,0.022507802830160885,0.034042150293956158,-0.019791611372450012,-0.024638562653050547,-0.016397219206614987,-0.01259278696806773,0
0.23000000000000001,0.022589042893827516,0.030950107840432933,-0.019825612133532244,-0.0025644992482454047,-0.0062436037821565517,-0.00845164844108468,0
0.23250000000000001,0.022665502201377457,0.030217353334661405,-0.019828116208946686,0.00056105926778948203,-0.0062436037821565517,-0.00845164844108468,0
0.23500000000000001,0.022740129618116438,0.029484547975743184,-0.019822806334105273,0.0036872213930486198,-0.0083194841372144068,-0.018719394056372237,0
0.23750000000000002,0.022812321821355397,0.028269105849496361,-0.019804835473602598,0.010690757333740308,-0.0083194841372144068,-0.018719394056372237,0
0.23999999999999999,0.022881474338539633,0.027052693075388021,-0.019769342952096505,0.017705808378827095,0.0051389441619340524,0.000595585734182598,0
0.24249999999999999,0.022951492328772895,0.028961569401889924,-0.019747678144134518,-0.00037241786922137185,0.0051389441619340524,0.000595585734182598,0
0.245,0.02302628221347354,0.030870479167674946,-0.019771205373870431,-0.018451042199390387,0.0065864286776798793,-0.012940493672116174,0
0.2475,0.023106266458441917,0.033117347949623441,-0.019843325581396426,-0.039250258432918878,0.0065864286776798793,-0.012940493672116174,0
0.25,0.023191871886128788,0.035367736427231879,-0.019967491595415072,-0.060091392480999879,-0.016932574686126366,-0.013175642293319963,0
0.2525,0.023276279757044195,0.032159300962242142,-0.020088986484511361,-0.037113286135044193,-0.016932574686126366,-0.013175642293319963,0
0.255,0.023352671218689284,0.028954259183903409,-0.020153091498510703,-0.014175351337063203,-0.010094369987569341,-0.0044930376620341307,0
0.25750000000000001,0.023423037922709378,0.027339241839589731,-0.020175823530843053,-0.0040119086439673688,-0.010094369987569341,-0.0044930376620341307,0
0.26000000000000001,0.023489367731810522,0.025724589277230009,-0.020173154645639256,0.0061472084799099134,-0.017219813167378428,-0.0060191822189772518,0
0.26250000000000001,0.023549591198628091,0.02245391169945174,-0.020128464572736173,0.029608074914616436,-0.017219813167378428,-0.0060191822189772518,0
0.26500000000000001,0.023601635033680287,0.019180526030586058,-0.020025087561212847,0.053100994848651731,-0.013057841370838987,-0.0069185663544557236,0
0.26750000000000002,0.02364669842210804,0.016869258289141608,-0.019872618074957962,0.068885571475483159,-0.013057841370838987,-0.0069185663544557236,0
0.27000000000000002,0.023685976093577157,0.01455171219705494,-0.019680597713899586,0.084744541892786684,-0.017558315077059163,-0.018806075921071554,0
0.27250000000000002,0.023718143573595911,0.011180794534275916,-0.01943832299216295,0.10909272108259915,-0.017558315077059163,-0.018806075921071554,0
0.27500000000000002,0.023741871752343737,0.0077998994289076168,-0.019135035699973692,0.13355899962816342,-0.0098527048377941399,0.0016713778059346291,0
0.27750000000000002,0.02375937075032114,0.0061971985711135541,-0.018788379520906694,0.14379085393008878,-0.0098527048377941399,0.0016713778059346291,0
0.28000000000000003,0.023772846855942015,0.0045814294786790544,-0.018415952283903188,0.15417769731828243,0.013372407268951055,-0.00016349662150069342,0
0.28250000000000003,0.023789011525525164,0.0083482559636355834,-0.018071523765020175,0.12138956882983218,0.013372407268951055,-0.00016349662150069342,0
0.28500000000000003,0.023814579102666742,0.012104241794926179,-0.017808896718848,0.088730717265395109,-0.011226373621490503,0.0032733630864542236,0
0.28750000000000003,0.023842381669423041,0.010136364978888849,-0.0175704142959681,0.10207237154051602,-0.011226373621490503,0.0032733630864542236,0
0.28999999999999998,0.02386525318870375,0.008159200762711304,-0.01729844311235066,0.11552413355333119,-0.0013331291192848244,-0.0059109833412667508,0
0.29249999999999998,0.023886042394404523,0.0084704612932071446,-0.01701576679793949,0.1106371472122919,-0.0013331291192848244,-0.0059109833412667508,0
0.29499999999999998,0.023907597166183667,0.0087717261332037749,-0.016745158412637007,0.1058689280581194,-0.0062102287591624811,0.0064414440034641744,0
0.29749999999999999,0.023928476467246124,0.0079300814903779677,-0.016474950742463901,0.11031659248513101,-0.0062102287591624811,0.0064414440034641744,0
0.29999999999999999,0.023947239239378314,0.0070784348600595581,-0.016193476532935548,0.11488296807446406,0.0029890756680627821,0.0040619160772337225,0
0.30249999999999999,0.023966532040400758,0.0083541743933880658,-0.015921892637051481,0.10240355035574883,0.0029890756680627821,0.0040619160772337225,0
0.30499999999999999,0.023989002421529168,0.0096206852962628479,-0.015681367340366133,0.090033871798105417,-0.015690468887836252,-0.0044230144991559538,0
0.3075,0.024009202817749719,0.0065380910641705554,-0.015428066811275015,0.11262480115417538,-0.015690468887836252,-0.0044230144991559538,0
0.31,0.024021684315477111,0.0034452223931315039,-0.015118141916418073,0.1353374418712405,-0.010521283207351356,-0.0016758331099890368,0
0.3125,0.024027920194886868,0.0015413306112635435,-0.014763316968515922,0.14854801923999666,-0.010521283207351356,-0.0016758331099890368,0
0.315,0.024029379715921371,-0.0003760654480091405,-0.014375268374613795,0.16191874495876715,-0.001895360489768118,0.0012682182832407451,0
0.3175,0.02402853336076605,-0.00030343975299303941,-0.013973702088125858,0.15936304282385996,-0.001895360489768118,0.0012682182832407451,0
0.32000000000000001,0.024027850507444212,-0.00024522700751201579,-0.013578310506404706,0.15697854099920788,0.010747494261144406,0.011387211322733699,0
0.32250000000000001,0.024030968158934359,0.0027371916421166857,-0.013218165804232716,0.13116289209502713,0.010747494261144406,0.011387211322733699,0
0.32500000000000001,0.024041526647398823,0.0057078273318735273,-0.012922379177971679,0.10548749767562468,0.0024082509532347102,-0.013669921729948154,0
0.32750000000000001,0.024057076780461036,0.006730767257405736,-0.012671177543311277,0.095491778138553043,0.0024082509532347102,-0.013669921729948154,0
0.33000000000000002,0.024075173299998389,0.0077450859608277313,-0.012444834912692104,0.085598517634370125,-0.0069747712689562803,0.0077584724176588855,0
0.33250000000000002,0.024093069878374545,0.0065708241073472512,-0.012221215894577272,0.093312747249382835,-0.0069747712689562803,0.0077584724176588855,0
0.33500000000000002,0.02410802036576035,0.0053880957985664784,-0.011978187463828244,0.10112744062630753,0.016631876203378436,0.0034182425655370041,0
0.33750000000000002,0.024126860880104486,0.0096830744210499309,-0.011770568313782795,0.06498266238380937,0.016631876203378436,0.0034182425655370041,0
0.34000000000000002,0.024156430881730386,0.013972225108575913,-0.011653216319359054,0.028907290388634668,-0.016779333582312966,-0.0051009966120737745,0
0.34250000000000003,0.024187013195189219,0.010492986487159291,-0.011548048490512415,0.05523454575011269,-0.016779333582312966,-0.0051009966120737745,0
0.34500000000000003,0.024208891618216974,0.0070087124113934456,-0.011376993875169907,0.081621463498042793,0.0014904907917191422,0.0037268573632433162,0
0.34750000000000003,0.024227358393192074,0.0077635357438947785,-0.011182496947103861,0.073990001134923614,0.0014904907917191422,0.0037268573632433162,0
0.35000000000000003,0.024247703725014613,0.0085116721476943026,-0.011006977671616741,0.066437983647676613,-0.0054547847928224499,-0.01155992230820972,0
0.35249999999999998,0.024267893952566167,0.0076394645473715824,-0.010834041854517864,0.071923076755588303,-0.0054547847928224499,-0.01155992230820972,0
0.35499999999999998,0.024285895613779383,0.0067607356188006743,-0.01064729779445287,0.077485568597359222,-0.0019389601830252707,-0.016019754343381629,0
0.35749999999999998,0.024302713235515645,0.006692199666805284,-0.010454748287480097,0.076567836170809464,-0.0019389601830252707,-0.016019754343381629,0
0.35999999999999999,0.02431935083612707,0.0066167319071774389,-0.010264390028022971,0.075732413847422186,0.0019196122237384334,-0.00055110468591484073,0
0.36249999999999999,0.02433691223374651,0.0074313053293206819,-0.010085022025338362,0.067774829057476588,0.0019196122237384334,-0.00055110468591484073,0
0.36499999999999999,0.024356502258049192,0.0082397525079664843,-0.0099254552385964843,0.059890024079479867,0.012118714308369853,0.0030675088028556193,0
0.36749999999999999,0.024381069713305181,0.011413514678287278,-0.009809317304644365,0.033028614309834323,0.012118714308369853,0.0030675088028556193,0
0.37,0.024413567353927478,0.014584303485051488,-0.0097602826968600995,0.0062025730045788298,-0.0036187476272557212,0.0044899370350004169,0
0.3725,0.024449418421644831,0.01409643769288794,-0.0097415763692396615,0.0087638304609181268,-0.0036187476272557212,0.0044899370350004169,0
0.375,0.024484048880695886,0.0136077778046813,-0.0097164556895958602,0.011334514590548846,0.003695368665635774,-0.011438195040176407,0
0.3775,0.024519581493587284,0.014818225193083701,-0.0097019607765134949,0.00026245335094101686,0.003695368665635774,-0.011438195040176407,0
0.38,0.024558139986941521,0.016028648870818427,-0.0097151431885316736,-0.010809326159965956,-0.015472943717475729,-0.0013500596678395263,0
0.38250000000000001,0.024594156407013769,0.012784463825300579,-0.009711288777140635,0.013893132183973476,-0.015472943717475729,-0.0013500596678395263,0
0.38500000000000001,0.024622061251993042,0.0095390138835380663,-0.0096456650333660056,0.03861058372370027,0.0038327557484156881,0.0010218902220851111,0
0.38750000000000001,0.024647457634648064,0.010777595870446556,-0.0095632502522199174,0.027327139097964928,0.0038327557484156881,0.0010218902220851111,0
0.39000000000000001,0.02467594717425798,0.01201370909052088,-0.0095090048955713616,0.016073028369291531,-0.0028145727933193976,-0.0063957928742829099,0
0.39250000000000002,0.024705593646993561,0.011703217607711163,-0.0094673593954166507,0.017246357466813082,-0.0028145727933193976,-0.0063957928742829099,0
0.39500000000000002,0.024734461960550257,0.011391163894093396,-0.0094227576538084435,0.018438233484795979,-0.008819198707703077,-0.0069984611607508494,0
0.39750000000000002,0.024760803477992675,0.0096816770988305805,-0.0093611400460666717,0.030860277285945807,-0.008819198707703077,-0.0069984611607508494,0
0.40000000000000002,0.024782868011229899,0.0079693883284108636,-0.0092684285684885067,0.043315562114643158,-0.0078481579879282719,-0.0022789100205755685,0
0.40250000000000002,0.024800929272483434,0.0064788847071572571,-0.0091467892748675061,0.054004605020673196,-0.0078481579879282719,-0.0022789100205755685,0
0.40500000000000003,0.024815258350705881,0.0049834798218735456,-0.0089983570858152701,0.064751801681968341,0.0029747790430832742,-0.0029411776354617454,0
0.40750000000000003,0.024828986339219813,0.0059980063149277126,-0.008848227660668664,0.055362486080461348,0.0029747790430832742,-0.0029411776354617454,0
0.41000000000000003,0.024845244212459535,0.0070075285434425486,-0.0087214951179318129,0.046032621176382425,-0.01328438821853475,-0.0038313147054498953,0
0.41250000000000003,0.024859296441317607,0.0042333973426185818,-0.0085800820338284185,0.067108010856508304,-0.01328438821853475,-0.0038313147054498953,0
0.41500000000000004,0.024866406114785685,0.0014531644393683102,-0.0083858947716067504,0.088255756282404341,-0.0061953610542464926,0.0047970210362826213,0
0.41749999999999998,0.024868615305181127,0.00031279355120915949,-0.0081552666647118702,0.096263277042559478,-0.0061953610542464926,0.0047970210362826213,0
0.41999999999999998,0.024867962808424127,-0.0008363070242060741,-0.0079044920568082308,0.1043744021787371,0.0058025764557761358,-0.0027834675189320128,0
0.42249999999999999,0.024867911945412609,0.0007941520934132279,-0.0076612994099135717,0.090197117705307139,0.0058025764557761358,-0.0027834675189320128,0
0.42499999999999999,0.024871926779512315,0.0024164631915510274,-0.007453425794456953,0.076116650994463728,0.0068995110945230063,0.010844492153759116,0
0.42749999999999999,0.024880307254119171,0.0042868915215239179,-0.0072832079018248404,0.060069842772782822,0.0068995110945230063,0.010844492153759116,0
0.42999999999999999,0.024893356716036416,0.0061518940185427877,-0.0071530228578656676,0.044087508223896094,0.0096118965871082544,-0.0044938713648326216,0
0.4325,0.024911851514915401,0.008643439809719055,-0.0070690606574087371,0.023088257457551387,0.0096118965871082544,-0.0044938713648326216,0
0.435,0.024936572178577778,0.011132901531935824,-0.0070375609319634491,0.0021137761654767308,-0.0092394931514957375,-0.0059093514037618176,0
0.4375,0.024962038407892236,0.0092399423748611622,-0.0070144974821261391,0.016338639331969679,-0.0092394931514957375,-0.0059093514037618176,0
0.44,0.024982770654645815,0.0073455001775567502,-0.0069558530730579361,0.030581098066144508,0.0026578905048802431,-0.0096827989223466446,0
0.4425,0.025002220507401508,0.0082139808513500903,-0.0068893288820566587,0.022643019634660519,0.0026578905048802431,-0.0096827989223466446,0
0.44500000000000001,0.025023838852243435,0.0090804133204744324,-0.0068426177043875514,0.014729268345114432,-0.00065224013257697403,-0.0036514586509468392,0
0.44750000000000001,0.025046659668439747,0.0091760303387620392,-0.0068079446508541187,0.013011659623173907,-0.00065224013257697403,-0.0036514586509468392,0
0.45000000000000001,0.025069718022256968,0.0092704692283016935,-0.0067775477500938829,0.011308039649714842,0.011135339096441719,0.0095599087488401312,0
0.45250000000000001,0.025096436177886251,0.012104063393577948,-0.0067789025047852646,-0.012391939899889232,0.011135339096441719,0.0095599087488401312,0
0.45500000000000002,0.02513023927111421,0.014938775822671696,-0.0068395185261356031,-0.036105211291072588,-0.0049552412622596749,-0.015506080880387565,0
0.45750000000000002,0.025166457483153808,0.014036291764642042,-0.0069219110369206881,-0.029814707684003884,-0.0049552412622596749,-0.015506080880387565,0
0.46000000000000002,0.025200422982075782,0.013136510539857128,-0.0069886187956426891,-0.023556284556007924,-0.0023466593236254689,0.0029618027072842177,0
0.46250000000000002,0.025232899764446853,0.012845260686894093,-0.0070458010800289869,-0.022193642704573854,-0.0023466593236254689,0.0029618027072842177,0
0.46500000000000002,0.025264650960716391,0.012556021267016557,-0.0070996068971956238,-0.020854868694000488,0.0068596092322405506,-0.0026583724843305496,0
0.46750000000000003,0.025298356410077921,0.014408771643868881,-0.0071715781965443941,-0.036727320795870988,0.0068596092322405506,-0.0026583724843305496,0
0.47000000000000003,0.025336697583522895,0.016264839747273638,-0.0072832763508895578,-0.052639195235397486,-0.012157598814469695,0.0015811069606119434,0
0.47250000000000003,0.025374158977057297,0.013704924206709016,-0.0073904422649574272,-0.033101235350971481,-0.012157598814469695,0.0015811069606119434,0
0.47500000000000003,0.025405224710493998,0.011148016130385487,-0.0074488122504568549,-0.013598946908119337,0.0012444817081827641,-0.0091129977710438948,0
0.47750000000000004,0.025433794154634381,0.011707785963554519,-0.0074897245214322295,-0.019133800706823797,0.0012444817081827641,-0.0091129977710438948,0
0.47999999999999998,0.025463765082917447,0.012269287055242394,-0.0075444983867387367,-0.024689215370533552,-0.020249449388289351,-0.013358337028716524,0
0.48249999999999998,0.025488897256667812,0.0078365645593384201,-0.0075630342684239087,0.0098591753932610222,-0.020249449388289351,-0.013358337028716524,0
0.48499999999999999,0.025502947157237586,0.0034029439618480997,-0.0074951936393287781,0.044418209895868907,6.3112809819998754e-05,0.0044891035296409365,0
0.48749999999999999,0.025511810569222186,0.0036871406266325776,-0.0073883050457157675,0.041100324328093234,6.3112809819998754e-05,0.0044891035296409365,0
0.48999999999999999,0.02552137976049464,0.0039676170942835598,-0.0072896552069445075,0.037826615762516197,0.0037431175166039322,0.0022305269598976432,0
0.49249999999999999,0.025532715058392781,0.0051001273559767944,-0.0072077258583206705,0.027722729754613873,0.0037431175166039322,0.0022305269598976432,0
0.495,0.025546878308619049,0.0062301309692797246,-0.0071510167473515483,0.01764861985426016,-0.0042234156774495664,-0.009145906296432034,0
0.4975,0.025561549633827677,0.0055066262328546146,-0.0071008759661804295,0.022467601255174323,-0.0042234156774495664,-0.009145906296432034,0
0.5,0.025574409742940896,0.0047810851227551975,-0.0070386585996491087,0.02731075430097113,-0.003556014275986378,0.08881531373584764,0.29999999999999999
0.50250000000000006,0.025585646917054491,0.0042082143541591699,-0.0069658551896620846,0.030937194586800179,-0.003556014275986378,0.08881531373584764,0.29999999999999999
0.505,0.025595448478695215,0.0036325401293531641,-0.0068839448965571448,0.034596913869507327,0.0054721255422263346,0.099863997265748752,0.29999999999999999
0.50750000000000006,0.025606430231662928,0.0051524402127182175,-0.0068139081690783559,0.021437481966534964,0.0054721255422263346,0.099863997265748752,0.29999999999999999
0.51000000000000001,0.025621209065245981,0.006670402658275237,-0.0067767383059912723,0.00830106960248932,-0.098823553997683958,0.094464074592649161,0.29999999999999999
0.51249999999999996,0.02560947726226679,-0.016057380596135686,-0.006529004500710491,0.18990405800006946,-0.098823553997683958,0.094464074592649161,0.29999999999999999
0.51500000000000001,0.025540907462513741,-0.038802798476755815,-0.0058270448422461461,0.37171481870054068,-0.098353264900264289,0.11349301986558669,0.29999999999999999
0.51749999999999996,0.025415571269457361,-0.061473261057817821,-0.0046711899129171144,0.55305303747707257,-0.098353264900264289,0.11349301986558669,0.29999999999999999
0.52000000000000002,0.025233498824617246,-0.084194509179306432,-0.0030612790496964025,0.73499189203921611,-0.096517239434248378,0.12339221487553263,0.29999999999999999
0.52249999999999996,0.024995076525196856,-0.10655575560922835,-0.00099985440720785652,0.9142955562432834,-0.096517239434248378,0.12339221487553263,0.29999999999999999
0.52500000000000002,0.024700651619020245,-0.12899909290166103,0.0015110141857269947,1.0945776195424985,-0.079854104588850894,0.14003119681480833,0.29999999999999999
0.52749999999999997,0.024354842320044201,-0.14766547671014241,0.0044351115686681883,1.2449059958080484,-0.079854104588850894,0.14003119681480833,0.29999999999999999
0.53000000000000003,0.023962233808517579,-0.16644035300493853,0.0077366331197765877,1.3965410007562709,-0.048586307378566868,0.15389831886142499,0.29999999999999999
0.53249999999999997,0.023531625275285486,-0.17806716964885283,0.011346062936338795,1.4912533474414398,-0.048586307378566868,0.15389831886142499,0.29999999999999999
0.53500000000000003,0.023071791777428071,-0.18982140066943307,0.015194188009857949,1.5875114838584257,-0.028187806897450651,0.1653423221342844,0.29999999999999999
0.53749999999999998,0.022588331218835554,-0.1969699661392145,0.019237399484311149,1.6473363441439357,-0.028187806897450651,0.1653423221342844,0.29999999999999999
0.54000000000000004,0.022086825802480423,-0.20425790721299694,0.023432284233474571,1.7088586781046406,-0.010232029766480967,0.16653179074142702,0.29999999999999999
0.54249999999999998,0.021572134354993819,-0.20751968502805349,0.027741296217073157,1.7386480773379176,-0.010232029766480967,0.16653179074142702,0.29999999999999999
0.54500000000000004,0.021049104535428565,-0.21092888038519925,0.032127020258621179,1.7702323534408959,0.0081248389685278765,0.16729345664852896,0.29999999999999999
0.54749999999999999,0.020522689498996615,-0.21022862207324577,0.036551226858896946,1.7694412510839241,0.0081248389685278765,0.16729345664852896,0.29999999999999999
0.55000000000000004,0.019997834216239574,-0.20968102417291345,0.040975766723020064,1.7704985326897866,0.02762961268276129,0.17479448866990721,0.29999999999999999
0.55249999999999999,0.019479807881688585,-0.2047661114432775,0.045359895104861062,1.7371164111470265,0.02762961268276129,0.17479448866990721,0.29999999999999999
0.55500000000000005,0.018973874406231019,-0.20000631179895012,0.049662896230862827,1.7055913659400674,0.051301490047994086,0.16371457666203962,0.29999999999999999
0.5575,0.018486497973836672,-0.18992103674139563,0.053834400759405925,1.6319206467081808,0.051301490047994086,0.16371457666203962,0.29999999999999999
0.56000000000000005,0.018024140656266681,-0.17999004696736698,0.057824010756266898,1.5600635809547239,0.043133052846966571,0.15019969339869571,0.29999999999999999
0.5625,0.01758406404091575,-0.17209514499128048,0.061655107857791151,1.5050958076304202,0.043133052846966571,0.15019969339869571,0.29999999999999999
0.56500000000000006,0.017163547356117768,-0.16434134184165752,0.065350874698682851,1.451790039425046,0.049894212166278089,0.13226257057232371,0.29999999999999999
0.5675,0.016764194088203857,-0.15516396551899642,0.068899747725284774,1.3875737326168622,0.049894212166278089,0.13226257057232371,0.29999999999999999
0.57000000000000006,0.016387616406787334,-0.14611994319568297,0.072290041759761448,1.3249156154292927,0.071762108769319002,0.13966738693254449,0.29999999999999999
0.57250000000000001,0.016039787243592993,-0.13216518797837432,0.075475041765292517,1.2233341060985587,0.071762108769319002,0.13966738693254449,0.29999999999999999
0.57500000000000007,0.015726685475525526,-0.11833642579841319,0.078407913619061381,1.1231942663116612,0.077399400977313945,0.13573791028597826,0.29999999999999999
0.57750000000000001,0.015449629812649789,-0.10332689960845805,0.081079116191536682,1.0139812627328033,0.077399400977313945,0.13573791028597826,0.29999999999999999
0.57999999999999996,0.015209961559577111,-0.08842467767163989,0.08347883458565164,0.90598590609910612,0.062250948414337981,0.13107787276483651,0.29999999999999999
0.58250000000000002,0.015003073713240521,-0.077100305445806969,0.085644850282381585,0.82699530064454096,0.062250948414337981,0.13107787276483651,0.29999999999999999
0.58499999999999996,0.014824389760537229,-0.065860264941374036,0.087614616581818475,0.74897136255143604,0.058964921312746894,0.11214080911728674,0.29999999999999999
0.58750000000000002,0.014672765447429778,-0.055451224402194514,0.089397997917381011,0.67787195054454474,0.058964921312746894,0.11214080911728674,0.29999999999999999
0.58999999999999997,0.014547076395082103,-0.045110881242656227,0.091004633461979789,0.60756115898436125,0.033133814383586889,0.11250489575183999,0.29999999999999999
0.59250000000000003,0.014439752275611561,-0.040757643374997779,0.092495761254097295,0.58544981296510545,0.033133814383586889,0.11250489575183999,0.29999999999999999
0.59499999999999997,0.014343242904299291,-0.036458739288892469,0.093932415996701976,0.56397869081551699,0.050139572955908422,0.11527276926712847,0.29999999999999999
0.59750000000000003,0.014262287565580482,-0.028314372869245853,0.09527712148676977,0.51188797785131002,0.050139572955908422,0.11527276926712847,0.29999999999999999
0.59999999999999998,0.014201628964298397,-0.020220501853902936,0.096492342569100512,0.46038134015088317,0.037072972177363453,0.098861741233019204,0.29999999999999999
0.60250000000000004,0.014157405942751991,-0.015164920136397139,0.097609443250157898,0.43338138603526238,0.037072972177363453,0.098861741233019204,0.29999999999999999
0.60499999999999998,0.014125770405385433,-0.010150092234813493,0.098659647922223564,0.40685958556173701,0.037848929169504143,0.099925419832503012,0.29999999999999999
0.60750000000000004,0.014106845647880638,-0.0049958888881347129,0.099642336219642136,0.37936344718985832,0.037848929169504143,0.099925419832503012,0.29999999999999999
0.60999999999999999,0.014100761171137151,0.00012256319770878338,0.10055681441661349,0.35228645974172768,0.045639820531865272,0.096567146132450321,0.29999999999999999
0.61250000000000004,0.014109658859794106,0.006990220589438963,0.10138624387136935,0.31131946791156029,0.045639820531865272,0.096567146132450321,0.29999999999999999
0.61499999999999999,0.014135687095656477,0.013827660869593052,0.10211370431295916,0.27070357940441153,0.041456303180269993,0.098773454643950209,0.29999999999999999
0.61750000000000005,0.014177579395567231,0.019682130777035095,0.10274959552815063,0.23805665907505885,0.041456303180269993,0.098773454643950209,0.29999999999999999
0.62,0.01423407880897847,0.025513869705724244,0.10330420875437094,0.20567514083807914,0.045585924534124307,0.093781470828563265,0.29999999999999999
0.62250000000000005,0.014306312446496295,0.03227003581539023,0.10376871012529795,0.16596086681352532,0.045585924534124307,0.093781470828563265,0.29999999999999999
0.625,0.014395415571580372,0.039010100462803073,0.10413416898103763,0.12643368369759939,0.03264061787321329,0.080962266868231506,0.29999999999999999
0.62750000000000006,0.014497654361306626,0.042779111127165072,0.10443061941962116,0.11074815369514866,0.03264061787321329,0.080962266868231506,0.29999999999999999
0.63,0.014609302629296588,0.046537923260505216,0.1046880100668625,0.09518301651781827,0.031762434980433102,0.084996607298416099,0.29999999999999999
0.63250000000000006,0.014730085827407521,0.050087286141615388,0.10490862982020291,0.081328731418752326,0.031762434980433102,0.084996607298416099,0.29999999999999999
0.63500000000000001,0.014859732844737916,0.053629189944753901,0.10509472718602939,0.067562609677079943,0.041697538744275675,0.074562520415872871,0.29999999999999999
0.63750000000000007,0.015001064199783884,0.059435072473638384,0.10522377736515653,0.035687125460153631,0.041697538744275675,0.074562520415872871,0.29999999999999999
0.64000000000000001,0.015156905367586643,0.065237547119715966,0.1052731959628206,0.0038514260082830043,0.03248329834702595,0.080447325506696948,0.29999999999999999
0.64249999999999996,0.015324619989631753,0.068934206171149134,0.10526411496619396,-0.011116880564170439,0.03248329834702595,0.080447325506696948,0.29999999999999999
0.64500000000000002,0.015501577250380604,0.072631887584900412,0.10521760149901985,-0.026097260721811101,0.03634118827742213,0.060441767860791341,0.29999999999999999
0.64749999999999996,0.015688883299602701,0.077213530020835155,0.10512478008239765,-0.048166667618764106,0.03634118827742213,0.060441767860791341,0.29999999999999999
0.65000000000000002,0.015887648651196771,0.081799673652848487,0.10497672408479032,-0.070288969819545813,0.024067067200844044,0.075149236881753179,0.29999999999999999
0.65249999999999997,0.016094381113533993,0.08358733421497426,0.10480135127987747,-0.070021668619636129,0.024067067200844044,0.075149236881753179,0.29999999999999999
0.65500000000000003,0.016305590502992739,0.085381212191895206,0.10462655388212726,-0.069828605461642296,0.043987994198854193,0.065911870133139275,0.29999999999999999
0.65749999999999997,0.016526983287289156,0.091734428976860821,0.10440656596158047,-0.10617818877875326,0.043987994198854193,0.065911870133139275,0.29999999999999999
0.66000000000000003,0.016764271177012877,0.098097881551574409,0.104095563647218,-0.14264693088937239,0.032965905700070554,0.058846498200196835,0.29999999999999999
0.66249999999999998,0.017014334728761949,0.10195527911144012,0.10371842338897322,-0.15909264049575936,0.032965905700070554,0.058846498200196835,0.29999999999999999
0.66500000000000004,0.017274059802982574,0.10582735448862127,0.10329995614525093,-0.17571152489703037,0.031513089786780912,0.059697745182677363,0.29999999999999999
0.66749999999999998,0.017543069777783169,0.10938342051431468,0.10284303234667196,-0.18986054839714644,0.031513089786780912,0.059697745182677363,0.29999999999999999
0.67000000000000004,0.017820991425336784,0.11295691185900224,0.10235048181185376,-0.20421550005216454,0.031724336133029066,0.056331305761166954,0.29999999999999999
0.67249999999999999,0.018107930357549828,0.11659747666863125,0.10182128643351233,-0.21917910779812061,0.031724336133029066,0.056331305761166954,0.29999999999999999
0.67500000000000004,0.01840399559935766,0.12025819212516362,0.10125438794457402,-0.23438073091527653,0.031922212237495487,0.049807868908873176,0.29999999999999999
0.67749999999999999,0.018709295875728945,0.12398574669500369,0.10064871726391526,-0.25019970744569126,0.031922212237495487,0.049807868908873176,0.29999999999999999
0.68000000000000005,0.019023943533029095,0.12773634360279087,0.10000316273234008,-0.26629071854579195,0.032842761132600408,0.052472624773511958,0.29999999999999999
0.6825,0.019348261429500347,0.13172221771068715,0.099314912239732558,-0.28435971501544444,0.032842761132600408,0.052472624773511958,0.29999999999999999
0.68500000000000005,0.019682576544068353,0.1357344012068058,0.098581105701961338,-0.30273888593142695,0.028409546380271104,0.034015355308402384,0.29999999999999999
0.6875,0.02002568776515213,0.1387592470622557,0.097811109747685518,-0.31331323626912655,0.028409546380271104,0.034015355308402384,0.29999999999999999
0.69000000000000006,0.020376396545841551,0.14181261526063463,0.097014257903296833,-0.32422555783847329,0.024475147464945401,0.044829253408049378,0.29999999999999999
0.6925,0.020733648677927128,0.14399396972671979,0.096198718635368982,-0.32826393391374242,0.024475147464945401,0.044829253408049378,0.29999999999999999
0.69500000000000006,0.021096390953273016,0.14620479737934608,0.095372645956193366,-0.33265307425117274,0.040867550824548925,0.046081519542251446,0.29999999999999999
0.69750000000000001,0.021469394523336644,0.1522036358636733,0.094497519711375488,-0.36751302813552145,0.040867550824548925,0.046081519542251446,0.29999999999999999
0.70000000000000007,0.021857438408728141,0.15823760883788499,0.09353473905210738,-0.40278313476829908,0.021758588499218304,0.050730513491819472,0.29999999999999999
0.70250000000000001,0.02225513621132794,0.15992661905612426,0.09252713273538693,-0.40337333400461317,0.021758588499218304,0.050730513491819472,0.29999999999999999
0.70499999999999996,0.022657101472868209,0.16165159506104487,0.091517514896080829,-0.40439255420375742,0.026628468100322881,0.041837172550717186,0.29999999999999999
0.70750000000000002,0.023064821235745884,0.16453042296232132,0.090493615153507678,-0.41480083220854019,0.026628468100322881,0.041837172550717186,0.29999999999999999
0.70999999999999996,0.0234797850341356,0.16744699001728636,0.089443137983791027,-0.42565645191539747,0.011068132294414732,0.055943974071454766,0.29999999999999999
0.71250000000000002,0.023897622243411191,0.16682875532263769,0.088400748636514731,-0.4083271609420101,0.011068132294414732,0.055943974071454766,0.29999999999999999
0.71499999999999997,0.024313958105848344,0.16624567748531882,0.087401148784165772,-0.39142197836904652,0.018867931648644264,0.047431470187026294,0.29999999999999999
0.71750000000000003,0.024731118722930562,0.16748859383596656,0.086425343866409682,-0.38929096323340318,0.018867931648644264,0.047431470187026294,0.29999999999999999
0.71999999999999997,0.025151429901279342,0.16876610469428449,0.085454349734579216,-0.38757306433661171,-0.001667696066449828,0.044023356265315484,0.29999999999999999
0.72250000000000003,0.02556907748377887,0.16535702693048687,0.08453443847354776,-0.34841789049247973,-0.001667696066449828,0.044023356265315484,0.29999999999999999
0.72499999999999998,0.025978239043718029,0.1619767601640448,0.083711966814795771,-0.3096149015114471,0.0060061205657431331,0.051194498654453899,0.29999999999999999
0.72750000000000004,0.026381188499173314,0.16038703258840417,0.082968417831157992,-0.28527544503832536,0.0060061205657431331,0.051194498654453899,0.29999999999999999
0.72999999999999998,0.02678019449783688,0.15882165624017983,0.082285344143587263,-0.26123054724247446,-0.00020540129205157294,0.047073208543711262,0.29999999999999999
0.73250000000000004,0.027173529269444881,0.15584955717829224,0.08167636094586371,-0.22599736399067463,-0.00020540129205157294,0.047073208543711262,0.29999999999999999
0.73499999999999999,0.027559458047051566,0.15289637534826733,0.081155165426877965,-0.19099447403078301,-0.0044085651136654544,0.037988121368258118,0.29999999999999999
0.73750000000000004,0.027936815562532403,0.1489919732292779,0.080730919669055379,-0.14843069737969025,-0.0044085651136654544,0.037988121368258118,0.29999999999999999
0.73999999999999999,0.028304428134364758,0.14509983727213233,0.080412886986201082,-0.10601687636146059,0.01650156005229806,0.05927803046013997,0.29999999999999999
0.74250000000000005,0.028668337184132253,0.14602894640928923,0.080152513933458319,-0.10229999466474415,0.01650156005229806,0.05927803046013997,0.29999999999999999
0.745,0.029034580449128451,0.14696715561408208,0.079901296503813404,-0.098691733524551045,0.025760040942207053,0.037519224516257291,0.29999999999999999
0.74750000000000005,0.02940584397522247,0.15004527765532685,0.079637608753400396,-0.1122775289557684,0.025760040942207053,0.037519224516257291,0.29999999999999999
0.75,0.029784815419368008,0.15313369895227238,0.079339807402975082,-0.12598508221777316,0.007180953884661995,0.051798101508703606,0.29999999999999999
0.75250000000000006,0.030166176041702811,0.15195646410451907,0.079050438519169888,-0.10553009339682795,0.007180953884661995,0.051798101508703606,0.29999999999999999
0.755,0.030544605331876258,0.15078834040597056,0.078812065446044036,-0.08518490214820576,0.028419252360150679,0.042572205985168247,0.29999999999999999
0.75750000000000006,0.030926235802503751,0.15451749644519086,0.078575428725197086,-0.10414169026391232,0.028419252360150679,0.042572205985168247,0.29999999999999999
0.76000000000000001,0.031317200847554322,0.15825629344809417,0.078291262291206323,-0.12321213221308122,0.022124172073705307,0.037643325772490632,0.29999999999999999
0.76250000000000007,0.031715714921376564,0.16055688681676505,0.077973785531979145,-0.13079206231771517,0.022124172073705307,0.037643325772490632,0.29999999999999999
0.76500000000000001,0.032119995175624749,0.16286935402423419,0.077637184632707468,-0.13851282115601632,0.032503941035382074,0.042601417221220586,0.29999999999999999
0.76750000000000007,0.032533060178511229,0.16758502461495678,0.077257135243987154,-0.16555459234984679,0.032503941035382074,0.042601417221220586,0.29999999999999999
0.77000000000000002,0.03295793323763492,0.17231622325410353,0.076809259743794489,-0.19277869170462131,0.030737303492585234,0.049411803634428014,0.29999999999999999
0.77249999999999996,0.033394147690082816,0.1766585240708908,0.07629714422295962,-0.21695118829704288,0.030737303492585234,0.049411803634428014,0.29999999999999999
0.77500000000000002,0.033841242725591435,0.18102106778487803,0.075724305422606428,-0.24136176137078119,0.023574286432452539,0.032391709856731031,0.29999999999999999
0.77749999999999997,0.034297208765504877,0.18375552449654667,0.075106660120690949,-0.25279900078821393,0.023574286432452539,0.032391709856731031,0.29999999999999999
0.78000000000000003,0.034760039588688618,0.18651307201869272,0.074460082631391908,-0.26450960935321344,0.00079219757343315222,0.037221734923923423,0.29999999999999999
0.78249999999999997,0.035223230806115377,0.18404344133749231,0.073836514891548313,-0.23438743382574112,0.00079219757343315222,0.037221734923923423,0.29999999999999999
0.78500000000000003,0.035680273433984055,0.18159377842650057,0.073287944062760041,-0.20450695672163233,0.015634862067349029,0.043756766710924502,0.29999999999999999
0.78749999999999998,0.03613549140614055,0.18258362790266644,0.072779498335367732,-0.2022857283364167,0.015634862067349029,0.043756766710924502,0.29999999999999999
0.79000000000000004,0.036593206637731392,0.18359155605576458,0.072276335859064747,-0.20027999345811964,0.020966743526675456,0.038868630648608439,0.29999999999999999
0.79249999999999998,0.037055000938630227,0.18584697851802573,0.071765593616456,-0.20835048790371061,0.020966743526675456,0.038868630648608439,0.29999999999999999
0.79500000000000004,0.037522457307901887,0.18812133577045653,0.071234396336460754,-0.21664550204757335,0.011649306871503675,0.0405559210092876,0.29999999999999999
0.79749999999999999,0.037992937787789234,0.18826617826394565,0.070703718681015895,-0.20793405265504458,0.011649306871503675,0.0405559210092876,0.29999999999999999
0.80000000000000004,0.038463803533580948,0.18842942357966697,0.070194542722223779,-0.19944264369182421,0.016508811545490401,0.033564408298859372,0.29999999999999999
0.80249999999999999,0.038936500940703209,0.18973149371412032,0.069695088711725833,-0.20015616515930548,0.016508811545490401,0.033564408298859372,0.29999999999999999
0.80500000000000005,0.039412475990168359,0.19105155106753199,0.069193583548786325,-0.20108372282562398,0.0097682732560641413,0.02927428310460823,0.29999999999999999
0.8075,0.039889829593391241,0.19083420387530711,0.068705086753531153,-0.1897480956197769,0.0097682732560641413,0.02927428310460823,0.29999999999999999
0.81000000000000005,0.040366660959050657,0.19063359752769457,0.068244676111666958,-0.17861283675240722,0.0099295093679843439,0.038493074224174161,0.29999999999999999
0.8125,0.040843057233843884,0.19048597362179401,0.067811492202028978,-0.16796481412674569,0.0099295093679843439,0.038493074224174161,0.29999999999999999
0.81500000000000006,0.041319103195021294,0.19035319243501805,0.067404704088383338,-0.15749435029996262,0.022595457032221981,0.042163467954480643,0.29999999999999999
0.8175,0.041798489360093921,0.1931582441511219,0.066994563384281489,-0.17064783816687062,0.022595457032221981,0.042163467954480643,0.29999999999999999
0.82000000000000006,0.042284907441705474,0.1959789283641388,0.066551310822062323,-0.18398623289478361,0.0095652882708663744,0.037392774227439543,0.29999999999999999
0.82250000000000001,0.042774637692681874,0.19580790546034682,0.066104633973527602,-0.17338673872030611,0.0095652882708663744,0.037392774227439543,0.29999999999999999
0.82500000000000007,0.043263959747113424,0.19565221761237006,0.065684224307924408,-0.16297064532449787,0.0082094731001295836,0.032081518894266366,0.29999999999999999
0.82750000000000001,0.043752519458812068,0.19519785298934408,0.065292776707288419,-0.15021498303188593,0.0082094731001295836,0.032081518894266366,0.29999999999999999
0.83000000000000007,0.044239960052265888,0.19475673775906022,0.064933017242691002,-0.13761791481232438,0.014954233201887166,0.025346175788473608,0.29999999999999999
0.83250000000000002,0.04472826033682447,0.19588555178117892,0.064588944589501929,-0.13766474108064944,0.014954233201887166,0.025346175788473608,0.29999999999999999
0.83499999999999996,0.045219398123888921,0.19702674216545538,0.064244570837356824,-0.137858820377942,0.009534684647746438,0.028805122820879599,0.29999999999999999
0.83750000000000002,0.045711839651075212,0.19692844456617367,0.063912081752624444,-0.12815593051713781,0.009534684647746438,0.028805122820879599,0.29999999999999999
0.83999999999999997,0.046204049814986589,0.19684150988738808,0.06360367803836578,-0.11858882845331938,0.035731852602050182,0.031321883870843205,0.29999999999999999
0.84250000000000003,0.046703620527233439,0.20281724470499307,0.063258339405629221,-0.15770764256740538,0.035731852602050182,0.031321883870843205,0.29999999999999999
0.84499999999999997,0.047218148508567113,0.20880794472689415,0.062814993905353708,-0.19700157457260034,0.023938996624815294,0.030201975712594857,0.29999999999999999
0.84750000000000003,0.047744269952366795,0.21209237004317999,0.062300476647582051,-0.21464954356687974,0.023938996624815294,0.030201975712594857,0.29999999999999999
0.84999999999999998,0.048278626835908597,0.21539656964837184,0.061741551618374732,-0.23253101602301426,0.018354910372679788,0.026324499251631824,0.29999999999999999
0.85250000000000004,0.048819657572986765,0.21743159999792017,0.061150553921554551,-0.24030959730196622,0.018354910372679788,0.026324499251631824,0.29999999999999999
0.85499999999999998,0.049365803033277214,0.21948846915163142,0.060539787834697427,-0.24834715823545933,0.023077689243077289,0.025044949304003389,0.29999999999999999
0.85750000000000004,0.049918483322342007,0.22265969971020147,0.059897645339274448,-0.26541335932174959,0.023077689243077289,0.025044949304003389,0.29999999999999999
0.85999999999999999,0.050479121875480509,0.22585534480776653,0.059212480689601311,-0.28276800404751457,0.027866950406774296,0.034084303258049432,0.29999999999999999
0.86250000000000004,0.051049165882974985,0.23018445209467253,0.05847244203166322,-0.3093169703726239,0.027866950406774296,0.034084303258049432,0.29999999999999999
0.86499999999999999,0.051630068119042111,0.23454234155736886,0.057665613481085329,-0.33620479402109904,0.013963883257331916,0.019481695080602414,0.29999999999999999
0.86750000000000005,0.052217884296808965,0.23571565821966917,0.056823366024481528,-0.33765332032840067,0.013963883257331916,0.019481695080602414,0.29999999999999999
0.87,0.052808671759757696,0.23691939711874266,0.055977045425884581,-0.3394636230253768,0.0021869895138951273,0.018262356943709711,0.29999999999999999
0.87250000000000005,0.053399101092879438,0.23542888892779051,0.055153076278914671,-0.31976949157110601,0.0021869895138951273,0.018262356943709711,0.29999999999999999
0.875,0.053985839595448122,0.23396645227720325,0.054377917510833408,-0.30041193709906489,0.0046177899058810609,0.013797455145975673,0.29999999999999999
0.87750000000000006,0.054569658485398811,0.23309297922776823,0.053645109848738971,-0.28588586510492758,0.0046177899058810609,0.013797455145975673,0.29999999999999999
0.88,0.055151325563269238,0.23224479433281486,0.052948236151307546,-0.27166226004381872,0.0088847443619791272,0.022200522183236374,0.29999999999999999
0.88250000000000006,0.055732137039808047,0.23240838967778754,0.052276650560793808,-0.26565392748199734,0.0088847443619791272,0.022200522183236374,0.29999999999999999
0.88500000000000001,0.056313387307591119,0.23259574222582724,0.051619730558788671,-0.25992876607684434,0.0156431207242335,0.02251727188231218,0.29999999999999999
0.88750000000000007,0.056897090927322064,0.23437114062078099,0.050961078127444527,-0.26704047632670896,0.0156431207242335,0.02251727188231218,0.29999999999999999
0.89000000000000001,0.05748526321797777,0.23617078991380872,0.050284288473739579,-0.27443985625297712,0.005187704303109459,0.01569737175247881,0.29999999999999999
0.89250000000000007,0.058074939322559804,0.23557407275933528,0.049612923251231719,-0.26269983854127088,0.005187704303109459,0.01569737175247881,0.29999999999999999
0.89500000000000002,0.058663153048683969,0.23500071790971688,0.048970556836095767,-0.25123877918224508,-0.0033046734150852159,0.023703779854329293,0.29999999999999999
0.89749999999999996,0.059247502939931626,0.23248266094085052,0.048376241558659619,-0.22425504441919275,-0.0033046734150852159,0.023703779854329293,0.29999999999999999
0.90000000000000002,0.059825582706444093,0.22998422919605707,0.047849085353447063,-0.19750684206753868,0.012605211575285657,0.041166498573963831,0.29999999999999999
0.90249999999999997,0.06040204524163776,0.2311887992000369,0.047351556188677368,-0.20055212247094878,0.012605211575285657,0.041166498573963831,0.29999999999999999
0.90500000000000003,0.060981541820398874,0.23241151236538435,0.046846145197783538,-0.20381287402288975,-0.0021520664444979075,0.021063597536423066,0.29999999999999999
0.90749999999999997,0.061559844529561571,0.23023346589153768,0.046366614580650688,-0.17984530399793053,-0.0021520664444979075,0.021063597536423066,0.29999999999999999
0.91000000000000003,0.062132722330677369,0.22807123771284393,0.045946760745077753,-0.15606726961603412,-0.0012054513068896796,0.027981129156475899,0.29999999999999999
0.91249999999999998,0.062700486330662594,0.22614209556697443,0.045583940289755535,-0.13421463337405315,-0.0012054513068896796,0.027981129156475899,0.29999999999999999
0.91500000000000004,0.063263442674125467,0.22422479317465921,0.045275569481154909,-0.11250372621043066,0.016981362037617721,0.02749705436692668,0.29999999999999999
0.91749999999999998,0.063826886463851179,0.22653204441482103,0.044979034806485102,-0.12474539451395446,0.016981362037617721,0.02749705436692668,0.29999999999999999
0.92000000000000004,0.064396112391514479,0.2288506910164623,0.044651730083587332,-0.1371219844443505,0.010362026938173306,0.025244891646590654,0.29999999999999999
0.92249999999999999,0.064969232854006298,0.22964774298738247,0.044308694206595972,-0.13733124736240715,0.010362026938173306,0.025244891646590654,0.29999999999999999
0.92500000000000004,0.065544361435391524,0.23045719079253696,0.04396495109375638,-0.13768782705240856,0.012679556029661462,0.023066895875970113,0.29999999999999999
0.92749999999999999,0.066122200576059012,0.23181623860938538,0.043614742099956742,-0.14250449041144012,0.012679556029661462,0.023066895875970113,0.29999999999999999
0.93000000000000005,0.066703453395555848,0.23318820811235935,0.043252300863082509,-0.1474745016813481,-0.00072028674013028746,0.021621999833891559,0.29999999999999999
0.9325,0.067284270317233594,0.23146735895783141,0.042908404941839638,-0.12766650510667674,-0.00072028674013028746,0.021621999833891559,0.29999999999999999
0.93500000000000005,0.06786079961012613,0.22975781452846727,0.0426138557113699,-0.10799367210123123,0.0055722435017278886,0.017094109191765936,0.29999999999999999
0.9375,0.068434890684459626,0.22951659891596324,0.042353703754541137,-0.10014640411868919,0.0055722435017278886,0.017094109191765936,0.29999999999999999
0.94000000000000006,0.069008390082364895,0.22928435730521016,0.042113034620976195,-0.092406029626779795,0.0093801207235846666,0.024006081928271101,0.29999999999999999
0.9425,0.069582422813038211,0.22994321265634379,0.041882732955897305,-0.091851768812900844,0.0093801207235846666,0.024006081928271101,0.29999999999999999
0.94500000000000006,0.07015811305236952,0.23061035681670763,0.041653693689036292,-0.091396022269998919,0.018387701840832524,0.019767728410894799,0.29999999999999999
0.94750000000000001,0.070738091834056271,0.23337418997935919,0.041404714882262036,-0.10780501817389479,0.018387701840832524,0.019767728410894799,0.29999999999999999
0.95000000000000007,0.071324992236307852,0.23614790481629933,0.041114571209116588,-0.12433089070369865,0.024469621041895404,0.030789978271997885,0.29999999999999999
0.95250000000000001,0.071920603510671505,0.24034324911478366,0.040768797156842784,-0.15231351797044726,0.024469621041895404,0.030789978271997885,0.29999999999999999
0.95500000000000007,0.072526720233045391,0.24455269592609802,0.040352865059191598,-0.18046243071487844,0.022102584224897779,0.02177626225293898,0.29999999999999999
0.95750000000000002,0.073142694823266255,0.24822993327441636,0.039871828987667175,-0.20440133821213949,0.022102584224897779,0.02177626225293898,0.29999999999999999
0.95999999999999996,0.073767885603374175,0.25192601693705824,0.039330672956209095,-0.22856275871545223,0.00065024251314147298,0.013824112763992416,0.29999999999999999
0.96250000000000002,0.074396123648506909,0.25066769557279939,0.038778735613490038,-0.21302622287307738,0.00065024251314147298,0.013824112763992416,0.29999999999999999
0.96499999999999997,0.075021239891209374,0.24942834781536516,0.038265353150297221,-0.19771613686974016,0.011791993526113499,0.018579854443092514,0.29999999999999999
0.96750000000000003,0.07564651034210905,0.25079104500029448,0.037764044970991124,-0.20336638553568029,0.011791993526113499,0.018579854443092514,0.29999999999999999
0.96999999999999997,0.07627521049150307,0.252172194172747,0.037248338782755172,-0.20923558144858562,0.00019495062976572887,0.0051493019194776175,0.29999999999999999
0.97250000000000003,0.076904024450767369,0.25088196649493721,0.036744677710505991,-0.19372899106524355,0.00019495062976572887,0.0051493019194776175,0.29999999999999999
0.97499999999999998,0.077529634717799084,0.24960901290715973,0.036279522098432715,-0.17842849377126982,0.0038593476098042422,0.027192893168408564,0.29999999999999999
0.97750000000000004,0.078153145419471146,0.24920215448738403,0.035843845122650597,-0.17014411789819789,0.0038593476098042422,0.027192893168408564,0.29999999999999999
0.97999999999999998,0.078775658212818053,0.24881056452621836,0.035428650025510863,-0.16204153846067901,0.010823708707460159,0.016103918997538963,0.29999999999999999
0.98250000000000004,0.079399230150204933,0.25004947283616163,0.03501727608284428,-0.16708713422664831,0.010823708707460159,0.016103918997538963,0.29999999999999999
0.98499999999999999,0.080025918205736388,0.2513035369738833,0.034593064491918159,-0.17231258086664308,-0.0074413433203340679,0.0096528533209967252,0.29999999999999999
0.98750000000000004,0.080650463184147328,0.24833477252205549,0.034198094743228283,-0.14369105752747158,-0.0074413433203340679,0.0096528533209967252,0.29999999999999999
0.98999999999999999,0.081267602651078422,0.24537870841622877,0.033874482594952293,-0.1152214788132833,0.0040863557846654054,0.023919347525733412,0.29999999999999999
0.99250000000000005,0.08188070898087417,0.24510803039711976,0.033595037691648365,-0.10835437506971908,0.0040863557846654054,0.023919347525733412,0.29999999999999999
0.995,0.082493150921400984,0.24484709526382523,0.03333261411902752,-0.10160320256195499,0.013443270564974361,0.015641665468402104,0.29999999999999999
0.99750000000000005,0.083107666323299981,0.24676685086480121,0.033065137329705487,-0.11239748094950877,0.013443270564974361,0.015641665468402104,0.29999999999999999
1,0.083726993708697461,0.24869684691154889,0.032770525596380981,-0.12331311122961494,0.0025570192989768973,0.022250708981271971,0.29999999999999999
1.0024999999999999,0.084348001842437195,0.24811143593032317,0.032473818469524872,-0.11407373165210111,0.0025570192989768973,0.022250708981271971,0.29999999999999999
1.0050000000000001,0.084967559422839387,0.24753626726416725,0.032200055339025729,-0.10495628210656628,0.013779016665551187,0.015183940390360523,0.29999999999999999
1.0075000000000001,0.085588946687577869,0.24957522959302922,0.031922802192108919,-0.11686620004210838,0.013779016665551187,0.015183940390360523,0.29999999999999999
1.01,0.086215444448651132,0.25162484624783238,0.031615619154203446,-0.12890235030163288,0.0018735387190868284,0.012315075375348003,0.29999999999999999
1.0125,0.086843626553646677,0.25092269105810305,0.031305909943786889,-0.11888708304995679,0.0018735387190868284,0.012315075375348003,0.29999999999999999
1.0150000000000001,0.087470066796868223,0.25023120834496715,0.031021077866014133,-0.10899887491005601,0.011506726016079176,0.023285336664713809,0.29999999999999999
1.0175000000000001,0.088097585796980335,0.25178570523205729,0.030738375155386112,-0.11718361235208304,0.011506726016079176,0.023285336664713809,0.29999999999999999
1.02,0.088729004200737788,0.25335085629650866,0.030435054531621111,-0.12549468793129545,0.021666072070769232,0.0083325399754990044,0.29999999999999999
1.0225,0.089367297474969604,0.25728589889016262,0.030087118148463526,-0.15287964599957485,0.021666072070769232,0.0083325399754990044,0.29999999999999999
1.0249999999999999,0.090015445423927309,0.26123501706819247,0.0296705177606243,-0.18043086651248366,0.0067977458950161385,0.0049029582370439025,0.29999999999999999
1.0275000000000001,0.090669171782839314,0.26174878839221799,0.029219446056220077,-0.18045879018577796,0.0067977458950161385,0.0049029582370439025,0.29999999999999999
1.03,0.091324202959767953,0.26227887382787551,0.028768062321627617,-0.18068051685296468,0.01570198277989222,0.022812703961115132,0.29999999999999999
1.0325,0.091983163882946847,0.26489274579287497,0.02829513140861423,-0.19769832513476793,0.01570198277989222,0.022812703961115132,0.29999999999999999
1.0349999999999999,0.092648681741461458,0.26752468256711381,0.027779392470055387,-0.2149300227743936,0.02074589671163839,0.0084650589079316614,0.29999999999999999
1.0375000000000001,0.093322267600307554,0.27134750119324041,0.027208531990684025,-0.24179969211103075,0.02074589671163839,0.0084650589079316614,0.29999999999999999
1.04,0.094005437756750437,0.27519253279498773,0.026570175213431,-0.26893193834252921,-0.016454846524534272,0.006011077774921424,0.29999999999999999
1.0425,0.094687452568329236,0.27042295931694482,0.025950341385979767,-0.22697874564291279,-0.016454846524534272,0.006011077774921424,0.29999999999999999
1.0449999999999999,0.095357569235209508,0.26567340553895186,0.025435081761203664,-0.18526524106459025,0.0027137121704459304,0.015011269726014931,0.29999999999999999
1.0475000000000001,0.09602139772909879,0.26539212920512117,0.024979167283479053,-0.17949891706906465,0.0027137121704459304,0.015011269726014931,0.29999999999999999
1.05,0.096684543364394387,0.26512703411220584,0.024537426858701767,-0.17392499097057859,-0.0031986862729935753,0.017319550028511523,0.29999999999999999
1.0525,0.09734532951869429,0.26350436485015394,0.02412317076101703,-0.15750937390238348,-0.0031986862729935753,0.017319550028511523,0.29999999999999999
1.0549999999999999,0.09800207695513577,0.26189581663367512,0.023749739843065554,-0.14126194740973413,0.0042489279609177867,0.018234274420344226,0.29999999999999999
1.0575000000000001,0.098656981419391776,0.26202986529052308,0.023399371281841878,-0.13905797754161131,0.0042489279609177867,0.018234274420344226,0.29999999999999999
1.0600000000000001,0.099312236751893324,0.26217647944137007,0.023054325555833165,-0.1370033005239859,0.001452744048711888,0.011444754225539052,0.29999999999999999
1.0625,0.099967062278142824,0.26168594608487622,0.022720751859875408,-0.12987949079807315,0.001452744048711888,0.011444754225539052,0.29999999999999999
1.0649999999999999,0.10062067623821808,0.26120712086796116,0.022404812103947,-0.12289489119855973,-0.0043801961179397025,0.01828294367177118,0.29999999999999999
1.0675000000000001,0.10127141348145954,0.25938437792901936,0.022119768560129746,-0.10516023978565567,-0.0043801961179397025,0.01828294367177118,0.29999999999999999
1.0700000000000001,0.10191760598704409,0.25757106687062964,0.021878917311239844,-0.087537911375398014,0.010743636684952948,0.014168434259182463,0.29999999999999999
1.0725,0.10256366681075713,0.25927900002097037,0.021646734802025093,-0.098224789256238107,0.010743636684952948,0.014168434259182463,0.29999999999999999
1.075,0.10321400843178626,0.26099586749251735,0.021387705095939819,-0.1090175989436804,-0.0094980508269870943,0.017819684685617888,0.29999999999999999
1.0775000000000001,0.10386277669841908,0.25802016897895036,0.021148751042598772,-0.082162613198310502,-0.0094980508269870943,0.017819684685617888,0.29999999999999999
1.0800000000000001,0.10450411539352188,0.2550518113597991,0.020976819097521773,-0.055395154829378637,-0.0025939821782995187,0.022801020258313615,0.29999999999999999
1.0825,0.10514004470102875,0.25369236115160837,0.020855625885527803,-0.041568059709272576,-0.0025939821782995187,0.022801020258313615,0.29999999999999999
1.085,0.10577258031380994,0.25233664875641293,0.020768941738623769,-0.02778544154290806,-0.004602616384370482,0.00049536050378548222,0.29999999999999999
1.0875000000000001,0.10640114674820628,0.25051678355998952,0.020721358075845728,-0.010284879321940409,-0.004602616384370482,0.00049536050378548222,0.29999999999999999
1.0900000000000001,0.10702516500089884,0.24869784165868175,0.020717508183386652,0.0072046907645384184,-0.0039346355673292414,0.030194753067395125,0.29999999999999999
1.0925,0.10764482938943001,0.24703343970544903,0.020755830203527184,0.023455656659381166,-0.0039346355673292414,0.030194753067395125,0.29999999999999999
1.095,0.10826033044382785,0.24536693092104239,0.020834807364005004,0.039731700725469027,0.028738844118974826,0.015580471068566543,0.29999999999999999
1.0974999999999999,0.10888114888326901,0.25128755250515233,0.020878329799976919,-0.0049105881880666252,0.028738844118974826,0.015580471068566543,0.29999999999999999
1.1000000000000001,0.10951676858454507,0.25720862776905801,0.020810249960606354,-0.049558230299723907,-0.0039341761277798693,0.017327592086727361,0.29999999999999999
1.1025,0.11015770804704608,0.2555435623902817,0.020706687785592738,-0.033298891657892349,-0.0039341761277798693,0.017327592086727361,0.29999999999999999
1.105,0.11079448888876366,0.25388148805157956,0.020643725836434423,-0.017075155925376232,0.019209531962170023,0.012837372533499697,0.29999999999999999
1.1074999999999999,0.11143383742102235,0.25759780443102387,0.020567324738130454,-0.044051243271772775,0.019209531962170023,0.012837372533499697,0.29999999999999999
1.1100000000000001,0.11208248127431257,0.26131815711565348,0.02042342983226866,-0.07107507882502978,0.0068465466168032181,0.010379140004161369,0.29999999999999999
1.1125,0.11273684349544658,0.26217272420188603,0.02024071679700291,-0.075108457066478521,0.0068465466168032181,0.010379140004161369,0.29999999999999999
1.115,0.11339335056984316,0.26303410130861682,0.020047820199171347,-0.079222659686214406,0.0094960760500161084,0.0020708197772624998,0.29999999999999999
1.1174999999999999,0.11405278941366255,0.26451824270465024,0.019838353335268618,-0.088365881580073288,0.0094960760500161084,0.0020708197772624998,0.29999999999999999
1.1200000000000001,0.11471594847437282,0.26601041399070924,0.019605911434097213,-0.097604340184028124,-0.0060208690661362977,0.01015100627468001,0.29999999999999999
1.1225000000000001,0.11537834260722832,0.2639062052457925,0.019386433172708065,-0.077993902530205078,-0.0060208690661362977,0.01015100627468001,0.29999999999999999
1.125,0.11603548533260011,0.26180899556117798,0.019215872480809974,-0.058466801682011738,0.013445380189998093,0.018861606298960904,0.29999999999999999
1.1274999999999999,0.11669304525148436,0.26423995585322491,0.019048646128726369,-0.075326321585058503,0.013445380189998093,0.018861606298960904,0.29999999999999999
1.1300000000000001,0.11735669083375945,0.26667778295462669,0.018839173076953569,-0.092267203024402861,0.0021271443678100334,0.0115249765418811,0.29999999999999999
1.1325000000000001,0.1180231541008597,0.26649418933863445,0.018613625295172739,-0.088187164677804838,0.0021271443678100334,0.0115249765418811,0.29999999999999999
1.135,0.11868916842017088,0.26631856410959631,0.018398158365234962,-0.084201800957377504,0.0070218861336135141,0.019485090969462271,0.29999999999999999
1.1375,0.11935617484107289,0.26728788502156492,0.018181124326398641,-0.089441004514668271,0.0070218861336135141,0.019485090969462271,0.29999999999999999
1.1400000000000001,0.12002561460541852,0.2682653188080425,0.01795087311998661,-0.094776483668603057,0.00021381500654417277,0.0049340070565753163,0.29999999999999999
1.1425000000000001,0.12069553127891043,0.26766939082768187,0.017723036724199667,-0.087508926365946635,0.00021381500654417277,0.0049340070565753163,0.29999999999999999
1.145,0.1213639681407776,0.26708136103855734,0.017513250267171925,-0.080335242913461793,-0.0022740676967715088,0.014684930775920873,0.29999999999999999
1.1475,0.12203022153554748,0.26592247305667494,0.017327091835396567,-0.068604800694498785,-0.0022740676967715088,0.014684930775920873,0.29999999999999999
1.1500000000000001,0.12269358565725852,0.26476976709688049,0.017170165008587597,-0.056947871622096746,0.010106545477618058,0.004132084936648673,0.29999999999999999
1.1525000000000001,0.12335767058423988,0.26649912455693642,0.017013422512131022,-0.068457391671039231,0.010106545477618058,0.004132084936648673,0.29999999999999999
1.155,0.12402608646642056,0.26823470617824652,0.016827816548676197,-0.080040719633951263,-0.0049495444210713967,0.014883810908557633,0.29999999999999999
1.1575,0.12469447706404593,0.26647884884126277,0.016648267775142962,-0.063611111738013953,-0.0049495444210713967,0.014883810908557633,0.29999999999999999
1.1599999999999999,0.12535848547954237,0.26472871475669635,0.016509704253506473,-0.047249594296273151,0.0073283516911037102,0.0099174658302711022,0.29999999999999999
1.1625000000000001,0.12602169040371358,0.26583598908018552,0.01638333701299281,-0.05385326909972632,0.0073283516911037102,0.0099174658302711022,0.29999999999999999
1.165,0.12668766949718249,0.26694815050214571,0.016240389589823365,-0.060514930608193317,0.0010030525366405522,0.017736079375438002,0.29999999999999999
1.1675,0.12735459846526112,0.26659589703057496,0.016095463346528793,-0.055436437014165688,0.0010030525366405522,0.017736079375438002,0.29999999999999999
1.1699999999999999,0.12802065315655239,0.26624865308500567,0.015963157811103815,-0.050417461342023462,0.0077524624922489221,0.015743164486574965,0.29999999999999999
1.1725000000000001,0.12868780600845267,0.26747444887383076,0.015827586070271654,-0.058049665111289186,0.0077524624922489221,0.015743164486574965,0.29999999999999999
1.175,0.12935802979182778,0.26870551419122779,0.015672857391187039,-0.065744387350369388,-0.0010313306313191862,0.016436562752751679,0.29999999999999999
1.1775,0.13002878710990715,0.26790126430264527,0.015519296127569413,-0.057115605959775821,-0.0010313306313191862,0.016436562752751679,0.29999999999999999
1.1799999999999999,0.13069754040908238,0.26710216979248136,0.01538722830565362,-0.04854809728652746,0.0010071849148408371,0.0081548147841426621,0.29999999999999999
1.1825000000000001,0.13136489374855767,0.2667811976159562,0.015271756687072658,-0.043837464007078365,0.0010071849148408371,0.0081548147841426621,0.29999999999999999
1.1850000000000001,0.13203144969892658,0.26646418792823301,0.015168001760961411,-0.039173904737176954,0.011284020373281998,0.0050034277309504525,0.29999999999999999
1.1875,0.13270020283450415,0.26853902485577308,0.015051877489565633,-0.053733862690585617,0.011284020373281998,0.0050034277309504525,0.29999999999999999
1.1899999999999999,0.1333741488967897,0.27061875045790551,0.014899284151514732,-0.068351780292456393,0.0096200198663642447,0.010410586527381903,0.29999999999999999
1.1925000000000001,0.1340528184051954,0.27231797919761169,0.014713939136157331,-0.079937549921042086,0.0096200198663642447,0.010410586527381903,0.29999999999999999
1.1950000000000001,0.13473574484611087,0.2740244725368069,0.014499524609036129,-0.091609478134918612,0.013540838736425698,0.0061172646885370805,0.29999999999999999
1.1975,0.13542408665733299,0.2766505118654804,0.014246662301071619,-0.11069856576022628,0.013540838736425698,0.0061172646885370805,0.29999999999999999
1.2,0.13611900580664682,0.27928663344502946,0.013945932208750308,-0.12990714877494874,0.0043557970830653443,0.01043200502593304,0.29999999999999999
1.2025000000000001,0.13681786146121044,0.27979986791301031,0.013618438857177702,-0.13211101230836353,0.0043557970830653443,0.01043200502593304,0.29999999999999999
1.2050000000000001,0.13751801511811429,0.28032506972672622,0.013285258758892233,-0.1344569544424245,0.0091893050375716229,0.0084851917781115071,0.29999999999999999
1.2075,0.13822090111490659,0.28198585004554455,0.012934756419905548,-0.1459700926856316,0.0091893050375716229,0.0084851917781115071,0.29999999999999999
1.21,0.13892795541539182,0.28365988795481994,0.012555277249484039,-0.15764049957234497,-0.0057395182384143064,-0.0036886573753572823,0.29999999999999999
1.2125000000000001,0.1396348754618344,0.28187839641415297,0.01218124442369049,-0.14161248362999906,-0.0057395182384143064,-0.0036886573753572823,0.29999999999999999
1.2150000000000001,0.14033735803294198,0.28010966860679681,0.011847088365870553,-0.12573624019864466,-0.010073996056267354,0.0061234077646735016,0.29999999999999999
1.2175,0.14103417399630694,0.27734480871982109,0.011562564434178366,-0.10190320972340441,-0.010073996056267354,0.0061234077646735016,0.29999999999999999
1.22,0.14172408971709166,0.27458911834144667,0.011337481418325145,-0.078179268314014339,0.0059925822008361565,-0.014038953137243191,0.29999999999999999
1.2224999999999999,0.14241179319213945,0.27557489128527557,0.011134109945207136,-0.084532502629987696,0.0059925822008361565,-0.014038953137243191,0.29999999999999999
1.2250000000000001,0.14310197056153307,0.27656833050741692,0.010914743093574528,-0.090976718709418106,-0.0043026492652553658,-0.00046931042132320589,0.29999999999999999
1.2275,0.14379165065186994,0.27517701503921371,0.010703167219202373,-0.078299113723913391,-0.0043026492652553658,-0.00046931042132320589,0.29999999999999999
1.23,0.14447786152653674,0.27379276800714419,0.010523177525781956,-0.065705515737095876,0.018608949093637511,-0.0050538275554263962,0.29999999999999999
1.2324999999999999,0.1451672760080347,0.27774004549563813,0.010321119189168693,-0.095955706038048344,0.018608949093637511,-0.0050538275554263962,0.29999999999999999
1.2350000000000001,0.14586656904437945,0.28169607201192448,0.010043312619181,-0.12630955532790791,0.0064579125163160426,0.00095266582077232359,0.29999999999999999
1.2375,0.14657223561970315,0.28283915629661716,0.00971781145286898,-0.13411473417879055,0.0064579125163160426,0.00095266582077232359,0.29999999999999999
1.24,0.14728077496088454,0.28399440366111622,0.0093726186666455106,-0.14206426352587384,0.010911346353908677,0.005743239265192184,0.29999999999999999
1.2424999999999999,0.14799351229341354,0.28619773720347946,0.0089969706559297116,-0.15848112934340294,0.010911346353908677,0.005743239265192184,0.29999999999999999
1.2450000000000001,0.14871177564157087,0.28841546553891834,0.0085800707342544216,-0.17506875223659729,0.00022876408055009633,0.015244183532119619,0.29999999999999999
1.2475000000000001,0.14943249903268987,0.28816586301895186,0.0081463981705434604,-0.17190036532679545,0.00022876408055009633,0.015244183532119619,0.29999999999999999
1.25,0.1501526179161205,0.2879318132437847,0.0077204149886528845,-0.16891669781820037,-0.0064088422070114545,-0.0032475250418270598,0.29999999999999999
1.2524999999999999,0.15087024223080123,0.28617006618233454,0.007317153045676348,-0.15372170732674503,-0.0064088422070114545,-0.0032475250418270598,0.29999999999999999
1.2550000000000001,0.15158347981501466,0.28442220196056217,0.0069516689827760682,-0.13869169507748,-0.030834108230964521,0.0058304796534232543,0.29999999999999999
1.2575000000000001,0.15228526663505149,0.2770088756157878,0.0066805707457693606,-0.078206204034235158,-0.030834108230964521,0.0058304796534232543,0.29999999999999999
1.26,0.15296853004082953,0.26960256713685626,0.0065605683333114038,-0.017804276242976397,0.0024844234431637552,0.0067984827781210778,0.29999999999999999
1.2625,0.15364296192754426,0.26994322481545907,0.0065137790373705502,-0.01963051523173244,0.0024844234431637552,0.0067984827781210778,0.29999999999999999
1.2650000000000001,0.15431824764675714,0.27028566086642469,0.006462398165015492,-0.021477866589383401,-0.0034043779384806865,0.0026100171705030358,0.29999999999999999
1.2675000000000001,0.15499268078222136,0.26926110249462315,0.0064201130190378215,-0.012353278855655205,-0.0034043779384806865,0.0026100171705030358,0.29999999999999999
1.27,0.15566455409024349,0.2682376614744611,0.0064006207125694558,-0.0032419625405535387,-0.0061002726631495287,0.011254078550411646,0.29999999999999999
1.2725,0.15633308600482523,0.26658781253856356,0.0064101916571066737,0.010899403093061753,-0.0061002726631495287,0.011254078550411646,0.29999999999999999
1.2750000000000001,0.15699749233201202,0.26493697846513076,0.0064551274808084032,0.025052472402547966,0.0082869756920490902,0.0083513681537292668,0.29999999999999999
1.2775000000000001,0.15766194941413633,0.26662840428403201,0.0065019012877517886,0.012369930621089301,0.0082869756920490902,0.0083513681537292668,0.29999999999999999
1.28,0.15833063341823694,0.26831870771794547,0.0065169882308507886,-0.00029929304121441465,0.0020833007729510818,0.016177518314009778,0.29999999999999999
1.2825,0.1590017404166833,0.26856690375749059,0.006514881902119061,-0.0013859209378585381,0.0020833007729510818,0.016177518314009778,0.29999999999999999
1.2849999999999999,0.15967346804163593,0.26881522533771879,0.0065100573842013804,-0.0024740392678619444,0.0061058184233405907,0.005805269560544694,0.29999999999999999
1.2875000000000001,0.16034698552533003,0.26999886398639411,0.0064931222460354199,-0.011075286186261614,0.0061058184233405907,0.005805269560544694,0.29999999999999999
1.29,0.16102346319845823,0.27118350695802479,0.0064546710209819197,-0.019688452500377193,-0.01189468047267421,0.0082371925617694564,0.29999999999999999
1.2925,0.16169767425911374,0.2681854498990196,0.0064366696851567489,0.0052860961891635326,-0.01189468047267421,0.0082371925617694564,0.29999999999999999
1.2949999999999999,0.16236439005037909,0.26518691581285408,0.0064811062275285875,0.030266314879030632,0.005755895412784792,0.019557221982312176,0.29999999999999999
1.2975000000000001,0.16302873516432645,0.26628877799929612,0.006546837660473496,0.022323547362703273,0.005755895412784792,0.019557221982312176,0.29999999999999999
1.3,0.16369583225377024,0.26738861604653474,0.0065927439817249096,0.014404803235896539,0.0012784090307188128,0.006678443027993918,0.29999999999999999
1.3025,0.16436437616692429,0.26744629362952577,0.0066293235571635275,0.014861479227556479,0.0012784090307188128,0.006678443027993918,0.29999999999999999
1.3049999999999999,0.16503306260044884,0.26750262533096225,0.0066670646930424432,0.015334134844434265,-0.0075990007520079471,0.016175710057416678,0.29999999999999999
1.3075000000000001,0.16569930869940241,0.26549389455804973,0.0067267248485595767,0.032398258550860551,-0.0075990007520079471,0.016175710057416678,0.29999999999999999
1.3100000000000001,0.16636052963451911,0.26348223713898372,0.0068290849635052747,0.049497157714916577,-0.0025596760805617533,0.020619697822414452,0.29999999999999999
1.3125,0.1670181803882746,0.26263756136206579,0.0069624948863366816,0.057240335923879775,-0.0025596760805617533,0.020619697822414452,0.29999999999999999
1.3149999999999999,0.16767371312702636,0.26178770799394863,0.0071153378860616366,0.065045010753414748,-0.0071825662704071615,0.0090300148601641372,0.29999999999999999
1.3175000000000001,0.16832577080605468,0.25985733198365701,0.0072985662888628384,0.081550821363919335,-0.0071825662704071615,0.0090300148601641372,0.29999999999999999
1.3200000000000001,0.16897299364983651,0.25791959087723187,0.007523164921789856,0.098144153497761941,0.005625616308128488,0.015380354931864732,0.29999999999999999
1.3225,0.16961908286147986,0.25895035001209099,0.007759485608939941,0.090929349990672467,0.005625616308128488,0.015380354931864732,0.29999999999999999
1.325,0.17026773853026314,0.25997286482090193,0.0079778932059075391,0.083812396579356366,0.0098131293356509518,0.010083947948159765,0.29999999999999999
1.3275000000000001,0.17092015754506226,0.26196119106945304,0.0081688508738242682,0.068967451169684252,0.0098131293356509518,0.010083947948159765,0.29999999999999999
1.3300000000000001,0.17157753926741243,0.26394325486959552,0.0083227923662289299,0.054196798423400944,0.0068137625133375141,0.010189096082626399,0.29999999999999999
1.3325,0.17223899825221153,0.26522318249603405,0.0084468826957046651,0.045084370817425182,0.0068137625133375141,0.010189096082626399,0.29999999999999999
1.335,0.17290365177197917,0.26649902022481115,0.0085482546608958761,0.036020476682526795,0.0090981209437585777,0.0089961048421504132,0.29999999999999999
1.3375000000000001,0.17357215434762174,0.26830259579485666,0.0086216867511396452,0.022730468781712018,0.0090981209437585777,0.0089961048421504132,0.29999999999999999
1.3400000000000001,0.1742451630313212,0.27010410756983255,0.008661927405620086,0.0094649446764860871,0.0013136494778565873,0.012654491346191104,0.29999999999999999
1.3425,0.17492041240672188,0.27009524029471949,0.0086871852893877863,0.010743172572951107,0.0013136494778565873,0.012654491346191104,0.29999999999999999
1.345,0.17559563842228637,0.27008540032760653,0.0087156528923234035,0.012032950048236861,0.0019020975976286585,0.0084307708929608136,0.29999999999999999
1.3474999999999999,0.17627100947268165,0.27021125684921277,0.0087459876585217425,0.012237037335530155,0.0019020975976286585,0.0084307708929608136,0.29999999999999999
1.3500000000000001,0.17694669378313491,0.27033600519535339,0.0087768490425607203,0.012454282063326869,0.0069760704418794462,0.010685726296952639,0.29999999999999999
1.3525,0.17762416278667117,0.27163907918607666,0.0087964299900922336,0.0032118814845258949,0.0069760704418794462,0.010685726296952639,0.29999999999999999
1.355,0.17830488893628033,0.27294186177133029,0.0087929113309161821,-0.0060270612201575955,0.0040498149067462437,-0.0068339296410221831,0.29999999999999999
1.3574999999999999,0.17898802233590119,0.27356497751314063,0.008773117767037323,-0.0098092094091586941,0.0040498149067462437,-0.0068339296410221831,0.29999999999999999
1.3600000000000001,0.17967271456463391,0.27418898226474642,0.0087438564905972377,-0.013601910289563146,0.005241620564459433,0.0019186064476699614,0.29999999999999999
1.3625,0.18035931455078585,0.27509125775172683,0.0087023149090295262,-0.019634335101457553,0.005241620564459433,0.0019186064476699614,0.29999999999999999
1.365,0.18104817233680315,0.27599531346623174,0.0086456672091183209,-0.02568788868083581,0.020546686366892455,0.0037075919963277426,0.29999999999999999
1.3674999999999999,0.18174373992608348,0.28045941143094322,0.0085381374669063273,-0.060343647782967261,0.020546686366892455,0.0037075919963277426,0.29999999999999999
1.3700000000000001,0.18245047397763789,0.28492901010243404,0.0083438946590351296,-0.095064583987149787,0.014068166012697671,0.0041166630164666835,0.29999999999999999
1.3725000000000001,0.18316650984909544,0.28790129976813628,0.0080778470679285317,-0.11779261273673231,0.014068166012697671,0.0041166630164666835,0.29999999999999999
1.375,0.18388998940041201,0.29088429897193163,0.0077548257697784327,-0.14064764208635427,-0.0028364581699913214,0.0033195452967704382,0.29999999999999999
1.3774999999999999,0.18461603024615167,0.28995043232551915,0.007413931339233573,-0.13209231114660167,-0.0028364581699913214,0.0033195452967704382,0.29999999999999999
1.3800000000000001,0.18533975151386953,0.2890285089648979,0.0070942459942329693,-0.12367885698244055,-0.0086139275761782635,0.0026089962996215378,0.29999999999999999
1.3825000000000001,0.18605950340454486,0.28677472098877888,0.0068089089445054832,-0.10461119367000336,-0.0086139275761782635,0.0026089962996215378,0.29999999999999999
1.385,0.18677363298926677,0.28453037843639012,0.0065710964914360275,-0.085655782316898105,-0.0062366839260794274,0.0056982594896976008,0.29999999999999999
1.3875,0.18748285248235877,0.28284639745695911,0.0063750057214117268,-0.071230870005961053,-0.0062366839260794274,0.0056982594896976008,0.29999999999999999
1.3900000000000001,0.18818787034067383,0.28116885404183883,0.0062148784120817334,-0.056882440288954658,-0.0069894706983395245,0.0012011134220366966,0.29999999999999999
1.3925000000000001,0.18888848230286739,0.2793214542359046,0.0060922993982660632,-0.041189545050607804,-0.0069894706983395245,0.0012011134220366966,0.29999999999999999
1.395,0.18958448071356271,0.2774777768666003,0.0060088938362843651,-0.025540875088968799,-0.0028076349513526705,0.012294713715005385,0.29999999999999999
1.3975,0.19027708821035222,0.27660854677057656,0.0059548130161103403,-0.017727655253494238,-0.0028076349513526705,0.012294713715005385,0.29999999999999999
1.4000000000000001,0.19096752478386197,0.2757409205841459,0.005920239687662845,-0.0099334843139475965,0.014538514216644309,0.020009845054024825,0.29999999999999999
1.4025000000000001,0.19166083377274953,0.27890660719136612,0.0058646558978389055,-0.034537540643084556,0.014538514216644309,0.020009845054024825,0.29999999999999999
1.405,0.19236206043473672,0.28207543186357636,0.0057475209693223471,-0.059178817135216874,-0.0066295569578593873,0.002720817174204168,0.29999999999999999
1.4075,0.19306506465046247,0.28032872062593212,0.0056181089706438623,-0.044360046983484974,-0.0066295569578593873,0.002720817174204168,0.29999999999999999
1.4099999999999999,0.19376370737927717,0.2785860194893886,0.0055256810395181172,-0.029588915587440874,-0.0038406940069800411,0.015646271676182232,0.29999999999999999
1.4125000000000001,0.19445880733302998,0.27749431775288763,0.0054636294746816293,-0.020056781136429953,-0.0038406940069800411,0.015646271676182232,0.29999999999999999
1.415,0.19515118047989777,0.27640443044270874,0.0054253791775640469,-0.010546196583075203,-0.0028178332965104387,0.0060845932347761292,0.29999999999999999
1.4175,0.19584112749185262,0.27555328094293896,0.005408501970642853,-0.0029567781928600155,-0.0028178332965104387,0.0060845932347761292,0.29999999999999999
1.4199999999999999,0.19652894710752633,0.27470239899432358,0.0054105926392685596,0.0046294627516505959,-0.013613477996581953,0.0035312674280325936,0.29999999999999999
1.4225000000000001,0.19721150225867182,0.27134144361433116,0.0054568475295966911,0.03237775725211476,-0.013613477996581953,0.0035312674280325936,0.29999999999999999
1.425,0.19788565189033056,0.26797756579031551,0.0055725103694665261,0.060160786046736442,0.0048558167741605375,0.012665024759136447,0.29999999999999999
1.4275,0.19855675214308102,0.26890177776440388,0.00571460313349918,0.053523617098752412,0.0048558167741605375,0.012665024759136447,0.29999999999999999
1.4299999999999999,0.19923015673659653,0.26982113821094911,0.0058401764389576592,0.046944034418139227,0.0048348188417335139,0.014013704897483655,0.29999999999999999
1.4325000000000001,0.19990584818716817,0.27073136211464721,0.0059494143944276443,0.040454165471639422,0.0048348188417335139,0.014013704897483655,0.29999999999999999
1.4350000000000001,0.20058381049164598,0.27163791903578494,0.0060424835341289004,0.034007822107589014,-0.0012546133565811786,0.011404408490771347,0.29999999999999999
1.4375,0.20126226583526044,0.27112580551459381,0.006133694874266387,0.038967785449388906,-0.0012546133565811786,0.011404408490771347,0.29999999999999999
1.4399999999999999,0.20193943658046876,0.27061016519884906,0.006237357359946182,0.043969630576364695,-0.012311825286837198,0.010703897923555045,0.29999999999999999
1.4425000000000001,0.20261210051616091,0.26752012897769134,0.0063793864401294215,0.069663789035172369,-0.012311825286837198,0.010703897923555045,0.29999999999999999
1.4450000000000001,0.20327703198763397,0.2644238070795849,0.0065857385643734029,0.095432663656427164,-0.00082309184941595573,0.020354898755566338,0.29999999999999999
1.4475,0.20393755056162302,0.26398957953860647,0.0068298242387771178,0.099853363898164085,-0.00082309184941595573,0.020354898755566338,0.29999999999999999
1.45,0.20459697235596608,0.26354631597695377,0.0070850948021685877,0.10438137547243352,0.0076608731280398863,0.016525788807080395,0.29999999999999999
1.4525000000000001,0.20525773935772509,0.26506579201195679,0.0073320261487430363,0.093181423817674733,0.0076608731280398863,0.016525788807080395,0.29999999999999999
1.4550000000000001,0.20592229427211936,0.26657681456414062,0.0075510855085677226,0.082081786407256246,-0.0067773628640975456,0.012273466838177793,0.29999999999999999
1.4575,0.20658642211865755,0.26472410737071961,0.0077762018156150034,0.098027364906461384,-0.0067773628640975456,0.012273466838177793,0.29999999999999999
1.46,0.20724590743294155,0.26286254824187655,0.0080413099885148758,0.11407813831324108,0.0094470082804165838,0.0077478321662364071,0.29999999999999999
1.4625000000000001,0.20790544029093136,0.26476211901725938,0.0083088338646938788,0.099960172183963344,0.0094470082804165838,0.0077478321662364071,0.29999999999999999
1.4650000000000001,0.20856971046613187,0.26665261466085122,0.0085412005630186305,0.085949872582661721,-0.001720736474042034,0.010666817624245459,0.29999999999999999
1.4675,0.20923545209679711,0.26593934233138661,0.0087647206736556869,0.092882222576528506,-0.001720736474042034,0.010666817624245459,0.29999999999999999
1.47,0.2098994001791129,0.26521767087416248,0.009005694810232107,0.099914342308163026,0.026736533228632575,0.011170979512519164,0.29999999999999999
1.4724999999999999,0.21056980101296321,0.27110182448938736,0.009197976851699468,0.053925162853522043,0.026736533228632575,0.011170979512519164,0.29999999999999999
1.4750000000000001,0.21125490519425452,0.276981048806763,0.0092753692490424294,0.0079943395598170916,0.011021781694265497,-0.0003606334940710824,0.29999999999999999
1.4775,0.2119501398343919,0.27920666778379927,0.0092746259337055815,-0.0085890449709508793,0.011021781694265497,-0.0003606334940710824,0.29999999999999999
1.48,0.21265093918359582,0.2814330672684523,0.0092324163099982356,-0.025181686546086057,0.012414516341450939,0.0060161610388152634,0.29999999999999999
1.4824999999999999,0.21335771172810647,0.28398549546307528,0.0091454449477646662,-0.044401654111658528,0.012414516341450939,0.0060161610388152634,0.29999999999999999
1.4850000000000001,0.21407087002466618,0.28654196043520436,0.0090103681500924744,-0.063669492167019309,0.016793646343086308,-0.0022071016337015812,0.29999999999999999
1.4875,0.21479169869354126,0.29012214946953768,0.0088168215210069466,-0.091181736226204568,0.016793646343086308,-0.0022071016337015812,0.29999999999999999
1.49,0.21552148768938981,0.29371063993077157,0.008554377473889525,-0.11879238143645746,-0.0052584825423927176,0.011279195488812633,0.29999999999999999
1.4924999999999999,0.21625385364461644,0.29218381120944442,0.0082742126560553138,-0.10535951918187315,-0.0052584825423927176,0.011279195488812633,0.29999999999999999
1.4950000000000001,0.21698241467523363,0.29066649912638493,0.0080274856496134247,-0.092039741544163473,0.018254969176858937,0.015225569436870451,0.29999999999999999
1.4975000000000001,0.21771402499953674,0.29462338944002509,0.0077590609005833361,-0.12271936878151886,0.018254969176858937,0.015225569436870451,0.29999999999999999
1.5,0.21845554093079725,0.29859145056779968,0.007413778462278464,-0.15353141776797116,-0.024175240579289572,0.011259164390684374,0.29999999999999999
1.5024999999999999,0.21919466541502819,0.29271007431832441,0.0070902823409443559,-0.10528854172663751,-0.024175240579289572,0.011259164390684374,0.29999999999999999
1.5050000000000001,0.21991909918577471,0.28683815892116649,0.0068872419244868713,-0.057158271077660736,-0.0083157936012625052,0.0027037496155364752,0.29999999999999999
1.5075000000000001,0.22063346863030717,0.28465811807651631,0.006767429558956253,-0.038700193665064289,-0.0083157936012625052,0.0027037496155364752,0.29999999999999999
1.51,0.22134239268844522,0.2824815723502283,0.0066937063488550497,-0.020283649508396295,-0.0082818831306748705,0.0051465163761130507,0.29999999999999999
1.5125,0.22204588787160159,0.28031474154628611,0.0066659140370256839,-0.0019521888122975249,-0.0082818831306748705,0.0051465163761130507,0.29999999999999999
1.5150000000000001,0.2227439665430371,0.27814808706419419,0.0066839436596684131,0.016377176670420497,0.010173532981890034,0.010639080444125475,0.29999999999999999
1.5175000000000001,0.2234419895137065,0.28027016354571221,0.0067047458676333131,0.0002660836596287755,0.010173532981890034,0.010639080444125475,0.29999999999999999
1.52,0.22414531734069137,0.28239221587048247,0.0066852743161235472,-0.015844722760049321,0.003713393689818956,0.0066573972233550799,0.29999999999999999
1.5225,0.22485207471935648,0.28301395705408827,0.0066405838337338192,-0.01991086809547795,0.003713393689818956,0.0066573972233550799,0.29999999999999999
1.5250000000000001,0.22556038862948527,0.28363750261094411,0.0065857021280739713,-0.023998432240612141,-0.0017407691717573233,-0.0082498671424736103,0.29999999999999999
1.5275000000000001,0.22626867926752026,0.28299532394984306,0.0065332983817254133,-0.01792831924287357,-0.0017407691717573233,-0.0082498671424736103,0.29999999999999999
1.53,0.22697536660100551,0.28235476758293115,0.0064960444782158787,-0.011877472627921493,0.0035645410939109286,-0.00071864392313141792,0.29999999999999999
1.5325,0.22768199552919505,0.28294858353817404,0.0064615195142934592,-0.015744974362576693,0.0035645410939109286,-0.00071864392313141792,0.29999999999999999
1.5350000000000001,0.22839011070759777,0.2835438262871976,0.0064173054933806583,-0.019629413055199912,0.019746747483593327,0.010377742122005658,0.29999999999999999
1.5375000000000001,0.22910441810778395,0.28790265026039286,0.0063255907534954681,-0.053748974893179209,0.019746747483593327,0.010377742122005658,0.29999999999999999
1.54,0.22982962803467585,0.29226636540983808,0.0061485123000548795,-0.087926522492692338,0.00051268117550432772,0.00050868518697813354,0.29999999999999999
1.5425,0.23056016783398459,0.29216678835118243,0.0059307656503899669,-0.086286403417576429,0.00051268117550432772,0.00050868518697813354,0.29999999999999999
1.5449999999999999,0.23129046848621165,0.29207502373395222,0.0057170029861327142,-0.084739048925077651,-0.0053682342917695872,-0.0035485584531439922,0.29999999999999999
1.5475000000000001,0.23201884053875715,0.29062380152836542,0.0055207189058493599,-0.072302270679631561,-0.0053682342917695872,-0.0035485584531439922,0.29999999999999999
1.55,0.23274359294159366,0.28917911723383755,0.0053554269207956827,-0.059943154209959111,-0.00088881139145187069,0.0019389153372865527,0.29999999999999999
1.5525,0.23346604222680389,0.28878118559390153,0.0052104956939639348,-0.056012213459766515,-0.00088881139145187069,0.0019389153372865527,0.29999999999999999
1.5549999999999999,0.23418750309462572,0.28838832449777368,0.005075315682942623,-0.052141482946251858,0.0020596811701426221,-0.0041956148149458845,0.29999999999999999
1.5575000000000001,0.23490884452914343,0.28868562300888861,0.0049428605380490613,-0.053832129364528213,0.0020596811701426221,-0.0041956148149458845,0.29999999999999999
1.5600000000000001,0.23563093527295709,0.28898779789436907,0.0048061067964101341,-0.055580668540394798,0.0037619731087569449,0.0034173425899326603,0.29999999999999999
1.5625,0.23635428235279485,0.28969074295529201,0.004660934649706021,-0.060567459323954742,0.0037619731087569449,0.0034173425899326603,0.29999999999999999
1.5649999999999999,0.23707939356091057,0.2903991762992329,0.0045032152120832742,-0.065619400947020651,0.0078027386290699914,-0.0040492152601440947,0.29999999999999999
1.5675000000000001,0.23780745732888428,0.29205292539950939,0.0043233486065168743,-0.078286788142819905,0.0078027386290699914,-0.0040492152601440947,0.29999999999999999
1.5700000000000001,0.23853966410299457,0.29371377317779385,0.004111711068495308,-0.091038425647594845,-0.0038868121733591338,-0.0048089447952973574,0.29999999999999999
1.5725,0.23927263637799168,0.29266535203405475,0.0038953557622127682,-0.082061320156982628,-0.0038868121733591338,-0.0048089447952973574,0.29999999999999999
1.575,0.24000299705093159,0.29162435690411015,0.0037013309824603866,-0.073172405235402402,0.0083921011482896869,0.0006573258108764999,0.29999999999999999
1.5775000000000001,0.24073433164548361,0.29344453100216955,0.0035007716915839461,-0.087289415552899402,0.0083921011482896869,0.0006573258108764999,0.29999999999999999
1.5800000000000001,0.24147022630037829,0.29527261905989338,0.0032648056356422129,-0.10150035635531891,0.0055102180252300029,-0.0092554299074961328,0.29999999999999999
1.5825,0.24220986499584007,0.29643993757793563,0.0029999046806327106,-0.11043940438319916,0.0055102180252300029,-0.0092554299074961328,0.29999999999999999
1.585,0.24295243432688085,0.29761726328374505,0.0027125096251100884,-0.11949724890267123,-0.0052019241885645807,-0.0014793050057515685,0.29999999999999999
1.5875000000000001,0.24369484760427162,0.29631507935646412,0.0024273116170393317,-0.10868159238669346,-0.0052019241885645807,-0.0014793050057515685,0.29999999999999999
1.5900000000000001,0.24443401791983771,0.29502273174949301,0.0021690043297597147,-0.097982746843762,0.010007536047780348,-0.0080300801432649817,0.29999999999999999
1.5925,0.24517438822773088,0.29727512896093888,0.0019018137294805207,-0.1157888966905616,0.010007536047780348,-0.0080300801432649817,0.29999999999999999
1.595,0.24592040230846582,0.29953801959377435,0.0015899560519056339,-0.13371960985389825,-0.006148984880322908,0.0011745620751524243,0.29999999999999999
1.5975000000000001,0.24666739363373899,0.29805696659692221,0.0012708026558242186,-0.1216259779745739,-0.006148984880322908,0.0011745620751524243,0.29999999999999999
1.6000000000000001,0.24741069631571411,0.2965869237330015,0.00098171721991593313,-0.1096630887820205,0.0016770416068359727,0.0099679033182053338,0.29999999999999999
1.6025,0.24815261062908708,0.29694620295451918,0.00070412419612327494,-0.11243122945766755,0.0016770416068359727,0.0099679033182053338,0.29999999999999999
1.605,0.24889543581480603,0.29731566425856254,0.00041946033694586224,-0.11532026363628003,-0.013160333979372283,0.0086009570280183335,0.29999999999999999
1.6074999999999999,0.24963488617170274,0.29424617514990115,0.00016204782056516797,-0.090628200039825774,-0.013160333979372283,0.0086009570280183335,0.29999999999999999
1.6100000000000001,0.25036667352896036,0.29118489290909283,-3.3761858186462612e-05,-0.066033579866225198,-0.017722251304526267,0.0045677287669497078,0.29999999999999999
1.6125,0.25108949000648462,0.28706903654893989,-0.00015753239600040445,-0.032991724257082272,-0.017722251304526267,0.0045677287669497078,0.29999999999999999
1.615,0.25180202120178863,0.28295616865646434,-0.00019875004209360853,1.4651703373579072e-05,-0.013026220522964201,0.0045516408452775103,0.29999999999999999
1.6174999999999999,0.25250563543269999,0.2799350329382061,-0.00016841897309596409,0.024252377685046581,-0.013026220522964201,0.0045516408452775103,0.29999999999999999
1.6200000000000001,0.25320169453586572,0.27691170039840357,-7.7466420295989357e-05,0.048516184776384266,-0.007422270194300664,0.0011653196051506509,0.29999999999999999
1.6225000000000001,0.25389181868266864,0.27518678022413989,6.1126622272608303e-05,0.062368184551137684,-0.007422270194300664,0.0011653196051506509,0.29999999999999999
1.625,0.25457762373020865,0.27345621147833132,0.00023443038507310547,0.076287248712201078,-0.00023025099212392553,0.0064631716670086603,0.29999999999999999
1.6274999999999999,0.25526118385754681,0.27339073465960367,0.00042584609679949563,0.076859042531640623,-0.00023025099212392553,0.0064631716670086603,0.29999999999999999
1.6300000000000001,0.25594457160327666,0.27331829694383214,0.00061879446316353409,0.077513482244584167,0.009399482816473053,0.012512844438091699,0.29999999999999999
1.6325000000000001,0.25663056772203052,0.27547755793635625,0.00079100858791386879,0.060270165663851544,0.009399482816473053,0.012512844438091699,0.29999999999999999
1.635,0.25732195484313919,0.27763135860337823,0.00092019930506740647,0.043091671892872503,0.0075992660274999541,0.0018853687743906622,0.29999999999999999
1.6375,0.25801819815117277,0.27936274113635878,0.0010107070034623925,0.029320976790670958,0.0075992660274999541,0.0018853687743906622,0.29999999999999999
1.6400000000000001,0.25871876633528312,0.28109146713514377,0.0010668304667509154,0.015581818414303355,0.0038728325325335937,-0.0022188890820328644,0.29999999999999999
1.6425000000000001,0.25942257147628328,0.28195246147764164,0.0010973269935140551,0.0088175896427256199,0.0038728325325335937,-0.0022188890820328644,0.29999999999999999
1.645,0.26012852797709929,0.28281265703501229,0.0011109263165355568,0.0020628439293064928,0.014861620016495686,0.009179409743847327,0.29999999999999999
1.6475,0.26083982774866871,0.28622733498538738,0.0010819968916934485,-0.025208458262300976,0.014861620016495686,0.009179409743847327,0.29999999999999999
1.6500000000000001,0.26155966655588753,0.28964429764571797,0.00098486142622102339,-0.052506880235974232,0.0019600773348377554,0.0119391578762711,0.29999999999999999
1.6525000000000001,0.26228430424450272,0.29006667046620033,0.00084952569687340692,-0.055771405608926683,0.0019600773348377554,0.0119391578762711,0.29999999999999999
1.655,0.26301000411751557,0.29049409488190064,0.00070595442356371954,-0.059095905728926063,0.0056706790242718567,0.0049401459675895397,0.29999999999999999
1.6575,0.26373785741424077,0.29178951245344026,0.00054533321818688355,-0.069412574078095896,0.0056706790242718567,0.0049401459675895397,0.29999999999999999
1.6600000000000001,0.26446895691885924,0.2930912174310118,0.00035882935317923473,-0.079803888555691177,-0.013618353892203604,0.0036470494873151842,0.29999999999999999
1.6625000000000001,0.26519771447009699,0.28991583520981346,0.00019126005016022822,-0.05426356554404177,-0.013618353892203604,0.0036470494873151842,0.29999999999999999
1.665,0.26591854018958938,0.28674536711574561,8.7462908963705557e-05,-0.028781588518895493,-0.0019870049740487602,0.0097235431725745253,0.29999999999999999
1.6675,0.26663482334372607,0.28628156246797876,2.0180448962595304e-05,-0.025049202980767571,-0.0019870049740487602,0.0097235431725745253,0.29999999999999999
1.6699999999999999,0.26734994989242644,0.28582002663490513,-3.7805550866018722e-05,-0.021343753944467605,-0.0097017711301253425,-0.0077824108272592143,0.29999999999999999
1.6725000000000001,0.26806168331197616,0.28356689469255231,-6.8552307050218832e-05,-0.0032558555585043836,-0.0097017711301253425,-0.0077824108272592143,0.29999999999999999
1.675,0.26876778461156203,0.28131405765643264,-5.4087745375371951e-05,0.014828541589988177,-0.014404882055539525,0.0051048665816740314,0.29999999999999999
1.6775,0.26946688583944955,0.27796649797383483,1.6580063528384641e-05,0.0417107712777798,-0.014404882055539525,0.0051048665816740314,0.29999999999999999
1.6799999999999999,0.27015761395345123,0.27461516051488588,0.00015450348583776879,0.068637853252056555,0.0067821062036655232,0.0064847193477799974,0.29999999999999999
1.6825000000000001,0.27084611302907496,0.27618315870012977,0.00031038349399446948,0.056077328647010233,0.0067821062036655232,0.0064847193477799974,0.29999999999999999
1.6850000000000001,0.27153852551451996,0.27774607746940344,0.00043494037799183323,0.043577108687603311,0.0070639074297757336,0.011417900226227573,0.29999999999999999
1.6875,0.27223492201374444,0.27937056200999777,0.00052765040391613085,0.030597559203870625,0.0070639074297757336,0.011417900226227573,0.29999999999999999
1.6899999999999999,0.27293537601501755,0.28099227479150368,0.00058795559291615718,0.017650915942385659,0.0021266004231094847,0.0028403116992471423,0.29999999999999999
1.6925000000000001,0.27363844736135479,0.28146456381878715,0.00062744374731305301,0.013942438633695323,0.0021266004231094847,0.0028403116992471423,0.29999999999999999
1.6950000000000001,0.27434269778180009,0.28193558994438228,0.00065768027941255039,0.010248954839375452,-0.00098840738468541998,0.0028309239107184659,0.29999999999999999
1.6975,0.27504721937152493,0.28168151103497446,0.0006859676729478087,0.01238298783150063,-0.00098840738468541998,0.0028309239107184659,0.29999999999999999
1.7,0.27575110440242412,0.28142631057277118,0.00071960631410371756,0.014530336553836974,0.0006710880904573749,-0.0025129756679712167,0.29999999999999999
1.7025000000000001,0.27645483204764981,0.2815555933374625,0.00075475935888522604,0.013594619431170895,0.0006710880904573749,-0.0025129756679712167,0.29999999999999999
1.7050000000000001,0.27715888134308003,0.28168364475033808,0.00078759159272220056,0.012673521418620987,0.00013054920932607534,7.3546737782041301e-05,0.29999999999999999
1.7075,0.27786309224392775,0.28168488385935347,0.00081939985947677573,0.012775372312196314,0.00013054920932607534,7.3546737782041301e-05,0.29999999999999999
1.71,0.27856730479819031,0.28168496584127733,0.00085147990156026127,0.01289096116432298,0.0057479065164034379,0.0071152859860770055,0.29999999999999999
1.7125000000000001,0.27927314840383149,0.28298980223797154,0.00087075614179743955,0.002531413294024825,0.0057479065164034379,0.0071152859860770055,0.29999999999999999
1.7150000000000001,0.27998225361832463,0.2842944093057076,0.00086413923618630943,-0.0078254120479476236,0.0036711705999460317,0.0084371082139402063,0.29999999999999999
1.7175,0.28069401757874424,0.28511692612482831,0.00083646886055212136,-0.014312872210477038,0.0036711705999460317,0.0084371082139402063,0.29999999999999999
1.72,0.28140783932932767,0.28594073948790666,0.00079256204885509891,-0.020815724970068634,-0.00023562845658422083,0.018185193565943749,0.29999999999999999
1.7225000000000001,0.28212258760109904,0.2858581863183694,0.00074148947159187895,-0.020045998200120325,-0.00023562845658422083,0.018185193565943749,0.29999999999999999
1.7250000000000001,0.2828371317738127,0.28577744878647171,0.00069231409598962518,-0.019297827636449737,0.0053391415795596593,0.0055107806287368645,0.29999999999999999
1.7275,0.28355309623080194,0.28699448120546295,0.00063197235237634909,-0.028979893403868147,0.0053391415795596593,0.0055107806287368645,0.29999999999999999
1.73,0.2842721063673323,0.28821413880857755,0.00054738865904899517,-0.038693125383212457,-0.025520762574469568,0.0020431521222799469,0.29999999999999999
1.7324999999999999,0.28498520250182324,0.28226299149998851,0.0005104945322119966,0.0091751792519264921,-0.025520762574469568,0.0020431521222799469,0.29999999999999999
1.7350000000000001,0.28568342063259133,0.27631101364235722,0.00059327277537845073,0.05705334639082478,0.004724832957600701,0.00904935826164701,0.29999999999999999
1.7375,0.28637554209975941,0.27738536324702345,0.00072522361937789055,0.048516789096209365,0.004724832957600701,0.00904935826164701,0.29999999999999999
1.74,0.2870703437867887,0.27845531798123063,0.00083590019696240699,0.040032408186036546,-0.0033890334003071785,0.017626226385415254,0.29999999999999999
1.7424999999999999,0.28776545792366764,0.27763533672994106,0.0009443580866162842,0.046741677933869422,-0.0033890334003071785,0.017626226385415254,0.29999999999999999
1.7450000000000001,0.28845851694331615,0.27681112258211704,0.0010696504646265405,0.0535012054377111,0.0034057045191168501,0.010474563383684854,0.29999999999999999
1.7475000000000001,0.28915148392701417,0.27756170101438898,0.0011960541585088367,0.047630812363979605,0.0034057045191168501,0.010474563383684854,0.29999999999999999
1.75,0.28984632185314929,0.27830796475112424,0.0013078472092535455,0.04181164352024689,-0.007653878435143026,0.010488977246200924,0.29999999999999999
1.7524999999999999,0.29053980688350189,0.27647931651263558,0.0014309612084610777,0.056688378682505758,-0.007653878435143026,0.010488977246200924,0.29999999999999999
1.7550000000000001,0.29122871415950258,0.27464553643557416,0.0015913398803502352,0.071626051708675489,-0.0024871437928362761,0.0097941721497889385,0.29999999999999999
1.7575000000000001,0.29191453051860256,0.27400642950413134,0.0017770972807183653,0.076993182927547171,-0.0024871437928362761,0.0097941721497889385,0.29999999999999999
1.76,0.2925987404979028,0.2733603510280932,0.0019763747705936895,0.082443092008990984,-0.0031321725318715471,0.021642313624765406,0.29999999999999999
1.7625,0.29328113862097954,0.27255685266573787,0.0021908919874481423,0.089186055736673875,-0.0031321725318715471,0.021642313624765406,0.29999999999999999
1.7650000000000001,0.29396151803316911,0.27174527993754738,0.0024223849400486332,0.096024896615315922,-0.0039285497354678966,0.0044567605854899462,0.29999999999999999
1.7675000000000001,0.29463962636633861,0.27073987450484022,0.0026729610895546356,0.1044539790392401,-0.0039285497354678966,0.0044567605854899462,0.29999999999999999
1.77,0.29531520952758566,0.26972501453915598,0.0029447483887799419,0.11299533528553528,0.0055322819769412866,0.01481989186625992,0.29999999999999999
1.7725,0.29599099202656493,0.27089934625534184,0.0032159591552263721,0.10399272722410399,0.0055322819769412866,0.01481989186625992,0.29999999999999999
1.7750000000000001,0.29666969840660856,0.27206425439330095,0.0034648052380518556,0.095101985346401741,-0.00010008377387602787,0.0077960413052321782,0.29999999999999999
1.7775000000000001,0.29734966948432701,0.27191115964500023,0.0037046991364418267,0.096830328066573226,-0.00010008377387602787,0.0077960413052321782,0.29999999999999999
1.78,0.29802924689902638,0.27174929715078977,0.0039490436255257919,0.098662776590259266,-0.0049518879622991972,0.00067025633745004072,0.29999999999999999
1.7825,0.29870699871480705,0.27045058508635816,0.0042094244606209908,0.10966054300758407,-0.0049518879622991972,0.00067025633745004072,0.29999999999999999
1.7850000000000001,0.29938149155836169,0.26914195287824161,0.0044974445190556732,0.1207761335116373,0.0036582923074263266,0.012019108637556043,0.29999999999999999
1.7875000000000001,0.30005520125632995,0.26982401842607434,0.0047933191515359512,0.1159447880096366,0.0036582923074263266,0.012019108637556043,0.29999999999999999
1.79,0.30073060289742626,0.27049557933643248,0.005077272372189569,0.11123814960024141,0.016506216854883023,0.0048486955933450772,0.29999999999999999
1.7925,0.30141140397412819,0.27414381398162879,0.0053196259177807747,0.082662099345150411,0.016506216854883023,0.0048486955933450772,0.29999999999999999
1.7949999999999999,0.30210131570851495,0.27778453731291769,0.0054906571022291335,0.054175137979509756,0.01725985536565117,0.013849477144147318,0.29999999999999999
1.7975000000000001,0.30280054154166186,0.28159553445147018,0.005588791480067393,0.024339417536542368,0.01725985536565117,0.013849477144147318,0.29999999999999999
1.8,0.30350929153720296,0.28540431900592883,0.0056123760527276544,-0.0054700638788480541,0.024227458221021909,0.010065186211229715,0.29999999999999999
1.8025,0.30422958811529743,0.29083335132865612,0.0055451758028649874,-0.048294970376220936,0.024227458221021909,0.010065186211229715,0.29999999999999999
1.8049999999999999,0.30496346195791135,0.29626678066964701,0.0053708577695999469,-0.091171996357284207,0.0013993155234270685,0.009434371674228165,0.29999999999999999
1.8075000000000001,0.30570429575825347,0.29640163827990429,0.0051425087444824293,-0.091523592804836421,0.0013993155234270685,0.009434371674228165,0.29999999999999999
1.8100000000000001,0.30644547705600367,0.29654478466228584,0.0049131578023181759,-0.091973601958557208,0.0060891551629920129,0.00097684616792380525,0.29999999999999999
1.8125,0.3071883893589703,0.29778651742783147,0.004671613382254242,-0.10127926025979445,0.0060891551629920129,0.00097684616792380525,0.29999999999999999
1.8149999999999999,0.30793441729303073,0.29903743083667134,0.004406670699361087,-0.11069388981369181,-0.0078447090953762261,0.006729178624031956,0.29999999999999999
1.8175000000000001,0.30867953605061454,0.29705911899659443,0.0041505632294894061,-0.094210424697666564,-0.0078447090953762261,0.006729178624031956,0.29999999999999999
1.8200000000000001,0.3094197199862832,0.2950893258818007,0.0039355342567042933,-0.077828152219542188,-0.0032290920873102877,0.0031391734474893454,0.29999999999999999
1.8225,0.31015632973137841,0.29419958616420722,0.0037505809178449982,-0.070147771413933108,-0.0032290920873102877,0.0031391734474893454,0.29999999999999999
1.825,0.31089072320741523,0.29331619541467463,0.0035847325758662976,-0.062542786213931362,0.0021343020896632827,-0.0061501555672316436,0.29999999999999999
1.8275000000000001,0.31162447390402237,0.2936853247247318,0.0034252938721640678,-0.065019607827490125,0.0021343020896632827,-0.0061501555672316436,0.29999999999999999
1.8300000000000001,0.31235915473879361,0.29406034385784802,0.0032595762713820979,-0.067566354001072582,-0.0036683483939204957,0.0043895309723397989,0.29999999999999999
1.8325,0.31309309460107854,0.29309250322765928,0.0031009438468930957,-0.059350952979051665,-0.0036683483939204957,0.0043895309723397989,0.29999999999999999
1.835,0.31382462173143139,0.29213003490683892,0.0029627683487040294,-0.051199347370471701,0.0035499322579870098,0.001579859666811181,0.29999999999999999
1.8375000000000001,0.31455584611590032,0.2928502863447372,0.0028280550951026613,-0.056580914996505749,0.0035499322579870098,0.001579859666811181,0.29999999999999999
1.8400000000000001,0.31528887743468859,0.29357566405905677,0.0026798130644182117,-0.062023338970544302,-0.0075565477298556883,0.01154246628921631,0.29999999999999999
1.8425,0.31602050180394248,0.29172465186331581,0.0025438033995267353,-0.046794137425498185,-0.0075565477298556883,0.01154246628921631,0.29999999999999999
1.845,0.31674750422241832,0.28987787419321315,0.0024458004743694627,-0.031615224535518738,-0.00022452738971580474,0.002934404065535644,0.29999999999999999
1.8475000000000001,0.3174720240961405,0.28973849097952503,0.0023685872808097354,-0.030160865370217924,-0.00022452738971580474,0.002934404065535644,0.29999999999999999
1.8500000000000001,0.31819619895340634,0.28960183932485001,0.0022949691238901048,-0.028738937533777015,-0.0026808599853956096,0.010473170693277379,0.29999999999999999
1.8525,0.31891932170006415,0.28889674657124947,0.0022305995119978376,-0.022761365720841184,-0.0026808599853956096,0.010473170693277379,0.29999999999999999
1.855,0.31964068440356386,0.28819371478721056,0.0021811419047059566,-0.016808265076976615,0.0012146334726347255,0.01398568728419433,0.29999999999999999
1.8574999999999999,0.32036142349598318,0.28839782297716071,0.0021374516931048438,-0.018147036449009456,0.0012146334726347255,0.01398568728419433,0.29999999999999999
1.8600000000000001,0.32108267488813019,0.28860357492560651,0.0020903904612570748,-0.019505322949728367,-0.012226645981799998,0.0019088715168108894,0.29999999999999999
1.8625,0.32180053706894429,0.28568628504096183,0.0020712773392867158,0.0042134558220576039,-0.012226645981799998,0.0019088715168108894,0.29999999999999999
1.865,0.32251110599560773,0.28276861394797775,0.002111461513878388,0.027936762052169658,-0.00078765735957978542,-0.0049647836146840697,0.29999999999999999
1.8674999999999999,0.32321770197740984,0.28250773179545852,0.0021842894616424229,0.0303308166791923,-0.00078765735957978542,-0.0049647836146840697,0.29999999999999999
1.8700000000000001,0.32392364236574833,0.28224410280276718,0.0022631427725800144,0.03275748447773353,0.0033122883524315003,0.0076923986165590985,0.29999999999999999
1.8725000000000001,0.32463011138173609,0.28293065460799416,0.0023385376518424319,0.027563824994052064,0.0033122883524315003,0.0076923986165590985,0.29999999999999999
1.875,0.32533829355797056,0.28361470918766979,0.0024009866000452109,0.022399811406822373,0.018949800102022248,0.0020275863025805887,0.29999999999999999
1.8774999999999999,0.32605272718139988,0.2879321104136317,0.00241406150377051,-0.011938949351233637,0.018949800102022248,0.0020275863025805887,0.29999999999999999
1.8800000000000001,0.32677795501286716,0.29225059497827544,0.0023412811406049849,-0.046290564724618448,-0.0093274561911311157,0.0075903775415905846,0.29999999999999999
1.8825000000000001,0.32750576684713956,0.28999943179295118,0.0022485615206258051,-0.027891774184313257,-0.0093274561911311157,0.0075903775415905846,0.29999999999999999
1.885,0.32822795427484125,0.28775079250995311,0.0022017972943996025,-0.0095229574803404569,0.0025275657983651954,-0.004534574822862447,0.29999999999999999
1.8875,0.32894796636315493,0.28825905042047378,0.0021732705582081339,-0.013300476740905329,0.0025275657983651954,-0.004534574822862447,0.29999999999999999
1.8900000000000001,0.32966925053095242,0.28876851323405167,0.0021352829912945851,-0.017092300380825376,0.00020944556987249419,-0.00098781892719371537,0.29999999999999999
1.8925000000000001,0.33039113661916325,0.28874061141486762,0.0020932038492715742,-0.016574029826997894,0.00020944556987249419,-0.00098781892719371537,0.29999999999999999
1.895,0.33111295483886688,0.28871421074042575,0.0020523979914573482,-0.016073581737661387,0.0086471415739602653,0.0047449357415010164,0.29999999999999999
1.8975,0.33183716071672226,0.2906508496498223,0.0019931293343270241,-0.03134559466948017,0.0086471415739602653,0.0047449357415010164,0.29999999999999999
1.9000000000000001,0.33256621145445914,0.29259032955697795,0.0018956419176790031,-0.046651330353340612,0.0045657030610968576,0.0048676562006232929,0.29999999999999999
1.9025000000000001,0.33329892989922716,0.29358518901341052,0.001769356287016735,-0.054386229213020658,0.0045657030610968576,0.0048676562006232929,0.29999999999999999
1.905,0.33403414150528682,0.29458497578979576,0.0016236620299249823,-0.062179622945945714,-0.00048165167575248916,0.00094950892898857059,0.29999999999999999
1.9075,0.33477039280462223,0.29441699034207314,0.001470182186531888,-0.060615253974199958,-0.00048165167575248916,0.00094950892898857059,0.29999999999999999
1.9100000000000001,0.33550623103129712,0.29425449455214242,0.0013205314498387346,-0.059116063173322256,-0.0010151409828050373,0.0069929516276751504,0.29999999999999999
1.9125000000000001,0.33624151471631863,0.29397332734062864,0.0011757939860677141,-0.056684283316769467,-0.0010151409828050373,0.0069929516276751504,0.29999999999999999
1.915,0.33697610194562772,0.29369729375135567,0.0010370592453561617,-0.054313454513043397,0.0013026725593560545,0.0088833676871919905,0.29999999999999999
1.9175,0.33771067879887601,0.2939650238906773,0.000898768619814274,-0.056328959977023085,0.0013026725593560545,0.0088833676871919905,0.29999999999999999
1.9199999999999999,0.33844593131635931,0.29423785601251889,0.00075536397208240133,-0.0584050388355348,-0.017546120480346959,0.0012222822624084664,0.29999999999999999
1.9225000000000001,0.33917639536193828,0.2901340122585519,0.00065068138786996267,-0.025348530948117322,-0.017546120480346959,0.0012222822624084664,0.29999999999999999
1.925,0.33989660328970089,0.28603246327607035,0.00062859861305362768,0.0076807279693446515,-0.0058612584501951063,0.010270430498958897,0.29999999999999999
1.9275,0.34060995251251136,0.28464671441109768,0.00066182116743954589,0.018899696815603974,-0.0058612584501951063,0.010270430498958897,0.29999999999999999
1.9299999999999999,0.34131983543555511,0.2832592539991175,0.00072311403055800401,0.030138987035397559,0.0009033160573856348,-0.0034432273921751293,0.29999999999999999
1.9325000000000001,0.34202821217312163,0.28344169137409148,0.00079675559263657849,0.028779542058302507,0.0009033160573856348,-0.0034432273921751293,0.29999999999999999
1.9350000000000001,0.34273704172033759,0.28362152200443658,0.00086703752879330003,0.027451045451966648,-0.0070848451734545235,-0.00099611501430999319,0.29999999999999999
1.9375,0.34344399649480561,0.28194178061033348,0.00095267859185564434,0.041067943151731234,-0.0070848451734545235,-0.00099611501430999319,0.29999999999999999
1.9399999999999999,0.34414674752482244,0.28025832066574069,0.0010724140358660029,0.054728993668706219,0.011381162438590931,0.013231658006649046,0.29999999999999999
1.9425000000000001,0.34485064985569497,0.28286287425298084,0.0011832757252668987,0.033968308575401174,0.011381162438590931,0.013231658006649046,0.29999999999999999
1.9450000000000001,0.34556105933113251,0.28546434954794964,0.0012422860261007283,0.013244164480446258,0.010776269311751725,0.0052296078986603049,0.29999999999999999
1.9475,0.34627779483246063,0.28792399932390833,0.0012509201471169863,-0.0063362481415734882,0.010776269311751725,0.0052296078986603049,0.29999999999999999
1.95,0.34700067980629029,0.29038422331542485,0.0012105991049288739,-0.02592347696992783,-0.00066304520097762746,-0.0064393795192274929,0.29999999999999999
1.9525000000000001,0.3477263938494119,0.29018738929608623,0.0011479771493769443,-0.024178576697420209,-0.00066304520097762746,-0.0064393795192274929,0.29999999999999999
1.9550000000000001,0.34845161857748586,0.2899927451381149,0.0010896845572157545,-0.022459675909021683,0.00034817017268788664,-0.0074694411187226839,0.29999999999999999
1.9575,0.34917665311104873,0.29003522218863687,0.0010332986213795838,-0.022653115057517804,0.00034817017268788664,-0.0074694411187226839,0.29999999999999999
1.96,0.34990179639811309,0.2900797510430998,0.00097639868374996242,-0.02287091419324418,0.010232462338260914,0.0023365590579057624,0.29999999999999999
1.9625000000000001,0.35062992579049229,0.29242424936743561,0.00089585509818808405,-0.041569729623323781,0.010232462338260914,0.0023365590579057624,0.29999999999999999
1.9650000000000001,0.35136392078347434,0.29477251416850819,0.0007685127775877578,-0.06031325770716825,0.0076167770512521223,-0.0024578860096620136,0.29999999999999999
1.9675,0.35210303284283362,0.29651814893945189,0.00060033937819280701,-0.074237519233646729,0.0076167770512521223,-0.0024578860096620136,0.29999999999999999
1.97,0.35284651713171283,0.29827050849208936,0.00039725865536062834,-0.088241618405717079,0.0025965179398768027,-0.0041463012164513211,0.29999999999999999
1.9725000000000001,0.3535929332461018,0.29886375051811853,0.00017076876646723445,-0.092966528895790226,0.0025965179398768027,-0.0041463012164513211,0.29999999999999999
1.9750000000000001,0.35434084290000423,0.29946541211773886,-6.7657286388496569e-05,-0.097791404819391914,0.0014334441058426128,0.0051853170051766023,0.29999999999999999
1.9775,0.35508992971738179,0.29980553848399616,-0.00031556143135035936,-0.10054968172312084,0.0014334441058426128,0.0051853170051766023,0.29999999999999999
1.98,0.35583987817992913,0.30015477065928081,-0.00057049578313014631,-0.10341607392030722,0.0040954886348362144,0.00045540081912898888,0.29999999999999999
1.9825000000000002,0.35659148491704434,0.30113223955357316,-0.00083894727300549889,-0.1113643595776556,0.0040954886348362144,0.00045540081912898888,0.29999999999999999
1.9850000000000001,0.35734554777990968,0.30211979196616484,-0.0011274173477909704,-0.11943237564232204,-0.021568030239727223,0.00054903765248199947,0.29999999999999999
1.9875,0.35809463553899273,0.29715191976901739,-0.0013763214164271267,-0.079708735888382815,-0.021568030239727223,0.00054903765248199947,0.29999999999999999
1.99,0.35883131340112534,0.29219127510693915,-0.001526032503428163,-0.040070876248340541,-0.0033079849141925757,0.0030402255101457179,0.29999999999999999
1.9924999999999999,0.35956090097087212,0.29147934414328436,-0.0016193278232512621,-0.034572068834243894,-0.0033079849141925757,0.0030402255101457179,0.29999999999999999
1.9950000000000001,0.3602887127315294,0.29077054510687539,-0.0016989238293245268,-0.029110443080304027,-0.0097038193894580273,-0.0024989716873042643,0.29999999999999999
1.9975000000000001,0.36101289738534187,0.28857748646014758,-0.0017499792637995684,-0.01173756660371101,-0.0097038193894580273,-0.0024989716873042643,0.29999999999999999
2,0.36173160105022933,0.28638549165510313,-0.0017576221838789773,0.0056226820857583869,-0.00017458102537305179,0.0045379167360524216,0.29999999999999999
2.0024999999999999,0.36244759343529198,0.28640833474781302,-0.0017441005405522052,0.0051956019348335459,-0.00017458102537305179,0.0045379167360524216,0.29999999999999999
2.0049999999999999,0.36316364233185261,0.2864307072576982,-0.0017316395187984496,0.0047741087927110799,-0.0018129321373086243,0.011441066270452594,0.29999999999999999
2.0074999999999998,0.36387927053739172,0.28607176515918825,-0.0017164020671830676,0.0074169449031174905,-0.0018129321373086243,0.011441066270452594,0.29999999999999999
2.0100000000000002,0.3645940005978095,0.28571215120437504,-0.0016945481478208026,0.010067757355131029,0.0048652795500935628,0.0023816230158524277,0.29999999999999999
2.0125000000000002,0.3653097710960907,0.28690416949353886,-0.0016816401495624699,0.00025956654479006649,0.0048652795500935628,0.0023816230158524277,0.29999999999999999
2.0150000000000001,0.36602852142572756,0.28809616428122936,-0.0016932500829672577,-0.0095483452128006518,-0.0099156127718244801,0.0023382200273569043,0.29999999999999999
2.0175000000000001,0.36674595758943457,0.28585277664263364,-0.001694894166862486,0.008232959892358338,-0.0099156127718244801,0.0023382200273569043,0.29999999999999999
2.02,0.36745778468710416,0.28360864280786441,-0.0016520779023117213,0.026023122348215945,-0.0012795433107277618,0.0092210348390660696,0.29999999999999999
2.0225,0.36816650831838604,0.28336985662029096,-0.0015849104572250483,0.027715649089423131,-0.0012795433107277618,0.0092210348390660696,0.29999999999999999
2.0249999999999999,0.36887463187833175,0.28312855996601372,-0.0015134748215248357,0.029437980827067313,0.0033490336264962481,0.0019173413143628644,0.29999999999999999
2.0274999999999999,0.3695834938751118,0.28396064518176961,-0.0014484965549202617,0.022549290091794554,0.0033490336264962481,0.0019173413143628644,0.29999999999999999
2.0300000000000002,0.37029443340280727,0.28479068846776912,-0.0014007081693973981,0.015684843853866391,-0.013585322695069603,0.0066378318062730703,0.29999999999999999
2.0325000000000002,0.37100252532137912,0.28168242238601021,-0.0013305361026589573,0.040457842344269732,-0.013585322695069603,0.0066378318062730703,0.29999999999999999
2.0350000000000001,0.37170284245904139,0.27857048926441835,-0.0011983826869662766,0.065274368212094869,-0.00066216149151918395,0.00052738266424158238,0.29999999999999999
2.0375000000000001,0.37239912807546771,0.27845701293054625,-0.0010342664544075717,0.066030383024595574,-0.00066216149151918395,0.00052738266424158238,0.29999999999999999
2.04,0.37309512254043331,0.27833755615107675,-0.00086817160713919671,0.066857401806049377,-0.0030371868947788412,0.0098460064285032997,0.29999999999999999
2.0425,0.37379012067043371,0.27765989839687666,-0.00069437658294259819,0.072191077113078747,-0.0030371868947788412,0.0098460064285032997,0.29999999999999999
2.0449999999999999,0.37448341658390699,0.2769757018677349,-0.00050715153410919552,0.07760238406014458,-0.0095648908289242083,0.0087577701138580859,0.29999999999999999
2.0474999999999999,0.37517309648713526,0.27476691584027052,-0.00029106042345673658,0.095285996437572462,-0.0095648908289242083,0.0087577701138580859,0.29999999999999999
2.0499999999999998,0.37585724397169534,0.27254949944479273,-3.0636170702659862e-05,0.1130720743795233,0.0080647341491044411,0.0037191300013409783,0.29999999999999999
2.0525000000000002,0.37654095831157702,0.27442037916675976,0.00023325628615601522,0.09806080843809159,0.0080647341491044411,0.0037191300013409783,0.29999999999999999
2.0550000000000002,0.37722933846713463,0.27628237758020752,0.00045975573514201178,0.083154988885136685,0.0095357362986527375,0.0028014961511350976,0.29999999999999999
2.0575000000000001,0.37792279137048096,0.27847882228838999,0.00064567264159936188,0.065591866300949445,0.0095357362986527375,0.0028014961511350976,0.29999999999999999
2.0600000000000001,0.37862172762731661,0.280669324900022,0.00078777384713713677,0.048099287323485215,0.010405014202377355,0.021059391131617349,0.29999999999999999
2.0625,0.3793263869605058,0.28305755927680532,0.00088418341966757042,0.029035284210186377,0.010405014202377355,0.021059391131617349,0.29999999999999999
2.0649999999999999,0.3800370132316076,0.28544316283869986,0.00093297629081652361,0.010002511891459166,0.0059230737914617426,0.0073956478419678002,0.29999999999999999
2.0674999999999999,0.38075229964804969,0.28678589970363183,0.00094466512167642287,-0.00065060893177522165,0.0059230737914617426,0.0073956478419678002,0.29999999999999999
2.0699999999999998,0.3814709427792759,0.28812869551072073,0.00092972266266540433,-0.011304429494530258,-0.0078275281800195655,0.0015165500327514311,0.29999999999999999
2.0725000000000002,0.3821889483003798,0.28627577872687981,0.00092022469266961099,0.0037053724934010997,-0.0078275281800195655,0.0015165500327514311,0.29999999999999999
2.0750000000000002,0.38290232139329267,0.2844225264335421,0.00094825284520279384,0.01871915819324943,-0.0071168896074017864,0.0068708403688384195,0.29999999999999999
2.0775000000000001,0.38361126601896406,0.28273278823543291,0.0010121787298974533,0.032426131212855543,-0.0071168896074017864,0.0068708403688384195,0.29999999999999999
2.0800000000000001,0.384315982887943,0.28104011400380652,0.0011104125505593597,0.046167965798744569,0.0038635254978984864,0.0086798482772331449,0.29999999999999999
2.0825,0.38501965381478748,0.28189598113925207,0.0012174332963016087,0.03945630401428156,0.0038635254978984864,0.0086798482772331449,0.29999999999999999
2.085,0.38572545981532297,0.28274827394922503,0.0013077294288822395,0.032787076245146429,-0.0020370620242697482,-0.00088900127728432749,0.29999999999999999
2.0874999999999999,0.38643167810733181,0.28222583175281191,0.0013951691235562856,0.037170947329096989,-0.0020370620242697482,-0.00088900127728432749,0.29999999999999999
2.0899999999999999,0.38713658616913282,0.28170002332835858,0.001493617468933128,0.041594785862848857,-0.0020283299204798991,0.0125299176151831,0.29999999999999999
2.0925000000000002,0.38784017762263268,0.28117247814429708,0.0016031599400306794,0.046047043063977874,-0.0020283299204798991,0.0125299176151831,0.29999999999999999
2.0950000000000002,0.38854244508522612,0.2806407630519353,0.0017238939392294327,0.05054881044964149,0.010001545345428913,0.0071875262398231271,0.29999999999999999
2.0975000000000001,0.38924687327653168,0.28290116167638935,0.0018278734718422144,0.032642273728353863,0.010001545345428913,0.0071875262398231271,0.29999999999999999
2.1000000000000001,0.38995694842832884,0.28515860163750989,0.001887134570365793,0.014770855937051405,-0.012983476959889485,0.0087931031413982889,0.29999999999999999
2.1025,0.39066598616328452,0.28207117469639298,0.0019553843224639042,0.039833834483336841,-0.012983476959889485,0.0087931031413982889,0.29999999999999999
2.105,0.39136730129876568,0.27898014390491205,0.0020863394089729185,0.064939614889970229,0.0048178863259925216,0.003668095039098593,0.29999999999999999
2.1074999999999999,0.39206605471206435,0.28002166704756415,0.002238595117646386,0.056875869913638022,0.0048178863259925216,0.003668095039098593,0.29999999999999999
2.1099999999999999,0.39276740533997218,0.28105803686130632,0.0023707697339145108,0.048873301231731725,-0.0052375124064342566,0.0012314223213976605,0.29999999999999999
2.1124999999999998,0.39346841931161797,0.27975232157282903,0.0025064730042831771,0.05969903919267644,-0.0052375124064342566,0.0012314223213976605,0.29999999999999999
2.1150000000000002,0.39416616244518188,0.27844120266643047,0.0026693183988671662,0.070588945107746076,0.0029666964746381777,0.012654899212282082,0.29999999999999999
2.1175000000000002,0.39486300397122931,0.27903098532058423,0.0028403337935593836,0.066235632470817804,0.0029666964746381777,0.012654899212282082,0.29999999999999999
2.1200000000000001,0.39556131237183706,0.27961476748312297,0.0030005559195262297,0.061953556385395646,0.0054524438681921627,0.0054032152874476051,0.29999999999999999
2.1225000000000001,0.39626179543551654,0.28077081466141451,0.0031443558265346993,0.053096682285228528,0.0054524438681921627,0.0054032152874476051,0.29999999999999999
2.125,0.39696516243557489,0.28192204989289188,0.0032660869261747568,0.04429692797180361,-6.3556212614985716e-05,0.02227489722934815,0.29999999999999999
2.1274999999999999,0.39766979951508125,0.28178693350517142,0.0033787534524325692,0.04584436918712536,-6.3556212614985716e-05,0.02227489722934815,0.29999999999999999
2.1299999999999999,0.39837409364368404,0.28164766545195424,0.003495349846117764,0.047441103551043105,0.0096136076933400726,0.0040631297593083917,0.29999999999999999
2.1324999999999998,0.39908084622012485,0.28375380277096701,0.0035934169101420766,0.031019584451806335,0.0096136076933400726,0.0040631297593083917,0.29999999999999999
2.1350000000000002,0.399792860313471,0.2858571268968732,0.0036504755871367778,0.014631451593650997,-0.013953540873699728,0.013619840140218942,0.29999999999999999
2.1375000000000002,0.40050328269499164,0.28248034994800331,0.0037215882149837045,0.042263740190515889,-0.013953540873699728,0.013619840140218942,0.29999999999999999
2.1400000000000001,0.40120525888088521,0.27909975401113946,0.0038618320980367987,0.069941403198760077,0.0009534399609573284,0.00096147151572031973,0.29999999999999999
2.1425000000000001,0.40190310779779675,0.27917832449581498,0.0040365680848905745,0.069859912407830738,0.0009534399609573284,0.00096147151572031973,0.29999999999999999
2.145,0.40260114523135204,0.27925056799882148,0.0042111942539810286,0.069853541035816105,-0.0085742346165877826,0.0050531836822186524,0.29999999999999999
2.1475,0.40329658687330316,0.27710155858823865,0.004408133819380604,0.087712211797098538,-0.0085742346165877826,0.0050531836822186524,0.29999999999999999
2.1499999999999999,0.4039866464170222,0.27494461984518309,0.0046498338050951207,0.1056650804477535,0.0094144194254443744,0.0043845965113122115,0.29999999999999999
2.1524999999999999,0.40467652900915452,0.2769599738370479,0.0048945726537766481,0.090143562120602747,0.0094144194254443744,0.0043845965113122115,0.29999999999999999
2.1550000000000002,0.40537143947246851,0.27896715056431254,0.0051006324736529544,0.074719082648001353,0.019180412805944388,0.014815266767357867,0.29999999999999999
2.1575000000000002,0.40607419681871326,0.28323784865498697,0.0052454438156103421,0.041140400054364056,0.019180412805944388,0.014815266767357867,0.29999999999999999
2.1600000000000001,0.40678762559892795,0.28750480613616436,0.0053063714339206735,0.007606074738478609,0.0099186130222922806,-0.0066464570174127637,0.29999999999999999
2.1625000000000001,0.40750902907566033,0.28961798294613633,0.0053050956000961786,-0.0086268331195303444,0.0099186130222922806,-0.0066464570174127637,0.29999999999999999
2.165,0.40823571616602261,0.2917319425952194,0.0052632295276902104,-0.024869029772493671,4.4867906765394625e-05,-0.010272361884071974,0.29999999999999999
2.1675,0.40896482165485937,0.29155280739825995,0.0052037708693986598,-0.022702158577930655,4.4867906765394625e-05,-0.010272361884071974,0.29999999999999999
2.1699999999999999,0.40969348191587479,0.29137572782709031,0.005149698397019657,-0.020559695009760168,0.014277171358265086,-0.0021204086786115752,0.29999999999999999
2.1724999999999999,0.41042583733318738,0.29450910223779481,0.0050677394438508822,-0.045013353808714601,0.014277171358265086,-0.0021204086786115752,0.29999999999999999
2.1750000000000003,0.41116603083357028,0.29764656470004913,0.0049245912182179002,-0.069515507305544955,0.016973965788668478,0.00098311022805308806,0.29999999999999999
2.1775000000000002,0.41191485902976915,0.30141726889016796,0.0047138058469762155,-0.099127932202574806,0.016973965788668478,0.00098311022805308806,0.29999999999999999
2.1800000000000002,0.41267312468153583,0.3051969779068181,0.0044288625523989386,-0.12884717041269372,0.0047005942397958505,-0.0018261038637747233,0.29999999999999999
2.1825000000000001,0.41343728734203761,0.30613514851448576,0.0040980976501257746,-0.13578847053022633,0.0047005942397958505,-0.0018261038637747233,0.29999999999999999
2.1850000000000001,0.41420381067600404,0.307085622465052,0.0037497984949444343,-0.14287582911704641,-0.0079198411857605427,-0.0090896472958444489,0.29999999999999999
2.1875,0.41496905903461356,0.30511509465015385,0.0034130440320227222,-0.12655185755010026,-0.0079198411857605427,-0.0090896472958444489,0.29999999999999999
2.1899999999999999,0.41572939568613304,0.30315601214385762,0.0031169259258806504,-0.11036383623195931,-0.0082651290722393442,-0.00088012704921113275,0.29999999999999999
2.1924999999999999,0.41648474708050703,0.30112664114574139,0.0028619318872890763,-0.093649659545788161,-0.0082651290722393442,-0.00088012704921113275,0.29999999999999999
2.1949999999999998,0.41723503595124384,0.29910574220526387,0.0026485937833767314,-0.077036106190587372,-0.0010776126336667991,0.0071217636865706646,0.29999999999999999
2.1975000000000002,0.41798237014457229,0.29876275150468246,0.0024599079635432715,-0.073926074197441752,-0.0010776126336667991,0.0071217636865706646,0.29999999999999999
2.2000000000000002,0.41872885528671361,0.29842645495093151,0.0022788971827086661,-0.070895525082897301,0.0082565174499280615,0.0012680688537483437,0.29999999999999999
2.2025000000000001,0.41947722008347466,0.30026656253572587,0.0020835825122647706,-0.085370219136382444,0.0082565174499280615,0.0012680688537483437,0.29999999999999999
2.2050000000000001,0.42023019454617738,0.3021144068807447,0.0018519695605753465,-0.099936752336353213,-0.010338448173388907,-0.0042136786192595336,0.29999999999999999
2.2075,0.42098239631701667,0.29964836578919163,0.0016272068786012891,-0.07988949697705211,-0.010338448173388907,-0.0042136786192595336,0.29999999999999999
2.21,0.42172844239953378,0.29718955468696723,0.0014524505320761148,-0.059928102359260341,0.0011729706033526458,-0.010208158693096367,0.29999999999999999
2.2124999999999999,0.42247169361687298,0.29741233582032889,0.001300646815557272,-0.061525753645624695,0.0011729706033526458,-0.010208158693096367,0.29999999999999999
2.2149999999999999,0.42321550872210684,0.29764068961203527,0.0011447666340248929,-0.063189566569054903,-0.0012901522732087418,-0.011294325663486308,0.29999999999999999
2.2175000000000002,0.42395918609483707,0.29730214063453497,0.00099039092005414209,-0.060322070958604389,-0.0012901522732087418,-0.011294325663486308,0.29999999999999999
2.2200000000000002,0.42470202397740509,0.29696905470817236,0.00084310223212282539,-0.057519437823388392,0.0077461616681282902,-0.0016600159870206305,0.29999999999999999
2.2225000000000001,0.42544666150120969,0.29874193938010463,0.00068165277799205537,-0.071651701066169138,0.0077461616681282902,-0.0016600159870206305,0.29999999999999999
2.2250000000000001,0.4261957390828508,0.30052131481673683,0.00048477951646293835,-0.085861022820881094,0.0060297956461132368,0.001599475609429731,0.29999999999999999
2.2275,0.42694877581001239,0.30190944663992236,0.00025627647171454085,-0.096957794050957405,0.0060297956461132368,0.001599475609429731,0.29999999999999999
2.23,0.42770529363321785,0.30330635979376325,-9.6329548798128935e-08,-0.10815882490242076,0.001118267008938338,-0.021708073052167438,0.29999999999999999
2.2324999999999999,0.4284638885666589,0.30357123546768278,-0.000273151768205524,-0.11030509925546189,0.001118267008938338,-0.021708073052167438,0.29999999999999999
2.2349999999999999,0.42922315813401146,0.30384610017267516,-0.00055172065303701922,-0.11256997677310802,-0.0028021834734476879,0.0052603997739576981,0.29999999999999999
2.2375000000000003,0.42998198834852297,0.30321973322709184,-0.00082695275640068074,-0.10763543636937917,-0.0028021834734476879,0.0052603997739576981,0.29999999999999999
2.2400000000000002,0.43073926492302911,0.30260311463051748,-0.0010899942772140763,-0.10281663734580006,0.016832529423247991,0.0021778686956377123,0.29999999999999999
2.2425000000000002,0.43150071716975874,0.30656047388665619,-0.0013869524924193764,-0.13477120763057901,0.016832529423247991,0.0021778686956377123,0.29999999999999999
2.2450000000000001,0.43227207745120677,0.31053002446153599,-0.0017639709752778688,-0.16687058016864176,-0.010025431854815329,-0.002520373953626772,0.29999999999999999
2.2475000000000001,0.43304557546477401,0.30827077136221676,-0.0021587726584192811,-0.14899907902960619,-0.010025431854815329,-0.002520373953626772,0.29999999999999999
2.25,0.43381344255924464,0.3060250209727351,-0.0025090999319756432,-0.13128786662744729,-0.0024148902433060869,-0.0018721297704189948,0.29999999999999999
2.2524999999999999,0.43457792194943834,0.30556044745643313,-0.0028330913486770415,-0.12792849339693749,-0.0024148902433060869,-0.0018721297704189948,0.29999999999999999
2.2549999999999999,0.43534125445121852,0.30510746061975191,-0.0031488570277142412,-0.1247066871418671,-0.00043433764465495303,-0.0050308997963743928,0.29999999999999999
2.2574999999999998,0.43610404416788334,0.30512619916136408,-0.003461358754396206,-0.1253170934495022,-0.00043433764465495303,-0.0050308997963743928,0.29999999999999999
2.2600000000000002,0.43686689490220715,0.30515628493379143,-0.0037755547638897565,-0.12606223450030374,-0.011381231662087894,-0.0010420014352579025,0.29999999999999999
2.2625000000000002,0.4376266542079244,0.30265291751547024,-0.0040662351414666948,-0.10650292850959391,-0.011381231662087894,-0.0010420014352579025,0.29999999999999999
2.2650000000000001,0.43838016754044717,0.30015921180201405,-0.0043081649419505512,-0.087058276079179611,-0.0039020135051925885,0.00046848345206461551,0.29999999999999999
2.2675000000000001,0.43912963011059508,0.29941211828144393,-0.0045190593991615005,-0.081672413042297082,-0.0039020135051925885,0.00046848345206461551,0.29999999999999999
2.27,0.43987723429838099,0.29867242527605209,-0.0047166002102049399,-0.076374401776443626,-0.01187791526234051,0.00059276321789075357,0.29999999999999999
2.2725,0.44062068043190183,0.29608548469609919,-0.0048823860648710736,-0.056266184315163004,-0.01187791526234051,0.00059276321789075357,0.29999999999999999
2.2749999999999999,0.44135766597726744,0.29350365112349697,-0.0049979816210020678,-0.036218560173362294,-0.010913513029131777,-0.0030916374911499813,0.29999999999999999
2.2774999999999999,0.44208848165403736,0.29114930041452536,-0.0050657620364157338,-0.018010638290339304,-0.010913513029131777,-0.0030916374911499813,0.29999999999999999
2.2800000000000002,0.44281341384131778,0.28879658429438854,-0.0050880509723449253,0.00017788914414824594,0.00057708891210599871,0.010698921863523177,0.29999999999999999
2.2825000000000002,0.44353580339355814,0.28911507944931431,-0.0050916885509886449,-0.0030882127096603447,0.00057708891210599871,0.010698921863523177,0.29999999999999999
2.2850000000000001,0.44425898947155362,0.2894338542031078,-0.0051034948024036957,-0.0063576345157125456,-0.009071487648368768,0.0028215633895100124,0.29999999999999999
2.2875000000000001,0.44498016955241032,0.28751019520215165,-0.0051009651245457008,0.008381558121628694,-0.009071487648368768,0.0028215633895100124,0.29999999999999999
2.29,0.44569653981390361,0.28558577580144673,-0.0050615794925232141,0.023129773972605315,-0.020031378069348831,-0.0068378334163204284,0.29999999999999999
2.2925,0.44640491205640942,0.28111140079127095,-0.0049597178947777031,0.058366825597021825,-0.020031378069348831,-0.0068378334163204284,0.29999999999999999
2.2949999999999999,0.44710209239588095,0.27663171913886975,-0.0047696929267106655,0.093666806053099752,-0.0061551601646418702,0.0049947126880446361,0.29999999999999999
2.2974999999999999,0.44779209560903444,0.27536936470430673,-0.0045236835320081681,0.10315835599641136,-0.0061551601646418702,0.0049947126880446361,0.29999999999999999
2.3000000000000003,0.4484789314276999,0.27409765943494369,-0.0042538086612854496,0.1127608979023558,0.01468965992319439,0.018098887033998208,0.29999999999999999
2.3025000000000002,0.44916863237094867,0.27766161766313158,-0.0040084252300634365,0.083563404588484783,0.01468965992319439,0.018098887033998208,0.29999999999999999
2.3050000000000002,0.44986723322670613,0.28121802799884316,-0.0038359169039355896,0.05445560142489312,0.010594212998989959,0.0042415578074468958,0.29999999999999999
2.3075000000000001,0.45057352837320741,0.28381742995126186,-0.0037265405890443228,0.033053281986213087,0.010594212998989959,0.0042415578074468958,0.29999999999999999
2.3100000000000001,0.45128631788647189,0.28641384357639094,-0.0036706209148137901,0.011686461661820122,-0.014061468433079519,0.0010281967154652288,0.29999999999999999
2.3125,0.45199843235236259,0.28327736576273088,-0.0036105564642356976,0.036369410280712458,-0.014061468433079519,0.0010281967154652288,0.29999999999999999
2.3149999999999999,0.45270270196496587,0.28013758738969713,-0.0034887412301178914,0.061091521017135338,-0.0073834797832990672,0.0050015643798222891,0.29999999999999999
2.3174999999999999,0.45340105614167886,0.27854473801265439,-0.0033206291721315142,0.073410184264193601,-0.0073834797832990672,0.0050015643798222891,0.29999999999999999
2.3199999999999998,0.4540954201099891,0.27694523405086946,-0.0031216244919596834,0.085807834126992902,-0.0045103513698810088,0.00095481682687859829,0.29999999999999999
2.3225000000000002,0.45478661070009108,0.27600588856538644,-0.0028982184263195094,0.092933038264829057,-0.0045103513698810088,0.00095481682687859829,0.29999999999999999
2.3250000000000002,0.45547544253660716,0.27505812290795117,-0.0026568760085851971,0.10015820144450611,-0.010029383703891181,0.020506772291079268,0.29999999999999999
2.3275000000000001,0.45616029003478131,0.27281822936013089,-0.0023844571853231956,0.11779639779855072,-0.010029383703891181,0.020506772291079268,0.29999999999999999
2.3300000000000001,0.45683952478644635,0.27056765860753323,-0.0020677884130090723,0.13556133229515283,0.009629266586958514,0.019524999118402744,0.29999999999999999
2.3325,0.45751883051962033,0.27287502551412707,-0.0017524091336595595,0.11676468534692402,0.009629266586958514,0.019524999118402744,0.29999999999999999
2.335,0.45820389110981663,0.27517182639965726,-0.0014838604263078118,0.098093522173951064,-0.017205345430589429,0.012306065474606177,0.29999999999999999
2.3374999999999999,0.45888688460735039,0.27122125165160527,-0.0011992258072331158,0.12963458897269708,-0.017205345430589429,0.012306065474606177,0.29999999999999999
2.3399999999999999,0.45955998757830446,0.26725892837803511,-0.00083557127175467401,0.16131511741504206,-0.0019980042511892663,0.0087307424756355931,0.29999999999999999
2.3425000000000002,0.46022758605625541,0.26681739373511359,-0.0004279973398530886,0.16477324134704655,-0.0019980042511892663,0.0087307424756355931,0.29999999999999999
2.3450000000000002,0.46089406211553879,0.26636094004506594,-1.1557451601423071e-05,0.16840851704612644,0.0033433727136254368,0.0079769005415441779,0.29999999999999999
2.3475000000000001,0.46156093016166611,0.26713100218724145,0.00040173011788493537,0.16225116084190222,0.0033433727136254368,0.0079769005415441779,0.29999999999999999
2.3500000000000001,0.46222970488495158,0.26788637316855091,0.0007998437092842553,0.15626824850782789,0.013204661827761529,0.0019441032826033838,0.29999999999999999
2.3525,0.46290321574907684,0.27092014166445583,0.0011601965992482091,0.13203990233533394,0.013204661827761529,0.0019441032826033838,0.29999999999999999
2.355,0.46358429562429571,0.27394194628990831,0.0014601615663415259,0.10795358394006355,0.0071313919518804364,0.0081107948899782293,0.29999999999999999
2.3574999999999999,0.46427115254978685,0.275542059446517,0.0017142353495679984,0.095323661346002744,0.0071313919518804364,0.0081107948899782293,0.29999999999999999
2.3599999999999999,0.46496199872476268,0.27713353567329235,0.0019368653081452776,0.082796270527682722,0.012021768785587165,0.017409901605184571,0.29999999999999999
2.3625000000000003,0.46565823502484127,0.27985441641075692,0.0021168775754804676,0.061226456802088922,0.012021768785587165,0.017409901605184571,0.29999999999999999
2.3650000000000002,0.46636126618156437,0.28256974628674947,0.0022430524891905771,0.039722526260547175,0.0078390712936972085,0.013646600460500482,0.29999999999999999
2.3675000000000002,0.46706986534680656,0.28430908899054641,0.0023252875366645844,0.026071410105395858,0.0078390712936972085,0.013646600460500482,0.29999999999999999
2.3700000000000001,0.46778280965753144,0.28604606864858628,0.0023734329114041461,0.012448343112883413,-0.0017272475713955003,-0.00089041243820002362,0.29999999999999999
2.3725000000000001,0.46849731497042207,0.28555796172322229,0.0024098665707358649,0.0167011957830853,-0.0017272475713955003,-0.00089041243820002362,0.29999999999999999
2.375,0.46921059820595695,0.28506834245124196,0.0024569538530091299,0.020972005081792235,-0.00090173053123859511,0.012355241822616964,0.29999999999999999
2.3774999999999999,0.46992289497867301,0.28476873845078998,0.0025128187704858153,0.023723933344970999,-0.00090173053123859511,0.012355241822616964,0.29999999999999999
2.3799999999999999,0.4706344401080057,0.28446698602297471,0.0025755947750217092,0.026501370104317485,0.010974383814592072,-0.0027619531345695046,0.29999999999999999
2.3824999999999998,0.47134867886245635,0.28692376339099496,0.0026176325918484118,0.0071318996581816972,0.010974383814592072,-0.0027619531345695046,0.29999999999999999
2.3850000000000002,0.47206905838616181,0.28937989406614506,0.0026112606679476748,-0.012229895622589717,-0.014046073267574802,0.014386350247538595,0.29999999999999999
2.3875000000000002,0.47278830882783407,0.2860204375763275,0.0026148655221288454,0.015114036674428743,-0.014046073267574802,0.014386350247538595,0.29999999999999999
2.3900000000000001,0.47349915943510468,0.28265961435979314,0.0026868443801690246,0.042474203639680762,0.0086106782254455113,0.0054913306402370804,0.29999999999999999
2.3925000000000001,0.47420818727471176,0.28456212816327409,0.0027743977387187577,0.027574763945072397,0.0086106782254455113,0.0054913306402370804,0.29999999999999999
2.395,0.4749219679929651,0.28646214214044868,0.0028247429227897169,0.012704995061136797,-0.0091879156464832207,0.001538994230753196,0.29999999999999999
2.3975,0.47563532513250378,0.28422323943155242,0.00287947281065476,0.03108283530212361,-0.0091879156464832207,0.001538994230753196,0.29999999999999999
2.3999999999999999,0.47634308184700924,0.2819815248198102,0.002980184928392911,0.049494072475619419,0.0057740355633420001,0.00357969396673683,0.29999999999999999
2.4024999999999999,0.47704957664201864,0.2832136351750108,0.0030920690703899953,0.040021265570700064,0.0057740355633420001,0.00357969396673683,0.29999999999999999
2.4050000000000002,0.47775914700055477,0.28444211837425976,0.0031803271319062799,0.030591513750304888,0.0070303173054963204,0.0010610246588647133,0.29999999999999999
2.4075000000000002,0.47847214997109577,0.28595988459814853,0.0032421221394796466,0.018848925072204883,0.0070303173054963204,0.0010610246588647133,0.29999999999999999
2.4100000000000001,0.47918894499983261,0.28747594216795197,0.0032745886558767519,0.0071266170925564573,0.0099139218078203167,0.0071263209609866724,0.29999999999999999
2.4125000000000001,0.47991036705441042,0.28966172297496018,0.0032710318338061498,-0.0099723296788963613,0.0099139218078203167,0.0071263209609866724,0.29999999999999999
2.415,0.48063725436832738,0.29184840813498192,0.0032247180635923732,-0.027082009236118771,0.01076069984473025,0.0096622750449928026,0.29999999999999999
2.4175,0.48136985719652398,0.29423440518258281,0.0031336212801098729,-0.045801953798760953,0.01076069984473025,0.0096622750449928026,0.29999999999999999
2.4199999999999999,0.48210842985546126,0.29662455597734833,0.0029956672174889357,-0.064571194298632034,-0.0060795785100628847,0.0052033180122011474,0.29999999999999999
2.4224999999999999,0.48284809143003787,0.2951055824523372,0.0028500095509109359,-0.051965375033883966,-0.0060795785100628847,0.0052033180122011474,0.29999999999999999
2.4250000000000003,0.4835839616862877,0.29359131166859403,0.0027357938067702615,-0.039415403968597461,-0.0047614572427972781,0.0049269326331737558,0.29999999999999999
2.4275000000000002,0.48431643397933494,0.29238704158760509,0.0026498209709162612,-0.029369025588418772,-0.0047614572427972781,0.0049269326331737558,0.29999999999999999
2.4300000000000002,0.48504589910937612,0.29118542996284147,0.0025889223744550516,-0.019354215742650976,-0.012055793964010089,-0.0055941535727397603,0.29999999999999999
2.4325000000000001,0.48577024300466126,0.28828980006063487,0.0025700562689299155,0.0042599797123778343,-0.012055793964010089,-0.0055941535727397603,0.29999999999999999
2.4350000000000001,0.48648734778852937,0.28539378484218886,0.0026102260874892942,0.027878751788701032,-0.011946545214048166,0.011041575760956095,0.29999999999999999
2.4375,0.48719724157308381,0.28252064592809989,0.0027092200179533892,0.051323482112596332,-0.011946545214048166,0.011041575760956095,0.29999999999999999
2.4399999999999999,0.48789994715029666,0.27964286527416365,0.0028668894405427291,0.074823347009639857,0.01084213383958499,0.01015225129417229,0.29999999999999999
2.4424999999999999,0.4886020721581063,0.28205615354874536,0.0030302191389853443,0.055852130673590752,0.01084213383958499,0.01015225129417229,0.29999999999999999
2.4449999999999998,0.48931022369766036,0.28446437685415127,0.0031462001813247742,0.036941025399093025,-0.0019928583166053202,0.0031340972383200843,0.29999999999999999
2.4475000000000002,0.49002066168746905,0.28388541918483079,0.0032449118341683989,0.042035371479698512,-0.0019928583166053202,0.0031340972383200843,0.29999999999999999
2.4500000000000002,0.49072964762236376,0.28330265573172242,0.0033564146938308823,0.047174907481370945,0.0056100147170554575,0.00079284802953815596,0.29999999999999999
2.4525000000000001,0.49143938062774944,0.28448310403944743,0.003463085014827485,0.038169000041179131,0.0056100147170554575,0.00079284802953815596,0.29999999999999999
2.4550000000000001,0.49215206025999519,0.28566009292407946,0.0035472939102339411,0.02920415613313395,-0.0028534666653111771,0.0098382459115924827,0.29999999999999999
2.4575,0.49286521959764368,0.2848668848242108,0.003628884040141815,0.036073794517000393,-0.0028534666653111771,0.0098382459115924827,0.29999999999999999
2.46,0.49357639196314468,0.28407041129590249,0.0037276951935139393,0.042982208861264512,0.011965960388920525,0.0042646309856166466,0.29999999999999999
2.4624999999999999,0.49428987458003426,0.28671518890335912,0.003809248109646079,0.022265977768027176,0.011965960388920525,0.0042646309856166466,0.29999999999999999
2.4649999999999999,0.49500996622435878,0.28935794629068534,0.0038390450565375764,0.0015737187787879178,0.002573926671143899,-0.00027902791482443224,0.29999999999999999
2.4675000000000002,0.49573393509540048,0.28981715058609159,0.0038390371616347616,-0.0015800352164681846,0.002573926671143899,-0.00027902791482443224,0.29999999999999999
2.4700000000000002,0.49645905209657853,0.29027649802868916,0.0038311434643080885,-0.0047354885885680115,0.018618345428654981,-0.0023420591738819649,0.29999999999999999
2.4725000000000001,0.4971899800632974,0.29446619763115767,0.0037779111372675494,-0.037854196042581043,0.018618345428654981,-0.0023420591738819649,0.29999999999999999
2.4750000000000001,0.49793138594963543,0.29865933525084387,0.003641838499662116,-0.071013686582228272,0.0041125923956672776,-0.012447904866959575,0.29999999999999999
2.4775,0.49867906707721144,0.29948668557360775,0.0034566325005639391,-0.077164393646600257,0.0041125923956672776,-0.012447904866959575,0.29999999999999999
2.48,0.49942882520348891,0.30032102767806573,0.0032559473702201778,-0.083398101284981749,0.01098525750700949,0.010906457983165021,0.29999999999999999
2.4824999999999999,0.50018267555770923,0.30276066079075903,0.0030235277358793044,-0.10255428201516703,0.01098525750700949,0.010906457983165021,0.29999999999999999
2.4849999999999999,0.50094263625627578,0.30520959322447022,0.0027430839935864574,-0.12182083131795386,0.025814200821770723,-0.0011602359964476483,0.29999999999999999
2.4875000000000003,0.50171304171503917,0.31111697313294712,0.0023797061654926401,-0.16890752424127889,0.025814200821770723,-0.0011602359964476483,0.29999999999999999
2.4900000000000002,0.50249823389632964,0.31703968313590608,0.0018983948008548276,-0.21617611426604727,-0.017890674987982261,-0.0091465555509661779,0.29999999999999999
2.4925000000000002,0.50328555664405161,0.31282151523200091,0.0014006320391520746,-0.18206973704046664,-0.017890674987982261,-0.0091465555509661779,0.29999999999999999
2.4950000000000001,0.50406235519225362,0.30861981244797804,0.00098788314195644503,-0.14815894576587293,-0.0020941757573804095,-0.004406675085778038,0.29999999999999999
2.4975000000000001,0.50483325705762527,0.30810388327892246,0.00062283796669333172,-0.14390335842938595,-0.0020941757573804095,-0.004406675085778038,0.29999999999999999
2.5,0.5056028854655239,0.30760098354057586,0.00026823743420738272,-0.13980248384482385,-0.0059758661879843189,-0.0012106850993948272,0.29999999999999999
2.5024999999999999,0.50637014457219742,0.30620832697034928,-6.7240399819498459e-05,-0.12860382984046204,-0.0059758661879843189,-0.0012106850993948272,0.29999999999999999
2.5049999999999999,0.50713393680424967,0.30482731612118436,-0.0003748969342777539,-0.11754345177352356,-0.0032482918515400333,0.0062511611905285312,0.29999999999999999
2.5074999999999998,0.50789508260798621,0.30409105684540916,-0.00066142873353847035,-0.11170252784183719,-0.0032482918515400333,0.0062511611905285312,0.29999999999999999
2.5100000000000002,0.50865440051814115,0.30336491409278588,-0.00093350965887475424,-0.10598171738521578,-0.0039695448280065247,-0.0015172107408285569,0.29999999999999999
2.5125000000000002,0.50941170559373072,0.30248069367023334,-0.0011897489875668538,-0.099028115894176469,-0.0039695448280065247,-0.0015172107408285569,0.29999999999999999
2.5150000000000001,0.51016681146067888,0.30160544309862958,-0.0014287389753005822,-0.092181008589012209,-0.018254636828020143,-0.0071946977843239399,0.29999999999999999
2.5175000000000001,0.51091558878585752,0.29741755747034482,-0.0016173974616041675,-0.05875931578667614,-0.018254636828020143,-0.0071946977843239399,0.29999999999999999
2.52,0.5116539036877007,0.29323499999791164,-0.0017225882454966308,-0.025400859300502572,-0.00027585441943827303,0.0083816103544976511,0.29999999999999999
2.5225,0.51238698999889998,0.29323443417426881,-0.0017863841570549921,-0.02564044340232504,-0.00027585441943827303,0.0083816103544976511,0.29999999999999999
2.5249999999999999,0.51312007779367674,0.29323619068347312,-0.0018508134371381742,-0.025907599518907379,-0.0067551560997793601,0.0047350618496018937,0.29999999999999999
2.5274999999999999,0.51385129014671393,0.29173399388786192,-0.0019008237222435255,-0.014104215187231778,-0.0067551560997793601,0.0047350618496018937,0.29999999999999999
2.5300000000000002,0.51457874882808108,0.2902330752109924,-0.0019213471548845821,-0.0023160029429609135,-0.017051399146261373,0.0095933196172908845,0.29999999999999999
2.5325000000000002,0.51529946380704439,0.28633870864988609,-0.0018883760436298744,0.028695257277954661,-0.017051399146261373,0.0095933196172908845,0.29999999999999999
2.5350000000000001,0.51601044020274245,0.28244173970164216,-0.0017778451322934415,0.059737402013317953,0.00045922684998684943,0.012869259260898625,0.29999999999999999
2.5375000000000001,0.51671675625036684,0.28261020879155574,-0.0016305024973214842,0.058147268198261819,0.00045922684998684943,0.012869259260898625,0.29999999999999999
2.54,0.51742348685865969,0.2827734117548461,-0.0014870566924968182,0.056619658625701196,-0.013252977721984431,-0.0029510520927670692,0.29999999999999999
2.5425,0.51812663452206653,0.27974368147739254,-0.001315351302763948,0.080756968202619683,-0.013252977721984431,-0.0029510520927670692,0.29999999999999999
2.5449999999999999,0.51882219916731587,0.27670663220965391,-0.0010831994577073841,0.10498115658764229,0.0027913270576958764,0.011179117903192622,0.29999999999999999
2.5474999999999999,0.51951482194421983,0.27739004751141411,-0.00082779643038664386,0.099359572041716832,0.0027913270576958764,0.011179117903192622,0.29999999999999999
2.5500000000000003,0.5202091419078102,0.27806446551268715,-0.00058631258098923824,0.093844817119402457,0.0087973013849853652,0.0043327973744297045,0.29999999999999999
2.5525000000000002,0.52090688242080074,0.28012665418106408,-0.00037250532870550853,0.077216309974001252,0.0087973013849853652,0.0043327973744297045,0.29999999999999999
2.5550000000000002,0.52160976935237435,0.28218185056693229,-0.00020016185272587778,0.060670824976955515,-0.0085390420608964113,-0.0054542979156418639,0.29999999999999999
2.5575000000000001,0.52231274945792461,0.2802011981919697,-2.8636350123250286e-05,0.076561873364081615,-0.0085390420608964113,-0.0054542979156418639,0.29999999999999999
2.5600000000000001,0.52301076956539561,0.27821361175289194,0.00018271611455820537,0.092535248770912085,0.0084123256821870915,0.0085506293129992,0.29999999999999999
2.5625,0.52370873630340575,0.28015849944573207,0.00039456078911230671,0.076955678385221798,0.0084123256821870915,0.0085506293129992,0.29999999999999999
2.5649999999999999,0.5244115562543421,0.28209641653004514,0.00056756346450993029,0.061458865656800407,0.021476274347300074,0.020725137714800782,0.29999999999999999
2.5674999999999999,0.52512300989890881,0.28706587161517655,0.00067142086502953492,0.021634503628715995,0.021476274347300074,0.020725137714800782,0.29999999999999999
2.5699999999999998,0.52584688397880297,0.29203336605745867,0.00067575537421958804,-0.018166584769105466,0.0093160844422667845,-0.0076762008346560684,0.29999999999999999
2.5725000000000002,0.52657964456535189,0.29417550663686282,0.00060895174362731873,-0.03528110936144381,0.0093160844422667845,-0.0076762008346560684,0.29999999999999999
2.5750000000000002,0.52731776417536813,0.29632084348046261,0.00049931820859112799,-0.052433579038541803,-0.0062734023404353214,0.0041459105327835422,0.29999999999999999
2.5775000000000001,0.52805672271035287,0.29484668606202707,0.00038312043573880922,-0.04053296882823218,-0.0062734023404353214,0.0041459105327835422,0.29999999999999999
2.5800000000000001,0.52879200066438059,0.29337619945791499,0.00029661704864201592,-0.028675942022032351,0.0162102515986014,-0.0013796754443791174,0.29999999999999999
2.5825,0.52953013922671288,0.297135310902991,0.00018724147072263862,-0.058832361706603178,0.0162102515986014,-0.0013796754443791174,0.29999999999999999
2.585,0.53027768165952982,0.30089975141287362,2.4025197473758158e-06,-0.089052049640377245,-0.0059321949671680523,0.005117534356716873,0.29999999999999999
2.5874999999999999,0.53102821049760374,0.29952457991822262,-0.0002064213303192472,-0.078022000543068154,-0.0059321949671680523,0.005117534356716873,0.29999999999999999
2.5899999999999999,0.5317753104473868,0.29815647501133297,-0.00038777739250539208,-0.067075850867327813,-0.00071920823545831934,-0.0054133118867992231,0.29999999999999999
2.5925000000000002,0.53252051273711121,0.29800636059187097,-0.00055402703391391217,-0.06593578036761133,-0.00071920823545831934,-0.0054133118867992231,0.29999999999999999
2.5950000000000002,0.53326534722644559,0.29786221803120444,-0.00071751537408090661,-0.064866611958762241,-0.014448162643414308,0.0046726411035906109,0.29999999999999999
2.5975000000000001,0.53400583933346113,0.29453224605848866,-0.00084637687725003599,-0.03823183182149472,-0.014448162643414308,0.0046726411035906109,0.29999999999999999
2.6000000000000001,0.53473801134347354,0.29120573856123239,-0.00090870880081637614,-0.011638177607588385,-0.0044636784385758115,0.0047906673496293265,0.29999999999999999
2.6025,0.53546477021725158,0.29020147625597426,-0.00092788049019155668,-0.0037005485914481124,-0.0044636784385758115,0.0047906673496293265,0.29999999999999999
2.605,0.53618901900406213,0.28919754918325735,-0.00092721485968462122,0.0042331005940158574,-0.0070895562399330963,-0.0067180673860599664,0.29999999999999999
2.6074999999999999,0.53690999461055111,0.28758277516975778,-0.00090058278710451408,0.017074466858939367,-0.0070895562399330963,-0.0067180673860599664,0.29999999999999999
2.6099999999999999,0.53762693159088792,0.2859664542447779,-0.0008418272227238016,0.029934197329693379,-0.011105947579682012,0.0072928356976902772,0.29999999999999999
2.6125000000000003,0.5383386575302066,0.28341369129161503,-0.00074151131249689461,0.05032572385268607,-0.011105947579682012,0.0072928356976902772,0.29999999999999999
2.6150000000000002,0.53904399624793353,0.28085636873750264,-0.00059015349914676152,0.070771379265248235,0.010049020707513477,0.013405131898686942,0.29999999999999999
2.6175000000000002,0.53974908129222787,0.28321074191036866,-0.00043696358013791423,0.051791536428702448,0.010049020707513477,0.013405131898686942,0.29999999999999999
2.6200000000000001,0.54046004604959474,0.2855604251353458,-0.00033114941730126308,0.032867378996566762,-0.0057297931897228186,0.0093595148696051702,0.29999999999999999
2.6225000000000001,0.5411722958916515,0.28423887257418501,-0.00023577179443547911,0.04344155698164541,-0.0057297931897228186,0.0093595148696051702,0.29999999999999999
2.625,0.54188123713368963,0.28291338517682119,-0.0001139027055263088,0.054062450846766086,0.0039775553924373142,0.0026458413505066909,0.29999999999999999
2.6274999999999999,0.54258967952262738,0.28383976615470979,1.1933367133773356e-05,0.046615428346950802,0.0039775553924373142,0.0026458413505066909,0.29999999999999999
2.6299999999999999,0.54330043244640258,0.28476192505386227,0.00011921620471389638,0.03921853288427847,-0.00084530703280327572,0.0025074427408906751,0.29999999999999999
2.6324999999999998,0.54401208474881302,0.28455931245013527,0.00021931702942999253,0.040869302966714725,-0.00084530703280327572,0.0025074427408906751,0.29999999999999999
2.6350000000000002,0.54472322592423195,0.28435299821604398,0.00032359933963250299,0.042564021008255265,0.0050672396611715596,0.003346358163940254,0.29999999999999999
2.6375000000000002,0.54543556460958065,0.28551737772162628,0.00041837625533930708,0.033264306544027317,0.0050672396611715596,0.003346358163940254,0.29999999999999999
2.6400000000000001,0.54615081030215062,0.28667874409471905,0.0004899506797826894,0.024000364628255583,0.0047208159170295059,0.012705244790057168,0.29999999999999999
2.6425000000000001,0.54686885585392475,0.28775739985170856,0.00053920808697617562,0.015409092757844425,0.0047208159170295059,0.012705244790057168,0.29999999999999999
2.645,0.547589596138358,0.28883465978837042,0.0005670099514170486,0.0068343921922310574,0.012264627424844021,0.003689682412163262,0.29999999999999999
2.6475,0.54831522073529493,0.29166508555990439,0.00055578002684942792,-0.015819136712642068,0.012264627424844021,0.003689682412163262,0.29999999999999999
2.6499999999999999,0.54904792276047143,0.29449694453691555,0.00048790008961879284,-0.038489679872570431,-0.0150523228979299,0.0066493144860867975,0.29999999999999999
2.6524999999999999,0.54977977053903104,0.29098164566748369,0.0004270508873755114,-0.010194043760116529,-0.0150523228979299,0.0066493144860867975,0.29999999999999999
2.6550000000000002,0.55050283175786918,0.28746726986006699,0.00043692073938612349,0.018090632350337879,-0.0031495967662049625,0.0057088886372541423,0.29999999999999999
2.6575000000000002,0.55122056424554955,0.28671840136695487,0.0004897410424686997,0.024169396529147576,-0.0031495967662049625,0.0057088886372541423,0.29999999999999999
2.6600000000000001,0.55193642194069292,0.28596734389001965,0.00055778937803968077,0.030274149946106898,-0.0055183511958317496,0.0027094280963298589,0.29999999999999999
2.6625000000000001,0.55264971036221955,0.28466285675611436,0.00064666724127391542,0.040834511434500016,-0.0055183511958317496,0.0027094280963298589,0.29999999999999999
2.665,0.55335973314309939,0.28335467168942724,0.00076199852079215176,0.051438779008399445,0.0026460347431470294,0.0077213749132264628,0.29999999999999999
2.6675,0.55406885226395686,0.28393988311696777,0.00088485276055133327,0.046853420621835229,0.0026460347431470294,0.0077213749132264628,0.29999999999999999
2.6699999999999999,0.55477942902234534,0.28452085053986087,0.00099630760827832863,0.042318448216365261,0.0094396862988835317,-0.007065757534383604,0.29999999999999999
2.6724999999999999,0.55549342743509156,0.28667737028681722,0.0010806275632942869,0.025143562562625118,0.0094396862988835317,-0.007065757534383604,0.29999999999999999
2.6750000000000003,0.5562128139754261,0.28883161174273353,0.0011220479564009336,0.0079957224780155267,0.0084674786756982895,-0.0020286232948632885,0.29999999999999999
2.6775000000000002,0.55693730238421868,0.2907591102304074,0.0011228823271373426,-0.0073281658109499125,0.0084674786756982895,-0.0020286232948632885,0.29999999999999999
2.6800000000000002,0.55766661007991603,0.29268727271925316,0.0010854005586468328,-0.022659936494625648,0.0174087424066992,0.0008120054060319654,0.29999999999999999
2.6825000000000001,0.55840333862885905,0.29669615075377148,0.00098869477046136162,-0.054711629813980936,0.0174087424066992,0.0008120054060319654,0.29999999999999999
2.6850000000000001,0.55915009496572421,0.30070998749627359,0.00081179336193755089,-0.086822183615431217,-0.0044110663051595833,0.0065186669443026276,0.29999999999999999
2.6875,0.559900554672633,0.29965902384388038,0.00060543023616601449,-0.078283109069987908,-0.0044110663051595833,0.0065186669443026276,0.29999999999999999
2.6899999999999999,0.56064839599194083,0.2986151492521042,0.00042030768101602696,-0.069828205116849867,-0.010232759292678893,-0.0084642473902834872,0.29999999999999999
2.6924999999999999,0.56139194400654557,0.29622417101046483,0.00026981362706891615,-0.050577825829912861,-0.010232759292678893,-0.0084642473902834872,0.29999999999999999
2.6949999999999998,0.56212952066357313,0.29383777313512843,0.00016737323733971755,-0.031381829633642916,-0.01918422646572961,-0.0017523002343739766,0.29999999999999999
2.6975000000000002,0.56285853410106712,0.28937317980424793,0.00013376777941945204,0.0044950537545464936,-0.01918422646572961,-0.0017523002343739766,0.29999999999999999
2.7000000000000002,0.56357638622326045,0.28490817938728541,0.00018985253499172921,0.040376770459149891,0.010818834990861044,0.0019206692643172168,0.29999999999999999
2.7025000000000001,0.5642917903137773,0.28741463517605459,0.00026566504858103156,0.020278676073777813,0.010818834990861044,0.0019206692643172168,0.29999999999999999
2.7050000000000001,0.56501345786855595,0.2899192540248211,0.00029126408654373627,0.0002023899699061249,0.0073505949393089017,0.00048531756431305042,0.29999999999999999
2.7075,0.56574037875905947,0.29161755795582855,0.00027477154410673183,-0.013397606121510043,0.0073505949393089017,0.00048531756431305042,0.29999999999999999
2.71,0.56647154666961408,0.2933170754727728,0.0002242640498704197,-0.027012010109225996,0.012408389712628969,0.013011870763384413,0.29999999999999999
2.7124999999999999,0.56720843588167869,0.29619487616921453,0.00012788313363756704,-0.050099632396089139,0.012408389712628969,0.013011870763384413,0.29999999999999999
2.7149999999999999,0.56795252483178305,0.29907721474045351,-2.6279005491292923e-05,-0.073241130255223538,-0.0020612846964793543,-0.0038414817036000839,0.29999999999999999
2.7175000000000002,0.5686996228491259,0.29860227594493749,-0.00020461803469271905,-0.069442877830177732,-0.0020612846964793543,-0.0038414817036000839,0.29999999999999999
2.7200000000000002,0.56944554145225945,0.2981336266293117,-0.000373555616614983,-0.065719298637416379,-0.0033907805010366461,-0.0062997830201523908,0.29999999999999999
2.7225000000000001,0.57018990961408456,0.29736184854049402,-0.00053017056628955545,-0.059583889033130798,-0.0033907805010366461,-0.0062997830201523908,0.29999999999999999
2.7250000000000001,0.57093235519198782,0.29659546738913883,-0.00067152845240388997,-0.053512554196744347,-0.0014491211561943247,-0.0039824569034204839,0.29999999999999999
2.7275,0.57167345520158963,0.29628533001723734,-0.00080231283343755715,-0.051124326636108032,-0.0014491211561943247,-0.0039824569034204839,0.29999999999999999
2.73,0.57241378570056911,0.29597982326365718,-0.00092719589547643044,-0.048791075984616121,-0.0049161022562375697,0.0018274645832425354,0.29999999999999999
2.7324999999999999,0.57315235055802272,0.29487273322577079,-0.0010382205194610008,-0.040036583613544091,-0.0049161022562375697,0.0018274645832425354,0.29999999999999999
2.7349999999999999,0.57388815238887081,0.29376927015306636,-0.0011274146922323485,-0.03132514992683065,-0.0010375370169308988,-0.0019522836933151112,0.29999999999999999
2.7375000000000003,0.57462232631402721,0.2935703319883628,-0.0012039263241056921,-0.029889640806304227,-0.0010375370169308988,-0.0019522836933151112,0.29999999999999999
2.7400000000000002,0.57535600630471018,0.29337410114910123,-0.0012768896791321321,-0.028486274076577413,-0.010299020201905002,6.7519075618025095e-05,0.29999999999999999
2.7425000000000002,0.57608650775247694,0.29102734635213795,-0.0013247683375310015,-0.0098200866278165579,-0.010299020201905002,6.7519075618025095e-05,0.29999999999999999
2.7450000000000001,0.57681114377795939,0.28868148149380324,-0.0013259989140627757,0.0088355368492974741,0.0060002896621762069,-0.0093464293728178788,0.29999999999999999
2.7475000000000001,0.57753465077359756,0.29012407047699046,-0.0013186228241761899,-0.0029341360866746557,0.0060002896621762069,-0.0093464293728178788,0.29999999999999999
2.75,0.57826176435175347,0.29156692512665239,-0.001340672223451928,-0.014706963482056655,0.0025447097978289149,0.0022441390127333084,0.29999999999999999
2.7524999999999999,0.57899148238090337,0.29220776041012142,-0.0013841060253407898,-0.0200431913515908,0.0025447097978289149,0.0022441390127333084,0.29999999999999999
2.7549999999999999,0.5797228046662708,0.29285041079396257,-0.0014409061378814665,-0.025400970095995755,0.017891801191632587,-0.0023488390154438907,0.29999999999999999
2.7574999999999998,0.58046019593145626,0.29706324089723912,-0.0015469513593589319,-0.059442802823155887,0.017891801191632587,-0.0023488390154438907,0.29999999999999999
2.7600000000000002,0.58120812535159039,0.3012814482764587,-0.0017381733714285513,-0.093548502419999582,0.0063563302227315575,-0.008468060144235505,0.29999999999999999
2.7625000000000002,0.58196325823680228,0.30282636652415423,-0.0019878556841693043,-0.10621523919379423,0.0063563302227315575,-0.008468060144235505,0.29999999999999999
2.7650000000000001,0.58272226519469683,0.30438089814589442,-0.0022693446947573623,-0.1189961382706394,-0.0017232116271506514,0.0060755536005428533,0.29999999999999999
2.7675000000000001,0.58348282395031836,0.30406788594567002,-0.0025640866765579509,-0.11681857630696496,-0.0017232116271506514,0.0060755536005428533,0.29999999999999999
2.77,0.58424261344026063,0.30376545370342273,-0.0028535422465412364,-0.11476662999202021,0.0025457594471295785,-0.0040170824244304308,0.29999999999999999
2.7725,0.58500290034981073,0.30446585077770472,-0.0031479856470752457,-0.12080919035837799,0.0025457594471295785,-0.0040170824244304308,0.29999999999999999
2.7749999999999999,0.58576495180596277,0.30517718297692187,-0.0034576964021304272,-0.12698160657102392,-0.010869340471723941,-0.013729194569313593,0.29999999999999999
2.7774999999999999,0.58652489773133876,0.30278133492758763,-0.0037516992820821413,-0.10824179381043122,-0.010869340471723941,-0.013729194569313593,0.29999999999999999
2.7800000000000002,0.5872788666610218,0.3003953043060662,-0.0039990024528145382,-0.089618490095852793,-0.007387314220488047,-0.01300717703212172,0.29999999999999999
2.7825000000000002,0.58802789281521972,0.29882688228735921,-0.0042079984067905554,-0.077593266359734125,-0.007387314220488047,-0.01300717703212172,0.29999999999999999
2.7850000000000001,0.5887730069344902,0.29726549537670893,-0.0043870383599162316,-0.065651540980361828,0.0056991905600098005,-0.0042501510661731292,0.29999999999999999
2.7875000000000001,0.58951802783969354,0.29875231308532918,-0.0045668558491028591,-0.078215329235645489,0.0056991905600098005,-0.0042501510661731292,0.29999999999999999
2.79,0.59026677439473429,0.30024620514338057,-0.004778185023420355,-0.090863145089938022,0.0036957118200800442,0.002702422578938365,0.29999999999999999
2.7925,0.59101868355937315,0.30128256438336021,-0.0050165772888090578,-0.099867743981677512,0.0036957118200800442,0.002702422578938365,0.29999999999999999
2.7949999999999999,0.59177319474488543,0.30232795826674369,-0.0052776131566117544,-0.10897964790625625,-0.0033918975098463037,0.0062526538495361527,0.29999999999999999
2.7974999999999999,0.59252827212707027,0.3017355626921559,-0.0055450325446926556,-0.10497503772810174,-0.0033918975098463037,0.0062526538495361527,0.29999999999999999
2.8000000000000003,0.59328188048326658,0.30115267788908257,-0.0058025824265795284,-0.10108333544355866,-0.016555507598638435,0.0018495260716736308,0.29999999999999999
2.8025000000000002,0.59403021824786817,0.29751885027648656,-0.0060198198571301794,-0.072722221651181862,-0.016555507598638435,0.0018495260716736308,0.29999999999999999
2.8050000000000002,0.59476948024319432,0.29389163357592007,-0.0061662588606449624,-0.044439506842658814,-0.019553445879254207,0.013132153761514555,0.29999999999999999
2.8075000000000001,0.59549880868709393,0.28957153895575971,-0.0062350610572172414,-0.010607199024999757,-0.019553445879254207,0.013132153761514555,0.29999999999999999
2.8100000000000001,0.59621733874212024,0.28525240952580377,-0.0062193043892142408,0.023213666079674115,-0.018543037693078666,0.00016450918727784969,0.29999999999999999
2.8125,0.59692536256391637,0.28116605379615062,-0.0061213298404527829,0.055173017073757984,-0.018543037693078666,0.00016450918727784969,0.29999999999999999
2.8149999999999999,0.5976231648292144,0.27707467953176573,-0.0059433897201442909,0.087191871922563696,-0.01611026995678912,0.012600698215203149,0.29999999999999999
2.8174999999999999,0.59831143623660221,0.27354091706684885,-0.0056909695083693724,0.11476243532528035,-0.01611026995678912,0.012600698215203149,0.29999999999999999
2.8199999999999998,0.5989908607247898,0.26999672614515091,-0.0053694744777622342,0.14245668680366116,0.0017990957711107995,0.023076369661769149,0.29999999999999999
2.8225000000000002,0.5996666130164866,0.2706030011534723,-0.0050203539791948814,0.1368647243744138,0.0017990957711107995,0.023076369661769149,0.29999999999999999
2.8250000000000002,0.60034386541067819,0.27119689118232621,-0.0046850282950386341,0.1314198483514073,-0.0096554146142201203,0.016562864609212493,0.29999999999999999
2.8275000000000001,0.60101925918654675,0.2691160216750359,-0.0043364048740571568,0.1475039040675685,-0.0096554146142201203,0.016562864609212493,0.29999999999999999
2.8300000000000001,0.60168943437293243,0.26702177572346741,-0.0039473764894737886,0.16374671524464487,-0.018321165370589299,0.0054889218112109733,0.29999999999999999
2.8325,0.60235183763163724,0.26289810753750115,-0.0034973003691705527,0.19634649706269786,-0.018321165370589299,0.0054889218112109733,0.29999999999999999
2.835,0.60300391006254161,0.25875662038915387,-0.0029654678202701091,0.22915771540638213,-0.015045202596838074,0.014710044838293971,0.29999999999999999
2.8374999999999999,0.60364655534166844,0.25535593787715938,-0.0023589517671394021,0.25609863336748862,-0.015045202596838074,0.014710044838293971,0.29999999999999999
2.8399999999999999,0.60428067041438904,0.25193204853339568,-0.0016847450829714909,0.28331505783701066,0.01476529320084306,0.0097445673061069826,0.29999999999999999
2.8425000000000002,0.60491485659157029,0.25541283677818821,-0.0010116957481754976,0.2551726030025146,0.01476529320084306,0.0097445673061069826,0.29999999999999999
2.8450000000000002,0.60555771537027403,0.25887054944160265,-0.00040865365191288818,0.22730427171000769,0.0027719749333746007,0.01076711054420209,0.29999999999999999
2.8475000000000001,0.60620570715308975,0.2595194877372109,0.00015301980963846077,0.22207474614372916,0.0027719749333746007,0.01076711054420209,0.29999999999999999
2.8500000000000001,0.60685529606002286,0.26014832549918265,0.00070191898571000391,0.21708393039485754,0.015470553741354618,0.0093075405730729168,0.29999999999999999
2.8525,0.60751012238418656,0.2637096718403521,0.0012089973377603408,0.18861510643990573,0.015470553741354618,0.0093075405730729168,0.29999999999999999
2.855,0.60817383018057403,0.26725393030127259,0.0016451635607131858,0.16034915225278906,0.016212147411219263,0.023816637423831759,0.29999999999999999
2.8574999999999999,0.60884659541880004,0.27095606036762226,0.0020091560870985196,0.13087098068588751,0.016212147411219263,0.023816637423831759,0.29999999999999999
2.8599999999999999,0.6095286005948809,0.27464632431977809,0.0022996358173097749,0.10153364613555119,0.0094353905636110676,0.013665853297110805,0.29999999999999999
2.8625000000000003,0.61021785017922214,0.27675193455014663,0.0025327311702155802,0.084959355988693142,0.0094353905636110676,0.013665853297110805,0.29999999999999999
2.8650000000000002,0.61091235385033549,0.2788498432885731,0.0027245087675618735,0.06847647904106699,-0.013615824032678353,0.014327962553427073,0.29999999999999999
2.8675000000000002,0.61160539602965081,0.27558266779361229,0.0029289723437310026,0.095109021485906581,-0.013615824032678353,0.014327962553427073,0.29999999999999999
2.8700000000000001,0.61229026002472131,0.27230689420673876,0.0032001389876549599,0.12184370645214003,0.0082438729032220763,0.013101029232208104,0.29999999999999999
2.8725000000000001,0.6129732732523262,0.27410195253356051,0.0034872836247616811,0.10789260101256808,0.0082438729032220763,0.013101029232208104,0.29999999999999999
2.875,0.61366076163723138,0.27588722975627616,0.0037396987295795934,0.094057590742700647,0.0011562496349663994,0.004876587354099661,0.29999999999999999
2.8774999999999999,0.61435064280551543,0.2760162890425033,0.0039741969401455258,0.093557787820062452,0.0011562496349663994,0.004876587354099661,0.29999999999999999
2.8799999999999999,0.61504083602219506,0.27613687526935921,0.0042075714950089048,0.093158585526060822,0.0072214284256831131,0.012751338171236954,0.29999999999999999
2.8824999999999998,0.61573308253352854,0.27765901403429005,0.0044259185824471583,0.081534748609119495,0.0072214284256831131,0.012751338171236954,0.29999999999999999
2.8850000000000002,0.61642912493252155,0.27917376028443375,0.0046153183479582935,0.069998651932888956,0.0070033333783690536,0.018094748059877645,0.29999999999999999
2.8875000000000002,0.61712888267395116,0.28063145863861849,0.0047764835917488303,0.05894510570975274,0.0070033333783690536,0.018094748059877645,0.29999999999999999
2.8900000000000001,0.61783227777217986,0.28208381223274681,0.0049100967331699927,0.047954993658274027,-0.0058404073991505856,0.0077292408188662119,0.29999999999999999
2.8925000000000001,0.61853556609260341,0.28054602309265053,0.0050462756174000445,0.060997865879169499,-0.0058404073991505856,0.0077292408188662119,0.29999999999999999
2.895,0.61923500329118009,0.27900271776773483,0.0052151406609050469,0.074106261252658776,-0.0050596824823691648,0.0091322203049723216,0.29999999999999999
2.8975,0.6199308009524177,0.27763420596191662,0.0054150512481687934,0.085836524922754398,-0.0050596824823691648,0.0091322203049723216,0.29999999999999999
2.8999999999999999,0.62062316785290628,0.27625793182274599,0.0056444001161792641,0.097658992964658839,0.0059591379804542696,-0.0056410305578252253,0.29999999999999999
2.9024999999999999,0.62131528495879296,0.27743434270425205,0.0058777188798720507,0.089012755622060014,0.0059591379804542696,-0.0056410305578252253,0.29999999999999999
2.9050000000000002,0.62201033284201945,0.27860268354243356,0.0060895437064404073,0.080462301826620522,-0.0016498245057491039,0.0094957458581462414,0.29999999999999999
2.9075000000000002,0.62270608140182504,0.27799490763679219,0.006297859491323961,0.086205250369489145,-0.0016498245057491039,0.0094957458581462414,0.29999999999999999
2.9100000000000001,0.62340030088050158,0.27737933141807947,0.0065206471501886793,0.092040837177439508,0.019280759691023101,0.0086275514337203867,0.29999999999999999
2.9125000000000001,0.62409905275422051,0.28162102295465141,0.0067093011146279009,0.058895903688631707,0.019280759691023101,0.0086275514337203867,0.29999999999999999
2.915,0.62480840152890904,0.28585735429254894,0.0068151796160202532,0.025814513937113565,0.012443512238437704,0.010224005922876251,0.29999999999999999
2.9175,0.62552635093004016,0.28850192933155028,0.0068543526664041551,0.005526740829549022,0.012443512238437704,0.010224005922876251,0.29999999999999999
2.9199999999999999,0.62625091075725792,0.29114600227424997,0.0068428182818406269,-0.014755076771319254,0.0079639871240824688,0.0071296800671949226,0.29999999999999999
2.9224999999999999,0.62698078048196093,0.29275009080339498,0.0067910177041637116,-0.026689103177953036,0.0079639871240824688,0.0071296800671949226,0.29999999999999999
2.9250000000000003,0.62771466322907865,0.2943566008629423,0.0067093488225500372,-0.03865186364576248,0.0011231442471600359,0.0066535564099035579,0.29999999999999999
2.9275000000000002,0.6284505787174971,0.29437636738349832,0.0066136879493372373,-0.037883691858252445,0.0011231442471600359,0.0066535564099035579,0.29999999999999999
2.9300000000000002,0.62918654792458051,0.29439956451552196,0.0065198964226662291,-0.03715625246705842,0.00019858790964029632,-0.0088140160356396362,0.29999999999999999
2.9325000000000001,0.62992231070159577,0.29421119949924479,0.0064300310124104382,-0.034742516269851656,0.00019858790964029632,-0.0088140160356396362,0.29999999999999999
2.9350000000000001,0.63065760654303882,0.29402597992858082,0.0063461527198720568,-0.032366129265089714,0.010003803005506304,0.010507599372915339,0.29999999999999999
2.9375,0.6313952920891549,0.29612306730417981,0.0062452890900347568,-0.048332015978766268,0.010003803005506304,0.010507599372915339,0.29999999999999999
2.9399999999999999,0.63213822553511967,0.2982245416702991,0.0061044492682249506,-0.064349952618599493,0.019683972713990229,0.0052332522556712367,0.29999999999999999
2.9424999999999999,0.6328892323936639,0.30258217971029638,0.0059008909632496205,-0.098511328413104476,0.019683972713990229,0.0052332522556712367,0.29999999999999999
2.9449999999999998,0.63365114390066568,0.30694877870622034,0.0056118040920555886,-0.13277895222373334,-0.0051768993824882134,-0.0026692317602078578,0.29999999999999999
2.9475000000000002,0.63441676254393053,0.30554804618251991,0.0052948954416696878,-0.12077066059267952,-0.0051768993824882134,-0.0026692317602078578,0.29999999999999999
2.9500000000000002,0.63517889323115573,0.30415823415729926,0.0050078426963403502,-0.10889209229078768,-0.0069786572684500487,-0.0021795637207156983,0.29999999999999999
2.9525000000000001,0.63593703838042592,0.30235941197992605,0.00475454236900031,-0.093766306157433477,-0.0069786572684500487,-0.0021795637207156983,0.29999999999999999
2.9550000000000001,0.6366906973552624,0.30056906764760027,0.0045389272487965995,-0.078741229688629982,-0.0030007853983761981,0.0071163330362676736,0.29999999999999999
2.9575,0.63744104551595393,0.2997105917983291,0.0043514823057672269,-0.07122815490415435,-0.0030007853983761981,0.0071163330362676736,0.29999999999999999
2.96,0.63818925568552276,0.29885856207444028,0.0041827226871813984,-0.063791631811454308,0.0047971801217780788,-1.7980395169755687e-05,0.29999999999999999
2.9624999999999999,0.63893760902984975,0.29982513113849368,0.0040142682599906875,-0.070983991080185216,0.0047971801217780788,-1.7980395169755687e-05,0.29999999999999999
2.9649999999999999,0.63968838670152262,0.30079813311583625,0.0038277391022930865,-0.078252712208794262,5.6993718488372721e-05,-0.0047266835261809727,0.29999999999999999
2.9675000000000002,0.64044022821893709,0.30067625042411728,0.0036339971804965048,-0.076754712467046057,5.6993718488372721e-05,-0.0047266835261809727,0.29999999999999999
2.9700000000000002,0.64119177374520875,0.30056131823926591,0.0034438967745409085,-0.075339238686548765,9.5503838349105669e-06,0.015113097782998927,0.29999999999999999
2.9725000000000001,0.6419430267090338,0.30044217906052145,0.0032573442125340478,-0.07391618309552285,9.5503838349105669e-06,0.015113097782998927,0.29999999999999999
2.9750000000000001,0.64269399021805262,0.30032973353621917,0.0030742496354518502,-0.072572603023018586,0.0053797370620773423,-0.00336211180713704,0.29999999999999999
2.9775,0.64344624131369399,0.30147230510228878,0.0028818831460584791,-0.081334383793220555,0.0053797370620773423,-0.00336211180713704,0.29999999999999999
2.98,0.64420135788491917,0.30262224691391593,0.0026675048133336034,-0.090183655722181344,-0.012065176096501748,-0.0049772196630567239,0.29999999999999999
2.9824999999999999,0.64495429022224904,0.2997248042136324,0.0024715974372014715,-0.066556276183126331,-0.012065176096501748,-0.0049772196630567239,0.29999999999999999
2.9849999999999999,0.64569998692213537,0.29683338148857286,0.0023346638523619578,-0.043000399958993289,0.0010859517798328365,-0.0051913252492307212,0.29999999999999999
2.9875000000000003,0.64644228182697983,0.29700319936628006,0.0022258644196137779,-0.044046946168991921,0.0010859517798328365,-0.0051913252492307212,0.29999999999999999
2.9900000000000002,0.64718500624336606,0.29717700687628573,0.0021143896528689429,-0.045140858950046353,0.0015209271403100022,0.0037320301605937561,0.29999999999999999
2.9925000000000002,0.64792829666370733,0.2974560255627281,0.0019991045147722628,-0.047095516610562278,0.0015209271403100022,0.0037320301605937561,0.29999999999999999
2.9950000000000001,0.64867228992578652,0.2977393101515125,0.0018788698684638182,-0.049100820336600369,-0.0013278269064993101,-0.0036378865922751637,0.29999999999999999
2.9975000000000001,0.64941616912663092,0.29736476694683611,0.0017602049515907561,-0.045839619332631747,-0.0013278269064993101,-0.0036378865922751637,0.29999999999999999
3,0.65015911721958353,0.29699437500219611,0.0016496307020534902,-0.042627706593441561,-0.0039266951869941918,-0.0016656696287046836,0.29999999999999999
3.0024999999999999,0.65090038903579805,0.29602366072303193,0.0015530935775333972,-0.034608912424872441,-0.0039266951869941918,-0.0016656696287046836,0.29999999999999999
3.0049999999999999,0.65163923813441527,0.29505608021465163,0.0014765551354460737,-0.026627327337547746,0.0090706033136864709,0.0074989714422613873,0.29999999999999999
3.0075000000000003,0.65237944822087002,0.29711251425958535,0.0013895994021055397,-0.042943495092543076,0.0090706033136864709,0.0074989714422613873,0.29999999999999999
3.0100000000000002,0.65312480394836758,0.29917283976163567,0.0012617991673417553,-0.059305857288497965,0.010813093782913022,-0.0032898779430133979,0.29999999999999999
3.0125000000000002,0.65387582323365656,0.30164363262999172,0.0010889502506628063,-0.078985671156825699,0.010813093782913022,-0.0032898779430133979,0.29999999999999999
3.0150000000000001,0.65463302807513324,0.30412158236956288,0.00086680001672748738,-0.098750445260561814,-0.0022584313096784829,-0.013248727291547944,0.29999999999999999
3.0175000000000001,0.65539264024718547,0.30356961132290211,0.00062561652665165974,-0.094213635037071974,-0.0022584313096784829,-0.013248727291547944,0.29999999999999999
3.02,0.65615088324092563,0.30302617206995619,0.00039564743215867083,-0.089778125348810425,-0.0055673253050496536,-0.0084554951880262321,0.29999999999999999
3.0225,0.65690681637578097,0.30172161139021692,0.00018436793727399822,-0.079260615723232355,-0.0055673253050496536,-0.0084554951880262321,0.29999999999999999
3.0249999999999999,0.65765949727904482,0.30042422878925917,-7.2666115099267016e-07,-0.068828331804393683,0.010162205784221546,-0.0040320362063526339,0.29999999999999999
3.0274999999999999,0.65841351343982202,0.3027898820768124,-0.0001965458216724061,-0.087841033439791938,0.010162205784221546,-0.0040320362063526339,0.29999999999999999
3.0300000000000002,0.65917345331777277,0.30516348998142201,-0.00044001052871856097,-0.10694818282016195,-0.0020111947949858649,0.0080602911505517523,0.29999999999999999
3.0325000000000002,0.65993580158405829,0.30471671072135448,-0.00070297162369103452,-0.10343954369346228,-0.0020111947949858649,0.0080602911505517523,0.29999999999999999
3.0350000000000001,0.66069704467743917,0.30427929958457128,-0.00095730092845420459,-0.1000421322095033,0.0029311243114757265,-0.011232564299548232,0.29999999999999999
3.0375000000000001,0.66145864178022828,0.30499993708377832,-0.0012148065490633236,-0.10598082123385863,0.0029311243114757265,-0.011232564299548232,0.29999999999999999
3.04,0.66222205235891363,0.30573017068043767,-0.0014872999784937037,-0.11203345278688429,-0.024138455797843225,0.0065525409851239294,0.29999999999999999
3.0425,0.66297943517486724,0.30017744032422727,-0.0017118980373915656,-0.067661112837509932,-0.024138455797843225,0.0065525409851239294,0.29999999999999999
3.0449999999999999,0.66372294467514448,0.29463084810473433,-0.0018256662356642148,-0.023361612161258032,0.010483300844475239,-0.0026013854154246139,0.29999999999999999
3.0474999999999999,0.66446265160241424,0.2971351996318442,-0.0019095286764760941,-0.043734348656190095,0.010483300844475239,-0.0026013854154246139,0.29999999999999999
3.0500000000000003,0.66520862397112024,0.29964350879233587,-0.0020443771433150603,-0.064154085481082937,-0.018943000256361628,-0.0020450685399089675,0.29999999999999999
3.0525000000000002,0.66595232327852982,0.29531664661752499,-0.0021616804305308081,-0.029696963472024281,-0.018943000256361628,-0.0020450685399089675,0.29999999999999999
3.0550000000000002,0.66668520944905552,0.29099247860865773,-0.0021928885990100148,0.004728188262154015,-0.0016960318940553252,-0.0081762947366351337,0.29999999999999999
3.0575000000000001,0.66741229694347881,0.29067742875336083,-0.0021782868065633632,0.0069542925345367334,-0.0016960318940553252,-0.0081762947366351337,0.29999999999999999
3.0600000000000001,0.6681385960679036,0.2903617489481421,-0.002158110904460454,0.0091878756219360546,7.8568871399997296e-05,0.016690374225316329,0.29999999999999999
3.0625,0.66886462065885144,0.29045779320650561,-0.0021364808194840198,0.008117742973690046,7.8568871399997296e-05,0.016690374225316329,0.29999999999999999
3.0649999999999999,0.66959088442130865,0.29055310224176079,-0.0021175149160692608,0.0070563393862949388,0.0058420873800903318,0.0071884356700060818,0.29999999999999999
3.0674999999999999,0.67031906040320355,0.2919876659318496,-0.0021146439015606159,-0.0047593218468911219,0.0058420873800903318,0.0071884356700060818,0.29999999999999999
3.0700000000000003,0.67105082311000241,0.29342266045335264,-0.0021413157886785153,-0.016580099013671072,-0.0185318473775829,0.0034869352271119335,0.29999999999999999
3.0725000000000002,0.67177909237012434,0.28919274381137056,-0.0021406745250681113,0.017093155383489246,-0.0185318473775829,0.0034869352271119335,0.29999999999999999
3.0750000000000002,0.67249678553683112,0.28496127651137043,-0.0020558346774261051,0.050784810867789361,0.0076378154995392737,0.0073309814907557775,0.29999999999999999
3.0775000000000001,0.67321149931310276,0.28680909248117953,-0.0019477806567982194,0.035666148503004695,0.0076378154995392737,0.0073309814907557775,0.29999999999999999
3.0800000000000001,0.67393082830931228,0.28865368019904386,-0.0018774719920371806,0.020585821684116518,-0.0063504919986319547,0.010501430937834389,0.29999999999999999
3.0825,0.67465070142635475,0.28724441906033032,-0.0018121866466307317,0.031647136194282138,-0.0063504919986319547,0.010501430937834389,0.29999999999999999
3.085,0.67536704801506198,0.28583229025067847,-0.0017192079449789345,0.042742492499489623,0.0073528867798153376,-0.00053858949652459956,0.29999999999999999
3.0874999999999999,0.6760838415949959,0.28760203783091448,-0.0016304174001009124,0.028296306571144896,0.0073528867798153376,-0.00053858949652459956,0.29999999999999999
3.0899999999999999,0.67680505606983021,0.28936922386536529,-0.0015777010673978225,0.01388053768726848,-0.0055985469649319445,-4.4397749848419831e-06,0.29999999999999999
3.0925000000000002,0.67752692322208918,0.28812421450919545,-0.0015307756567194822,0.02366315554962508,-0.0055985469649319445,-4.4397749848419831e-06,0.29999999999999999
3.0950000000000002,0.67824567535584646,0.28687706116694239,-0.0014593640812827909,0.033471225245980188,0.013297638314470546,0.0050059475895929502,0.29999999999999999
3.0975000000000001,0.67896679688394923,0.29001984830779154,-0.0014074903099768731,0.0080315089263749834,0.013297638314470546,0.0050059475895929502,0.29999999999999999
3.1000000000000001,0.67969577399180403,0.29316190858768476,-0.0014191993450919298,-0.017399575564172119,0.0010554181274290957,0.0055747814965882931,0.29999999999999999
3.1025,0.68042905037650248,0.29345948133184585,-0.0014659323259126834,-0.019990159129693503,0.0010554181274290957,0.0055747814965882931,0.29999999999999999
3.105,0.6811630729070397,0.29375886451919442,-0.0015191680517741826,-0.022602237735590714,0.00023329607404604601,0.0029174055604421151,0.29999999999999999
3.1074999999999999,0.68189760751144768,0.29386916847014471,-0.0015770450615007906,-0.023703519094020711,0.00023329607404604601,0.0029174055604421151,0.29999999999999999
3.1099999999999999,0.68263242053826945,0.29398161926379218,-0.0016377068859756965,-0.024830289160491389,-0.0081384051997646003,-0.0037091795827610737,0.29999999999999999
3.1125000000000003,0.68336508482281211,0.29215007405834259,-0.0016816805259987121,-0.01035177670808337,-0.0081384051997646003,-0.0037091795827610737,0.29999999999999999
3.1150000000000002,0.68409317169020667,0.29031946696838706,-0.0016894750480138292,0.0041155998664896207,-0.0053597411858796063,-0.0055938213724804906,0.29999999999999999
3.1175000000000002,0.68481748927431074,0.28913446809505788,-0.0016675838000797796,0.013398968085860302,-0.0053597411858796063,-0.0055938213724804906,0.29999999999999999
3.1200000000000001,0.68553884301905288,0.28794825519673317,-0.0016224681983342392,0.022696748241849585,0.0067597616580244695,0.0034688168017634928,0.29999999999999999
3.1225000000000001,0.68626075053782043,0.28957751775797197,-0.001582364737160939,0.0093888949702244026,0.0067597616580244695,0.0034688168017634928,0.29999999999999999
3.125,0.68698672989962162,0.29120593032533421,-0.0015755153139077962,-0.0039088652790083053,-0.0022965629281898169,-0.0002420304988884547,0.29999999999999999
3.1274999999999999,0.68771414888565341,0.2907292902778924,-0.0015807765223896431,-0.00030047877261823487,-0.0022965629281898169,-0.0002420304988884547,0.29999999999999999
3.1299999999999999,0.68844037637367961,0.29025267744975092,-0.0015770179768913291,0.0033075845864406835,0.0022788329067938012,0.015844197125255272,0.29999999999999999
3.1325000000000003,0.68916674154786339,0.29083944918769444,-0.0015749138933164385,-0.0016241668239722405,0.0022788329067938012,0.015844197125255272,0.29999999999999999
3.1350000000000002,0.6898945737421931,0.2914263680088009,-0.0015851402663578248,-0.0065576645688887047,-0.0013493490887559008,-0.013670483113753948,0.29999999999999999
3.1375000000000002,0.69062281960092253,0.29117040412450534,-0.0015992404836551899,-0.0047235201858201684,-0.0013493490887559008,-0.013670483113753948,0.29999999999999999
3.1400000000000001,0.69135042611932773,0.29091486810049827,-0.0016087620998781343,-0.0028944554556775462,-0.014655474920361981,-0.0075479144227888735,0.29999999999999999
3.1425000000000001,0.6920735276486305,0.28756619762114199,-0.0015826609441457933,0.023777252020910029,-0.014655474920361981,-0.0075479144227888735,0.29999999999999999
3.145,0.69278825531115218,0.28421537153522264,-0.0014898545196406145,0.050474544541561736,0.0075528167402557148,-0.0069539107184427807,0.29999999999999999
3.1475,0.69350105401386275,0.28602294012225238,-0.0013820736904251792,0.035757843222627476,0.0075528167402557148,-0.0069539107184427807,0.29999999999999999
3.1499999999999999,0.69421836731436359,0.28782727148760195,-0.001311033273952813,0.021079581485095963,0.014899273709680329,-0.0040666522541038677,0.29999999999999999
3.1524999999999999,0.69494232352709029,0.29133759469593423,-0.0012938024071019519,-0.0072936529745691522,0.014899273709680329,-0.0040666522541038677,0.29999999999999999
3.1550000000000002,0.69567505583795219,0.29484857797321695,-0.0013475080716654575,-0.035674726132962492,0.014090902112273913,0.002110792551024687,0.29999999999999999
3.1575000000000002,0.69641633420928128,0.2981748599850565,-0.0014703213712863577,-0.062584712271891871,0.014090902112273913,0.002110792551024687,0.29999999999999999
3.1600000000000001,0.69716593485689993,0.30150680517721129,-0.0016604876763603822,-0.089561954791449766,-0.0045731084359036432,0.001475514657857973,0.29999999999999999
3.1625000000000001,0.69791845158130472,0.30050786781383609,-0.0018746525184121889,-0.081785274681881834,-0.0045731084359036432,0.001475514657857973,0.29999999999999999
3.165,0.6986684803698594,0.29951633980975312,-0.0020694873445521967,-0.074096556533215174,-0.0083840045265938593,-0.00049893301257139706,0.29999999999999999
3.1675,0.69941493150285061,0.29764557456410073,-0.002236307708746514,-0.059371699720040486,-0.0083840045265938593,-0.00049893301257139706,0.29999999999999999
3.1699999999999999,0.70015671272658497,0.29578019053501964,-0.0023663990671591861,-0.044710718060009161,-0.01407544420295883,0.0019681314468784012,0.29999999999999999
3.1724999999999999,0.70089218201514913,0.29259572538871692,-0.0024466185340459605,-0.019470612066238849,-0.01407544420295883,0.0019681314468784012,0.29999999999999999
3.1750000000000003,0.70161969282493652,0.28941302618144549,-0.0024637695893258895,0.0057485367171490817,-0.0098069186131434609,0.0031054950568665811,0.29999999999999999
3.1775000000000002,0.70234048705862018,0.28722214358751696,-0.0024278327011017847,0.023003551549417862,-0.0098069186131434609,0.0031054950568665811,0.29999999999999999
3.1800000000000002,0.70305580180508598,0.28502917553706941,-0.002348731205657882,0.040283318825846862,-0.003969622590972539,0.0079220555572886899,0.29999999999999999
3.1825000000000001,0.70376732609541737,0.28418960000648519,-0.0022400032565499761,0.04670683665866171,-0.003969622590972539,0.0079220555572886899,0.29999999999999999
3.1850000000000001,0.70447674627901213,0.28334579279689553,-0.0021151551624224722,0.053180590601727924,0.0019632659522678996,0.006315826474301134,0.29999999999999999
3.1875,0.70518577502693025,0.28387643730845363,-0.0019878990337195207,0.048633433872341522,0.0019632659522678996,0.006315826474301134,0.29999999999999999
3.1899999999999999,0.70589612479596353,0.28440267789909651,-0.0018719444226092871,0.044138566578995599,-0.0027098685060100523,0.0096904559363699717,0.29999999999999999
3.1924999999999999,0.70660642716188782,0.28383851620882167,-0.0017562603078718597,0.048417019346533065,-0.0027098685060100523,0.0096904559363699717,0.29999999999999999
3.1950000000000003,0.70731531372235767,0.28326996856382947,-0.0016298159378589424,0.05274754218909139,-0.0068955445592539877,0.0035980203740581932,0.29999999999999999
3.1975000000000002,0.70802155674366718,0.28172355987335368,-0.0014827066141474871,0.064950465592387915,-0.0068955445592539877,0.0035980203740581932,0.29999999999999999
3.2000000000000002,0.70872392661803418,0.28017126628570282,-0.0013050053969268411,0.077223250162582177,-0.0034010806485679263,0.0067270123371397216,0.29999999999999999
3.2025000000000001,0.70942342267301239,0.27942436797404446,-0.001104676701957061,0.083054068028988418,-0.0034010806485679263,0.0067270123371397216,0.29999999999999999
3.2050000000000001,0.71012104218930128,0.27866994669112316,-0.00088966063344060489,0.088974201604601399,0.0055093654573511262,0.018130620652632438,0.29999999999999999
3.2075,0.71081935490847648,0.27997896614369655,-0.00068052162686759398,0.078351994173136985,0.0055093654573511262,0.018130620652632438,0.29999999999999999
3.21,0.71152093110810788,0.2812808906321449,-0.00049783046762518239,0.067814028670417956,0.0063697812291402429,0.0075449353359255704,0.29999999999999999
3.2124999999999999,0.71222600426618932,0.282776703461394,-0.00034339881110155725,0.05574236672416822,0.0063697812291402429,0.0075449353359255704,0.29999999999999999
3.2149999999999999,0.71293481041901474,0.28426746811721959,-0.00021906869136168621,0.043730641838738558,-0.026321573735208863,-0.0031922754745026655,0.29999999999999999
3.2175000000000002,0.71363783877229514,0.27815418400002556,-4.840957017945941e-05,0.09280888956432197,-0.026321573735208863,-0.0031922754745026655,0.29999999999999999
3.2200000000000002,0.71432557433498944,0.27203249471375468,0.00024505891490885477,0.14198693232649373,0.011395408265626326,0.016883494940659244,0.29999999999999999
3.2225000000000001,0.7150089504249183,0.27466639330809356,0.00057362637778062887,0.1208905929386609,0.011395408265626326,0.016883494940659244,0.29999999999999999
3.2250000000000001,0.71569889717717317,0.27728934165944058,0.00084962020834363546,0.099924260302243217,0.018853258528265412,0.015308479697872678,0.29999999999999999
3.2275,0.71639755670698135,0.28163703556432668,0.0010559317279251208,0.065139753027647324,0.018853258528265412,0.015308479697872678,0.29999999999999999
3.23,0.71710707743518154,0.28597882509745576,0.0011753773705041252,0.030425329557180851,-0.0045905708204633904,0.0098738780118974023,0.29999999999999999
3.2324999999999999,0.71782063618438419,0.28486764652989433,0.0012627999835944487,0.039519026954288147,-0.0045905708204633904,0.0098738780118974023,0.29999999999999999
3.2349999999999999,0.71853141268603915,0.28375288953188282,0.00137300790964971,0.048655212942465526,-0.0055488606719979582,0.011692830824948231,0.29999999999999999
3.2375000000000003,0.71923911849976019,0.2824109445059762,0.0015083561365428566,0.059633068885884107,-0.0055488606719979582,0.011692830824948231,0.29999999999999999
3.2400000000000002,0.71994346290979006,0.28106360051367674,0.0016712266729813983,0.070675032667712662,0.0039431592703103886,0.0027200293790132471,0.29999999999999999
3.2425000000000002,0.72064718937144323,0.28191655165841911,0.0018396417462255834,0.064069101355869823,0.0039431592703103886,0.0027200293790132471,0.29999999999999999
3.2450000000000001,0.72135304083164842,0.28276369853824701,0.0019916295967090302,0.057532076855870619,-0.00076627179736699059,0.0080680136915359628,0.29999999999999999
3.2475000000000001,0.72205963505235293,0.28251079225592129,0.0021383447283231439,0.059850545272560202,-0.00076627179736699059,0.0080680136915359628,0.29999999999999999
3.25,0.72276559027661702,0.28225246592473613,0.0022909359458650291,0.062233366690538215,0.014705540723891143,0.0045533588910886781,0.29999999999999999
3.2524999999999999,0.72347538848298243,0.28558535830159981,0.0024134587389274516,0.035793659998271762,0.014705540723891143,0.0045533588910886781,0.29999999999999999
3.2549999999999999,0.72419351436301815,0.28891500417483912,0.0024699363482481372,0.009392480726621355,0.0087020976671043793,0.0071647841877193405,0.29999999999999999
3.2575000000000003,0.72491821831550385,0.29084813057254333,0.0024744405698453593,-0.0057887801132315113,0.0087020976671043793,0.0071647841877193405,0.29999999999999999
3.2600000000000002,0.72564775545318794,0.29278178172291747,0.0024409872571144282,-0.020976269451403226,0.0028413353962373549,0.0081596553127721884,0.29999999999999999
3.2625000000000002,0.72638042578924222,0.29335483601733314,0.0023832184353920365,-0.025242929914422299,0.0028413353962373549,0.0081596553127721884,0.29999999999999999
3.2650000000000001,0.72711453153883798,0.29393017717495684,0.0023147499852992442,-0.02953673929379496,-0.012936993297778431,-0.0013267968798590555,0.29999999999999999
3.2675000000000001,0.72784549403644505,0.29084007674395074,0.0022723322360793628,-0.0044004986878399266,-0.012936993297778431,-0.0013267968798590555,0.29999999999999999
3.27,0.72856873225416074,0.2877503743714071,0.0022927435533292126,0.020731014069431248,-0.0095584770380416923,0.0099434227874396677,0.29999999999999999
3.2725,0.72928522607470869,0.28544422739461744,0.0023681209816671053,0.0395763283768997,-0.0095584770380416923,0.0099434227874396677,0.29999999999999999
3.2749999999999999,0.72999595040723042,0.28313449950372632,0.0024906606329742338,0.058464170786530857,0.0045239966251599036,0.0030119198818855768,0.29999999999999999
3.2774999999999999,0.73070498624110303,0.28409334022387367,0.0026276281455389783,0.05111966109604061,0.0045239966251599036,0.0030119198818855768,0.29999999999999999
3.2800000000000002,0.73141641324877349,0.28504754900981949,0.0027463047557977033,0.043830137481584562,0.0071554480091629317,0.0078490816574813931,0.29999999999999999
3.2825000000000002,0.73213098532095666,0.28660953845566134,0.0028406767823242621,0.031674252853611549,0.0071554480091629317,0.0078490816574813931,0.29999999999999999
3.2850000000000001,0.73284945854878203,0.28816865687515925,0.0029047044156352651,0.019552446518426372,0.0018048704454290902,0.013145789907948234,0.29999999999999999
3.2875000000000001,0.73357027236560968,0.28848211734124929,0.0029509438148432928,0.017442388056547478,0.0018048704454290902,0.013145789907948234,0.29999999999999999
3.29,0.73429186781891542,0.28879399776983217,0.0029919319862818749,0.01535108781367474,-0.0079460218252364601,0.0047364177781845668,0.29999999999999999
3.2925,0.73501140779825402,0.28683763264479656,0.003050469790139725,0.031483348375612702,-0.0079460218252364601,0.0047364177781845668,0.29999999999999999
3.2949999999999999,0.73572605360864884,0.28487841914985979,0.0031493769173203154,0.047649438115889113,-0.010016105925196882,0.0090103162504230373,0.29999999999999999
3.2974999999999999,0.73643519478186059,0.2824336499505013,0.0032935908242073195,0.067732015046117533,-0.010016105925196882,0.0090103162504230373,0.29999999999999999
3.3000000000000003,0.73713821675444746,0.27998275556782415,0.0034880976190709298,0.087887349125686701,0.011894142281747721,0.012773066916778644,0.29999999999999999
3.3025000000000002,0.73784146853892119,0.28261749949109771,0.0036819721344328853,0.067226177251139704,0.011894142281747721,0.012773066916778644,0.29999999999999999
3.3050000000000002,0.7385512991700951,0.28524614463972786,0.0038242888090077847,0.046637377082798304,0.002596082273067,0.0028721088091933494,0.29999999999999999
3.3075000000000001,0.73926499394774658,0.28570899733790134,0.0039369005728189955,0.043460108397621273,0.002596082273067,0.0028721088091933494,0.29999999999999999
3.3100000000000001,0.73997984087601398,0.28616791274578607,0.0040416282991365968,0.040329581821350123,-0.012139791402038464,0.018438667135019498,0.29999999999999999
3.3125,0.74069154859506758,0.2831974712484272,0.0041729749402089795,0.064757131924515224,-0.012139791402038464,0.018438667135019498,0.29999999999999999
3.3149999999999999,0.74139582335640952,0.28022117835046012,0.0043654718903598545,0.089254204681279245,0.014880321197248657,0.0057232410237124188,0.29999999999999999
3.3174999999999999,0.74210049908589004,0.28351825027817917,0.0045562671378431762,0.063395695065152025,0.014880321197248657,0.0057232410237124188,0.29999999999999999
3.3200000000000003,0.74281340981114707,0.28680956563798471,0.0046825072691430557,0.037605476681276964,-0.0010003023365143442,0.0026176060182481475,0.29999999999999999
3.3225000000000002,0.74352992960103148,0.28640566947051083,0.0047813898173875956,0.041507648437338548,-0.0010003023365143442,0.0026176060182481475,0.29999999999999999
3.3250000000000002,0.74424543502731233,0.28599801555848864,0.0048900826918585128,0.04545444062929152,0.010300717237314197,0.010694987270109129,0.29999999999999999
3.3275000000000001,0.7449632000006392,0.28821340504791443,0.0049823289896178194,0.028349219299071204,0.010300717237314197,0.010694987270109129,0.29999999999999999
3.3300000000000001,0.74568649990907143,0.29042622206741514,0.0050318542220922635,0.011274521964024741,0.0057694904117583708,0.0059815994832457782,0.29999999999999999
3.3325,0.74641401361618054,0.29158463824903391,0.0050492864450010378,0.0026725070108400174,0.0057694904117583708,0.0059815994832457782,0.29999999999999999
3.335,0.74714442289845795,0.29274281214376013,0.005045219153008971,-0.0059266322359204909,-0.0050066076999198007,-0.005397526010245555,0.29999999999999999
3.3374999999999999,0.7478745969046624,0.29139639538322454,0.0050447966422172072,0.005588593155996132,-0.0050066076999198007,-0.005397526010245555,0.29999999999999999
3.3399999999999999,0.74860140445411671,0.29004947311616697,0.0050731671222415979,0.017109822667763213,0.0085204903504661027,-0.008995686625472718,0.29999999999999999
3.3425000000000002,0.74932877355689387,0.29184565411907798,0.0050987923015001916,0.0033921599390959196,0.0085204903504661027,-0.008995686625472718,0.29999999999999999
3.3450000000000002,0.7500606324683553,0.29364152741099503,0.0050901309640795887,-0.01032185123347848,0.017788243035730445,0.0052844552814398892,0.29999999999999999
3.3475000000000001,0.75079967491223387,0.29759281898710727,0.0050255452164818786,-0.041351387492727383,0.017788243035730445,0.0052844552814398892,0.29999999999999999
3.3500000000000001,0.7515485996949347,0.30154786871123102,0.0048833368856983621,-0.072425495079061972,0.0094820656925085588,-0.00069179433039624869,0.29999999999999999
3.3525,0.75230500619585627,0.3035785451602544,0.0046827373000045231,-0.088068569552155848,0.0094820656925085588,-0.00069179433039624869,0.29999999999999999
3.355,0.75306649907745848,0.30561721031056083,0.0044429150422848618,-0.10380644641168868,-0.0029404265603088725,-0.00058944117747975887,0.29999999999999999
3.3574999999999999,0.75382949043769754,0.30477738802177495,0.0041926032730399973,-0.096460903241697232,-0.0029404265603088725,-0.00058944117747975887,0.29999999999999999
3.3599999999999999,0.75459039329152156,0.30394629528305867,0.0039605241425371401,-0.089219029904292896,0.0017077602277944957,0.00080980420957117835,0.29999999999999999
3.3625000000000003,0.755350579293108,0.30420386425983303,0.0037355803229805651,-0.09075215199170622,0.0017077602277944957,0.00080980420957117835,0.29999999999999999
3.3650000000000002,0.75611141946205629,0.3044696530490596,0.0035066820642683776,-0.092382864718127886,0.0033111661475385724,-0.00038396844694432177,0.29999999999999999
3.3675000000000002,0.75687340044407503,0.30511656298665368,0.0032698411820779611,-0.097106822719384048,0.0033111661475385724,-0.00038396844694432177,0.29999999999999999
3.3700000000000001,0.75763700960733971,0.30577227011150393,0.0030210609256978789,-0.10193521980414395,0.0012530788252199877,0.0065261013250517775,0.29999999999999999
3.3725000000000001,0.75840167145276804,0.30595875301230457,0.002764876936047538,-0.10303033678826092,0.0012530788252199877,0.0065261013250517775,0.29999999999999999
3.375,0.7591668111476384,0.30615456702867089,0.002505816926645824,-0.10423624177334227,-0.0080060802254517342,-0.0038602476651724274,0.29999999999999999
3.3774999999999999,0.75992976162797365,0.30420726867387604,0.0022652116383407358,-0.088265226519969972,-0.0080060802254517342,-0.0038602476651724274,0.29999999999999999
3.3799999999999999,0.76068785414636886,0.30226795750918178,0.0020644117548551137,-0.072389067378029637,-0.012201606291755589,-0.0015788626117385421,0.29999999999999999
3.3825000000000003,0.76143988773544913,0.2993598270889638,0.0019129931502607014,-0.04875666362880976,-0.012201606291755589,-0.0015788626117385421,0.29999999999999999
3.3850000000000002,0.76218465695764315,0.29645610812798739,0.0018205847810798962,-0.025176652255376922,0.0025048543722603466,-0.0064680441387547777,0.29999999999999999
3.3875000000000002,0.76292644359244899,0.29697360928969352,0.0017527648135088046,-0.029084184228145016,0.0025048543722603466,-0.0064680441387547777,0.29999999999999999
3.3900000000000001,0.76366952719946435,0.29749374511857896,0.0016751377965684028,-0.03302299485766285,0.0036446333775258383,0.00010452151367421675,0.29999999999999999
3.3925000000000001,0.76441424600914221,0.29828184724816564,0.001584960181230182,-0.039125563048631969,0.0036446333775258383,0.00010452151367421675,0.29999999999999999
3.395,0.76516093938919805,0.29907349386066234,0.0014794749181453472,-0.045270210522285428,0.010802881262010944,0.001121155829355698,0.29999999999999999
3.3975,0.76591169695070349,0.30153338674327196,0.0013418623133049218,-0.064829742389865636,0.010802881262010944,0.001121155829355698,0.29999999999999999
3.3999999999999999,0.76666861121839891,0.30399915463099925,0.0011552680939073102,-0.084459014130052718,0.0099338523512417908,0.015555214892817802,0.29999999999999999
3.4024999999999999,0.76743144657664519,0.30627054380819119,0.00092151972410775291,-0.10255644240562953,0.0099338523512417908,0.015555214892817802,0.29999999999999999
3.4050000000000002,0.76819997167939313,0.30855122405602808,0.00064239397088679457,-0.12076417263191033,-0.00070742033479686542,-0.0063996104742197321,0.29999999999999999
3.4075000000000002,0.76897111964549003,0.30836895973086481,0.00034242581227604643,-0.11923185610194,-0.00070742033479686542,-0.0063996104742197321,0.29999999999999999
3.4100000000000001,0.76974182547484316,0.30819749253271495,4.612786716570662e-05,-0.1178277389742118,-0.013105256589783607,0.0025355831984914534,0.29999999999999999
3.4125000000000001,0.77050851340545601,0.3051544460014825,-0.00021788370925589765,-0.093400448335365108,-0.013105256589783607,0.0025355831984914534,0.29999999999999999
3.415,0.7712676047538557,0.30211985907997185,-0.0004209580647924155,-0.069073595792848552,-0.0010523118502581696,-0.0040503781603834178,0.29999999999999999
3.4175,0.77202262028761148,0.30189359732892079,-0.00059144338790747912,-0.067326884505006374,-0.0010523118502581696,-0.0040503781603834178,0.29999999999999999
3.4199999999999999,0.77277707782161409,0.30167343346765274,-0.00075765281375854963,-0.06565257151484212,-0.0090955675152217218,-0.00037168994507055412,0.29999999999999999
3.4224999999999999,0.77352865518341418,0.29958932175961844,-0.00090099331170775683,-0.049030105074944784,-0.0090955675152217218,-0.00037168994507055412,0.29999999999999999
3.4250000000000003,0.77427502813188176,0.29750965226794446,-0.001002847280736035,-0.032460373986333974,0.0030463750260188204,-0.0029541818238383193,0.29999999999999999
3.4275000000000002,0.77501973412487757,0.29825567832569566,-0.0010916617394201085,-0.03859755926875133,0.0030463750260188204,-0.0029541818238383193,0.29999999999999999
3.4300000000000002,0.77576630943608438,0.29900519975915402,-0.0011958696584144718,-0.044776245563319383,2.7934295424418944e-05,0.0017938955385694074,0.29999999999999999
3.4325000000000001,0.77651388639870411,0.299057050637344,-0.0013085385040917021,-0.045366907956892855,2.7934295424418944e-05,0.0017938955385694074,0.29999999999999999
3.4350000000000001,0.77726159811306139,0.29911301042960925,-0.0014227448477245313,-0.046006354123100515,-0.0083787998390596613,0.0010481521039619366,0.29999999999999999
3.4375,0.77800701208195155,0.29721874614593768,-0.0015189914855564001,-0.030997858544135275,-0.0083787998390596613,0.0010481521039619366,0.29999999999999999
3.4399999999999999,0.77874769418437506,0.29532729086929882,-0.0015777619247070013,-0.016022707741435344,-0.0043224606729887986,0.012532013922151738,0.29999999999999999
3.4424999999999999,0.77948482844246503,0.29438030178856156,-0.0016085862456474275,-0.0086389593166716107,-0.0043224606729887986,0.012532013922151738,0.29999999999999999
3.4450000000000003,0.78021959634546711,0.29343409538671356,-0.001620964463273946,-0.0012645024575338388,-0.0059276906636263485,0.0079925306219605727,0.29999999999999999
3.4475000000000002,0.78095153256506022,0.29211482109849152,-0.0016111635362097731,0.0091059467499459042,-0.0059276906636263485,0.0079925306219605727,0.29999999999999999
3.4500000000000002,0.78168016976342225,0.29079472173453635,-0.0015754265677063138,0.019486190510123146,-0.019879196487233849,0.0056005072077756545,0.29999999999999999
3.4525000000000001,0.78240145065430644,0.28622942108151711,-0.0014811544786489596,0.055938244191875305,-0.019879196487233849,0.0056005072077756545,0.29999999999999999
3.4550000000000001,0.78311131264206379,0.28165904807292974,-0.001295685182365971,0.092450498223066155,-7.2349693395033429e-05,0.010031673950916814,0.29999999999999999
3.4575,0.78381549442160348,0.2816849830604839,-0.0010650452722870355,0.092077963086066597,-7.2349693395033429e-05,0.010031673950916814,0.29999999999999999
3.46,0.78451973060891356,0.28170257915675795,-0.00083521286747385013,0.091804436187773342,-0.0023359622671638492,0.0045947523095864144,0.29999999999999999
3.4624999999999999,0.78522334262389271,0.28118561659462732,-0.00060065789993681094,0.095856352506876644,-0.0023359622671638492,0.0045947523095864144,0.29999999999999999
3.4649999999999999,0.78592565145790272,0.28065997249224722,-0.00035584521669965489,0.10001134373815583,0.0069808666049715005,0.0011262953272305485,0.29999999999999999
3.4675000000000002,0.7866293422459989,0.28229124774782438,-0.00012225568923173935,0.086877022423261591,0.0069808666049715005,0.0011262953272305485,0.29999999999999999
3.4700000000000002,0.78733710114080457,0.2839146552552535,7.8617733594116046e-05,0.073836115808546543,-0.00027773057918944479,0.011563539967847005,0.29999999999999999
3.4725000000000001,0.78804680072909228,0.28384389647618258,0.00026393155327198971,0.074428224435655665,-0.00027773057918944479,0.011563539967847005,0.29999999999999999
3.4750000000000001,0.78875631500635635,0.28376639690082922,0.00045082554351851467,0.075100365498068367,0.013443793864025083,0.0094298634426008797,0.29999999999999999
3.4775,0.78946961427844653,0.28687207460040393,0.00060747665273330851,0.050231754476991575,0.013443793864025083,0.0094298634426008797,0.29999999999999999
3.48,0.7901906715872038,0.28997320123518017,0.00070202933409730999,0.025417171098864839,0.0026941831109235535,-0.001354241830011896,0.29999999999999999
3.4824999999999999,0.79091635471991184,0.29057295682645423,0.00075967328673919921,0.020702123786253423,0.0026941831109235535,-0.001354241830011896,0.29999999999999999
3.4849999999999999,0.79164353480879412,0.29117083718070097,0.00080555850381818991,0.01600933964009791,-0.011216009123257018,0.0026313705928845406,0.29999999999999999
3.4875000000000003,0.79236816564397361,0.28853342876085625,0.00087219864828891693,0.037307551679723966,-0.011216009123257018,0.0026313705928845406,0.29999999999999999
3.4900000000000002,0.79308619913806988,0.28589264270718912,0.0009921296822370826,0.058645870181223039,0.0011405210791444445,0.001617787869979564,0.29999999999999999
3.4925000000000002,0.79380121501778478,0.28611918845330114,0.0011366422544492533,0.056974547702156937,0.0011405210791444445,0.001617787869979564,0.29999999999999999
3.4950000000000001,0.79451679078035231,0.28634057374962046,0.0012770534724219629,0.055364492800591546,-0.0075981724097315458,0.0071781864662044271,0.29999999999999999
3.4975000000000001,0.7952303744045276,0.28452537894201102,0.0014339090935568686,0.070131244985751087,-0.0075981724097315458,0.0071781864662044271,0.29999999999999999
3.5,0.79593941238493826,0.28270383549225991,0.0016277725152957659,0.084973384624923848,0.014903594379880309,-0.1631591501632558,-0.20000000000000001
3.5024999999999999,0.79665042575958556,0.28610578492230698,0.0018063365784741386,0.05789067615033041,0.014903594379880309,-0.1631591501632558,-0.20000000000000001
3.5049999999999999,0.79736993693597469,0.28950248552124236,0.0019172778046488343,0.030870264580102939,0.0081916986682743186,-0.1577033265767952,-0.20000000000000001
3.5075000000000003,0.79809598550729155,0.29133601441323187,0.0019763800594726289,0.016415778347098176,0.0081916986682743186,-0.1577033265767952,-0.20000000000000001
3.5100000000000002,0.79882661576837255,0.29316805551420733,0.0019993714114178423,0.0019789524099507617,0.17763433977618323,-0.16122388282686478,-0.20000000000000001
3.5125000000000002,0.79961106242875168,0.33439177010880333,0.0015908247369703754,-0.32884582918874805,0.17763433977618323,-0.16122388282686478,-0.20000000000000001
3.5150000000000001,0.80049859966351888,0.3756455050611513,0.00035484570402456446,-0.66002623137698035,0.17213102027931931,-0.17299479454242725,-0.20000000000000001
3.5175000000000001,0.8014877403653462,0.41567926140925382,-0.0016970523367323836,-0.98163792437765729,0.17213102027931931,-0.17299479454242725,-0.20000000000000001
3.52,0.80257706804289464,0.45579941235624055,-0.0045542082082235058,-1.30428607337601,0.17373013273838731,-0.20001473227855018,-0.20000000000000001
3.5225,0.80376729473736452,0.49640236604970311,-0.0082233387617458697,-1.6312680117975964,0.17373013273838731,-0.20001473227855018,-0.20000000000000001
3.5249999999999999,0.80505919069854504,0.53713814791751602,-0.012711914752009022,-1.9598885107756554,0.11893083508088995,-0.20001473227855018,-0.20000000000000001
3.5274999999999999,0.80643719420731952,0.5652915638523115,-0.01789653098300089,-2.1881423170441998,0.11893083508088995,-0.20001473227855018,-0.20000000000000001
3.5300000000000002,0.80788578695313451,0.59361099573067,-0.023654381257079523,-2.4185012569435971,0.074119705713974027,-0.20001473227855018,-0.20000000000000001
3.5325000000000002,0.80939238857071671,0.61170116229607119,-0.029886473305288437,-2.567567540307627,0.074119705713974027,-0.20001473227855018,-0.20000000000000001
3.5350000000000001,0.81094444840097268,0.62997803859123835,-0.036494228040006647,-2.7190443713921164,-0.0055304239559252058,-0.20001473227855018,-0.20000000000000001
3.5375000000000001,0.81251935330115388,0.62998227372944915,-0.043298435541609066,-2.7247758256181407,-0.0055304239559252058,-0.20001473227855018,-0.20000000000000001
3.54,0.81409454142217264,0.63020449772025489,-0.05012037648956999,-2.7332305935786452,-0.061585238371862118,-0.20001473227855018,-0.20000000000000001
3.5425,0.81565434509471224,0.61767908243418901,-0.056836732975919034,-2.6403413191292224,-0.061585238371862118,-0.20001473227855018,-0.20000000000000001
3.5449999999999999,0.81718313811024268,0.60539519190905522,-0.063324486703586286,-2.5503364292213035,-0.10463171001058684,-0.20001473227855018,-0.20000000000000001
3.5474999999999999,0.81866909919852648,0.58341654773081209,-0.069491115500461595,-2.3834581246147564,-0.10463171001058684,-0.20001473227855018,-0.20000000000000001
3.5500000000000003,0.82010043044445868,0.56168938250081901,-0.07524417098320571,-2.2194520264461959,-0.11952608756893461,-0.20001473227855018,-0.20000000000000001
3.5525000000000002,0.82147345955800333,0.53677401990585372,-0.080556263695584066,-2.0306706850138205,-0.11952608756893461,-0.20001473227855018,-0.20000000000000001
3.5550000000000002,0.82278449420918587,0.5120910195154379,-0.085399682931769721,-1.8444793823982271,-0.11152259226295429,-0.20001473227855018,-0.20000000000000001
3.5575000000000001,0.82403639128318817,0.48946036447699354,-0.089799064076264451,-1.6754004921747001,-0.11152259226295429,-0.20001473227855018,-0.20000000000000001
3.5600000000000001,0.82523195770438063,0.46702370068558879,-0.093778478867326612,-1.5084737226771776,-0.093147497874044513,-0.20001473227855018,-0.20000000000000001
3.5625,0.8263769199827663,0.44897292778259534,-0.097385235384825422,-1.3772316405427953,-0.093147497874044513,-0.20001473227855018,-0.20000000000000001
3.5649999999999999,0.82747695080395234,0.43107630761037313,-0.10066607352137996,-1.2477133600269834,-0.059388125839642064,-0.20001473227855018,-0.20000000000000001
3.5674999999999999,0.82854206844950018,0.42103815070411654,-0.10370241253094872,-1.1815921948896249,-0.059388125839642064,-0.20001473227855018,-0.20000000000000001
3.5700000000000003,0.82958224059733265,0.41111885062276582,-0.10657517501053469,-1.1168397626875,-0.039674625810427196,-0.20001473227855018,-0.20000000000000001
3.5725000000000002,0.83060338083246898,0.40581044829063184,-0.10933273246066494,-1.0894078330063428,-0.039674625810427196,-0.20001473227855018,-0.20000000000000001
3.5750000000000002,0.83161137726908829,0.40060337132940449,-0.11202320927408586,-1.0631701295791938,-0.014640883892111857,-0.19395071711164388,-0.20000000000000001
3.5775000000000001,0.83261360904470727,0.40119680328949986,-0.11470662824999518,-1.0837457827677981,-0.014640883892111857,-0.19395071711164388,-0.20000000000000001
3.5800000000000001,0.83361743553671208,0.40187934206246689,-0.11744284867976511,-1.1054141009875835,-0.012802526627653819,-0.19899067043103602,-0.20000000000000001
3.5825,0.83462360350457732,0.40307006354097763,-0.12023880531128407,-1.13153674943325,-0.012802526627653819,-0.19899067043103602,-0.20000000000000001
3.585,0.83563286161557404,0.40435170314776708,-0.12310146879130952,-1.1587831055216231,-0.017095688269904485,-0.19294074330497454,-0.20000000000000001
3.5874999999999999,0.83664422145559036,0.40475202111470404,-0.1260239337678723,-1.179383984894504,-0.017095688269904485,-0.19294074330497454,-0.20000000000000001
3.5899999999999999,0.83765670139794046,0.40524795674696928,-0.12899937057494976,-1.2011631735311412,-0.028643718317426507,-0.20001473227855018,-0.20000000000000001
3.5925000000000002,0.83866727431587407,0.40322752182656413,-0.1320046129211106,-1.2032382124224386,-0.028643718317426507,-0.20001473227855018,-0.20000000000000001
3.5950000000000002,0.83967292457250642,0.4013097731773525,-0.13501659819397233,-1.2065572180720814,-0.042518756444492573,-0.19954915616618449,-0.20000000000000001
3.5975000000000001,0.84066999222612526,0.39636256671009912,-0.13800712647310406,-1.1860812939002583,-0.042518756444492573,-0.19954915616618449,-0.20000000000000001
3.6000000000000001,0.8416548275648662,0.39152356042031694,-0.14094807361871825,-1.1668882312627784,-0.043660233631262708,-0.1958080315243925,-0.20000000000000001
3.6025,0.8426273770428826,0.38653363112164096,-0.14384004855332125,-1.1469003863837353,-0.043660233631262708,-0.1958080315243925,-0.20000000000000001
3.605,0.84358758285756996,0.38164827572736332,-0.14668360863043589,-1.1281523494651575,-0.048493601635370427,-0.19790143185992259,-0.20000000000000001
3.6074999999999999,0.84453434637880265,0.3757798630942642,-0.14947098110994991,-1.101949558300944,-0.048493601635370427,-0.19790143185992259,-0.20000000000000001
3.6099999999999999,0.84546656763968397,0.37001402000124117,-0.15219436298620526,-1.0769547572128921,-0.059450046775727024,-0.17951882146028048,-0.20000000000000001
3.6125000000000003,0.84638143021329215,0.3618933682245663,-0.15483222843765712,-1.0335381565715611,-0.059450046775727024,-0.17951882146028048,-0.20000000000000001
3.6150000000000002,0.84727611927566882,0.35387448029508167,-0.1573630352595457,-0.991299461008599,-0.046814948492642158,-0.20001473227855018,-0.20000000000000001
3.6175000000000002,0.84815441528544444,0.34877725913007057,-0.15981785060450246,-0.97272968328369147,-0.046814948492642158,-0.20001473227855018,-0.20000000000000001
3.6200000000000001,0.84902007939568003,0.34376863544711334,-0.16222755857912771,-0.95520988669672824,-0.079142649869418116,-0.18408975945529243,-0.20000000000000001
3.6225000000000001,0.84986431608669677,0.33163737659561293,-0.16452283995017114,-0.88120246941950198,-0.079142649869418116,-0.18408975945529243,-0.20000000000000001
3.625,0.85067834621760929,0.31960205409336834,-0.1666344693916606,-0.80827332284660158,-0.047964698190070564,-0.16553965348868879,-0.20000000000000001
3.6274999999999999,0.85147107580456693,0.31459373027058635,-0.16863422163744388,-0.79167207490774694,-0.047964698190070564,-0.16553965348868879,-0.20000000000000001
3.6299999999999999,0.85225137472013868,0.30965723467741996,-0.17059353953103576,-0.77592262468808681,-0.065158969375013615,-0.16424732767614131,-0.20000000000000001
3.6325000000000003,0.85301464514433423,0.30097170784939792,-0.17247645931038896,-0.73055810344755934,-0.065158969375013615,-0.16424732767614131,-0.20000000000000001
3.6350000000000002,0.85375629433236888,0.29235947640963766,-0.17424703234192082,-0.68603642337864712,-0.071950292949607905,-0.15242531033265219,-0.20000000000000001
3.6375000000000002,0.8544746170469355,0.28231012028991304,-0.17589229542202556,-0.63030397606933963,-0.071950292949607905,-0.15242531033265219,-0.20000000000000001
3.6400000000000001,0.85516789961467454,0.27232638839048484,-0.17739917414301526,-0.57531791510091745,-0.079158864697662701,-0.16265091247785057,-0.20000000000000001
3.6425000000000001,0.85583430352542911,0.260806521998454,-0.17875355474057625,-0.50829655869422286,-0.079158864697662701,-0.16265091247785057,-0.20000000000000001
3.645,0.85647197809752562,0.2493417092091739,-0.1799411727771206,-0.44189428094954136,-0.077275095156112777,-0.13902441079723118,-0.20000000000000001
3.6475,0.8570815727214407,0.23834131810240702,-0.1809676227498607,-0.37934835182405158,-0.077275095156112777,-0.13902441079723118,-0.20000000000000001
3.6499999999999999,0.85766371852978129,0.22738154177445238,-0.1818382962463618,-0.31726052764632495,-0.067656838125611421,-0.13113456172515112,-0.20000000000000001
3.6524999999999999,0.85822116537414139,0.21858090085475354,-0.18257540243654191,-0.27248137478652817,-0.067656838125611421,-0.13113456172515112,-0.20000000000000001
3.6550000000000002,0.85875664597597912,0.20980779342802711,-0.18320096617763709,-0.2280179265224821,-0.081962389896137369,-0.13658163701989157,-0.20000000000000001
3.6575000000000002,0.85926627477284723,0.19789878213539444,-0.18368426765398913,-0.15866287467180004,-0.081962389896137369,-0.13658163701989157,-0.20000000000000001
3.6600000000000001,0.85974615440226032,0.18600719178326358,-0.18399444309973415,-0.089502906389099274,-0.084587875137934074,-0.12843711115047302,-0.20000000000000001
3.6625000000000001,0.86019559442063653,0.17354580090936372,-0.1841261050114715,-0.015837530887256868,-0.084587875137934074,-0.12843711115047302,-0.20000000000000001
3.665,0.86061388487672541,0.16108617445997769,-0.18407364714826471,0.057808165561738303,-0.062361854782982777,-0.11264653599626995,-0.20000000000000001
3.6675,0.86100715369274972,0.15352765582860664,-0.18388584453020809,0.092448087549310512,-0.062361854782982777,-0.11264653599626995,-0.20000000000000001
3.6699999999999999,0.86138151563264176,0.14596010849719926,-0.18361131958336899,0.12719257129563788,-0.063582910808410192,-0.11708246430351896,-0.20000000000000001
3.6724999999999999,0.86173660680010167,0.13811043444256707,-0.1832470776398748,0.16422860695231303,-0.063582910808410192,-0.11708246430351896,-0.20000000000000001
3.6750000000000003,0.86207205432695688,0.13024458531938474,-0.18279002084733645,0.20145150185340296,-0.065325844957446352,-0.10982844808745043,-0.20000000000000001
3.6775000000000002,0.86238733178890725,0.1219737026635985,-0.18223579546597043,0.24197118947108345,-0.065325844957446352,-0.10982844808745043,-0.20000000000000001
3.6800000000000002,0.86268190274377909,0.11367870177066219,-0.18157993354399068,0.28276853149938275,-0.050777029669164177,-0.092051319975053419,-0.20000000000000001
3.6825000000000001,0.86295972305866087,0.10857315030168435,-0.18085370926316974,0.29826299406536899,-0.050777029669164177,-0.092051319975053419,-0.20000000000000001
3.6850000000000001,0.86322474589472831,0.10344047557152727,-0.18008835099859277,0.3140785766210723,-0.049405185229087829,-0.096063458126818588,-0.20000000000000001
3.6875,0.86347728109104394,0.09858285239668868,-0.17928605714491982,0.327813810998411,-0.049405185229087829,-0.096063458126818588,-0.20000000000000001
3.6899999999999999,0.86371763547655389,0.093695610229465293,-0.17844898913810539,0.34190044448213908,-0.063078779403038562,-0.10215250427680761,-0.20000000000000001
3.6924999999999999,0.8639419475194865,0.085748076959584335,-0.17754608848135719,0.38048873636447439,-0.063078779403038562,-0.10215250427680761,-0.20000000000000001
3.6950000000000003,0.86414634452168071,0.077762932238831656,-0.17654618370483854,0.4195111731526413,-0.051390380023512545,-0.085186264393329797,-0.20000000000000001
3.6975000000000002,0.86433396724985723,0.072328672601274749,-0.17547394738506691,0.43835548669903673,-0.051390380023512545,-0.085186264393329797,-0.20000000000000001
3.7000000000000002,0.86450795424462878,0.066854040981959684,-0.17435400948252394,0.45767599185527746,-0.040880106614365315,-0.087248790259670569,-0.20000000000000001
3.7025000000000001,0.86467111877807878,0.06367100802188648,-0.17320839625387988,0.45889385716217318,-0.040880106614365315,-0.087248790259670569,-0.20000000000000001
3.7050000000000001,0.86482627631164588,0.060448403941302402,-0.17205914300593272,0.46058839253735462,-0.048551745883035041,-0.090636661659120349,-0.20000000000000001
3.7075,0.86497119629985519,0.05548047922951084,-0.17088806556248534,0.47635770820670681,-0.048551745883035041,-0.090636661659120349,-0.20000000000000001
3.71,0.86510364253773031,0.050469146310933438,-0.16967692636062073,0.49264079691464946,-0.035847690615239847,-0.086064376995400177,-0.20000000000000001
3.7124999999999999,0.86522703832572712,0.048240624290315469,-0.16845259287926245,0.48690933011196563,-0.035847690615239847,-0.086064376995400177,-0.20000000000000001
3.7149999999999999,0.86534481151203624,0.04597112240549435,-0.16724196503997305,0.48167550825726868,-0.030619761016372336,-0.083508770561970896,-0.20000000000000001
3.7175000000000002,0.86545831601765422,0.044826032950775474,-0.16605541505917587,0.46764363105636664,-0.030619761016372336,-0.083508770561970896,-0.20000000000000001
3.7200000000000002,0.86556890985840951,0.04364275868458508,-0.16490335656178362,0.45408017714690219,-0.025990214368199361,-0.069500719315514423,-0.20000000000000001
3.7225000000000001,0.86567778958565367,0.043455155593795924,-0.16379492982177579,0.43273388137762525,-0.025990214368199361,-0.069500719315514423,-0.20000000000000001
3.7250000000000001,0.86578615695946748,0.043233138010608269,-0.16273933220148934,0.41181355991414514,-0.039800514098762556,-0.074171863933725393,-0.20000000000000001
3.7275,0.86589007350821667,0.039894058094857097,-0.1617047745246111,0.41590500742375652,-0.039800514098762556,-0.074171863933725393,-0.20000000000000001
3.73,0.86598559685594489,0.036518502149692517,-0.16065944299609392,0.42043349541201447,-0.052073138432038202,-0.079044446409501659,-0.20000000000000001
3.7324999999999999,0.86606920650178032,0.030362363396645657,-0.15957488045386894,0.44729666400111323,-0.052073138432038202,-0.079044446409501659,-0.20000000000000001
3.7349999999999999,0.8661373733340455,0.024163813818888345,-0.15842254644871773,0.4746557530461552,-0.04215237462139388,-0.058936490935195179,-0.20000000000000001
3.7375000000000003,0.86619276276991486,0.02014057305518601,-0.15722330663089315,0.48482134441415864,-0.04215237462139388,-0.058936490935195179,-0.20000000000000001
3.7400000000000002,0.86623803997462179,0.016073858657345782,-0.15599800869342922,0.49550422259237514,-0.039524381105915732,-0.075118415601181529,-0.20000000000000001
3.7425000000000002,0.86627383083946086,0.012551475470239108,-0.15475121814875326,0.50201612600557655,-0.039524381105915732,-0.075118415601181529,-0.20000000000000001
3.7450000000000001,0.86630076028253467,0.0089846049646209163,-0.15348748529352732,0.50905940063682287,-0.056083604337483009,-0.065583330150916469,-0.20000000000000001
3.7475000000000001,0.8663140739225037,0.0016577139801377278,-0.1521684092739512,0.54630100772367562,-0.056083604337483009,-0.065583330150916469,-0.20000000000000001
3.75,0.86630900434778546,-0.0057225878368270724,-0.1507554645088153,0.58416157010134018,-0.02487022640604165,-0.059945524975717042,-0.20000000000000001
3.7524999999999999,0.86629417518338847,-0.0061485667102351505,-0.14931701576981682,0.56669345301247664,-0.02487022640604165,-0.059945524975717042,-0.20000000000000001
3.7549999999999999,0.86627822292222301,-0.0066208592023511382,-0.14792152380163057,0.54979350883347966,-0.029957688801497736,-0.062712041302632276,-0.20000000000000001
3.7575000000000003,0.86625960345940478,-0.0082824281017727965,-0.14655616749234007,0.54258506079153246,-0.029957688801497736,-0.062712041302632276,-0.20000000000000001
3.7600000000000002,0.86623677239534247,-0.0099900643255676613,-0.14520813351771189,0.53593463444987222,-0.025301103654887878,-0.067068591579440395,-0.20000000000000001
3.7625000000000002,0.86621092541942946,-0.010694820773692605,-0.14388650177415854,0.52145994160653331,-0.025301103654887878,-0.067068591579440395,-0.20000000000000001
3.7650000000000001,0.86618326221335573,-0.011442874143212201,-0.14260039355200763,0.50751359893882819,-0.024039181788459655,-0.063197379474929108,-0.20000000000000001
3.7675000000000001,0.86615403131136803,-0.011948740098702801,-0.14135134481124997,0.49180959015939679,-0.024039181788459655,-0.063197379474929108,-0.20000000000000001
3.77,0.86612348454089583,-0.012495375377842819,-0.14014093082728737,0.47660334846228219,-0.022865551278877405,-0.047975366798242602,-0.20000000000000001
3.7725,0.86609185236802344,-0.012816813450308405,-0.13897057017875172,0.45976399719120692,-0.022865551278877405,-0.047975366798242602,-0.20000000000000001
3.7749999999999999,0.8660593687568483,-0.013176314421749625,-0.13784172343806525,0.44338956551288178,-0.03678621220863855,-0.053266741022811689,-0.20000000000000001
3.7774999999999999,0.86602201095440812,-0.016716637654653983,-0.13672184249629191,0.45259499161159084,-0.03678621220863855,-0.053266741022811689,-0.20000000000000001
3.7800000000000002,0.86597575164567009,-0.020297672083215521,-0.13557834513176054,0.46228447931628075,-0.046349437615963197,-0.072656536447963924,-0.20000000000000001
3.7825000000000002,0.86591778604066316,-0.026082327693426728,-0.13438840855754711,0.48975272236232981,-0.046349437615963197,-0.072656536447963924,-0.20000000000000001
3.7850000000000001,0.86584530132435855,-0.031913407150395139,-0.13312912894808199,0.5177641027987514,-0.044289346771222864,-0.059529343853307166,-0.20000000000000001
3.7875000000000001,0.86575876069812285,-0.037327396482900857,-0.13180376766417448,0.542622328243482,-0.044289346771222864,-0.059529343853307166,-0.20000000000000001
3.79,0.86565862183017672,-0.042792404771168024,-0.13041551864936834,0.5680789986961724,-0.016496805465163748,-0.061516755648550553,-0.20000000000000001
3.7925,0.86555262304950109,-0.042014158221308752,-0.12902577803917512,0.54380612743861789,-0.016496805465163748,-0.061516755648550553,-0.20000000000000001
3.7949999999999999,0.8654485141044157,-0.041280236104670021,-0.12769603440903329,0.52007761887620396,-0.022496892831396307,-0.058468346188354239,-0.20000000000000001
3.7974999999999999,0.86534448587237411,-0.041949598436035337,-0.12641135341337875,0.50775509197658597,-0.022496892831396307,-0.058468346188354239,-0.20000000000000001
3.8000000000000003,0.86523873025480424,-0.042661993008252158,-0.12515682426242053,0.49595423107360948,-0.0081243991983245799,-0.056075211504876286,-0.20000000000000001
3.8025000000000002,0.86513521816340344,-0.040153937699553874,-0.12396377481612993,0.45856310555825053,-0.0081243991983245799,-0.056075211504876286,-0.20000000000000001
3.8050000000000002,0.86503793045044675,-0.037682023172957047,-0.12286363464348493,0.42162091699460336,-0.011042141636651464,-0.047523045918031928,-0.20000000000000001
3.8075000000000001,0.86494595184971923,-0.035906303030623941,-0.12184869747812541,0.39039597385875935,-0.011042141636651464,-0.047523045918031928,-0.20000000000000001
3.8100000000000001,0.86485837271839916,-0.034162045005707221,-0.12091133160748474,0.35955885722611991,-0.013049819675413039,-0.047684503076357271,-0.20000000000000001
3.8125,0.86477454699787648,-0.03290324816122412,-0.12004604064853062,0.33273176685264416,-0.013049819675413039,-0.047684503076357271,-0.20000000000000001
3.8149999999999999,0.86469383378335107,-0.031671686183730133,-0.11924739450342198,0.30623862452714207,-0.030732436885507562,-0.05765465170209539,-0.20000000000000001
3.8174999999999999,0.86461114075388013,-0.034487357753586453,-0.11847436262595383,0.31224187588729396,-0.030732436885507562,-0.05765465170209539,-0.20000000000000001
3.8200000000000003,0.86452137365648374,-0.037331037563383442,-0.11768590736214393,0.31857847127287037,-0.027826738236490949,-0.045297923064515438,-0.20000000000000001
3.8225000000000002,0.86442528824973208,-0.039542002668878723,-0.11688780165094714,0.31996243032730848,-0.027826738236490949,-0.045297923064515438,-0.20000000000000001
3.8250000000000002,0.86432364000406903,-0.041781337157608234,-0.11608581282271169,0.32168528459159479,-0.031995731523077491,-0.059957851255401907,-0.20000000000000001
3.8275000000000001,0.86421517122788816,-0.04499861136696872,-0.11526959379438406,0.33134841208507265,-0.031995731523077491,-0.059957851255401907,-0.20000000000000001
3.8300000000000001,0.86409862193271558,-0.048245905733377066,-0.11442877396473421,0.34136772880181726,-0.036972624147154139,-0.060751326655305693,-0.20000000000000001
3.8325,0.863972498576425,-0.052658207807610394,-0.11355110352130234,0.36083256365679078,-0.036972624147154139,-0.060751326655305693,-0.20000000000000001
3.835,0.863835302988328,-0.057103999410333277,-0.11262428250575665,0.38069180353124799,-0.023548015727274628,-0.05335751810430004,-0.20000000000000001
3.8374999999999999,0.86369077467327438,-0.058524171711857177,-0.11167792423168833,0.37646103699333477,-0.023548015727274628,-0.05335751810430004,-0.20000000000000001
3.8399999999999999,0.86354265466795466,-0.059977300993271067,-0.11074164789580977,0.37262561443242254,-0.014452453762872491,-0.04499264823675056,-0.20000000000000001
3.8425000000000002,0.86339345451224891,-0.059387906048312449,-0.10983523555379023,0.35256602609102516,-0.014452453762872491,-0.04499264823675056,-0.20000000000000001
3.8450000000000002,0.86324569040462251,-0.058828192996237053,-0.10897851728328392,0.33286704447312682,-0.021468255673286335,-0.033722087348948077,-0.20000000000000001
3.8475000000000001,0.86309728848289324,-0.059898132889418122,-0.10815458803151802,0.32633387559711285,-0.021468255673286335,-0.033722087348948077,-0.20000000000000001
3.8500000000000001,0.86294617601915169,-0.060996540408967903,-0.10734656303336693,0.32014258226914921,-0.021916586942847791,-0.035201112177029113,-0.20000000000000001
3.8525,0.86279215449802193,-0.062225312278557807,-0.10655257050825731,0.3151070402444569,-0.021916586942847791,-0.035201112177029113,-0.20000000000000001
3.855,0.86263502644845313,-0.06348169766867591,-0.10577075190833449,0.31040263533904616,-0.034533432971176621,-0.037258642141114295,-0.20000000000000001
3.8574999999999999,0.86247111984020852,-0.067648524345407468,-0.10497142561527387,0.32911656433894332,-0.034533432971176621,-0.037258642141114295,-0.20000000000000001
3.8599999999999999,0.86229675841970721,-0.071845842251502645,-0.10412486968203338,0.3481898116058505,-0.048736151522711692,-0.045919939434115403,-0.20000000000000001
3.8625000000000003,0.86210780505482176,-0.079322912425924888,-0.10319765145362947,0.39365499962713019,-0.048736151522711692,-0.045919939434115403,-0.20000000000000001
3.8650000000000002,0.86190011168673197,-0.086838590979878574,-0.10215622201560094,0.43956742923515246,-0.037123654441914761,-0.039079055721935561,-0.20000000000000001
3.8675000000000002,0.86167689689222848,-0.091740309901387776,-0.10102599837377509,0.46469444968430951,-0.037123654441914761,-0.039079055721935561,-0.20000000000000001
3.8700000000000001,0.86144137381879871,-0.096685614930433289,-0.099832323318021887,0.49033325583154463,-0.021101863765698385,-0.041415583510947762,-0.20000000000000001
3.8725000000000001,0.8611980154589628,-0.098008247061656936,-0.09861061384028641,0.48712023879555477,-0.021101863765698385,-0.041415583510947762,-0.20000000000000001
3.875,0.8609512968004186,-0.099373822544115947,-0.097396293724792027,0.48442134522289504,-0.016565025971987581,-0.033819023537000663,-0.20000000000000001
3.8774999999999999,0.86070240996426106,-0.099742575595190217,-0.096198490715633717,0.47390444208547222,-0.016565025971987581,-0.033819023537000663,-0.20000000000000001
3.8799999999999999,0.86045254962354323,-0.10015249067402333,-0.095026358921105003,0.46388269221895606,-0.017952233247712515,-0.030935873773391312,-0.20000000000000001
3.8825000000000003,0.86020121633132429,-0.10092086256102858,-0.093875487260069251,0.45689525286251581,-0.017952233247712515,-0.030935873773391312,-0.20000000000000001
3.8850000000000002,0.85994791194042164,-0.10172928218310599,-0.092741482406144896,0.45038815522580528,-0.021088565274654997,-0.029486322477127003,-0.20000000000000001
3.8875000000000002,0.8596916375800262,-0.10329687861970027,-0.091615943654145771,0.4501225117996186,-0.021088565274654997,-0.029486322477127003,-0.20000000000000001
3.8900000000000001,0.8594313941721764,-0.10490452872217634,-0.090490471451581164,0.45033498493169555,-0.016271572223050913,-0.033283079515191279,-0.20000000000000001
3.8925000000000001,0.85916846372418887,-0.10544634228835645,-0.089374948255875594,0.44216170987381043,-0.016271572223050913,-0.033283079515191279,-0.20000000000000001
3.895,0.85890413016991729,-0.1060269080710385,-0.088279275577800187,0.43445326366202808,-0.017530157041725072,-0.028571263671723288,-0.20000000000000001
3.8975,0.85863793604197691,-0.10693474769406858,-0.087199404345627493,0.42951976226690075,-0.017530157041725072,-0.028571263671723288,-0.20000000000000001
3.8999999999999999,0.85836942482357925,-0.10788051999696978,-0.086131298554977379,0.42504015387607064,-0.010400536303654869,-0.0308176203309268,-0.20000000000000001
3.9025000000000003,0.85810055034472088,-0.10722504928652345,-0.08509024862020885,0.40787196834439093,-0.010400536303654869,-0.0308176203309268,-0.20000000000000001
3.9050000000000002,0.85783327023727263,-0.10660478918426484,-0.084091585071455296,0.3911281876574596,-0.0089253936526647905,-0.025284361013662326,-0.20000000000000001
3.9075000000000002,0.85756792221979761,-0.10567909975742422,-0.083137667515880725,0.37207190570739301,-0.0089253936526647905,-0.025284361013662326,-0.20000000000000001
3.9100000000000001,0.85730484802518869,-0.10478546877366998,-0.08223090336737815,0.35340226583886297,-0.0252681288204505,-0.037132249040368784,-0.20000000000000001
3.9125000000000001,0.85703926984564083,-0.10768254144926589,-0.081332668927987642,0.36525001720061129,-0.0252681288204505,-0.037132249040368784,-0.20000000000000001
3.915,0.85676640752595612,-0.11061296751616483,-0.080404324215361769,0.37749268323802665,-0.018520636647986827,-0.029160124267893547,-0.20000000000000001
3.9175,0.85648811753204235,-0.11202465383527178,-0.079460431257942513,0.3776887423433542,-0.018520636647986827,-0.029160124267893547,-0.20000000000000001
3.9199999999999999,0.85620625610468715,-0.11347012563636431,-0.078515545005376594,0.37828743489211047,-0.0044574977072261764,-0.02889422855381845,-0.20000000000000001
3.9224999999999999,0.85592478653021442,-0.11171074798196735,-0.077601117902654393,0.35331728397457696,-0.0044574977072261764,-0.02889422855381845,-0.20000000000000001
3.9250000000000003,0.85564767716298107,-0.10998161471450793,-0.076748653988633633,0.32871267817171551,-0.0059996214607730882,-0.022263450965360768,-0.20000000000000001
3.9275000000000002,0.85537441091811284,-0.10863595164218891,-0.075953709667847688,0.3072978843871022,-0.0059996214607730882,-0.022263450965360768,-0.20000000000000001
3.9300000000000002,0.8551044753069641,-0.10731680799344699,-0.075211898194790017,0.28620276297255576,-0.0092840636708421999,-0.030798344600269499,-0.20000000000000001
3.9325000000000001,0.85483686019015215,-0.10677934564575968,-0.074514859874061479,0.27147664101566465,-0.0092840636708421999,-0.030798344600269499,-0.20000000000000001
3.9350000000000001,0.85457055880385902,-0.10626561510940905,-0.073854277608502911,0.25703540070793596,-0.011828579495479144,-0.039784598140251211,-0.20000000000000001
3.9375,0.85430478020561529,-0.10636097357038743,-0.073223577574813417,0.24756903011363349,-0.011828579495479144,-0.039784598140251211,-0.20000000000000001
3.9399999999999999,0.85403873572636579,-0.10647818547063975,-0.072616214545275309,0.23836417743407051,-0.017314627307868688,-0.02854169987243884,-0.20000000000000001
3.9424999999999999,0.85377079056616223,-0.10788152057256074,-0.072018864394480117,0.23955852109208431,-0.017314627307868688,-0.02854169987243884,-0.20000000000000001
3.9450000000000003,0.85349931018455516,-0.10930638432462854,-0.07141820847825435,0.24100904138810206,-0.00090896482335236627,-0.030847163295183878,-0.20000000000000001
3.9475000000000002,0.85322897022159228,-0.10696882034455926,-0.07085154193555504,0.21236327978990463,-0.00090896482335236627,-0.030847163295183878,-0.20000000000000001
3.9500000000000002,0.85296445092525452,-0.10464944681531364,-0.070356208930648784,0.18393731427444404,-0.016533242543703773,-0.04423841894568268,-0.20000000000000001
3.9525000000000001,0.85270120452360665,-0.1059504336608085,-0.069895556938778872,0.18461711341280357,-0.016533242543703773,-0.04423841894568268,-0.20000000000000001
3.9550000000000001,0.85243468493287111,-0.10726801087650795,-0.069432958866283839,0.18549432686682069,-0.021310548570663577,-0.039977944880849207,-0.20000000000000001
3.9575,0.85216347273648096,-0.10970463913339938,-0.068956867218192414,0.19541326330636852,-0.021310548570663577,-0.039977944880849207,-0.20000000000000001
3.96,0.85188614689392417,-0.11215908091547541,-0.068455716710503253,0.20554322558474869,-0.0001392950176508401,-0.029585192695941721,-0.20000000000000001
3.9624999999999999,0.85160876908759642,-0.10974589801947872,-0.067977960014759128,0.1766951426650869,-0.0001392950176508401,-0.029585192695941721,-0.20000000000000001
3.9650000000000003,0.85133740476079245,-0.10734788792225576,-0.067572088354582768,0.14803024589574151,-0.014059291173121928,-0.024739247831421184,-0.20000000000000001
3.9675000000000002,0.85106800281769379,-0.10817585299738444,-0.06720546129440283,0.14529745681095624,-0.014059291173121928,-0.024739247831421184,-0.20000000000000001
3.9700000000000002,0.85079651466355677,-0.10901681792433923,-0.066845471995946426,0.14271957101272958,-0.01216093088753822,-0.032341962216942147,-0.20000000000000001
3.9725000000000001,0.85052345588706735,-0.10943227711007567,-0.066496131391068913,0.13677766146166259,-0.01216093088753822,-0.032341962216942147,-0.20000000000000001
3.9750000000000001,0.85024934312740752,-0.10985991809131686,-0.066161462561765305,0.13098111710356128,-0.019939877833701127,-0.030806207641225748,-0.20000000000000001
3.9775,0.84997190152001845,-0.11209542099446934,-0.065823098354938547,0.13973458244010414,-0.019939877833701127,-0.030806207641225748,-0.20000000000000001
3.98,0.84968885542349981,-0.11434364374607071,-0.065462664035167775,0.14863879833715962,-0.018391223901036119,-0.029108347214724984,-0.20000000000000001
3.9824999999999999,0.84940061904317665,-0.11624775354821533,-0.065083357113417284,0.15483394793773017,-0.018391223901036119,-0.029108347214724984,-0.20000000000000001
3.9849999999999999,0.8491076049550268,-0.11816590547800797,-0.06468835546102987,0.16119571364841465,-0.020626869453991021,-0.037196665091722654,-0.20000000000000001
3.9875000000000003,0.84880913190867224,-0.12061506441488079,-0.064272055681490359,0.17187410452390486,-0.020626869453991021,-0.037196665091722654,-0.20000000000000001
3.9900000000000002,0.84850451656144932,-0.1230799105469034,-0.063828830144740806,0.18273826420924139,-0.022785524302943193,-0.02040203174775446,-0.20000000000000001
3.9925000000000002,0.84819309514739849,-0.12606013188586437,-0.063353198745690106,0.19780126705428772,-0.022785524302943193,-0.02040203174775446,-0.20000000000000001
3.9950000000000001,0.84787420076853692,-0.12905851500808441,-0.062839644926068375,0.21307894887321541,-0.011725653985768818,-0.030546231545362658,-0.20000000000000001
3.9975000000000001,0.84755098043693256,-0.1295208829233572,-0.062313240008510407,0.20808234246110416,-0.011725653985768818,-0.030546231545362658,-0.20000000000000001
4,0.84722658087255764,-0.13000183010826052,-0.061799048611233795,0.20330727870096782,-0.02117212516479278,-0.026481468477597119,-0.20000000000000001
4.0025000000000004,0.84689822740327048,-0.13268414495730887,-0.061274628079512776,0.21626700644074867,-0.02117212516479278,-0.026481468477597119,-0.20000000000000001
4.0049999999999999,0.84656314365369745,-0.13538625445110297,-0.060717518417380781,0.22946094887432919,-0.011783164730578444,-0.019919568376984605,-0.20000000000000001
4.0075000000000003,0.8462239913462376,-0.13593898221627609,-0.060148883453902138,0.22548743207154612,-0.011783164730578444,-0.019919568376984605,-0.20000000000000001
4.0099999999999998,0.84588343193283366,-0.13651188349860188,-0.059589880935400012,0.22175432252095834,-0.0077502909707690597,-0.019872071747477675,-0.20000000000000001
4.0125000000000002,0.84554258083347633,-0.13617219076926748,-0.059049266771107868,0.21077519245850637,-0.0077502909707690597,-0.019872071747477675,-0.20000000000000001
4.0149999999999997,0.84520255540586509,-0.13585118740157928,-0.058535818863982743,0.20001941294678671,-0.028307179254805897,-0.025056570851969755,-0.20000000000000001
4.0175000000000001,0.84485736832827107,-0.14030179617927957,-0.058001312240631285,0.22762496695546786,-0.028307179254805897,-0.025056570851969755,-0.20000000000000001
4.0200000000000005,0.84450102874581712,-0.14477362172753333,-0.057397486009572223,0.25548016576522226,-0.022834059630393734,-0.027001792186126219,-0.20000000000000001
4.0225,0.84413506268970695,-0.14800327932127055,-0.05673637588547268,0.27345584837095843,-0.022834059630393734,-0.027001792186126219,-0.20000000000000001
4.0250000000000004,0.84376099137797467,-0.15125810461090552,-0.05602995903904591,0.29172883153602064,-0.0077600559071763255,-0.019314817819171975,-0.20000000000000001
4.0274999999999999,0.84338310885987688,-0.15105216327048157,-0.05531245003642022,0.28232915983464318,-0.0077600559071763255,-0.019314817819171975,-0.20000000000000001
4.0300000000000002,0.84300570963511501,-0.15087133590866211,-0.054618063389384651,0.27322933496995494,-0.0045003378858382657,-0.019830480059805564,-0.20000000000000001
4.0324999999999998,0.84262967477333206,-0.14996046872074859,-0.053953628429540809,0.25836547248417718,-0.0045003378858382657,-0.019830480059805564,-0.20000000000000001
4.0350000000000001,0.84225588825537601,-0.1490724468286195,-0.053326008317690694,0.24377488479234402,-0.012291535134919505,-0.016462051634084006,-0.20000000000000001
4.0374999999999996,0.84188204052259152,-0.15000939938619737,-0.052716448441597889,0.24391654305775742,-0.012291535134919505,-0.016462051634084006,-0.20000000000000001
4.04,0.84150582294936327,-0.15096832479450581,-0.052106207872660897,0.2443195002651245,-0.0095308482595370426,-0.0047312733416142996,-0.20000000000000001
4.0425000000000004,0.84112797939614214,-0.15131013281637862,-0.051501044404072341,0.2398543364140569,-0.0095308482595370426,-0.0047312733416142996,-0.20000000000000001
4.0449999999999999,0.84074925437238224,-0.15167343821446475,-0.050906722831202962,0.23564522655037387,-0.012314224235963312,-0.019437497452719454,-0.20000000000000001
4.0475000000000003,0.8403687890351913,-0.15270238359857422,-0.050316142845538397,0.23686098325514279,-0.012314224235963312,-0.019437497452719454,-0.20000000000000001
4.0499999999999998,0.83998572464512322,-0.15375270200406588,-0.049722206238251306,0.2383307745913866,-0.019385175104217351,-0.010527038867981151,-0.20000000000000001
4.0525000000000002,0.83959796074542392,-0.15646216896846152,-0.049107846638193432,0.25320128550195575,-0.019385175104217351,-0.010527038867981151,-0.20000000000000001
4.0549999999999997,0.83920339447575132,-0.15919482740635482,-0.048455971186801026,0.26834616926011162,-0.010318386018934972,-0.013618108074165284,-0.20000000000000001
4.0575000000000001,0.83880459124977269,-0.1598517663868905,-0.04778694498071074,0.2669225380008351,-0.010318386018934972,-0.013618108074165284,-0.20000000000000001
4.0600000000000005,0.83840411562763051,-0.16053272692087334,-0.047121120382777291,0.26578466897316,-0.0087681745003352438,-0.012097195888515251,-0.20000000000000001
4.0625,0.83800235659920996,-0.16087844464052881,-0.046461388029776861,0.26204822389499094,-0.0087681745003352438,-0.012097195888515251,-0.20000000000000001
4.0650000000000004,0.83759970379535509,-0.1612476953278382,-0.045810645836450344,0.25859191591981695,-0.0076011134089282676,-0.0021328368007763054,-0.20000000000000001
4.0674999999999999,0.83719643679399247,-0.16136973002975119,-0.045170911527197329,0.25324107731368589,-0.0076011134089282676,-0.0021328368007763054,-0.20000000000000001
4.0700000000000003,0.83679283621915068,-0.16151447800240037,-0.044544215064034109,0.24816072573686457,-0.0073257777510593669,-0.020974248254479126,-0.20000000000000001
4.0724999999999998,0.83638892561174616,-0.16161767813039848,-0.043930527267637236,0.24283321621457646,-0.0073257777510593669,-0.020974248254479126,-0.20000000000000001
4.0750000000000002,0.83598472967241999,-0.16174266747818847,-0.043329832796263762,0.2377651537894469,-0.023656601111889813,-0.0037372903140972811,-0.20000000000000001
4.0774999999999997,0.8355754627700398,-0.1656747133650234,-0.042703504369150089,0.26334311696693613,-0.023656601111889813,-0.0037372903140972811,-0.20000000000000001
4.0800000000000001,0.83515633582765914,-0.16963109481072067,-0.042012877956217415,0.2892082107406882,-0.0043407357095965222,-0.014960353464850591,-0.20000000000000001
4.0825000000000005,0.83473288268276358,-0.16913565572909997,-0.041302138824469238,0.27943358242530375,-0.0043407357095965222,-0.014960353464850591,-0.20000000000000001
4.085,0.83431063673351069,-0.16866519742896507,-0.040615461893664336,0.26995676089147619,-0.01991249620436682,-0.012448398767340767,-0.20000000000000001
4.0875000000000004,0.83388502315873259,-0.17182994494439982,-0.039915880203314352,0.28975922075492644,-0.01991249620436682,-0.012448398767340767,-0.20000000000000001
4.0899999999999999,0.83345146483934651,-0.17502129807590863,-0.039166403690968916,0.30987622653765601,0.0050393802341841994,0.0070719044920873114,-0.20000000000000001
4.0925000000000002,0.83301712652147075,-0.17245371894142092,-0.038424293577312287,0.28386410153642233,0.0050393802341841994,0.0070719044920873114,-0.20000000000000001
4.0949999999999998,0.83258917537629706,-0.16991118382638656,-0.037746833358240028,0.25815179182664599,0.0069446210001532296,-0.011219082441517094,-0.20000000000000001
4.0975000000000001,0.83216810402277797,-0.16694947563835005,-0.037137742488866837,0.22916374292695549,0.0069446210001532296,-0.011219082441517094,-0.20000000000000001
4.0999999999999996,0.83175441117147653,-0.16400796101597864,-0.036600813132952,0.20041752722109024,-0.013744796668446285,-0.014110139685208809,-0.20000000000000001
4.1025,0.83134204994375538,-0.1658841379072038,-0.036087308682607795,0.21042297653059416,-0.013744796668446285,-0.014110139685208809,-0.20000000000000001
4.1050000000000004,0.83092497451802017,-0.16777947318677847,-0.03554850902783032,0.22065551276652223,9.5926909186311283e-05,-0.010862443765243833,-0.20000000000000001
4.1074999999999999,0.83050714988162921,-0.16648340312055809,-0.035016061732428758,0.20534010335058112,9.5926909186311283e-05,-0.010862443765243833,-0.20000000000000001
4.1100000000000003,0.8300925422319908,-0.16520565916187743,-0.03452162637362409,0.19024327826568424,0.0028869695953617604,-0.016311969917167143,-0.20000000000000001
4.1124999999999998,0.82968191696605498,-0.16329722483512815,-0.034071176469038365,0.17014853974615415,0.0028869695953617604,-0.016311969917167143,-0.20000000000000001
4.1150000000000002,0.82927604349333428,-0.16140392919502544,-0.033670733072171145,0.15023454056126886,-0.0022317585254385368,-0.013775921594972014,-0.20000000000000001
4.1174999999999997,0.82887340137903853,-0.1607119311447712,-0.033307948813555109,0.14001869625112631,-0.0022317585254385368,-0.013775921594972014,-0.20000000000000001
4.1200000000000001,0.82847247337341445,-0.16003249125545246,-0.032970514976281035,0.12995240303444372,0.011503926284021065,-0.0142248602958159,-0.20000000000000001
4.1225000000000005,0.8280772138143544,-0.15617680187563313,-0.032690065225583133,0.094427113861951351,0.011503926284021065,-0.0142248602958159,-0.20000000000000001
4.125,0.82769158243638175,-0.15232942639894795,-0.032498296425343916,0.059001411850224478,-0.007600885952528726,-0.020369879593601762,-0.20000000000000001
4.1275000000000004,0.8273100200061847,-0.15292140863376277,-0.032350504101680951,0.05924302914721135,-0.007600885952528726,-0.020369879593601762,-0.20000000000000001
4.1299999999999999,0.82692697092959588,-0.15351874768754892,-0.032202028259992181,0.059548275666336144,-0.0079377192430371366,-0.015938783244698562,-0.20000000000000001
4.1325000000000003,0.8265423240617068,-0.15419965194785962,-0.03205192478965873,0.060545252384406237,-0.0079377192430371366,-0.015938783244698562,-0.20000000000000001
4.1349999999999998,0.8261559681055145,-0.15488603390569658,-0.031899247791637469,0.061607282602461504,-0.010411882920937296,-0.0091365980133722782,-0.20000000000000001
4.1375000000000002,0.8257671714423509,-0.15615227203606802,-0.031738069552319573,0.067346880787090585,-0.010411882920937296,-0.0091365980133722782,-0.20000000000000001
4.1399999999999997,0.82537520165105449,-0.15742462382961744,-0.031562452951239689,0.07315900897819734,-0.0094723150910958759,-0.0082162310697516169,-0.20000000000000001
4.1425000000000001,0.82498031538649141,-0.15848552458127854,-0.03137439770471185,0.077298679248038196,-0.0094723150910958759,-0.0082162310697516169,-0.20000000000000001
4.1450000000000005,0.82458276818776888,-0.15955343440196976,-0.031175890242240354,0.081521532106941588,-0.017919489296142361,-0.016774127319428206,-0.20000000000000001
4.1475,0.82418009117254132,-0.16258957633981391,-0.030947037189216948,0.1015774521432449,-0.017919489296142361,-0.016774127319428206,-0.20000000000000001
4.1500000000000004,0.82376981254733728,-0.16563502949963327,-0.030667911211892478,0.12174350459763782,-0.020059900773168656,-0.012793739795171304,-0.20000000000000001
4.1524999999999999,0.8233512856677021,-0.16918852471518761,-0.030333222749272786,0.14603149985437383,-0.020059900773168656,-0.012793739795171304,-0.20000000000000001
4.1550000000000002,0.82292385874183693,-0.17275543931048609,-0.029937621553003526,0.17047809949549247,-0.015687608651264218,-0.003004810431884252,-0.20000000000000001
4.1574999999999998,0.82248876417546835,-0.17532293547194641,-0.029490865862708424,0.18695867662573601,-0.015687608651264218,-0.003004810431884252,-0.20000000000000001
4.1600000000000001,0.82204722982895417,-0.17790751571454777,-0.029002659623184889,0.20364152708481792,0.00057156513150769612,-0.014558885842969563,-0.20000000000000001
4.1624999999999996,0.82160392961752626,-0.17673559449771739,-0.028510364076470784,0.19022994537257781,0.00057156513150769612,-0.014558885842969563,-0.20000000000000001
4.165,0.82116353764910843,-0.17558072361693897,-0.028051340664351065,0.17702146022675466,-0.020194731069646088,-0.002409117147696661,-0.20000000000000001
4.1675000000000004,0.82071998576362748,-0.17926369110542129,-0.027576702122207027,0.20272372961866972,-0.020194731069646088,-0.002409117147696661,-0.20000000000000001
4.1699999999999999,0.82026720367996298,-0.18296527643426364,-0.027037538619829087,0.22864609278076981,0.0057862984919682245,-0.0078194963627857723,-0.20000000000000001
4.1725000000000003,0.81981268308199673,-0.18065443500229872,-0.026493821795663161,0.20636593762428715,0.0057862984919682245,-0.0078194963627857723,-0.20000000000000001
4.1749999999999998,0.81936391616326409,-0.17836200517001113,-0.026005525920471975,0.18430541531871325,-0.014181093088487261,-0.013439248675373728,-0.20000000000000001
4.1775000000000002,0.81891506320410079,-0.18072328088189527,-0.025525586646217679,0.19968058024199456,-0.014181093088487261,-0.013439248675373728,-0.20000000000000001
4.1799999999999997,0.81846028458142261,-0.18310277106802036,-0.025006943218951531,0.21527152406707212,0.0039602075538737623,-0.015230394966661467,-0.20000000000000001
4.1825000000000001,0.81800479949209792,-0.18128837760390393,-0.024491327174578293,0.19725798080764823,0.0039602075538737623,-0.015230394966661467,-0.20000000000000001
4.1850000000000005,0.81755382797588072,-0.17949164671188247,-0.024020477948423834,0.17945489613029011,0.01009294368353392,-0.007913315740347298,-0.20000000000000001
4.1875,0.81710910834822925,-0.17628650303031032,-0.023608191233165647,0.15040369095361389,0.01009294368353392,-0.007913315740347298,-0.20000000000000001
4.1900000000000004,0.81667238429784395,-0.17309475595317461,-0.023268326264733977,0.12151237475617388,0.0098118133804240767,-0.011872279792361384,-0.20000000000000001
4.1924999999999999,0.81624354392292486,-0.16997913961323696,-0.022999866214806534,0.09327470333564257,0.0098118133804240767,-0.011872279792361384,-0.20000000000000001
4.1950000000000003,0.81582248166964677,-0.16687184018721313,-0.022801870066176018,0.065136259570212532,-0.00021674969220915829,0.0067332872636969576,-0.20000000000000001
4.1974999999999998,0.81540626812315031,-0.16609990435620905,-0.022650744056908936,0.05577533935999298,-0.00021674969220915829,0.0067332872636969576,-0.20000000000000001
4.2000000000000002,0.81499197796226863,-0.16533299171880511,-0.022522943588726786,0.046474161636727192,0.0037280817986940036,-0.0087152382360698999,-0.20000000000000001
4.2024999999999997,0.81458074506520595,-0.16365389676266967,-0.022427529932743013,0.029863559905485601,0.0037280817986940036,-0.0087152382360698999,-0.20000000000000001
4.2050000000000001,0.81417370624540608,-0.16197748175912222,-0.022373599201124389,0.013284867404413661,-0.025794967521655894,-0.002298619687466153,-0.20000000000000001
4.2075000000000005,0.81376228452727617,-0.16716039287640311,-0.022292254198659042,0.051797038889734269,-0.025794967521655894,-0.002298619687466153,-0.20000000000000001
4.21,0.81333790030026021,-0.1723480811285569,-0.022114567010720503,0.090365608323506236,-0.00088725651882909894,-0.01380985794552177,-0.20000000000000001
4.2125000000000004,0.81290776943119181,-0.17175791302125598,-0.021898423837817461,0.082564374034516871,-0.00088725651882909894,-0.01380985794552177,-0.20000000000000001
4.2149999999999999,0.8124791045333718,-0.17117518773842633,-0.021701671401929974,0.074851634281912924,-0.015284879314600543,-0.0044699509478333061,-0.20000000000000001
4.2175000000000002,0.81204770723839947,-0.1739439338309737,-0.02149052549317871,0.094080316180083404,-0.015284879314600543,-0.0044699509478333061,-0.20000000000000001
4.2199999999999998,0.81160937770467667,-0.17672127204820035,-0.021231185039331309,0.11341074420857467,-0.0051098289243031534,-0.0045590576146502717,-0.20000000000000001
4.2225000000000001,0.81116704688014973,-0.17714510170503053,-0.020947097408055185,0.11387971640370842,-0.0051098289243031534,-0.0045590576146502717,-0.20000000000000001
4.2249999999999996,0.81072364360748772,-0.17757923867901615,-0.020661684466676239,0.11447108829800169,-0.0066274176520483407,-0.015824596789710856,-0.20000000000000001
4.2275,0.81027870135909807,-0.17837631588203734,-0.020371100329823734,0.11801706286743839,-0.0066274176520483407,-0.015824596789710856,-0.20000000000000001
4.2300000000000004,0.80983175311469846,-0.17918409008513669,-0.020071493352413192,0.12169000856618903,-0.01387930102635058,-0.022816325572594307,-0.20000000000000001
4.2324999999999999,0.80938066575590661,-0.18168777792180718,-0.019745628589491627,0.13902527150889429,-0.01387930102635058,-0.022816325572594307,-0.20000000000000001
4.2350000000000003,0.80892330366202791,-0.18420414247837846,-0.019376241845621683,0.15651072604764971,0.010612654662867003,0.0054747076229306945,-0.20000000000000001
4.2374999999999998,0.80846674599050483,-0.18104411763695541,-0.019020056405656034,0.12846293352352572,0.010612654662867003,0.0054747076229306945,-0.20000000000000001
4.2400000000000002,0.80801807350235988,-0.17789557958552552,-0.018733813081799382,0.10055206897465163,0.020855549019310075,-0.012429171217634497,-0.20000000000000001
4.2424999999999997,0.80758023538239743,-0.17237605657330385,-0.018541097007915747,0.053634414122078727,0.020855549019310075,-0.012429171217634497,-0.20000000000000001
4.2450000000000001,0.80715618925306787,-0.16686129374973452,-0.018465593619259629,0.0067736358156300081,-0.0145140509749351,-0.0056649844289818046,-0.20000000000000001
4.2475000000000005,0.80673565614893117,-0.16956543809946584,-0.018424726851278706,0.025922722634606682,-0.0145140509749351,-0.0056649844289818046,-0.20000000000000001
4.25,0.8063083600918165,-0.17227194748321145,-0.018335956661527125,0.045099824477981811,0.010205490170850252,-0.012418401455817881,-0.20000000000000001
4.2525000000000004,0.80588147227391216,-0.16923877904288362,-0.018256843685616354,0.018196182906142659,0.010205490170850252,-0.012418401455817881,-0.20000000000000001
4.2549999999999999,0.80546216483927047,-0.1662072396377344,-0.018244959573539232,-0.0086880476318823528,-0.0016014133546885397,-0.014017154049834869,-0.20000000000000001
4.2575000000000003,0.80504700764986781,-0.16591834449720416,-0.01827275288404967,-0.013548589638534343,-0.0016014133546885397,-0.014017154049834869,-0.20000000000000001
4.2599999999999998,0.80463257413670985,-0.16562822535717131,-0.018312714640312679,-0.018423675003153058,0.00854344231807138,-0.010385243319079531,-0.20000000000000001
4.2625000000000002,0.80422181426203598,-0.16297922124833611,-0.018388549764194635,-0.042249821430905554,0.00854344231807138,-0.010385243319079531,-0.20000000000000001
4.2649999999999997,0.80381768118600261,-0.16032643028718635,-0.018524001334010016,-0.066121074346911224,-0.0042239066551326698,-0.014597986272978937,-0.20000000000000001
4.2675000000000001,0.80341647911320391,-0.16063422972389849,-0.018689435747591691,-0.066238310462390024,-0.0042239066551326698,-0.014597986272978937,-0.20000000000000001
4.2700000000000005,0.80301451503284105,-0.16093603407489931,-0.018855252207698063,-0.066426738597253329,-0.012501607073441924,-0.010008152223019222,-0.20000000000000001
4.2725,0.80260939996045155,-0.16315513065606582,-0.019002322674413617,-0.051240219987006966,-0.012501607073441924,-0.010008152223019222,-0.20000000000000001
4.2750000000000004,0.80219874326900675,-0.16536955942598661,-0.019111499401700857,-0.036109019925542399,-0.012772120516282882,-0.015388950874443901,-0.20000000000000001
4.2774999999999999,0.80178247634328204,-0.16764355122954774,-0.019182269341769087,-0.020512026773173278,-0.012772120516282882,-0.015388950874443901,-0.20000000000000001
4.2800000000000002,0.80136052707022265,-0.16991567396752535,-0.019214077990417633,-0.0049371821705481052,-0.016778651360368393,-0.0049097693943654201,-0.20000000000000001
4.2824999999999998,0.800931734797238,-0.17311824471415552,-0.019197615345943827,0.018108485060768054,-0.016778651360368393,-0.0049097693943654201,-0.20000000000000001
4.2850000000000001,0.8004949344672686,-0.17632247076972493,-0.019123519235475308,0.041173748461279469,-0.0084965340523098752,-0.0077405108388487456,-0.20000000000000001
4.2875000000000005,0.80005252457083842,-0.17760612739731971,-0.019011025898118011,0.048829000187088405,-0.0084965340523098752,-0.0077405108388487456,-0.20000000000000001
4.29,0.79960690013546298,-0.17889421817452608,-0.018879330404017056,0.056536852892354966,-0.018024388429167749,-0.015749091471562351,-0.20000000000000001
4.2925000000000004,0.79915528211096765,-0.18240125809878505,-0.01870606861181421,0.082085087182422189,-0.018024388429167749,-0.015749091471562351,-0.20000000000000001
4.2949999999999999,0.79869488758791751,-0.18591580702084459,-0.018468830911160507,0.10772219630198178,-0.016596193937417188,-0.0048316004295896496,-0.20000000000000001
4.2975000000000003,0.79822610965599783,-0.18910835432896642,-0.01817069161112405,0.13081074421776842,-0.016596193937417188,-0.0048316004295896496,-0.20000000000000001
4.2999999999999998,0.79774933585898855,-0.19231285131271542,-0.017814659285401126,0.15404078900701587,0.0055870536099106036,-0.001640723415081042,-0.20000000000000001
4.3025000000000002,0.79727097661128643,-0.19037671878275919,-0.017452092026721384,0.13603886887155023,0.0055870536099106036,-0.001640723415081042,-0.20000000000000001
4.3049999999999997,0.79679744207800485,-0.18845281183963353,-0.017134343697825027,0.11818245395838159,0.0020566529137212735,-0.0097700877301493509,-0.20000000000000001
4.3075000000000001,0.79632767829136963,-0.18735990893512064,-0.016852839309284419,0.10704116977221706,0.0020566529137212735,-0.0097700877301493509,-0.20000000000000001
4.3100000000000005,0.79586063449380673,-0.1862766543435127,-0.01659904225517405,0.096014608748179714,0.0046456942751988452,0.0027878746893781102,-0.20000000000000001
4.3125,0.79539703981660692,-0.18460040930756891,-0.016378719958286853,0.080258954327498369,0.0046456942751988452,0.0027878746893781102,-0.20000000000000001
4.3150000000000004,0.79493762642825094,-0.18293138777415482,-0.016197675881604659,0.064589230432824857,0.00359598194139997,-0.004508179633987636,-0.20000000000000001
4.3174999999999999,0.79448207312980501,-0.18151211825962735,-0.016053267466746089,0.050947815586469047,0.00359598194139997,-0.004508179633987636,-0.20000000000000001
4.3200000000000003,0.79403006201251436,-0.18009743852281468,-0.015942891322053229,0.03736098410498398,-0.010897731282128002,-0.001628945563354687,-0.20000000000000001
4.3224999999999998,0.79357737318687316,-0.18205429071397156,-0.015832618600542355,0.050865121753722008,-0.010897731282128002,-0.001628945563354687,-0.20000000000000001
4.3250000000000002,0.79311978670344729,-0.18401576985773846,-0.015688520000750807,0.06442411868411331,-0.0018835997509755323,-0.0045360197865811922,-0.20000000000000001
4.3274999999999997,0.79265990780200579,-0.18388829811272539,-0.015531468425591909,0.061228388029320541,-0.0018835997509755323,-0.0045360197865811922,-0.20000000000000001
4.3300000000000001,0.79220034059911981,-0.18376636339094438,-0.0153823232573236,0.05809842733680156,-0.021202447041568165,-0.0074489659065550464,-0.20000000000000001
4.3325000000000005,0.79173545995132355,-0.18813929288793166,-0.015195856185259461,0.091088696653434859,-0.021202447041568165,-0.0074489659065550464,-0.20000000000000001
4.335,0.79125963718644055,-0.19252056081158075,-0.014926797553499306,0.12417763733847371,0.00077880486094566363,-0.004910988207517758,-0.20000000000000001
4.3375000000000004,0.79077923286775376,-0.19180470388615489,-0.014626136594497645,0.11637263750974416,0.00077880486094566363,-0.004910988207517758,-0.20000000000000001
4.3399999999999999,0.79030060491135279,-0.19109935470765779,-0.014344830313133999,0.10869251250068794,-0.018784651347313407,0.0028811037777513441,-0.20000000000000001
4.3425000000000002,0.78981804491158725,-0.19495052024353515,-0.014036935369098249,0.13764564616409611,-0.018784651347313407,0.0028811037777513441,-0.20000000000000001
4.3449999999999998,0.78932584183350618,-0.19881425865723984,-0.013656478023403374,0.16674766182767056,-0.0040319479185473251,-0.00021485093103670635,-0.20000000000000001
4.3475000000000001,0.7888282466019938,-0.19926445618584898,-0.013237466154636971,0.16849186883350192,-0.0040319479185473251,-0.00021485093103670635,-0.20000000000000001
4.3500000000000005,0.78832950683828029,-0.19972991222833777,-0.012813867716823872,0.17041724686502169,-0.0091161796842241082,0.0018112270934714575,-0.20000000000000001
4.3525,0.78782810715684171,-0.20139249956787852,-0.012373364794498715,0.18201672664221918,-0.0091161796842241082,0.0018112270934714575,-0.20000000000000001
4.3550000000000004,0.78732253056897206,-0.20307161408824498,-0.011903620703197124,0.19381227982110794,0.010927356935171375,-0.0067547228949510372,-0.20000000000000001
4.3574999999999999,0.78681855749395169,-0.20010955958013682,-0.011450896574028179,0.16839931681462433,0.010927356935171375,-0.0067547228949510372,-0.20000000000000001
4.3600000000000003,0.78632197015220673,-0.19716264903781044,-0.011061473962035735,0.14316655861905614,0.0066171515805144854,-0.0062049046145120166,-0.20000000000000001
4.3624999999999998,0.7858314812781082,-0.19523047335499552,-0.010724878871983264,0.12613356795226391,0.0066171515805144854,-0.0062049046145120166,-0.20000000000000001
4.3650000000000002,0.7853458083087147,-0.19330967077290004,-0.010430693449944581,0.10923579662585638,0.013858554851115323,-0.0025011407523944712,-0.20000000000000001
4.3674999999999997,0.78486702859081681,-0.18971551339768603,-0.010195499404686772,0.078936216514780069,0.013858554851115323,-0.0025011407523944712,-0.20000000000000001
4.3700000000000001,0.78439722482706764,-0.18612845428945243,-0.010035941987241052,0.048721100925270801,0.011271117140923626,-0.00098834800461394855,-0.20000000000000001
4.3725000000000005,0.78393563092199026,-0.18314721085151028,-0.0099458128545249786,0.023388640964335131,0.011271117140923626,-0.00098834800461394855,-0.20000000000000001
4.375,0.78348148701796305,-0.18016807350380587,-0.0099189779101280951,-0.0019187689261983137,0.014199663037507089,-0.010253363988298037,-0.20000000000000001
4.3775000000000004,0.78303564154992389,-0.17650804155958791,-0.0099622419748116361,-0.03269556893461445,0.014199663037507089,-0.010253363988298037,-0.20000000000000001
4.3799999999999999,0.78259894926047391,-0.1728450691403752,-0.010082484910385665,-0.063507357026033565,0.0022477196236477658,-0.011510934888696239,-0.20000000000000001
4.3825000000000003,0.7821679485082057,-0.17195451166351297,-0.010251946596780651,-0.072074122320695405,0.0022477196236477658,-0.011510934888696239,-0.20000000000000001
4.3849999999999998,0.7817391821296622,-0.17105744063923797,-0.010442920004873266,-0.080718273526338744,-0.0097162892923449411,-0.013354910322940668,-0.20000000000000001
4.3875000000000002,0.7813091914650877,-0.1729339720061743,-0.010627693627275897,-0.067113897752079377,-0.0097162892923449411,-0.013354910322940668,-0.20000000000000001
4.3899999999999997,0.7808745173498246,-0.17480440654696433,-0.010778549752501873,-0.053581839705432385,0.00088201257513925127,-0.015740146049444511,-0.20000000000000001
4.3925000000000001,0.78043825259581856,-0.1742065417711518,-0.010920380490932897,-0.059892906283134012,0.00088201257513925127,-0.015740146049444511,-0.20000000000000001
4.3950000000000005,0.7800034891530796,-0.17360326200732354,-0.011078067883975772,-0.066268298351849733,-0.0036916617553344475,-0.016930076480343063,-0.20000000000000001
4.3975,0.77956891251082117,-0.17405706705744448,-0.011241109438941506,-0.064176636033501114,-0.0036916617553344475,-0.016930076480343063,-0.20000000000000001
4.4000000000000004,0.77913320866250002,-0.17450505792876317,-0.01139900857842382,-0.062153997139556737,-0.0073227374882095971,-0.011328339312996609,-0.20000000000000001
4.4024999999999999,0.77869533700618077,-0.17579139314091727,-0.011543462771731168,-0.053419727504414316,-0.0073227374882095971,-0.011328339312996609,-0.20000000000000001
4.4050000000000002,0.77825425573643092,-0.17707288032205976,-0.01166615514676146,-0.044742980415998189,-0.011314331503774613,-0.0017515143115678187,-0.20000000000000001
4.4074999999999998,0.77780881635252785,-0.17927807057769019,-0.011757904365156592,-0.028662989890774031,-0.011314331503774613,-0.0017515143115678187,-0.20000000000000001
4.4100000000000001,0.77735786755533187,-0.1814806543914278,-0.011809495848765202,-0.012613905940271907,-0.012004926034255214,-0.0087184602831462139,-0.20000000000000001
4.4125000000000005,0.77690121340581619,-0.1838426052924334,-0.011819373892658335,0.0047107602862004917,-0.012004926034255214,-0.0087184602831462139,-0.20000000000000001
4.415,0.77643865417173907,-0.1862049847172105,-0.011785937813047679,0.022040507268477609,-0.02660752470345527,-0.001163138454221745,-0.20000000000000001
4.4175000000000004,0.77596594447126932,-0.19196345264194578,-0.011675079793715609,0.066653917299893145,-0.02660752470345527,-0.001163138454221745,-0.20000000000000001
4.4199999999999999,0.77547883182085975,-0.19772802602456346,-0.011452608034528931,0.11133956122394231,-0.0023271951141151642,-0.017982839238243446,-0.20000000000000001
4.4225000000000003,0.77498434987773779,-0.19785920426316536,-0.011174935040690878,0.1108187330995731,-0.0023271951141151642,-0.017982839238243446,-0.20000000000000001
4.4249999999999998,0.7744895274400514,-0.19800041479232697,-0.010898415104524594,0.11041703306967163,-0.0048542975118899077,0.00026176489387222753,-0.20000000000000001
4.4275000000000002,0.77399360527526795,-0.19873901834660446,-0.010616854322323498,0.11485178737322235,-0.0048542975118899077,0.00026176489387222753,-0.20000000000000001
4.4299999999999997,0.77349582367426117,-0.1994880316835892,-0.010324053205920412,0.11941010661745456,0.014240371393147197,-0.00085501489634642262,-0.20000000000000001
4.4325000000000001,0.77300170377698663,-0.19580944333997935,-0.010064252502312113,0.08844898725774622,0.014240371393147197,-0.00085501489634642262,-0.20000000000000001
4.4350000000000005,0.77251676983062245,-0.19213880806532743,-0.0098817294117760739,0.057582506526715642,0.0083635197365893137,-0.0078367541942231181,-0.20000000000000001
4.4375,0.77203929797016768,-0.18983939653919535,-0.0097625753278011203,0.037749276320512698,0.0083635197365893137,-0.0078367541942231181,-0.20000000000000001
4.4400000000000004,0.77156757001182308,-0.18754338870444121,-0.0096929493111105013,0.017956513423698296,0.0061655379475128178,0.0010446572522904206,-0.20000000000000001
4.4424999999999999,0.77110094107684291,-0.1857599115363919,-0.0096676478318429848,0.0022864796557009771,0.0061655379475128178,0.0010446572522904206,-0.20000000000000001
4.4450000000000003,0.77063877028224059,-0.18397664073021677,-0.0096815148696893262,-0.013381101374057486,0.0033659821988038254,-0.010469765106801575,-0.20000000000000001
4.4474999999999998,0.77018024549877906,-0.18284290584758359,-0.0097280326730941526,-0.023836470432475835,0.0033659821988038254,-0.010469765106801575,-0.20000000000000001
4.4500000000000002,0.76972455754762703,-0.18170701726878144,-0.0098007185446972213,-0.034317428664645128,-0.0040108893234929964,-0.010666591253918372,-0.20000000000000001
4.4524999999999997,0.76926956973520499,-0.18228273895813329,-0.0098824370325148615,-0.031063222156248776,-0.0040108893234929964,-0.010666591253918372,-0.20000000000000001
4.4550000000000001,0.76881314619848817,-0.1828556455997625,-0.0099560624994150422,-0.027842431524333744,-0.014640311665660429,0.0002131571598502869,-0.20000000000000001
4.4575000000000005,0.76835220537201732,-0.18589676790738252,-0.0099968711554941393,-0.0048074292455382132,-0.014640311665660429,0.0002131571598502869,-0.20000000000000001
4.46,0.7678836627235035,-0.18893745262114631,-0.0099801039670780311,0.018222385746703117,-0.010655337367851745,0.0020109630321170861,-0.20000000000000001
4.4625000000000004,0.76740867451033756,-0.19105351205140922,-0.0099150415096746474,0.033832254779972822,-0.010655337367851745,0.0020109630321170861,-0.20000000000000001
4.4649999999999999,0.76692839260143231,-0.19317264586528565,-0.0098109123092127264,0.049478587046859604,-0.0086463832010330206,0.0006857351135498088,-0.20000000000000001
4.4675000000000002,0.76644339121464855,-0.19482930258458964,-0.0096722919345259614,0.061427666541699746,-0.0086463832010330206,0.0006857351135498088,-0.20000000000000001
4.4699999999999998,0.7659542414413758,-0.19649153631010777,-0.0095037188443276976,0.073442909964783171,-0.0037195641097497118,-0.0076753343891437995,-0.20000000000000001
4.4725000000000001,0.76546235942632113,-0.1970152065949223,-0.0093165080930514583,0.076339115629623699,-0.0037195641097497118,-0.0076753343891437995,-0.20000000000000001
4.4750000000000005,0.76496915964471957,-0.19754579390571242,-0.0091219548449306322,0.079317434012365517,-0.0076881674237609821,-0.0013681704188238347,-0.20000000000000001
4.4775,0.7644734714082686,-0.19900607392116595,-0.0089105890633708225,0.089790363401547738,-0.0076881674237609821,-0.0013681704188238347,-0.20000000000000001
4.4800000000000004,0.76397412248590602,-0.20047450166743921,-0.0086729224690098548,0.10035997160280126,0.0011851969350755976,-0.012513893786181824,-0.20000000000000001
4.4824999999999999,0.76347366946251027,-0.19988938545181986,-0.0084294055529270367,0.094471002533740384,0.0011851969350755976,-0.012513893786181824,-0.20000000000000001
4.4850000000000003,0.76297466843834694,-0.19931281437965451,-0.0082004828844779113,0.088683529027262967,-0.0016193835689562554,0.0045292954953958719,-0.20000000000000001
4.4874999999999998,0.76247628382739607,-0.1993962091618843,-0.0079793638116701891,0.088227577984106201,-0.0016193835689562554,0.0045292954953958719,-0.20000000000000001
4.4900000000000002,0.76197768073575023,-0.19948759280580355,-0.007759265954298186,0.08786648376723688,0.0020958537363674943,-0.009932776535060972,-0.20000000000000001
4.4924999999999997,0.76147991871787579,-0.1987232916130402,-0.0075486225725343234,0.080663307944706553,0.0020958537363674943,-0.009932776535060972,-0.20000000000000001
4.4950000000000001,0.76098405819837678,-0.19796628626657392,-0.0073558772062448877,0.073546790175002374,0.0023265900312501673,0.0010307997363289089,-0.20000000000000001
4.4975000000000005,0.7604901487856085,-0.1971622962959792,-0.0071813612340788481,0.066078486927637015,0.0023265900312501673,0.0010307997363289089,-0.20000000000000001
4.5,0.75999824173652453,-0.19636428333264486,-0.0070254256173043431,0.05868117551821992,0.019443051628230644,0.014273653542875468,-0.20000000000000001
4.5025000000000004,0.75951329631137998,-0.19159264237457149,-0.0069278466099999218,0.019388996355481414,0.019443051628230644,0.014273653542875468,-0.20000000000000001
4.5049999999999999,0.75904027707050259,-0.1868227466791644,-0.0069284633376884624,-0.019882421903740684,-0.001041830583960115,-0.0034317299402332599,-0.20000000000000001
4.5075000000000003,0.75857323197894766,-0.18681301863613567,-0.0069794719898802031,-0.020928155999628707,-0.001041830583960115,-0.0034317299402332599,-0.20000000000000001
4.5099999999999998,0.75810621355642271,-0.18680139550676103,-0.0070331228669490951,-0.021996391175272904,-0.018946932013565249,0.0092124342718842376,-0.20000000000000001
4.5125000000000002,0.75763402416106351,-0.19095003233822053,-0.0070476895638935076,0.010341985222594753,-0.018946932013565249,0.0092124342718842376,-0.20000000000000001
4.5149999999999997,0.75715146261018584,-0.19509961056806449,-0.0069814036408186765,0.042691521007804462,0.00595291007700863,0.0074075891226707321,-0.20000000000000001
4.5175000000000001,0.7566657577846756,-0.19346478665986147,-0.0068923010936015033,0.028596894689847302,0.00595291007700863,0.0074075891226707321,-0.20000000000000001
4.5200000000000005,0.75618413652354322,-0.19183254704553487,-0.0068383935838184709,0.01453297200688416,-0.022539967081021711,-0.0025350885739103073,-0.20000000000000001
4.5225,0.75569831502852991,-0.19682516676867007,-0.0067531306535691489,0.053683508641152684,-0.022539967081021711,-0.0025350885739103073,-0.20000000000000001
4.5250000000000004,0.75520000661452713,-0.2018226769057414,-0.00656992774492955,0.092892002842125496,-0.015914191847083623,-0.0037766088038814227,-0.20000000000000001
4.5274999999999999,0.75469111980464254,-0.20528838227289972,-0.0063040495150422492,0.11982968941436176,-0.015914191847083623,-0.0037766088038814227,-0.20000000000000001
4.5300000000000002,0.75417355562736776,-0.20876497938533939,-0.0059706716620434299,0.14689654866569876,-0.0058588111866297327,-0.0039176468057120512,-0.20000000000000001
4.5324999999999998,0.75365020555244788,-0.20991736325705662,-0.0055929012247730456,0.15534689728855272,-0.0058588111866297327,-0.0039176468057120512,-0.20000000000000001
4.5350000000000001,0.75312395707883284,-0.21108382704562512,-0.0051937979096591137,0.16396437953555376,0.0028901026832856727,0.0086174439309450145,-0.20000000000000001
4.5375000000000005,0.75259731621946246,-0.21023127546998402,-0.0047933501172600593,0.15642253876164358,0.0028901026832856727,0.0086174439309450145,-0.20000000000000001
4.54,0.75207278890996365,-0.20939287500220272,-0.0044115451651115956,0.14904877418413201,0.0092578426947472255,-0.0066480487610433821,-0.20000000000000001
4.5425000000000004,0.75155219091036485,-0.20708762587597138,-0.0040628336835426262,0.12994537463104119,0.0092578426947472255,-0.0066480487610433821,-0.20000000000000001
4.5449999999999999,0.75103734099298725,-0.20479412294386759,-0.0037617020138647063,0.11098152179970554,0.0075634619637556105,0.0020460872814106763,-0.20000000000000001
4.5475000000000003,0.75052771958733355,-0.20290455620790254,-0.0035038724089934462,0.09530062796456748,0.0075634619637556105,0.0020460872814106763,-0.20000000000000001
4.5499999999999998,0.75002281102932911,-0.20102360942477529,-0.003285113561039311,0.079722119458178947,0.012599564233690949,-0.0086167952365360997,-0.20000000000000001
4.5525000000000002,0.7495240589108666,-0.19797909895164467,-0.0031169437489875066,0.054825771266088362,0.012599564233690949,-0.0086167952365360997,-0.20000000000000001
4.5549999999999997,0.74903291140425454,-0.19493954536843303,-0.0030109356399723132,0.029988306958134769,-0.00078458228341942793,-0.012703880827585598,-0.20000000000000001
4.5575000000000001,0.74854546978042857,-0.19501420774727068,-0.0029357392366915888,0.030174206441858031,-0.00078458228341942793,-0.012703880827585598,-0.20000000000000001
4.5600000000000005,0.7480578380882239,-0.19509160312333626,-0.00286003757055539,0.030392553473104343,0.014168673248685008,0.0073002111631083428,-0.20000000000000001
4.5625,0.74757435457047083,-0.1916954606004993,-0.0028186474434733796,0.0027225122689098595,0.014168673248685008,0.0073002111631083428,-0.20000000000000001
4.5650000000000004,0.74709936058020243,-0.18829956423254085,-0.0028464225737898892,-0.024944604853165964,0.0068417573227645967,0.0017295401644413712,-0.20000000000000001
4.5674999999999999,0.74663072958371901,-0.18660475113720967,-0.0029262931032160849,-0.038957540710598162,0.0068417573227645967,0.0017295401644413712,-0.20000000000000001
4.5700000000000003,0.74616633976197921,-0.1849064128356139,-0.0030412451627023292,-0.053012342010913191,-0.010680646942015337,-0.0062063768786030874,-0.20000000000000001
4.5724999999999998,0.74570110989170479,-0.18727682276970978,-0.0031505082757432045,-0.034405988511488669,-0.010680646942015337,-0.0062063768786030874,-0.20000000000000001
4.5750000000000002,0.74522995824807969,-0.18964411242031223,-0.0032133059608324818,-0.015836665834658366,-0.013320380353047613,0.0081709759827353588,-0.20000000000000001
4.5774999999999997,0.74475212347864628,-0.19262364116339092,-0.0032235451716818046,0.0076445618853106002,-0.013320380353047613,0.0081709759827353588,-0.20000000000000001
4.5800000000000001,0.74426683946426564,-0.19560386346588948,-0.0031750762927311763,0.031134019590901629,-0.0028472830768471354,0.0033800299986353729,-0.20000000000000001
4.5825000000000005,0.74377714505969306,-0.19615216020591975,-0.003092289390015276,0.035101438521389271,-0.0028472830768471354,0.0033800299986353729,-0.20000000000000001
4.585,0.74328607601338559,-0.19670363703510288,-0.0029995376422354992,0.039106610107475702,-0.011943455693577347,-0.0010371998350700361,-0.20000000000000001
4.5875000000000004,0.74279098076962158,-0.19937330797181824,-0.0028754924865436824,0.060138415070479623,-0.011943455693577347,-0.0010371998350700361,-0.20000000000000001
4.5899999999999999,0.74228920492882688,-0.20204843292748864,-0.002698791631490918,0.081234947105335034,-0.0088486022314626291,4.4101132994062577e-05,-0.20000000000000001
4.5925000000000002,0.74178163176774303,-0.20401143941579367,-0.0024764677506460648,0.09664010428325015,-0.0088486022314626291,4.4101132994062577e-05,-0.20000000000000001
4.5949999999999998,0.7412691404328462,-0.20598320528753905,-0.002215504472313317,0.1121492351872474,0.0039804470028064944,0.0039580577304691063,-0.20000000000000001
4.5975000000000001,0.74075543514490938,-0.20498265416414257,-0.0019455619412140415,0.10382413481954544,0.0039804470028064944,0.0039580577304691063,-0.20000000000000001
4.6000000000000005,0.74024421933026174,-0.20399150202467037,-0.0016962907995306602,0.095610643207820492,0.0048904224006041446,-0.0020338990963565265,-0.20000000000000001
4.6025,0.73973573484395427,-0.20279745555108764,-0.0014695468196801518,0.085800791033985094,0.0048904224006041446,-0.0020338990963565265,-0.20000000000000001
4.6050000000000004,0.73923022557971951,-0.20161117714858784,-0.0012672099854347438,0.076083178238264479,0.0063134462560052521,-0.0034055582680540077,-0.20000000000000001
4.6074999999999999,0.73872808672304369,-0.20010096345085102,-0.0010923838931626633,0.063790225721696181,0.0063134462560052521,-0.0034055582680540077,-0.20000000000000001
4.6100000000000003,0.73822971594982922,-0.19859652547393147,-0.00094820171229399286,0.051565853303891587,0.0021055188301182881,0.0050951163869898501,-0.20000000000000001
4.6124999999999998,0.73773387745658403,-0.19807501485812101,-0.0008246877563354828,0.047254165540178923,0.0021055188301182881,0.0050951163869898501,-0.20000000000000001
4.6150000000000002,0.73723933730955649,-0.19755778382080985,-0.00071188854604151044,0.042993288791092904,0.010519786236117441,0.0052901816127688432,-0.20000000000000001
4.6174999999999997,0.73674853032995102,-0.19508829830812083,-0.00062932044800316262,0.023067107991171079,0.010519786236117441,0.0052901816127688432,-0.20000000000000001
4.6200000000000001,0.73626389407765658,-0.19262090148567801,-0.00059653234185398554,0.0031657273814966053,0.0069571188633831731,-0.0048446602307846741,-0.20000000000000001
4.6225000000000005,0.73578439033564758,-0.19098203996598476,-0.000605174235483638,-0.01007986153402364,0.0069571188633831731,-0.0048446602307846741,-0.20000000000000001
4.625,0.73530898463848615,-0.18934226562857745,-0.00064694068093322228,-0.023336288459908254,-0.00045578337429501205,0.0011315488879853114,-0.20000000000000001
4.6275000000000004,0.73483552671064567,-0.1894237286207309,-0.0007045759684627613,-0.022776073453013954,-0.00045578337429501205,0.0011315488879853114,-0.20000000000000001
4.6299999999999999,0.7343618677143523,-0.18950312866207988,-0.00076084145659055784,-0.022240350738366874,0.00023680130218037602,0.0036456398494400773,-0.20000000000000001
4.6325000000000003,0.73388821399863557,-0.18941950231462024,-0.00081741404024059583,-0.023021771801776923,0.00023680130218037602,0.0036456398494400773,-0.20000000000000001
4.6349999999999998,0.73341477194025595,-0.18933379081138366,-0.00087597094386777138,-0.023827948967540025,-0.010046436317589651,0.0003940272689062017,-0.20000000000000001
4.6375000000000002,0.732938558718222,-0.19163656567910137,-0.00091257559539899258,-0.0054583973960752007,-0.010046436317589651,0.0003940272689062017,-0.20000000000000001
4.6399999999999997,0.73245658952391024,-0.19393884596990982,-0.0009032678223253412,0.012905283004758294,-0.0049004348797980629,-0.00041949331538836457,-0.20000000000000001
4.6425000000000001,0.73197035884997752,-0.19504595418692369,-0.00086004761279918809,0.021673983291912526,-0.0049004348797980629,-0.00041949331538836457,-0.20000000000000001
4.6450000000000005,0.73148135811689086,-0.196155025844444,-0.00079487848249042029,0.030465993283808022,-0.014594700228828491,0.0084504867141881324,-0.20000000000000001
4.6475,0.73098676443984945,-0.19952057911746787,-0.00068506536593415928,0.057392374302821833,-0.014594700228828491,0.0084504867141881324,-0.20000000000000001
4.6500000000000004,0.73048375088811068,-0.20289133253898237,-0.00050786517085644599,0.084380487391148992,-0.00044358467882225894,-0.011412831039137263,-0.20000000000000001
4.6524999999999999,0.7299764134726392,-0.20297987834147108,-0.00029611393856888285,0.085035678010714266,-0.00044358467882225894,-0.011412831039137263,-0.20000000000000001
4.6550000000000002,0.72946884507917087,-0.20307612550980117,-8.2610589441364855e-05,0.085782306421797155,-0.0065243608221249349,0.0066408014072474719,-0.20000000000000001
4.6574999999999998,0.72895925940463513,-0.20459380079020009,0.0001470660977336358,0.097975507360293659,-0.0065243608221249349,0.0066408014072474719,-0.20000000000000001
4.6600000000000001,0.72844586868203742,-0.20612034862027578,0.00040735472859403788,0.11027405451514148,0.020984304815672105,-0.00038522504983722441,-0.20000000000000001
4.6625000000000005,0.72793664287273963,-0.20126166990284111,0.00063433398964157686,0.071325630973425785,0.020984304815672105,-0.00038522504983722441,-0.20000000000000001
4.665,0.72743955494703327,-0.19640945440758925,0.00076404681366772792,0.032453931629588956,-0.0017505377216494274,-0.0036740331159510558,-0.20000000000000001
4.6675000000000004,0.72694798680999229,-0.19684557233615907,0.00084969248243193726,0.036068742924640657,-0.0017505377216494274,-0.0036740331159510558,-0.20000000000000001
4.6699999999999999,0.72645532436337856,-0.19728495691090406,0.00094442284574104945,0.039722338456565691,0.0070855803146391162,-0.0019558588841081912,-0.20000000000000001
4.6725000000000003,0.72596412664464527,-0.19567372118906123,0.0010277175929950164,0.026919432051305731,0.0070855803146391162,-0.0019558588841081912,-0.20000000000000001
4.6749999999999998,0.72547695372522658,-0.19406492438158579,0.0010790441311842693,0.014145479049956692,0.010309422018816764,0.0045363000102042897,-0.20000000000000001
4.6775000000000002,0.72499473774498757,-0.19170793166098668,0.0010909337054894092,-0.0046329666747831327,0.010309422018816764,0.0045363000102042897,-0.20000000000000001
4.6799999999999997,0.72451841441680565,-0.18935051911979595,0.0010558751444161337,-0.02341639600231591,0.0086089159953522711,-0.0031271558085459866,-0.20000000000000001
4.6825000000000001,0.72404749278105329,-0.1873863178949034,0.00097779946191910963,-0.039049748306463856,0.0086089159953522711,-0.0031271558085459866,-0.20000000000000001
4.6850000000000005,0.72358148577550407,-0.18541857861784405,0.00086059140422868965,-0.054725101937649942,-0.0062912365869223314,-0.0054606580435620604,-0.20000000000000001
4.6875,0.7231160743002164,-0.1869098669630414,0.00073889965025107716,-0.042637024043475767,-0.0062912365869223314,-0.0054606580435620604,-0.20000000000000001
4.6900000000000004,0.72264693965784454,-0.1883972943326355,0.00064736808568470461,-0.030594788782621483,0.0040666548258329908,-0.016525744604828422,-0.20000000000000001
4.6924999999999999,0.72217709995710466,-0.18747394908071136,0.00056172450481741052,-0.037926215940485682,0.0040666548258329908,-0.016525744604828422,-0.20000000000000001
4.6950000000000003,0.72170957277506043,-0.18654716840931171,0.00045770302036164315,-0.045298429129518036,-0.0060869662531956087,-0.014593910646416224,-0.20000000000000001
4.6974999999999998,0.72124141707044065,-0.18797679867248387,0.00035888883153956797,-0.033760005497043617,-0.0060869662531956087,-0.014593910646416224,-0.20000000000000001
4.7000000000000002,0.72076969132933544,-0.18940337145443795,0.00028887274509249565,-0.022257882979526529,0.02140186093539222,-0.011867857494189334,-0.20000000000000001
4.7024999999999997,0.72030238966338456,-0.1844373245127166,0.00018342456919312494,-0.062108217639013419,0.02140186093539222,-0.011867857494189334,-0.20000000000000001
4.7050000000000001,0.71984750939480691,-0.17946565168133521,-2.1724000290096896e-05,-0.1020253442497288,0.016245377005011663,0.0030088122382616804,-0.20000000000000001
4.7075000000000005,0.7194035707201214,-0.17568351921678468,-0.00031475908256269048,-0.13242372460960886,0.016245377005011663,0.0030088122382616804,-0.20000000000000001
4.71,0.71896910178843088,-0.17188939827216582,-0.0006839612460783044,-0.16296446260965555,0.0081454036403994842,-0.013815144672190789,-0.20000000000000001
4.7125000000000004,0.71854178231105714,-0.16996360799846066,-0.001110823214826914,-0.17855569960312262,0.0081454036403994842,-0.013815144672190789,-0.20000000000000001
4.7149999999999999,0.71811929721306378,-0.16802165883766026,-0.0015768996515196369,-0.19433884157464112,0.0018961493597214219,-0.0096276387673640239,-0.20000000000000001
4.7175000000000002,0.71769987275480551,-0.16751494388191565,-0.0020681066825618756,-0.1986619817565867,0.0018961493597214219,-0.0096276387673640239,-0.20000000000000001
4.7199999999999998,0.71728173747550794,-0.16699024911855539,-0.0025703874842167135,-0.20319864947519189,0.00081169892319136821,-0.010425408650025662,-0.20000000000000001
4.7225000000000001,0.71686462171375187,-0.16669927493282841,-0.0030817509952420479,-0.20592880108449824,0.00081169892319136821,-0.010425408650025662,-0.20000000000000001
4.7250000000000005,0.71644825663005141,-0.16638966404792227,-0.0036002159170145293,-0.20888028517125992,-0.010603993941580497,-0.015131803272622655,-0.20000000000000001
4.7275,0.71602937202580941,-0.16871500038057363,-0.0040996976678658228,-0.1907409491682005,-0.010603993941580497,-0.015131803272622655,-0.20000000000000001
4.7300000000000004,0.7156046960395902,-0.17102304141734895,-0.0045540917116070152,-0.17280689049311262,-0.013714969012010098,-0.0065757811100274673,-0.20000000000000001
4.7324999999999999,0.71517336591692837,-0.17403862095227621,-0.0049566268562167472,-0.14925012577931832,-0.013714969012010098,-0.0065757811100274673,-0.20000000000000001
4.7350000000000003,0.71473451422418599,-0.17704065202155556,-0.0053004762835110559,-0.1258541076582318,-0.013096267657809628,-0.010295607521400218,-0.20000000000000001
4.7374999999999998,0.71428835195404594,-0.17988742694630583,-0.0055874542387227008,-0.10374886529273851,-0.013096267657809628,-0.010295607521400218,-0.20000000000000001
4.7400000000000002,0.71383508493946124,-0.18272478097184031,-0.0058193137363293035,-0.081755385307934705,-0.015702543574762622,0.0053091124643607655,-0.20000000000000001
4.7424999999999997,0.71337397694005922,-0.18616058299542423,-0.0059902222802655346,-0.054983731455649137,-0.015702543574762622,0.0053091124643607655,-0.20000000000000001
4.7450000000000001,0.71290428618854662,-0.18959138762072547,-0.0060942817780589558,-0.028271345293468454,-0.0044545766612090155,-0.0075012331264037273,-0.20000000000000001
4.7475000000000005,0.71242929041159309,-0.19040484979498784,-0.0061578537112610106,-0.022590761032008098,-0.0044545766612090155,-0.0075012331264037273,-0.20000000000000001
4.75,0.71195226364574038,-0.19121626436061903,-0.0062072558351376501,-0.016934481522554293,-0.01706711881034801,-0.0093052666220870862,-0.20000000000000001
4.7525000000000004,0.71146954560876952,-0.19495812970108967,-0.0062131075511071363,0.012252687618832615,-0.01706711881034801,-0.0093052666220870862,-0.20000000000000001
4.7549999999999999,0.71097747206871686,-0.19870110923537534,-0.0061459813868944653,0.041453068644856053,0.00143355928285172,-0.0072238142868986197,-0.20000000000000001
4.7575000000000003,0.71048141258267894,-0.19814706485704178,-0.0060489799298642172,0.036155047230748326,0.00143355928285172,-0.0072238142868986197,-0.20000000000000001
4.7599999999999998,0.70998673401790813,-0.19759629262006953,-0.0059651737721718862,0.030895883822961427,0.0085662684872317325,0.00078110318788820565,-0.20000000000000001
4.7625000000000002,0.70949550131525563,-0.19539019510548655,-0.0059111184736588404,0.012352223756783257,0.0085662684872317325,0.00078110318788820565,-0.20000000000000001
4.7649999999999997,0.70900978211253451,-0.19318521357662394,-0.0059034016051613437,-0.0061781763954103369,0.0042993152949222834,-0.0045241997970932972,-0.20000000000000001
4.7675000000000001,0.70852833587941111,-0.19197160015756667,-0.0059320570761249121,-0.016748252447673348,0.0042993152949222834,-0.0045241997970932972,-0.20000000000000001
4.7700000000000005,0.70804992537395917,-0.1907564719929381,-0.0059871578598168079,-0.027336320484974457,-0.0045154665784893919,0.0080869705143526913,-0.20000000000000001
4.7725,0.70757199430559747,-0.19158801387928384,-0.0060481921027702567,-0.021495451662015944,-0.0045154665784893919,0.0080869705143526913,-0.20000000000000001
4.7750000000000004,0.70709198692802433,-0.19241760741377689,-0.006094654388261663,-0.015677709352406664,0.00033647943994890412,-0.0019937582965463799,-0.20000000000000001
4.7774999999999999,0.70661131725979087,-0.19211786607322226,-0.006137917662690129,-0.018936010578782678,0.00033647943994890412,-0.0019937582965463799,-0.20000000000000001
4.7800000000000002,0.7061313990260768,-0.19181641049037504,-0.0061893514027121605,-0.022214667336713262,-0.01292764764145222,-0.0014244629632310258,-0.20000000000000001
4.7824999999999998,0.70564838279533093,-0.19459640024179214,-0.0062180565494905169,-0.00075151241486175538,-0.01292764764145222,-0.0014244629632310258,-0.20000000000000001
4.7850000000000001,0.70515841708167881,-0.19737632172696826,-0.0061931096386588762,0.020710832753567988,-0.013144025668589264,0.0031311844370606827,-0.20000000000000001
4.7875000000000005,0.70466143674707238,-0.200208425147583,-0.0061139788302529141,0.042599497937353195,-0.013144025668589264,0.0031311844370606827,-0.20000000000000001
4.79,0.70415737173145365,-0.20304439819377851,-0.0059800739008957085,0.064534063741469999,-0.00051559787541620612,-0.0029622107104375567,-0.20000000000000001
4.7925000000000004,0.70364987927281109,-0.20295053063256244,-0.0058207216189136088,0.062959183307875782,-0.00051559787541620612,-0.0029622107104375567,-0.20000000000000001
4.7949999999999999,0.70314261432810754,-0.20286236380790285,-0.0056652215822613657,0.061451991523828457,-0.010104546496836049,0.0014311711036855579,-0.20000000000000001
4.7975000000000003,0.70263277657232537,-0.20500889466121988,-0.0054910286712673336,0.077914841525755799,-0.010104546496836049,0.0014311711036855579,-0.20000000000000001
4.7999999999999998,0.70211756396323599,-0.20716249594241998,-0.0052755774678686631,0.094461586237806983,0.0042129443594764084,0.007435937990325981,-0.20000000000000001
4.8025000000000002,0.7016011171911144,-0.20599626971977419,-0.0050520493172966285,0.084376944646036595,0.0042129443594764084,0.007435937990325981,-0.20000000000000001
4.8049999999999997,0.70108757625468543,-0.20483767615324872,-0.0048536172055677392,0.074382958460717338,0.0017863005795145182,0.0035198094929180064,-0.20000000000000001
4.8075000000000001,0.70057621808801274,-0.20424993859660726,-0.0046744047307568405,0.068999863221696225,0.0017863005795145182,0.0035198094929180064,-0.20000000000000001
4.8100000000000005,0.70006632135758573,-0.20366844655843575,-0.0045085560906796985,0.063690933398146493,-0.00014872225209135973,-0.0026772333839893913,-0.20000000000000001
4.8125,0.69955730878479383,-0.20354256053970843,-0.0043513771185569152,0.0620635105835965,-0.00014872225209135973,-0.0026772333839893913,-0.20000000000000001
4.8150000000000004,0.6990486038719369,-0.20342229457086261,-0.0041981829352112227,0.060502816882520453,0.0022860671499819419,0.00043198269991252553,-0.20000000000000001
4.8174999999999999,0.69854090023505844,-0.2027414820512326,-0.0040544910967071765,0.054460950828396325,0.0022860671499819419,0.00043198269991252553,-0.20000000000000001
4.8200000000000003,0.69803489235392435,-0.20206559930279003,-0.0039258294023947413,0.048477624698215968,0.012621669575816868,-0.0039954891407401544,-0.20000000000000001
4.8224999999999998,0.69753357185642606,-0.19899133884990464,-0.0038361806812715516,0.023247769644460254,0.012621669575816868,-0.0039954891407401544,-0.20000000000000001
4.8250000000000002,0.69703993390905428,-0.19591917941686737,-0.003809569755696659,-0.0019571239089136716,0.0030595447751420291,0.0043264283726396928,-0.20000000000000001
4.8274999999999997,0.69655119758514084,-0.19506979474554115,-0.0038236520462618579,-0.0093097175306826076,0.0030595447751420291,0.0043264283726396928,-0.20000000000000001
4.8300000000000001,0.69606458563751938,-0.19421956739780805,-0.0038561266818017818,-0.016672317832077403,0.0065381518240956085,0.0013779205183002583,-0.20000000000000001
4.8325000000000005,0.6955811118037023,-0.19255914373181165,-0.003915146904561061,-0.030548087703957491,0.0065381518240956085,0.0013779205183002583,-0.20000000000000001
4.835,0.69510179222155155,-0.1908959566514829,-0.0040088944696675287,-0.044456679012084679,-0.013229255358549621,-0.0099698881662114366,-0.20000000000000001
4.8375000000000004,0.69462089146026107,-0.19382415351950794,-0.0040913372559423528,-0.021503468972219358,-0.013229255358549621,-0.0099698881662114366,-0.20000000000000001
4.8399999999999999,0.69413267308013793,-0.19675039870856567,-0.0041164311089493828,0.0014265846559412369,0.0017562844064467542,0.0076366716909412316,-0.20000000000000001
4.8425000000000002,0.69364149377812878,-0.19619302633892516,-0.0041191760349713977,-0.0036227221092314261,0.0017562844064467542,0.0076366716909412316,-0.20000000000000001
4.8449999999999998,0.69315170822174133,-0.19563532600280567,-0.0041345479647122993,-0.0086759232392367488,0.0033640454531789392,-0.0012384309234800164,-0.20000000000000001
4.8475000000000001,0.69266378497705761,-0.19470307808080653,-0.0041663155839950991,-0.016740448254355885,0.0033640454531789392,-0.0012384309234800164,-0.20000000000000001
4.8500000000000005,0.69217819409381609,-0.19376931508250766,-0.0042182651983769049,-0.024822965353913363,-0.0074869022251827511,0.00010435374317796423,-0.20000000000000001
4.8525,0.691691787268638,-0.19535586174801156,-0.004265128951463042,-0.012671399551486733,-0.0074869022251827511,0.00010435374317796423,-0.20000000000000001
4.8550000000000004,0.6912014157424522,-0.19694125941129842,-0.0042816335585516181,-0.00053347044658211447,-0.0083141919496907933,0.0086506836618436018,-0.20000000000000001
4.8574999999999999,0.6907068406228728,-0.19871893156466286,-0.0042658660725951193,0.013148590353619479,-0.0083141919496907933,0.0086506836618436018,-0.20000000000000001
4.8600000000000003,0.69020782009096426,-0.20049779616487406,-0.0042158788142226487,0.026844802820185937,-0.0078072147037324515,-0.0069829942833420401,-0.20000000000000001
4.8624999999999998,0.6897044969281072,-0.20216123633040209,-0.0041328011564635342,0.039623283720839661,-0.0078072147037324515,-0.0069829942833420401,-0.20000000000000001
4.8650000000000002,0.68919701091542074,-0.20382826943057616,-0.0040177268632454787,0.052444406634374142,-0.0089816338797039028,0.0074328934487172321,-0.20000000000000001
4.8674999999999997,0.68868501036112728,-0.20577308047851547,-0.0038677912494425666,0.067514842334480824,-0.0089816338797039028,0.0074328934487172321,-0.20000000000000001
4.8700000000000001,0.68816814041127772,-0.20772401410143468,-0.0036800921038491587,0.082657940988240294,0.0053726655483445716,-0.0058253567343171248,-0.20000000000000001
4.8725000000000005,0.68765055507061734,-0.20634541759916541,-0.0034879274862514255,0.071087519853711006,0.0053726655483445716,-0.0058253567343171248,-0.20000000000000001
4.875,0.68713640796349373,-0.20497325345513367,-0.0033245908506090863,0.059593490801129745,-0.0067604432664929879,-0.0037505632803602439,-0.20000000000000001
4.8775000000000004,0.68662215869887622,-0.20642714320096855,-0.0031615903047665281,0.070818637169931059,-0.0067604432664929879,-0.0037505632803602439,-0.20000000000000001
4.8799999999999999,0.6861042668988121,-0.20788745188089658,-0.00297043417643157,0.082119975760271552,0.018367410697583665,0.011326870397188294,-0.20000000000000001
4.8825000000000003,0.68559001685859822,-0.20351354944270703,-0.002809560678198912,0.046590337646742933,0.018367410697583665,0.011326870397188294,-0.20000000000000001
4.8849999999999998,0.68508669564346847,-0.19914385722314465,-0.0027374408081726211,0.011110721293650885,0.0080855212232881189,-0.0014033720130501744,-0.20000000000000001
4.8875000000000002,0.68459130903444576,-0.19716547489570022,-0.0027300010323982483,-0.0051583674253707391,0.0080855212232881189,-0.0014033720130501744,-0.20000000000000001
4.8899999999999997,0.68410086865796771,-0.19518662582048443,-0.002763237264872989,-0.021432999334736625,-0.002656191004610349,-0.0050113067058242637,-0.20000000000000001
4.8925000000000001,0.68361225620681887,-0.19570303988292276,-0.0028121159917845243,-0.017673486892671227,-0.002656191004610349,-0.0050113067058242637,-0.20000000000000001
4.8950000000000005,0.68312235479269523,-0.1962178528161867,-0.0028516205377984885,-0.013932982488484891,0.0012730104227812551,-0.0015230663627783015,-0.20000000000000001
4.8975,0.68263230973668221,-0.19581795449208694,-0.0028909634349122519,-0.017544155153897106,0.0012730104227812551,-0.0015230663627783015,-0.20000000000000001
4.9000000000000004,0.68214326634401579,-0.19541646750335964,-0.0029393570313330898,-0.021174190651080626,-0.0041278699661259346,-0.0066781080325976827,-0.20000000000000001
4.9024999999999999,0.68165365961757107,-0.19626864246198603,-0.0029842486946529425,-0.014742359292365982,-0.0041278699661259346,-0.0066781080325976827,-0.20000000000000001
4.9050000000000002,0.68116192424478472,-0.19711948158066123,-0.0030130820410776485,-0.0083263856005187323,-0.0041849784102312862,-0.0035447717965667769,-0.20000000000000001
4.9074999999999998,0.68066804624384725,-0.19798284260546375,-0.0030257548047916477,-0.0018127342506109537,-0.0041849784102312862,-0.0035447717965667769,-0.20000000000000001
4.9100000000000001,0.68017201016860518,-0.19884603937175307,-0.0030221473368341853,0.0046989672068966535,0.0068525345997627,0.00091069586138330029,-0.20000000000000001
4.9125000000000005,0.67967702295391264,-0.19714369700298298,-0.0030280152723335318,-0.0093937357719315502,0.0068525345997627,0.00091069586138330029,-0.20000000000000001
4.915,0.67918629239191775,-0.19544050462415288,-0.0030691244278315444,-0.023496533526199792,-0.0011356396605299586,0.0079482879332784823,-0.20000000000000001
4.9175000000000004,0.67869750101454274,-0.19559224853936447,-0.0031268760768055326,-0.022708925971013649,-0.0011356396605299586,0.0079482879332784823,-0.20000000000000001
4.9199999999999999,0.67820833286317206,-0.1957419355256497,-0.003182689406300974,-0.021945738979253684,-0.0078264439687303154,-0.00016675558528127642,-0.20000000000000001
4.9225000000000003,0.67771684879450289,-0.19744508778814734,-0.0032210093699822956,-0.0087129810872078346,-0.0078264439687303154,-0.00016675558528127642,-0.20000000000000001
4.9249999999999998,0.67722110808239089,-0.19914745013598675,-0.0032262621234310138,0.0045104013037196231,-0.019535617433504765,-0.0021692387440938924,-0.20000000000000001
4.9275000000000002,0.67671770877737225,-0.20357232758660643,-0.0031711263289389007,0.039602193160772028,-0.019535617433504765,-0.0021692387440938924,-0.20000000000000001
4.9299999999999997,0.6762032434481754,-0.20800080071100563,-0.0030282156113156373,0.07473664237482272,-0.0034565352961624446,-0.0036014187243523337,-0.20000000000000001
4.9325000000000001,0.67568237135845088,-0.20869803863845843,-0.0028349016966094146,0.079928350374424001,-0.0034565352961624446,-0.0036014187243523337,-0.20000000000000001
4.9350000000000005,0.67515974722120076,-0.20940251773061166,-0.0026285022281281349,0.0852060233909889,0.0044682271952391521,-0.001306258272602407,-0.20000000000000001
4.9375,0.67463765511242157,-0.20827238351992386,-0.0024272902473291905,0.075777980088416644,0.0044682271952391521,-0.001306258272602407,-0.20000000000000001
4.9400000000000004,0.67411837958791754,-0.20714910877484477,-0.0022495444552437091,0.066431391408903806,0.013679110891664039,-0.0060769915906490335,-0.20000000000000001
4.9424999999999999,0.67360458105932741,-0.203890515998157,-0.0021165704614275944,0.039957328204123448,0.013679110891664039,-0.0060769915906490335,-0.20000000000000001
4.9450000000000003,0.67309892399621996,-0.2006355376728092,-0.0020497220434024872,0.013526194885422012,0.010121209354210582,-0.0082557752147465174,-0.20000000000000001
4.9474999999999998,0.67260036849446292,-0.19820891864772192,-0.0020406238187929064,-0.0062469630379498563,0.010121209354210582,-0.0082557752147465174,-0.20000000000000001
4.9500000000000002,0.67210787987409215,-0.19578173432167104,-0.0020809624534278131,-0.026026834394060568,0.0052604562364106898,-0.013893148344326733,-0.20000000000000001
4.9524999999999997,0.67162004934593411,-0.19448221461323759,-0.0021594371034542596,-0.036758509257329777,0.0052604562364106898,-0.013893148344326733,-0.20000000000000001
4.9550000000000001,0.67113547157380504,-0.1931793673198198,-0.0022647879250758439,-0.04752969754197918,0.0084535174391625612,-0.00058211909870203675,-0.20000000000000001
4.9575000000000005,0.67065508393391726,-0.19112990128410978,-0.0024045802270420175,-0.064314159095097259,0.0084535174391625612,-0.00058211909870203675,-0.20000000000000001
4.96,0.67017982691666089,-0.18907461568229336,-0.002586416311206023,-0.08116773466901317,0.019376868047936112,-0.0010778802099849869,-0.20000000000000001
4.9625000000000004,0.66971289107117915,-0.18447255742496241,-0.0028359847360345356,-0.11850486655932382,0.019376868047936112,-0.0010778802099849869,-0.20000000000000001
4.9649999999999999,0.66925747305026495,-0.1798597936515007,-0.0031790466430972491,-0.15596920565818292,-0.0092041781704115394,-0.0073498091528536496,-0.20000000000000001
4.9675000000000002,0.66880529884429418,-0.18187733368484874,-0.0035492676730198682,-0.1402341759182591,-0.0092041781704115394,-0.0073498091528536496,-0.20000000000000001
4.9699999999999998,0.668348096975524,-0.18388216012622294,-0.0038803432622127785,-0.12465004764890757,-0.0099474469561482756,0.00046994073236704772,-0.20000000000000001
4.9725000000000001,0.66788568148636096,-0.18604847446105349,-0.0041708950603157472,-0.10781223964102843,-0.0099474469561482756,0.00046994073236704772,-0.20000000000000001
4.9750000000000005,0.66741786275113268,-0.18820501038074,-0.0044195011564221644,-0.091090477848079235,-0.012302726228060563,0.0081946776605189304,-0.20000000000000001
4.9775,0.66694397893906399,-0.19090082050750973,-0.0046209324840769221,-0.070069045151817416,-0.012302726228060563,0.0081946776605189304,-0.20000000000000001
4.9800000000000004,0.66646336394768635,-0.19359027109601268,-0.0047699092554720542,-0.049123067977880255,-0.021258519150895758,-0.00022131449542282572,-0.20000000000000001
4.9824999999999999,0.66597342899820855,-0.19835722901332464,-0.0048456912803819642,-0.011508000268091845,-0.021258519150895758,-0.00022131449542282572,-0.20000000000000001
4.9850000000000003,0.66547157867451923,-0.2031231404189548,-0.004827459595469717,0.02609465823610891,-0.021890256985840458,0.0025365416353402082,-0.20000000000000001
4.9874999999999998,0.66495762775327771,-0.20803828611152636,-0.0047137202186415686,0.064905019400040481,-0.021890256985840458,0.0025365416353402082,-0.20000000000000001
4.9900000000000002,0.66443138232579191,-0.2129593338904967,-0.0045028761796365776,0.10378536687941443,-0.012220709984528011,0.0066091182726604617,-0.20000000000000001
4.9924999999999997,0.66389563294059062,-0.21564190198867847,-0.0042172666866145741,0.12472272850705257,-0.012220709984528011,0.0066091182726604617,-0.20000000000000001
4.9950000000000001,0.66335316338642947,-0.21833578626987207,-0.0038791506445726644,0.14579437181795224,-0.0070197926737291059,0.0023757909766593554,-0.20000000000000001
4.9975000000000005,0.66280545425342952,-0.21983380909811745,-0.0035003019363965887,0.15731176614486528,-0.0070197926737291059,0.0023757909766593554,-0.20000000000000001
5,0.6622539824618886,-0.22134608799724054,-0.003092450799142484,0.16899839257435009,-0.0074879598567326759,0.00014423599942226423,-0.20000000000000001
5.0025000000000004,0.66169857501424145,-0.22298251818126841,-0.0026540658792817166,0.18174098001053132,-0.0074879598567326759,0.00014423599942226423,-0.20000000000000001
5.0049999999999999,0.6611390561507331,-0.22463541405784901,-0.002183583012893545,0.1946790475513589,0.0026949553053717415,0.0079297594464996009,-0.20000000000000001
5.0075000000000003,0.66057834221035461,-0.22393863027636579,-0.0017042614632100145,0.18881253783541146,0.0026949553053717415,0.0079297594464996009,-0.20000000000000001
5.0099999999999998,0.66001934875971069,-0.22325893560684412,-0.0012393512173771355,0.18314897409777706,0.012537534263433741,-0.0034138475427787228,-0.20000000000000001
5.0125000000000002,0.65946489379525242,-0.22030761806018256,-0.00081132365033639658,0.15930374589503207,0.012537534263433741,-0.0034138475427787228,-0.20000000000000001
5.0149999999999997,0.65891779865607325,-0.2173707178152175,-0.00044268981957991339,0.13562973545774901,0.0043238874243421415,0.0087062673134473412,-0.20000000000000001
5.0175000000000001,0.65837564323355646,-0.21635560505872614,-0.00011388403219355633,0.12743846235584042,0.0043238874243421415,0.0087062673134473412,-0.20000000000000001
5.0200000000000005,0.65783601101514189,-0.21535203212514198,0.00019461666491638513,0.1193842091106678,0.021458216603149297,0.0066892836024368763,-0.20000000000000001
5.0225,0.65730385299870386,-0.21037588204638411,0.00044315496181689443,0.079464248690562789,0.021458216603149297,0.0066892836024368763,-0.20000000000000001
5.0250000000000004,0.6567841256059449,-0.20540693141184396,0.00059200912503080342,0.039629756904592597,-0.0045748234647940075,0.0053326105654771996,-0.20000000000000001
5.0274999999999999,0.65626925060932284,-0.20649373051676198,0.00070209653843013179,0.048448065017369174,-0.0045748234647940075,0.0053326105654771996,-0.20000000000000001
5.0300000000000002,0.65575165329746377,-0.2075849170520411,0.00083429285706879976,0.057318465684015829,0.015361461875260595,0.0040207793285779447,-0.20000000000000001
5.0324999999999998,0.65523711482615987,-0.20404651202882002,0.00094221190973139708,0.029024516470628245,0.015361461875260595,0.0040207793285779447,-0.20000000000000001
5.0350000000000001,0.65473141854560135,-0.20051073739624603,0.00097944145586702832,0.00076179098262811953,0.00034421535809927325,0.0040531357295770136,-0.20000000000000001
5.0375000000000005,0.65423019733963761,-0.20046623720612072,0.00098106954842025343,0.00054079978180741222,0.00034421535809927325,0.0040531357295770136,-0.20000000000000001
5.04,0.65372908731875579,-0.2004217859992643,0.00098214593934940384,0.00032039013175011845,0.0035528243513632042,-0.0084978253144685281,-0.20000000000000001
5.0425000000000004,0.65322902074957101,-0.19963142730889691,0.00097518337406606872,-0.0058909414514127702,0.0035528243513632042,-0.0084978253144685281,-0.20000000000000001
5.0449999999999999,0.65273093062689647,-0.19884053497388204,0.00095268595280880418,-0.012108608441667891,-0.015428740854973349,-0.0036401785043898359,-0.20000000000000001
5.0475000000000003,0.65222930328635165,-0.20246137510019727,0.00095892961245465228,0.017103983104180077,-0.015428740854973349,-0.0036401785043898359,-0.20000000000000001
5.0499999999999998,0.65171862246124124,-0.20608376341760457,0.0010382211886965495,0.046334959219246505,0.01500691752646461,0.0024419837270370742,-0.20000000000000001
5.0525000000000002,0.65120772502592605,-0.20263467666541285,0.0011196136814219703,0.018784873033549455,0.01500691752646461,0.0024419837270370742,-0.20000000000000001
5.0549999999999997,0.65070544765930738,-0.19918729249249845,0.0011321623926734022,-0.0087450035463486168,9.3688400810025768e-05,0.01326233364602428,-0.20000000000000001
5.0575000000000001,0.65020745570943705,-0.19920613772296394,0.001110686045594209,-0.0084376137510552025,9.3688400810025768e-05,0.01326233364602428,-0.20000000000000001
5.0600000000000005,0.64970941760749401,-0.1992242187220287,0.0010899667635004856,-0.0081392972847281909,-0.0023397031260364081,-0.0096873137902198751,-0.20000000000000001
5.0625,0.64921062813049379,-0.19980727650129732,0.0010756614347307496,-0.0033059912741855114,-0.0023397031260364081,-0.0096873137902198751,-0.20000000000000001
5.0650000000000004,0.64871038147445359,-0.20039003487494708,0.001073433845247063,0.0015237599266413075,-0.014318107906743706,-0.0059702589457027774,-0.20000000000000001
5.0674999999999999,0.64820519713320368,-0.2037576662059811,0.0011112373883767268,0.028721783026678067,-0.014318107906743706,-0.0059702589457027774,-0.20000000000000001
5.0700000000000003,0.64769159097713491,-0.20712789718532673,0.001217068485170676,0.05595067716814555,0.001301537350292875,-0.00077193808614105404,-0.20000000000000001
5.0724999999999998,0.64717409221031041,-0.20687194666879247,0.0013545870241045129,0.054074012810927344,0.001301537350292875,-0.00077193808614105404,-0.20000000000000001
5.0750000000000002,0.64665722716264395,-0.20662089397492431,0.0014874870024579898,0.052255497632038302,0.016285801102126931,0.007096054700839266,-0.20000000000000001
5.0774999999999997,0.64614533794406226,-0.20289104579570402,0.0015809404055466486,0.02251392958678336,0.016285801102126931,0.007096054700839266,-0.20000000000000001
5.0800000000000001,0.64564277023283012,-0.19916323890396206,0.0016000768370081522,-0.0072034110582327136,0.014419392621589725,0.00098848493282514675,-0.20000000000000001
5.0825000000000005,0.64514897995038123,-0.19586868003832553,0.0015492727952973013,-0.033443466319053303,0.014419392621589725,0.00098848493282514675,-0.20000000000000001
5.085,0.64466342935902077,-0.19257108937029027,0.001432829519265188,-0.059719506749985822,0.002644754795625019,0.0037576107802136361,-0.20000000000000001
5.0875000000000004,0.64418270752037743,-0.19200544718144774,0.0012781019175510707,-0.064073667598866346,0.002644754795625019,0.0037576107802136361,-0.20000000000000001
5.0899999999999999,0.64370340695924477,-0.19143400113403558,0.0011124037653751672,-0.068496733477771354,0.0035360317196703405,0.0068595036904591511,-0.20000000000000001
5.0925000000000002,0.6432258016736121,-0.19064914688530143,0.00093347676525177073,-0.074657694471232827,0.0035360317196703405,0.0068595036904591511,-0.20000000000000001
5.0949999999999998,0.64275016685972075,-0.18985753017557666,0.00073904839342200186,-0.08089894185621857,-0.0030937776555518366,-0.008331107114708575,-0.20000000000000001
5.0975000000000001,0.64227459362320161,-0.19059988377580672,0.0005443825624092414,-0.074847677088253212,-0.0030937776555518366,-0.008331107114708575,-0.20000000000000001
5.1000000000000005,0.64179717308890127,-0.19133545907561514,0.00036474294794700327,-0.068876891839729518,-0.015197107161933829,0.0031594264840715037,-0.20000000000000001
5.1025,0.64131440451055211,-0.19487857916624063,0.00022818379235647139,-0.040380221483595991,-0.015197107161933829,0.0031594264840715037,-0.20000000000000001
5.1050000000000004,0.64082278324003628,-0.19841804248572623,0.00016280566348794034,-0.011926968593455097,-0.0054836150845999345,0.0036229034735100608,-0.20000000000000001
5.1074999999999999,0.6403251377684761,-0.19969823247900087,0.00014586839199465102,-0.0016240629702216625,-0.0054836150845999345,0.0036229034735100608,-0.20000000000000001
5.1100000000000003,0.63982429220017456,-0.20097827537754445,0.0001546838938511475,0.0086770962586205161,-0.011226783280789653,-0.0091140748310681689,-0.20000000000000001
5.1124999999999998,0.63931857687279248,-0.20359427620246728,0.000202665364427784,0.029711519446502729,-0.011226783280789653,-0.0091140748310681689,-0.20000000000000001
5.1150000000000002,0.63880631857693626,-0.20621296784152829,0.00030326811276869898,0.050777890406491,-0.011708471396599408,0.0042143865078729022,-0.20000000000000001
5.1174999999999997,0.63828736823179522,-0.20894824067615683,0.00045772450043078834,0.072798290554218437,-0.011708471396599408,0.0042143865078729022,-0.20000000000000001
5.1200000000000001,0.63776157188088933,-0.21169010517680797,0.00066732478366461189,0.094896958133369985,0.0046412093206686118,0.0001471299214439233,-0.20000000000000001
5.1225000000000005,0.63723366147232841,-0.21063959128825704,0.0008941365753442536,0.08656873595770713,0.0046412093206686118,0.0001471299214439233,-0.20000000000000001
5.125,0.63670836739054004,-0.20959691881990627,0.0011002460363668844,0.078333609976219493,-0.0016457799859610704,-0.002601624252712429,-0.20000000000000001
5.1275000000000004,0.63618384408107964,-0.21002293800464908,0.0013005476971540448,0.081922076464838955,-0.0016457799859610704,-0.002601624252712429,-0.20000000000000001
5.1299999999999999,0.63565824651889657,-0.21045637578214965,0.0015099298150103439,0.085598626243160322,0.00030259189270180641,0.0080774523433842418,-0.20000000000000001
5.1325000000000003,0.63513212190356827,-0.2104446093880312,0.0017240703238386283,0.085729131495857702,0.00030259189270180641,0.0080774523433842418,-0.20000000000000001
5.1349999999999998,0.63460601700251229,-0.21044060702152334,0.0019386522841948613,0.08595181904450451,0.0095426170472549497,0.004584657254647251,-0.20000000000000001
5.1375000000000002,0.63408259735324646,-0.20829628277042825,0.0021323417273765555,0.069013627948425124,0.0095426170472549497,0.004584657254647251,-0.20000000000000001
5.1399999999999997,0.63356453037629323,-0.20615821397111223,0.002283782293870989,0.052149688104748598,0.006977722850331108,-0.0079883337885887449,-0.20000000000000001
5.1425000000000001,0.63305105703765663,-0.20462115383201754,0.0023991229500866761,0.040131109208050172,0.006977722850331108,-0.0079883337885887449,-0.20000000000000001
5.1450000000000005,0.6325414215765286,-0.20308773078801581,0.0024844738138486292,0.028155703445669152,0.0094529863158205486,-0.010575190749286582,-0.20000000000000001
5.1475,0.63203633551837235,-0.20098141599450378,0.0025341498699195469,0.011588705191665979,0.0094529863158205486,-0.010575190749286582,-0.20000000000000001
5.1500000000000004,0.63153651362117513,-0.19887615181664628,0.0025424277297338778,-0.0049658232555581661,0.030832313374368172,-0.00094488369845125862,-0.20000000000000001
5.1524999999999999,0.63104816753076587,-0.19180021779732265,0.0024594206446735167,-0.061445807452801232,0.030832313374368172,-0.00094488369845125862,-0.20000000000000001
5.1550000000000002,0.63057751718380983,-0.18471870174599178,0.0022351435176946343,-0.11799200315576058,0.013243840507197955,0.0036781497241091519,-0.20000000000000001
5.1574999999999998,0.63011947208082797,-0.18171541810498421,0.0019104033299947316,-0.14182344142636152,0.013243840507197955,0.0036781497241091519,-0.20000000000000001
5.1600000000000001,0.62966895080485352,-0.17869927960320689,0.0015258991631367724,-0.16580746853763811,0.00030728744121719456,-0.0027487927228893572,-0.20000000000000001
5.1625000000000005,0.62922222907561276,-0.17867560195066687,0.0011114093048077995,-0.1658141258515208,0.00030728744121719456,-0.0027487927228893572,-0.20000000000000001
5.165,0.62877558530458144,-0.17863691157879019,0.00069667999196624858,-0.16599904940639124,-0.0088336837950473424,-0.013143686357099055,-0.20000000000000001
5.1675000000000004,0.62832640083602598,-0.1807082849414498,0.00030259903421981716,-0.14929395906439782,-0.0088336837950473424,-0.013143686357099055,-0.20000000000000001
5.1699999999999999,0.6278720551425121,-0.18276614190203244,-4.9923540622621001e-05,-0.13274936829655962,-0.018764393589964668,-0.010729420289795382,-0.20000000000000001
5.1725000000000003,0.62740969445321904,-0.18712066951126996,-0.00033808991440155759,-0.09780438969516092,-0.018764393589964668,-0.010729420289795382,-0.20000000000000001
5.1749999999999998,0.62693645917722918,-0.19146633757103343,-0.00053903313281932603,-0.062964593776352135,-0.0069286537914157948,0.00051262161493711555,-0.20000000000000001
5.1775000000000002,0.62645580677534918,-0.19305472902486798,-0.00068059218542709245,-0.050292797809546548,-0.0069286537914157948,0.00051262161493711555,-0.20000000000000001
5.1799999999999997,0.62597118932837637,-0.1946385645008715,-0.00079054219090064185,-0.037675090081238892,-0.0032889822894049451,-0.0048741322873754062,-0.20000000000000001
5.1825000000000001,0.62548367442033881,-0.19537283681755035,-0.000877495849880702,-0.031894071300699732,-0.0032889822894049451,-0.0048741322873754062,-0.20000000000000001
5.1850000000000005,0.62499432755163264,-0.19610422003999067,-0.00095004112764884808,-0.026147352158373646,0.0017152532330181227,-0.0018854023969308101,-0.20000000000000001
5.1875,0.62450460943459052,-0.19566985159271144,-0.0010199351761425502,-0.029772896972014597,0.0017152532330181227,-0.0018854023969308101,-0.20000000000000001
5.1900000000000004,0.62401598054050178,-0.19523278671976108,-0.0010989322887591647,-0.033430455976274746,-0.0033077841862806257,-0.0061645547230546049,-0.20000000000000001
5.1924999999999999,0.62352698842027865,-0.1959604476862738,-0.0011753944010257555,-0.02774471599385217,-0.0033077841862806257,-0.0061645547230546049,-0.20000000000000001
5.1950000000000003,0.62303618039630204,-0.19668559532733154,-0.001237680731362119,-0.022088814113492786,-0.0085336681835165816,0.013537740059903127,-0.20000000000000001
5.1974999999999998,0.62254204356453857,-0.19862365270338786,-0.0012736618507691398,-0.0066986619038654181,-0.0085336681835165816,0.013537740059903127,-0.20000000000000001
5.2000000000000002,0.62204306263851739,-0.20056110308529121,-0.0012711800443533621,0.0086842847633612046,-7.1815826429918453e-05,-0.0045646011034485351,-0.20000000000000001
5.2024999999999997,0.62154169625324074,-0.20053213314009755,-0.0012499813146318818,0.0082762187426501412,-7.1815826429918453e-05,-0.0045646011034485351,-0.20000000000000001
5.2050000000000001,0.62104040134819938,-0.20050391280482929,-0.001229791534864825,0.0078770524693668759,-0.010508597061742335,0.0092090497149897171,-0.20000000000000001
5.2075000000000005,0.62053614335605134,-0.20290274405445513,-0.0011862311348624522,0.026974391165498601,-0.010508597061742335,0.0092090497149897171,-0.20000000000000001
5.21,0.62002588559103555,-0.2053040197063033,-0.0010948953998168825,0.046100746534723125,-0.0049558294374560203,-0.0022100310431444133,-0.20000000000000001
5.2125000000000004,0.61951123331095992,-0.20641856680981649,-0.00096864540566171588,0.054908300571391636,-0.0049558294374560203,-0.0022100310431444133,-0.20000000000000001
5.2149999999999999,0.61899378861227761,-0.2075380879698176,-0.00082030469115438437,0.063774906410667714,-0.012445748047649323,-0.00057286177285734684,-0.20000000000000001
5.2175000000000002,0.61847136161996663,-0.21040464181635329,-0.00063223336279268961,0.086695641529080408,-0.012445748047649323,-0.00057286177285734684,-0.20000000000000001
5.2199999999999998,0.61794175885859204,-0.2132790497544782,-0.00038674878734253044,0.10970961895727685,-0.0023973031804338995,0.0024254193521705985,-0.20000000000000001
5.2225000000000001,0.61740787799257413,-0.21382733177951513,-0.00010703856119795557,0.11407861250636828,-0.0023973031804338995,0.0024254193521705985,-0.20000000000000001
5.2250000000000005,0.61687261359138656,-0.2143859446787732,0.00018374648429062002,0.11857026773205907,0.0091105241192808526,0.0013958013820909027,-0.20000000000000001
5.2275,0.61633928329436183,-0.21227995532237318,0.00045906142471055587,0.10170142179581251,0.0091105241192808526,0.0013958013820909027,-0.20000000000000001
5.2300000000000004,0.61581120613899865,-0.21018317776324566,0.00069234472420790459,0.084941943380158605,0.0068268431855355548,0.01634437204574838,-0.20000000000000001
5.2324999999999999,0.61528769739691602,-0.20862500461561778,0.00088917703308348593,0.072538016202279065,0.0068268431855355548,0.01634437204574838,-0.20000000000000001
5.2350000000000003,0.61476807564041047,-0.20707340270883176,0.0010550998100003887,0.060212102268105187,-0.00051234189724069529,0.010431840310432504,-0.20000000000000001
5.2374999999999998,0.61425019320395113,-0.20723346613556878,0.0012074200519049695,0.06165501044016012,-0.00051234189724069529,0.010431840310432504,-0.20000000000000001
5.2400000000000002,0.61373190365691155,-0.20739911344169168,0.0013634301045303081,0.063164215275185134,-0.0081061272261854292,0.0020159101550076882,-0.20000000000000001
5.2424999999999997,0.61321098625682102,-0.20933587833140641,0.0015410204397277515,0.078920779018309378,-0.0081061272261854292,0.0020159101550076882,-0.20000000000000001
5.2450000000000001,0.6126852183126561,-0.21127978689517665,0.0017581046862609447,0.094762173411571726,-0.013292561722298918,0.00013525763896504291,-0.20000000000000001
5.2475000000000005,0.61215307309780098,-0.21443800671763916,0.0020270204749679387,0.12038971931836399,-0.013292561722298918,0.00013525763896504291,-0.20000000000000001
5.25,0.61161301920545219,-0.21760711567007221,0.0023601610576491263,0.14614660470282578,-0.0039662093721470259,-0.0028610544737102815,-0.20000000000000001
5.2525000000000004,0.61106773655284374,-0.21862127470263876,0.0027361182281688701,0.15464606952829016,-0.0039662093721470259,-0.0028610544737102815,-0.20000000000000001
5.2549999999999999,0.6105199011706699,-0.21964942846230281,0.003133529895636675,0.16331173712795899,0.011950272648985313,0.0036555605558950756,-0.20000000000000001
5.2575000000000003,0.60997410206317693,-0.21699216785706746,0.0035156771808922504,0.14243351091790027,0.011950272648985313,0.0036555605558950756,-0.20000000000000001
5.2599999999999998,0.60943492956746914,-0.21434782513661188,0.0038458251952066189,0.12170859299714443,0.025635222538974458,0.0066426484055844611,-0.20000000000000001
5.2625000000000002,0.60890633024263263,-0.20853312948600969,0.0040923915799464111,0.075562239788267149,0.025635222538974458,0.0066426484055844611,-0.20000000000000001
5.2649999999999997,0.60839225819402343,-0.20272530571037484,0.0042237042902077797,0.029497370242895775,0.017146040875948225,0.00029935275789384655,-0.20000000000000001
5.2675000000000001,0.6078902347410684,-0.19889367476497427,0.0042597167978076014,-0.00068477692285839539,0.017146040875948225,0.00029935275789384655,-0.20000000000000001
5.2700000000000005,0.60739778987212911,-0.19506198162051894,0.0042202797895923901,-0.030867661894800402,0.011928273562290865,-0.010797046886020394,-0.20000000000000001
5.2725,0.60691341101861618,-0.19244047961623814,0.0041175278979548296,-0.051341226770965739,0.011928273562290865,-0.010797046886020394,-0.20000000000000001
5.2750000000000004,0.60643559135600833,-0.18981431894389475,0.0039635275932821176,-0.071870070416669762,0.0094645934796226041,0.0046527836196161992,-0.20000000000000001
5.2774999999999999,0.6059636289717707,-0.18775438129753447,0.0037638627842794311,-0.087876103064268171,0.0094645934796226041,0.0046527836196161992,-0.20000000000000001
5.2800000000000002,0.60549682608985544,-0.18568647461994203,0.0035240682699423714,-0.1039767128871735,0.017242570690260625,0.0019895924158264645,-0.20000000000000001
5.2824999999999998,0.60503746455908158,-0.18180094482462489,0.0032257336892444707,-0.13471236995954608,0.017242570690260625,0.0019895924158264645,-0.20000000000000001
5.2850000000000001,0.60458783155257911,-0.17790318996035576,0.0028503855472145527,-0.16559308515242074,-0.0071983933327118537,-0.010909880671660849,-0.20000000000000001
5.2875000000000005,0.60414085908447424,-0.17967239793633044,0.0024546606578218864,-0.15101517289081381,-0.0071983933327118537,-0.010909880671660849,-0.20000000000000001
5.29,0.60368948094740904,-0.18142794325069747,0.0020951744686862365,-0.1365995324775815,-0.0078290727669119882,-0.024568332805874175,-0.20000000000000001
5.2925000000000004,0.60323354640453608,-0.18331774747813245,0.0017730125776761131,-0.12115306235496197,-0.0078290727669119882,-0.024568332805874175,-0.20000000000000001
5.2949999999999999,0.60277290134612993,-0.18519658735699163,0.0014893006587132884,-0.10583680224104083,-0.003952485441824063,-0.0016934205031630249,-0.20000000000000001
5.2975000000000003,0.60230869791530306,-0.18616462045044171,0.0012346864157960734,-0.097872840814470424,-0.003952485441824063,-0.0016934205031630249,-0.20000000000000001
5.2999999999999998,0.60184208562791863,-0.18712379187549766,0.00099984877704533195,-0.090014102258804712,0.017744845262788595,-0.020826840773913512,-0.20000000000000001
5.3025000000000002,0.60137939060442802,-0.18303062030024611,0.00073389692773607735,-0.12276644917917379,0.017744845262788595,-0.020826840773913512,-0.20000000000000001
5.3049999999999997,0.60092694179490314,-0.17892632580514686,0.000385906499905326,-0.15565084285902181,-0.0055165957721916917,-0.0012711807354957613,-0.20000000000000001
5.3075000000000001,0.60047801135540158,-0.18021575551524657,9.7920500367214064e-06,-0.14526767476926292,-0.0055165957721916917,-0.0012711807354957613,-0.20000000000000001
5.3100000000000005,0.60002587397766161,-0.1814920316200043,-0.00034056201606985496,-0.13504069159515558,0.012971003718467563,-0.0013416456218287697,-0.20000000000000001
5.3125,0.59957593355656769,-0.17845808379999348,-0.00070867973227064574,-0.15947986119249657,0.012971003718467563,-0.0013416456218287697,-0.20000000000000001
5.3150000000000004,0.59913359558594192,-0.17540970214588342,-0.0011381041541091751,-0.18409044270940297,-0.020390230159647284,-0.0020483414925369981,-0.20000000000000001
5.3174999999999999,0.59868920476692522,-0.18010045535771663,-0.0015514368150802188,-0.14660533437659878,-0.020390230159647284,-0.0020483414925369981,-0.20000000000000001
5.3200000000000003,0.59823310438444088,-0.18477791707613744,-0.0018712622808472533,-0.10927798629842314,-0.010282607981544708,0.00036156507279340975,-0.20000000000000001
5.3224999999999998,0.59776826051876542,-0.18709566332262698,-0.0021215142964965414,-0.090941575553214138,-0.010282607981544708,0.00036156507279340975,-0.20000000000000001
5.3250000000000002,0.59729763293642568,-0.1894051664664203,-0.0023260516878422003,-0.072703009317865885,-0.027787847375173317,0.010932815249777966,-0.20000000000000001
5.3274999999999997,0.59681615350954176,-0.1957776594087158,-0.0024442402861129245,-0.021856358600900044,-0.027787847375173317,0.010932815249777966,-0.20000000000000001
5.3300000000000001,0.59631874629327553,-0.20214816734704993,-0.0024353530999366327,0.028966745054040878,-0.022208227228487233,0.004238596313623306,-0.20000000000000001
5.3325000000000005,0.59580703180621419,-0.20722416622273238,-0.0023124024415620893,0.069402608073884375,-0.022208227228487233,0.004238596313623306,-0.20000000000000001
5.335,0.59528262021356926,-0.21230646370351275,-0.0020882777842374215,0.10991320541215185,-0.025074800290372044,0.0095618483410038306,-0.20000000000000001
5.3375000000000004,0.59474465820675027,-0.21806515123838735,-0.0017560476898215739,0.15589471552693313,-0.025074800290372044,0.0095618483410038306,-0.20000000000000001
5.3399999999999999,0.59419228267460134,-0.22383797887086135,-0.0013086643739797952,0.20204403516741748,-0.01318858639010516,-0.0047444560971559233,-0.20000000000000001
5.3425000000000002,0.59362890697261061,-0.22686581455491614,-0.0007733870080140129,0.22621623092629645,-0.01318858639010516,-0.0047444560971559233,-0.20000000000000001
5.3449999999999998,0.59305793653414096,-0.22991413306470554,-0.00017738054987192684,0.25063164963616419,-0.00022523192354048866,0.0062722577100901315,-0.20000000000000001
5.3475000000000001,0.5924830843295612,-0.22997141394385359,0.00044974113896757066,0.25111063547242651,-0.00022523192354048866,0.0062722577100901315,-0.20000000000000001
5.3500000000000005,0.59190806052976841,-0.23005141842956003,0.001078397511154574,0.25185950576858152,0.023831374997805872,0.010947974482751796,-0.20000000000000001
5.3525,0.59133979864979236,-0.22456155796291646,0.0016531198270569388,0.20795956856516717,0.023831374997805872,0.010947974482751796,-0.20000000000000001
5.3550000000000004,0.59078523702961216,-0.21909055139254743,0.0021183818285402849,0.16428342003411445,0.021544114725808958,0.00091645000638258258,-0.20000000000000001
5.3574999999999999,0.59024366884179191,-0.2141661863438219,0.0024800223813298224,0.12505497991316539,0.021544114725808958,0.00091645000638258258,-0.20000000000000001
5.3600000000000003,0.5897143966416829,-0.20925316974426983,0.0027437689317299369,0.08596119670811013,0.010820960033802712,0.0085063095571235887,-0.20000000000000001
5.3624999999999998,0.58919428057046097,-0.20684084284151,0.0029349314147814496,0.066982505009541185,0.010820960033802712,0.0085063095571235887,-0.20000000000000001
5.3650000000000002,0.58868018736633099,-0.20443458991195043,0.0030787415235847709,0.048075900689320647,0.014976934068749713,0.0067400268990056239,-0.20000000000000001
5.3674999999999997,0.58817331162242559,-0.2010665310169821,0.0031656547700566634,0.021460935545587395,0.014976934068749713,0.0067400268990056239,-0.20000000000000001
5.3700000000000001,0.58767485308862422,-0.19770041953713796,0.0031860654547085838,-0.0051309222741030523,-0.0054467610356322138,-0.0036809849438770863,-0.20000000000000001
5.3725000000000005,0.58717887523912915,-0.19908186966723607,0.003187660600499357,0.0064071530114583972,-0.0054467610356322138,-0.0036809849438770863,-0.20000000000000001
5.375,0.58667944325709143,-0.20046389963748479,0.0032181069579994832,0.017952114231311045,0.0071935148783456894,0.00500158194733948,-0.20000000000000001
5.3775000000000004,0.58618022736862518,-0.19890899143071689,0.0032479372573872129,0.0059142652569784543,0.0071935148783456894,0.00500158194733948,-0.20000000000000001
5.3799999999999999,0.58568489785323241,-0.19735461936670781,0.0032476835863590875,-0.0061172200825329627,0.0088963159395751869,-0.015215191759989255,-0.20000000000000001
5.3825000000000003,0.58519394952992909,-0.19540383188580207,0.0032133716585381442,-0.021334783576338556,0.0088963159395751869,-0.015215191759989255,-0.20000000000000001
5.3849999999999998,0.5847078803057657,-0.19345110994290943,0.0031409905368977916,-0.036575306256860701,-0.0037393752859296368,0.0025723068554622448,-0.20000000000000001
5.3875000000000002,0.58422302508795232,-0.19443257525302032,0.0030599516767358839,-0.028261589259393587,-0.0037393752859296368,0.0025723068554622448,-0.20000000000000001
5.3899999999999997,0.58373571956117798,-0.19541148228962324,0.0029996572776427488,-0.01997825091607186,0.020307832930588521,-0.0030983356387591782,-0.20000000000000001
5.3925000000000001,0.58325295678445988,-0.19079815966939015,0.0029039207521198989,-0.056617843506690954,0.020307832930588521,-0.0030983356387591782,-0.20000000000000001
5.3950000000000005,0.58278173304590541,-0.18617969711838039,0.0027165172458006024,-0.093318416420547112,0.00090057064448069695,-0.012444005941851844,-0.20000000000000001
5.3975,0.58231642600388001,-0.18606452380246666,0.0024825381042263479,-0.093881669781148744,0.00090057064448069695,-0.012444005941851844,-0.20000000000000001
5.4000000000000004,0.58185141751166003,-0.18594084800725522,0.0022470247796844943,-0.094545872807878933,-0.0033261179627305099,-0.013325267525331004,-0.20000000000000001
5.4024999999999999,0.58138550070559136,-0.18679122413838306,0.0020195884219505918,-0.087419513352463091,-0.0033261179627305099,-0.013325267525331004,-0.20000000000000001
5.4050000000000002,0.58091746798584221,-0.1876336856878929,0.0018098489041501256,-0.080387133145160827,0.0055038996731305561,-0.011791322377907655,-0.20000000000000001
5.4074999999999998,0.5804499041788499,-0.18641607417196202,0.0015969728791217594,-0.089928950626129309,0.0055038996731305561,-0.011791322377907655,-0.20000000000000001
5.4100000000000001,0.5799853944036889,-0.18519031552479392,0.0013601235571375713,-0.099567488912141552,0.008481875283119597,-0.0097523478895411679,-0.20000000000000001
5.4125000000000005,0.57952482546258999,-0.18326321852437583,0.0010920960648247689,-0.11487372320397481,0.008481875283119597,-0.0097523478895411679,-0.20000000000000001
5.415,0.57906908698251069,-0.18132571494742317,0.00078565199384738281,-0.13030350434952168,0.003614974555707055,-0.011546282283225387,-0.20000000000000001
5.4175000000000004,0.57861679248718156,-0.18050786586959744,0.00045182040892026361,-0.13678569369275032,0.003614974555707055,-0.011546282283225387,-0.20000000000000001
5.4199999999999999,0.57816655797465921,-0.17967762991957484,0.00010160097310783539,-0.14341495857557565,-0.013624197039997971,-0.0028727494660754326,-0.20000000000000001
5.4225000000000003,0.57771340575771823,-0.18284217098632266,-0.00022514915994621991,-0.11800857010918961,-0.013624197039997971,-0.0028727494660754326,-0.20000000000000001
5.4249999999999998,0.57725235602535196,-0.18599602431663748,-0.0004885476136125633,-0.092729077072758348,0.0078579261071384122,-0.015919799691647366,-0.20000000000000001
5.4275000000000002,0.57678967495979472,-0.18414731627669767,-0.00073901374775241593,-0.10766178183563913,0.0078579261071384122,-0.015919799691647366,-0.20000000000000001
5.4299999999999997,0.5763316275661452,-0.18228886083654428,-0.0010269529669814197,-0.12271022908504406,-0.0098618618285939395,-0.0035438844074160399,-0.20000000000000001
5.4325000000000001,0.57587309086447236,-0.1845387828936238,-0.0013113195191326353,-0.10480340343008213,-0.0098618618285939395,-0.0035438844074160399,-0.20000000000000001
5.4350000000000005,0.57540894156424627,-0.18677920897569472,-0.0015510639165612571,-0.087009307408898381,-0.002829929891635496,0.0055991823587589638,-0.20000000000000001
5.4375,0.57494124473654129,-0.18737697423149013,-0.0017628554661422201,-0.082439116458077416,-0.002829929891635496,0.0055991823587589638,-0.20000000000000001
5.4400000000000004,0.57447206291543895,-0.18796727198120808,-0.0019633333723143151,-0.077957581813620266,-0.005852332828694698,-0.0084831733578969743,-0.20000000000000001
5.4424999999999999,0.57400053600963297,-0.18925315128558012,-0.0021456594421162402,-0.067916348634741497,-0.005852332828694698,-0.0084831733578969743,-0.20000000000000001
5.4450000000000003,0.57352580228687755,-0.19053287656402107,-0.0023029759885035174,-0.0579481700582722,-0.014348516187247496,-0.00022135602678648834,-0.20000000000000001
5.4474999999999998,0.57304540718252239,-0.19378252578259708,-0.0024156235853481788,-0.032177990888608329,-0.014348516187247496,-0.00022135602678648834,-0.20000000000000001
5.4500000000000002,0.57255689208973537,-0.19702925652957343,-0.0024638948018371114,-0.006442446583079426,-0.0056744077967927527,0.0010704439858492995,-0.20000000000000001
5.4524999999999997,0.5720627819064793,-0.19825886474462137,-0.0024680854746452919,0.0030896076475617641,-0.0056744077967927527,0.0010704439858492995,-0.20000000000000001
5.4550000000000001,0.57156559753267921,-0.19948875294554066,-0.0024484439938089126,0.012624985463292137,-0.0086927545247173707,0.0068725579276734646,-0.20000000000000001
5.4575000000000005,0.57106446011782308,-0.20142148433747281,-0.0023979049250639254,0.027809894447044008,-0.0086927545247173707,0.0068725579276734646,-0.20000000000000001
5.46,0.57055848801039299,-0.20335673660647724,-0.0023093695884523818,0.043024725081882445,-0.0050045481937263936,0.00018804394653621555,-0.20000000000000001
5.4625000000000004,0.57004874490484869,-0.20443846073031355,-0.0021913503836926873,0.051399101630816221,-0.0050045481937263936,0.00018804394653621555,-0.20000000000000001
5.4649999999999999,0.56953629182607224,-0.205524842037313,-0.0020523280123367106,0.059828764260269965,-0.016398261380908677,0.010024529503237194,-0.20000000000000001
5.4675000000000002,0.56901780538393421,-0.20926544076171094,-0.0018655618610086599,0.08959755687936885,-0.016398261380908677,0.010024529503237194,-0.20000000000000001
5.4699999999999998,0.56848995785247414,-0.21301416376616011,-0.001604259880961617,0.1194627724992724,0.0050904090894477467,0.0050482446892401254,-0.20000000000000001
5.4725000000000001,0.56795896975288129,-0.21177804179254972,-0.0013182921245249693,0.10933192682647273,0.0050904090894477467,0.0050482446892401254,-0.20000000000000001
5.4750000000000005,0.56743105939587735,-0.21055181789557417,-0.0010575023112102686,0.099318614818433348,-0.0030451151125848682,0.0052867460117596793,-0.20000000000000001
5.4775,0.56690383913272002,-0.21122593161127329,-0.00080262298151938781,0.10460312089375767,-0.0030451151125848682,0.0052867460117596793,-0.20000000000000001
5.4800000000000004,0.56637492184362515,-0.21190951918598311,-0.00053439298010292966,0.11000010873236105,-0.0056511654393886033,0.0036426565924279962,-0.20000000000000001
5.4824999999999999,0.56584352596329512,-0.21320892364002969,-0.00024644173876760045,0.12038152633790403,-0.0056511654393886033,0.0036426565924279962,-0.20000000000000001
5.4850000000000003,0.56530886814125958,-0.21451923001366677,6.7622510076606696e-05,0.13089238512234802,0.0033518623757306143,0.0024690430312726895,-0.20000000000000001
5.4874999999999998,0.56477353605862768,-0.21374836498001445,0.00038712570406929206,0.12473307265151035,0.0033518623757306143,0.0024690430312726895,-0.20000000000000001
5.4900000000000002,0.56424011690406162,-0.21298879573526588,0.0006913996286569018,0.11870787883727842,9.9779406777520665e-05,0.0084803307370196167,-0.20000000000000001
5.4924999999999997,0.56370763812468416,-0.21299602055412892,0.00098836133598577966,0.11888277357929984,9.9779406777520665e-05,0.0084803307370196167,-0.20000000000000001
5.4950000000000001,0.56317512783077917,-0.2130140109498023,0.0012859200074785001,0.11918549286628349,0.0023689486935381298,0.011998592195985515,-0.20000000000000001
5.4975000000000005,0.56264321845514231,-0.21251525974645616,0.0015790996927707041,0.11537927272343484,0.0023689486935381298,0.011998592195985515,-0.20000000000000001
5.5,0.56211254282463619,-0.21202695838531177,0.0018629197532574993,0.11169712245704734,-0.004973837863834674,0.0065594608511496599,-0.20000000000000001
5.5025000000000004,0.56158094156268124,-0.21325581261303572,0.0021548222522719961,0.12184579397504064,-0.004973837863834674,0.0065594608511496599,-0.20000000000000001
5.5049999999999999,0.56104625457208601,-0.2144956951548701,0.0024722578513052388,0.13212543042800673,-0.0066801592964390215,0.012195017598015381,-0.20000000000000001
5.5075000000000003,0.56050795730200176,-0.21614421566891998,0.0028195499826541037,0.14573315367979864,-0.0066801592964390215,0.012195017598015381,-0.20000000000000001
5.5099999999999998,0.55996552250785447,-0.21780592034228591,0.0032010541009685929,0.15949746757616917,0.0058642495035555551,0.0071029132206990985,-0.20000000000000001
5.5125000000000002,0.55942256079479658,-0.21656578688133971,0.0035879039238196956,0.15001013176864075,0.0058642495035555551,0.0071029132206990985,-0.20000000000000001
5.5149999999999997,0.55888268224721094,-0.21533924614841637,0.0039512392168353132,0.14068415920857752,0.010613920144258125,0.014141759039187893,-0.20000000000000001
5.5175000000000001,0.55834723407387266,-0.21302128267352322,0.0042803661376940895,0.12264099581468227,0.010613920144258125,0.014141759039187893,-0.20000000000000001
5.5200000000000005,0.55781756656427606,-0.21071444371474995,0.0045645542001392638,0.10472984993216675,0.017819163351461109,0.0017799009951725779,-0.20000000000000001
5.5225,0.55729574758196865,-0.2067420913394423,0.0047872940303049045,0.073478017263915812,0.017819163351461109,0.0017799009951725779,-0.20000000000000001
5.5250000000000004,0.55678385054429225,-0.20277641556988599,0.0049320102707309989,0.042305373839080902,0.010592021306887179,0.0054997497776246851,-0.20000000000000001
5.5274999999999999,0.55627976230207421,-0.2004946846893764,0.0050157252235468594,0.024672598073470862,0.010592021306887179,0.0054997497776246851,-0.20000000000000001
5.5300000000000002,0.55578137525522486,-0.19821519281948696,0.0050553953973368161,0.0070663889776460126,0.013738706645897224,-0.00078112990366581469,-0.20000000000000001
5.5324999999999998,0.55528960013851547,-0.195204829895858,0.00504371994638147,-0.016407587875991666,0.013738706645897224,-0.00078112990366581469,-0.20000000000000001
5.5350000000000001,0.5548053523473605,-0.19219297700393803,0.0049733427288527615,-0.039899240046489162,0.0081316984715341586,0.0057492809946003065,-0.20000000000000001
5.5375000000000005,0.55432700903565524,-0.1904809705553015,0.0048572732951226933,-0.052964635560109205,0.0081316984715341586,0.0057492809946003065,-0.20000000000000001
5.54,0.55385295149735836,-0.18876416040714059,0.0047084720480065189,-0.066087039153062355,0.0059898282907402131,-0.0026697705465074158,-0.20000000000000001
5.5425000000000004,0.55338257085852771,-0.18753928282921328,0.004531777448185721,-0.075281315190682957,0.0059898282907402131,-0.0026697705465074158,-0.20000000000000001
5.5449999999999999,0.55291526076956543,-0.18630758105831949,0.0043319979778696279,-0.084556591026737488,-0.013721255247123953,0.0015549277104843296,-0.20000000000000001
5.5475000000000003,0.55244531180347234,-0.18965052541706015,0.0041549199847258798,-0.057118475066445185,-0.013721255247123953,0.0015549277104843296,-0.20000000000000001
5.5499999999999998,0.55196701244192892,-0.19298830990836563,0.0040463545153477127,-0.029741670195304645,-0.0040039947620647744,-0.0055035967589302385,-0.20000000000000001
5.5525000000000002,0.55148319608677465,-0.19406439503505396,0.0039835070323053562,-0.020540819248588901,-0.0040039947620647744,-0.0055035967589302385,-0.20000000000000001
5.5549999999999997,0.55099669201567014,-0.19513862126021697,0.0039436320247772929,-0.011362043899452787,0.0077743705440604079,-0.0030347716285722302,-0.20000000000000001
5.5575000000000001,0.55051092634068988,-0.19347365014245785,0.0038991984271980898,-0.024188021797762225,0.0077743705440604079,-0.0030347716285722302,-0.20000000000000001
5.5600000000000005,0.55002932559251116,-0.19180648581945045,0.0038226702255707511,-0.037040029646907627,0.0036277533376747172,-0.0056492357282552147,-0.20000000000000001
5.5625,0.54955069180255889,-0.19109994795315294,0.0037236424139236945,-0.042189320795476229,0.0036277533376747172,-0.0056492357282552147,-0.20000000000000001
5.5650000000000004,0.54907382903811386,-0.19038958732388139,0.0036116858078906419,-0.047383992200170047,0.0093028151965028269,-0.0045198533699398026,-0.20000000000000001
5.5674999999999999,0.54860039648470516,-0.18835561962877931,0.0034734355198918448,-0.063226157248841924,0.0093028151965028269,-0.0045198533699398026,-0.20000000000000001
5.5700000000000003,0.54813205571736379,-0.18631591862541766,0.0032954983223621313,-0.079136366666921254,0.0045395160941154892,0.0010712243538675058,-0.20000000000000001
5.5724999999999998,0.54766743876106216,-0.18537639781679605,0.0030887993645634265,-0.086237621823035349,0.0045395160941154892,0.0010712243538675058,-0.20000000000000001
5.5750000000000002,0.54720518023928921,-0.18442906312924562,0.0028642329197941293,-0.093431637063737971,0.005074000325058314,9.7154401936248456e-05,-0.20000000000000001
5.5774999999999997,0.54674545580921774,-0.18334900751925229,0.0026203100490935268,-0.10172415072716777,0.005074000325058314,9.7154401936248456e-05,-0.20000000000000001
5.5800000000000001,0.54628844288162515,-0.18225973520489891,0.0023555209946404219,-0.1101260795671134,0.0060809174274572041,0.00028133159350050689,-0.20000000000000001
5.5825000000000005,0.54583445803719832,-0.18092639900716365,0.002067230976653755,-0.12052660700303136,0.0060809174274572041,0.00028133159350050689,-0.20000000000000001
5.585,0.54538381998550634,-0.1795821431855201,0.0017527799400986691,-0.13105676888788026,-0.010389723082983946,-0.00035761517016713563,-0.20000000000000001
5.5875000000000004,0.54493177115254088,-0.18205509820455004,0.0014502695831322542,-0.11097319044707499,-0.010389723082983946,-0.00035761517016713563,-0.20000000000000001
5.5899999999999999,0.54447355286286914,-0.18451801022480002,0.0011978146071206033,-0.091008880195735817,-0.0063200968112582939,-0.005171789470728147,-0.20000000000000001
5.5925000000000002,0.54401037052546319,-0.18602657905256378,0.00098564577711791911,-0.078741390297811242,-0.0063200968112582939,-0.005171789470728147,-0.20000000000000001
5.5949999999999998,0.5435434259082369,-0.18752801844722802,0.000804037117252486,-0.066558554535742581,-0.016667498808513374,-0.00034630309509454797,-0.20000000000000001
5.5975000000000001,0.54306972868388814,-0.19142899397936269,0.00067694268029062292,-0.035126103456523214,-0.016667498808513374,-0.00034630309509454797,-0.20000000000000001
5.6000000000000005,0.54258628358795746,-0.19532678959182032,0.00062837513750807288,-0.0037314119658203859,-0.0017503807412093198,-0.0053813667991677375,-0.20000000000000001
5.6025,0.54209742966753083,-0.19575631711468913,0.00062346792783692551,-0.00019470761389369859,-0.0017503807412093198,-0.0053813667991677375,-0.20000000000000001
5.6050000000000004,0.54160750201706642,-0.19618582700274409,0.00062740142511979254,0.0033417873663247099,-0.0069778288467017549,-0.0039182234928192604,-0.20000000000000001
5.6074999999999999,0.5411149812765127,-0.19783091622232607,0.00065237995118810085,0.016642823749307107,-0.0069778288467017549,-0.0039182234928192604,-0.20000000000000001
5.6100000000000003,0.54061834618008353,-0.19947751256559604,0.00071063045507382722,0.029961754521201402,-0.002814977094913935,-0.0014851909730649593,-0.20000000000000001
5.6124999999999998,0.54011880110346489,-0.20015904302518991,0.00079250008898436178,0.03553982131983776,-0.002814977094913935,-0.0014851909730649593,-0.20000000000000001
5.6150000000000002,0.53961754828297204,-0.20084379213203904,0.00088836140464246824,0.04115610282797235,0.0049647313899858284,-0.0017010389939287847,-0.20000000000000001
5.6174999999999997,0.53911683968067414,-0.19972364412655677,0.00098016080309849926,0.032289997937996945,0.0049647313899858284,-0.0017010389939287847,-0.20000000000000001
5.6200000000000001,0.53861892762492702,-0.19860642131153813,0.0010498403308320215,0.023458620368610225,0.0064060954096378814,-0.0082336679137884287,-0.20000000000000001
5.6225000000000005,0.53812422463765619,-0.19715623591454176,0.001094111001252854,0.011961090507601179,0.0064060954096378814,-0.0082336679137884287,-0.20000000000000001
5.625,0.53763314554240904,-0.19570713419419622,0.0011096565026222538,0.00047642544492530921,0.00030586594035007363,0.0021432617053657415,-0.20000000000000001
5.6275000000000004,0.53714391631443548,-0.19567625467040745,0.0011107305686850807,0.00038290440670588717,0.00030586594035007363,0.0021432617053657415,-0.20000000000000001
5.6299999999999999,0.53665476424015857,-0.19564540982831402,0.0011115713677517947,0.00028979512510154308,0.011259869662013953,-0.0070712341384133745,-0.20000000000000001
5.6325000000000003,0.53616887227875498,-0.19306800855050893,0.0010866148145253702,-0.02025682712871597,0.011259869662013953,-0.0070712341384133745,-0.20000000000000001
5.6349999999999998,0.53568942572705691,-0.19048877161862762,0.0010102690741530009,-0.040825239829004857,-0.0096885843427577042,0.0027334238835445127,-0.20000000000000001
5.6375000000000002,0.53521034425826786,-0.19277592700103355,0.00093134257698652414,-0.022321614824019436,-0.0096885843427577042,0.0027334238835445127,-0.20000000000000001
5.6399999999999997,0.53472554777599179,-0.19506106140680884,0.00089864100504712455,-0.0038419867845536256,0.01182304760014769,-0.0058788624341150845,-0.20000000000000001
5.6425000000000001,0.53424129013631705,-0.19234482856035479,0.00086192426473560857,-0.025534038104761961,0.01182304760014769,-0.0058788624341150845,-0.20000000000000001
5.6450000000000005,0.53376382556116131,-0.18962628204040824,0.00077094792763383901,-0.047253555020037315,-0.0048316596147644471,-0.0041410266128008638,-0.20000000000000001
5.6475,0.53328832273139781,-0.19077533900311183,0.00066448375970509083,-0.037925410984465502,-0.0048316596147644471,-0.0041410266128008638,-0.20000000000000001
5.6500000000000004,0.5328099517279864,-0.19192096141468973,0.00058128689388545728,-0.028638045617517108,-0.0016317497555074414,0.0044015205069952781,-0.20000000000000001
5.6524999999999999,0.53232964992267462,-0.19232007533984649,0.00051379975462217909,-0.025356503837220774,-0.0016317497555074414,0.0044015205069952781,-0.20000000000000001
5.6550000000000002,0.53184835326490854,-0.19271689270054676,0.00045448165497229283,-0.022102228328360316,0.0049312773866882478,0.0048400558996576125,-0.20000000000000001
5.6574999999999998,0.53136797422731796,-0.19158593562263948,0.00038795166617017283,-0.031126532355582427,0.0049312773866882478,0.0048400558996576125,-0.20000000000000001
5.6600000000000001,0.5308904259361773,-0.19045215907283114,0.00029882110079231883,-0.040184309811114385,-0.0062822691247281064,-0.0029299090212700123,-0.20000000000000001
5.6625000000000005,0.53041245800516867,-0.19192166853949283,0.00021316488750932721,-0.02834680135431223,-0.0062822691247281064,-0.0029299090212700123,-0.20000000000000001
5.665,0.52993081973270006,-0.19338861066766275,0.00015706169565921744,-0.016539774202829052,-0.0067500668033620322,0.001862167806001582,-0.20000000000000001
5.6675000000000004,0.529445380266233,-0.19496280840437402,0.00013154296854233076,-0.0038770370794844345,-0.0067500668033620322,0.001862167806001582,-0.20000000000000001
5.6699999999999999,0.52895600598323433,-0.19653665499156792,0.00013767303686224494,0.0087815309854336054,-0.0034809212760626238,-0.0084990799952850728,-0.20000000000000001
5.6725000000000003,0.52846364628483222,-0.19735128580782663,0.00016782878405748733,0.015345228496520339,-0.0034809212760626238,-0.0084990799952850728,-0.20000000000000001
5.6749999999999998,0.52796924839606063,-0.19816730648281039,0.00021441292936526585,0.021925427189398269,0.004126765742079758,-0.0084556069736429606,-0.20000000000000001
5.6775000000000002,0.52747501875794001,-0.19721667761579939,0.00025972033638053515,0.014323746716081864,0.004126765742079758,-0.0084556069736429606,-0.20000000000000001
5.6799999999999997,0.52698316392691213,-0.19626734617842764,0.00028604449772917645,0.0067374697233822129,0.015365435501569408,-0.011162562589316243,-0.20000000000000001
5.6825000000000001,0.52649694727854457,-0.19270585865004922,0.0002671843102911508,-0.021826971464280753,0.015365435501569408,-0.011162562589316243,-0.20000000000000001
5.6850000000000005,0.52601963628135384,-0.18914239384709081,0.00017689007919761683,-0.05041488669847051,0.009694420460343571,-0.0016075488744836824,-0.20000000000000001
5.6875,0.52554959121708089,-0.18689276036573382,2.8300020824232946e-05,-0.068467812113868237,0.009694420460343571,-0.0016075488744836824,-0.20000000000000001
5.6900000000000004,0.52508517764672746,-0.18463692578106619,-0.00016551033024239903,-0.086594361731944763,0.014505998263172675,0.0064122565867606581,-0.20000000000000001
5.6924999999999999,0.52462781128246982,-0.18125465373408439,-0.00041597889070158194,-0.11379843854241764,0.014505998263172675,0.0064122565867606581,-0.20000000000000001
5.6950000000000003,0.52417891296297137,-0.17786207905998297,-0.00073460446294136084,-0.14112485234096789,-0.011574032882025933,-0.018869793829136724,-0.20000000000000001
5.6974999999999998,0.52373093314224128,-0.1805198070827293,-0.0010608626610115193,-0.11990509931267594,-0.011574032882025933,-0.018869793829136724,-0.20000000000000001
5.7000000000000002,0.52327632297964954,-0.18316667158720429,-0.0013342374224008455,-0.098814313938796638,-0.020006674234399401,-0.011150452752745173,-0.20000000000000001
5.7024999999999997,0.52281265687633038,-0.18776499536822658,-0.0015353423248851104,-0.062084036669221535,-0.020006674234399401,-0.011150452752745173,-0.20000000000000001
5.7050000000000001,0.52233750269388757,-0.19235768927926894,-0.0016447132800671623,-0.025420575731127208,0.0041347270439034464,0.0048258909810814186,-0.20000000000000001
5.7075000000000005,0.52185788538778954,-0.19133570833692121,-0.0017188102206448029,-0.03386228738985167,0.0041347270439034464,0.0048258909810814186,-0.20000000000000001
5.71,0.52138082670702057,-0.19031066137552533,-0.001814055052290951,-0.042340404212829724,-0.0038742290630309449,-0.0032842043757684248,-0.20000000000000001
5.7125000000000004,0.52090400802612469,-0.19114369261872355,-0.0019118585569588269,-0.035909412332813674,-0.0038742290630309449,-0.0032842043757684248,-0.20000000000000001
5.7149999999999999,0.52042511095475819,-0.19197347054806865,-0.0019936342957141678,-0.029517042325039773,-0.009067566368290739,0.012275579748265666,-0.20000000000000001
5.7175000000000002,0.51994263381875971,-0.19400791364509212,-0.0020473498216091526,-0.013459231403016473,-0.009067566368290739,0.012275579748265666,-0.20000000000000001
5.7199999999999998,0.51945507240301581,-0.19604113679099716,-0.0020609425181579563,0.0025840989569291331,-0.0057381787182318204,0.0061228098448352459,-0.20000000000000001
5.7225000000000001,0.51896339539487979,-0.19730058294510491,-0.0020421972549539988,0.012413455706227252,-0.0057381787182318204,0.0061228098448352459,-0.20000000000000001
5.7250000000000005,0.51846856855096957,-0.19856115394391818,-0.001998864112855942,0.022256165295466701,-0.017199865843560536,0.00041923239938712186,-0.20000000000000001
5.7275,0.51796725739916893,-0.20248834015388623,-0.0019041467603958728,0.053524512706078879,-0.017199865843560536,0.00041923239938712186,-0.20000000000000001
5.7300000000000004,0.51745612280530895,-0.20642038049243416,-0.0017311935454403635,0.084850468054368772,-0.02060434935363821,-0.018376319140249769,-0.20000000000000001
5.7324999999999999,0.51693415980626234,-0.21115158642466758,-0.001471872799490861,0.12262473428394879,-0.02060434935363821,-0.018376319140249769,-0.20000000000000001
5.7350000000000003,0.51640035560889852,-0.21589391017784365,-0.0011179599166321857,0.16053095808857243,-0.00041677895059259143,0.0029756747785367453,-0.20000000000000001
5.7374999999999998,0.51586054428027206,-0.21595757787195102,-0.00071618888188909884,0.16091466642563787,-0.00041677895059259143,0.0029756747785367453,-0.20000000000000001
5.7400000000000002,0.5153205555793271,-0.21603581512096257,-0.00031324242905205943,0.16147137676296189,0.027329432790275495,-0.0035661504341360298,-0.20000000000000001
5.7424999999999997,0.51478841558489663,-0.20967823142120556,2.6557049050597971e-05,0.110392560039016,0.027329432790275495,-0.0035661504341360298,-0.20000000000000001
5.7450000000000001,0.51427215609221211,-0.20333064455875866,0.00023881927576027953,0.059432439795241883,0.015103056534887702,-0.0066282633373001294,-0.20000000000000001
5.7475000000000005,0.51376820510583265,-0.19983082996716431,0.00035230708112496867,0.031365941774918304,0.015103056534887702,-0.0066282633373001294,-0.20000000000000001
5.75,0.5132729995747306,-0.19633385689541571,0.00039567709269345132,0.0033331776166503346,0.0166959195934402,0.002221675645017547,-0.20000000000000001
5.7525000000000004,0.51278699842780262,-0.19246687696298476,0.00036525844624612635,-0.027670275379308357,0.0166959195934402,0.002221675645017547,-0.20000000000000001
5.7549999999999999,0.51231066727885444,-0.18859739023071229,0.00025730091673925733,-0.058703488219198158,0.020103963245501927,0.00019560460951701116,-0.20000000000000001
5.7575000000000003,0.51184500622549511,-0.18393028363450847,6.3734522059462334e-05,-0.096163504237079631,0.020103963245501927,0.00019560460951701116,-0.20000000000000001
5.7599999999999998,0.51139102311783835,-0.17925446795256639,-0.00022360276830279586,-0.13372692332684449,-0.0051606285907014535,-0.0087350858880968392,-0.20000000000000001
5.7625000000000002,0.51094140252917297,-0.18044005618864034,-0.00054605603737837042,-0.12425880676447909,-0.0051606285907014535,-0.0087350858880968392,-0.20000000000000001
5.7649999999999997,0.51048883221398411,-0.18161439088279105,-0.00084500813719745117,-0.11492430462656508,-0.0061260668691743968,0.0033806004369264365,-0.20000000000000001
5.7675000000000001,0.51003305870926174,-0.18300276116304096,-0.0011185273502799264,-0.10391067584242698,-0.0061260668691743968,0.0033806004369264365,-0.20000000000000001
5.7700000000000005,0.50957382625144976,-0.1843817186302211,-0.0013646546333468544,-0.093008797832746973,-0.0095106094219768456,-0.0070214989316646778,-0.20000000000000001
5.7725,0.50911017365194233,-0.18653908566905908,-0.0015757556955037918,-0.0758871908987135,-0.0095106094219768456,-0.0070214989316646778,-0.20000000000000001
5.7750000000000004,0.50864113655338383,-0.18868957570744432,-0.0017441586099580708,-0.058847218486932591,-0.00017834520898105479,-0.00032699503206281362,-0.20000000000000001
5.7774999999999999,0.5081694419953029,-0.18866517916477285,-0.0018918245492055719,-0.059296118589965786,-0.00017834520898105479,-0.00032699503206281362,-0.20000000000000001
5.7800000000000002,0.50769781513245205,-0.18863541227239025,-0.0020406923323545299,-0.059808779718968579,0.0025709275592398894,0.0013915265273246162,-0.20000000000000001
5.7824999999999998,0.50722706833215503,-0.18796108240544232,-0.0021973383844074959,-0.065519289263359565,0.0025709275592398894,0.0013915265273246162,-0.20000000000000001
5.7850000000000001,0.50675801466361459,-0.18728082020501546,-0.0023683474732244122,-0.071300238286381795,-0.0057977861463436066,0.0080244243214321557,-0.20000000000000001
5.7875000000000005,0.50628823783254773,-0.18853964165624101,-0.0025343723097364644,-0.061531537251580504,-0.0057977861463436066,0.0080244243214321557,-0.20000000000000001
5.79,0.50581532110150074,-0.18979288717238862,-0.0026760603127881453,-0.051829026547388649,-0.014162231489300839,-0.003788368065471703,-0.20000000000000001
5.7925000000000004,0.50533684677820234,-0.1929859788906895,-0.0027740427736716801,-0.026563974205273573,-0.014162231489300839,-0.003788368065471703,-0.20000000000000001
5.7949999999999999,0.504850393214894,-0.1961766608896543,-0.0028089040104877609,-0.0013275175335587565,-0.022866599690739838,-0.0064632507224502292,-0.20000000000000001
5.7975000000000003,0.50435343426809276,-0.20139079032779708,-0.0027603671142781613,0.040160519572427514,-0.022866599690739838,-0.0064632507224502292,-0.20000000000000001
5.7999999999999998,0.50384343622449534,-0.2066085663715409,-0.0026080653631664237,0.081691817406373712,-0.011821268886823182,0.006065915346043632,-0.20000000000000001
5.8025000000000002,0.50332359480574096,-0.20926596159962141,-0.0023776126139879719,0.10268691472041259,-0.011821268886823182,0.006065915346043632,-0.20000000000000001
5.8049999999999997,0.50279709865899003,-0.21193266654336734,-0.0020945387150273997,0.12379251004402822,-0.00073136209851391637,0.0043321147361515917,-0.20000000000000001
5.8075000000000001,0.50226714463752609,-0.21203242284275234,-0.0017844211318652076,0.1243237861339908,-0.00073136209851391637,0.0043321147361515917,-0.20000000000000001
5.8100000000000005,0.50173692716364415,-0.21214343750589368,-0.0014728083979850452,0.12498873781171528,0.0035727690736087076,0.011368691892823119,-0.20000000000000001
5.8125,0.50120766872059186,-0.21126514818278641,-0.0011694106441516735,0.11775120997395698,0.0035727690736087076,0.011368691892823119,-0.20000000000000001
5.8150000000000004,0.50068059253922426,-0.21039752004399861,-0.00088394686437096731,0.11064027426143906,0.0080319697096640323,0.013652171924829655,-0.20000000000000001
5.8174999999999999,0.50015696853722713,-0.20850323538338189,-0.00062651726794128834,0.095321853284600119,0.0080319697096640323,0.013652171924829655,-0.20000000000000001
5.8200000000000003,0.49963806917066678,-0.20661758150455062,-0.00040725220526187882,0.080105913276101434,0.0038865708256515478,0.014943426493357852,-0.20000000000000001
5.8224999999999998,0.49912267000527683,-0.20570290405300837,-0.0002162411799870761,0.072716599479902944,0.0038865708256515478,0.014943426493357852,-0.20000000000000001
5.8250000000000002,0.49860954916292716,-0.204794812186914,-4.3604055360559545e-05,0.065405476015830161,-0.0041978895666862949,-0.0063363430828105366,-0.20000000000000001
5.8274999999999997,0.49809634180595785,-0.20577211984575264,0.00012971275442741489,0.073260396202403821,-0.0041978895666862949,-0.0063363430828105366,-0.20000000000000001
5.8300000000000001,0.49758068303507169,-0.20675606241455124,0.00032276356652266786,0.081194092077761584,-0.0025994589594078537,-0.00066993003860556547,-0.20000000000000001
5.8325000000000005,0.49706301984260975,-0.20737575495694865,0.00053202545928458193,0.086230422645519514,-0.0025994589594078537,-0.00066993003860556547,-0.20000000000000001
5.835,0.49654379775332491,-0.20800325653034393,0.00075399293814127375,0.091359471326192279,0.012713711431584389,0.0045621289864005493,-0.20000000000000001
5.8375000000000004,0.49602744639931579,-0.2050790298087998,0.00095316601363929008,0.067993271750566492,0.012713711431584389,0.0045621289864005493,-0.20000000000000001
5.8399999999999999,0.49551839747055454,-0.20216096417085078,0.0010940202391348272,0.044700210271590768,0.015439111628428507,0.0076477505249745881,-0.20000000000000001
5.8425000000000002,0.49501743015496696,-0.19861334954441284,0.0011703464610347894,0.01636624217342917,0.015439111628428507,0.0076477505249745881,-0.20000000000000001
5.8449999999999998,0.4945253294868272,-0.1950672183599596,0.0011758661210964684,-0.011950117763534395,-0.00099285640330524887,-0.0088677569622305618,-0.20000000000000001
5.8475000000000001,0.49403732013385587,-0.19534010140414751,0.0011489348812738214,-0.009596804748195218,-0.00099285640330524887,-0.0088677569622305618,-0.20000000000000001
5.8500000000000005,0.49354862970404867,-0.19561211527035835,0.0011278734986549545,-0.0072538112110310995,-0.00084901407051271019,-0.0045003898505801849,-0.20000000000000001
5.8525,0.49305930190290459,-0.19585003175154095,0.0011123236195961042,-0.0051872067992194491,-0.00084901407051271019,-0.0045003898505801849,-0.20000000000000001
5.8550000000000004,0.4925693799367552,-0.1960874784251582,0.0011019328169413294,-0.0031261802475875248,0.0060680812176535483,0.0057757557783741729,-0.20000000000000001
5.8574999999999999,0.49208087472953904,-0.19471655819030603,0.001080546461497079,-0.013984437398404128,0.0060680812176535483,0.0057757557783741729,-0.20000000000000001
5.8600000000000003,0.49159579820155386,-0.19334437098729576,0.0010319980966084867,-0.024857735371065268,2.2262481933411037e-05,0.00268623834523928,-0.20000000000000001
5.8624999999999998,0.49111239794492367,-0.19337546204343306,0.00097034554035332194,-0.024468729459864582,2.2262481933411037e-05,0.00268623834523928,-0.20000000000000001
5.8650000000000002,0.49062892273802172,-0.19340433687735811,0.00090963252449260132,-0.024106035704811318,0.0035471186066671498,0.0045122268969224923,-0.20000000000000001
5.8674999999999997,0.4901464023400342,-0.19261157047367336,0.00084156727348732717,-0.030351044975583753,0.0035471186066671498,0.0045122268969224923,-0.20000000000000001
5.8700000000000001,0.48966586717658461,-0.19181605473254812,0.00075785010149053095,-0.036628694610808546,-0.0016048776733142104,-0.011375997244224835,-0.20000000000000001
5.8725000000000005,0.48918582775243796,-0.19221495665360552,0.00067041497399657798,-0.033325675369832358,-0.0016048776733142104,-0.011375997244224835,-0.20000000000000001
5.875,0.48870479490831692,-0.19261084029086536,0.0005911918647692675,-0.030058491342258502,-0.0082339776126244199,-0.012586167369076541,-0.20000000000000001
5.8775000000000004,0.48822084952012812,-0.19454513442485685,0.00053556692806230714,-0.01444544546908721,-0.0082339776126244199,-0.012586167369076541,-0.20000000000000001
5.8799999999999999,0.48773207032616589,-0.1964781204138249,0.00051895169598852725,0.0011520685647388052,6.3771009843027228e-05,-0.0080284299610562642,-0.20000000000000001
5.8825000000000003,0.48724087001029059,-0.19648215046700607,0.00052196257886294407,0.0012568535832422887,6.3771009843027228e-05,-0.0080284299610562642,-0.20000000000000001
5.8849999999999998,0.48674965947897253,-0.19648629435991105,0.00052523709010554869,0.0013629901587742838,0.012820364696379379,0.00039348811111538089,-0.20000000000000001
5.8875000000000002,0.48626214527653877,-0.19352490918862039,0.00049900673711268792,-0.022349152974512437,0.012820364696379379,0.00039348811111538089,-0.20000000000000001
5.8899999999999997,0.48578203662028346,-0.19056149923923754,0.00041347129494747936,-0.046085333368630001,0.014935104100857233,0.0048511064304174343,-0.20000000000000001
5.8925000000000001,0.48530995576534147,-0.18710227965510701,0.00026360327718891706,-0.073819825641482706,0.014935104100857233,0.0048511064304174343,-0.20000000000000001
5.8950000000000005,0.48484653079390971,-0.18363637335687286,4.430601571449983e-05,-0.101633704496044,-0.0030131847300800471,-0.012087740848418099,-0.20000000000000001
5.8975,0.48438656611039155,-0.1843338817270046,-0.00020276762227356218,-0.096042917342411993,-0.0030131847300800471,-0.012087740848418099,-0.20000000000000001
5.9000000000000004,0.48392486863308742,-0.18502269192313842,-0.00043599462423813838,-0.090555403573666204,-0.0057528433034371189,-0.00227993267797861,-0.20000000000000001
5.9024999999999999,0.48346066338845323,-0.18634021614006505,-0.00064923181932367597,-0.080049640027570895,-0.0057528433034371189,-0.00227993267797861,-0.20000000000000001
5.9050000000000002,0.48299317359426014,-0.18765048942548462,-0.00083631455552340538,-0.069629962012042121,0.0052262118380182916,-0.0099269891266756845,-0.20000000000000001
5.9074999999999998,0.48252560651341692,-0.18640204791308668,-0.0010230674973424911,-0.079785777006639552,0.0052262118380182916,-0.0099269891266756845,-0.20000000000000001
5.9100000000000001,0.48206116937440041,-0.18514638215646012,-0.0012353149171193227,-0.090027371004498966,-0.014384988814634103,-0.0085763182659002127,-0.20000000000000001
5.9125000000000005,0.48159418274068244,-0.18844176340450622,-0.0014275154753539596,-0.06374686154129372,-0.014384988814634103,-0.0085763182659002127,-0.20000000000000001
5.915,0.48111896537213067,-0.19173136636587998,-0.0015541063743558883,-0.037534938607561671,0.0065853470328545403,0.0043878679105296605,-0.20000000000000001
5.9175000000000004,0.48064162233106189,-0.19014240226433698,-0.0016641652939892006,-0.050520084325477763,0.0065853470328545403,0.0043878679105296605,-0.20000000000000001
5.9199999999999999,0.48016825717172723,-0.18854886471261326,-0.0018067520485155683,-0.06355953725312842,-0.0024518715234762133,-0.01253775184781228,-0.20000000000000001
5.9225000000000003,0.47969625675970418,-0.18905053383773088,-0.0019609285008398425,-0.059792678381854279,-0.0024518715234762133,-0.01253775184781228,-0.20000000000000001
5.9249999999999998,0.47922300901571413,-0.18954678665228333,-0.0021057690213543302,-0.056090122563753994,-0.011001442397763949,-0.0051159088226627849,-0.20000000000000001
5.9275000000000002,0.47874604272363191,-0.19202554767213176,-0.0022214760999914526,-0.036483840913013377,-0.011001442397763949,-0.0051159088226627849,-0.20000000000000001
5.9299999999999997,0.47826288403341044,-0.19450100106028723,-0.0022882209375229283,-0.016916817551697653,-0.00023554319742439471,-0.0030680490181881118,-0.20000000000000001
5.9325000000000001,0.47777666735154145,-0.19447208491683948,-0.0023312011487669169,-0.017470432599411407,-0.00023554319742439471,-0.0030680490181881118,-0.20000000000000001
5.9350000000000005,0.47729052492731122,-0.19444158645192644,-0.0023755887543790329,-0.018042833934456735,-0.010905642522960177,-0.00036461850989195579,-0.20000000000000001
5.9375,0.47680136026528569,-0.19689001656710517,-0.0023965292917111553,0.0012889014773929224,-0.010905642522960177,-0.00036461850989195579,-0.20000000000000001
5.9400000000000004,0.47630607474703407,-0.1993385635438113,-0.0023691430904892357,0.020622023881536247,0.0042151306186099819,-0.005341060111930954,-0.20000000000000001
5.9424999999999999,0.4758090596835382,-0.19827373141771085,-0.0023286900069232194,0.01174334224026719,0.0042151306186099819,-0.005341060111930954,-0.20000000000000001
5.9450000000000003,0.47531470520409447,-0.19720996244313097,-0.00231041586051023,0.0028772846829740097,0.0083899386961363096,-0.0083538968875708688,-0.20000000000000001
5.9474999999999998,0.47482422277007147,-0.19517590257632939,-0.0023240443038337602,-0.013781015510790617,0.0083899386961363096,-0.0083538968875708688,-0.20000000000000001
5.9500000000000002,0.47433882673044281,-0.19314059559328786,-0.002379333279664715,-0.030454126119068933,0.011258378082787283,-0.011313743344455254,-0.20000000000000001
5.9524999999999997,0.47385935559883385,-0.19043568430002145,-0.002483036652318926,-0.052515999844310872,0.011258378082787283,-0.011313743344455254,-0.20000000000000001
5.9550000000000001,0.47338665226745902,-0.1877260224771321,-0.0026419602951550519,-0.0746342968801047,-0.0082657321653419533,-0.0092352666104472108,-0.20000000000000001
5.9575000000000005,0.47291505781615528,-0.18954851877643911,-0.0028107091588657845,-0.060376898575018954,-0.0082657321653419533,-0.0092352666104472108,-0.20000000000000001
5.96,0.47243891423409462,-0.19136554191676569,-0.0029438989188578868,-0.046184463689787437,-0.00029851565260283078,-0.0060058868236097761,-0.20000000000000001
5.9625000000000004,0.47196054869547066,-0.19132618637995022,-0.0030602668982365484,-0.046918261695816241,-0.00029851565260283078,-0.0060058868236097761,-0.20000000000000001
5.9649999999999999,0.47148228684288912,-0.19128258163243397,-0.0031785322654649122,-0.047702509939219678,-0.0067358905355030399,-0.0014445510908053145,-0.20000000000000001
5.9675000000000002,0.47100226883014545,-0.19273119242662615,-0.0032837985846233121,-0.036518096094524562,-0.0067358905355030399,-0.0014445510908053145,-0.20000000000000001
5.9699999999999998,0.47051863363898622,-0.19417649300630624,-0.0033611554849619909,-0.025372973110681797,-0.0032817701442354173,0.0060689195550203611,-0.20000000000000001
5.9725000000000001,0.47003239197014351,-0.19481649418754748,-0.0034187474407941267,-0.020704721326815157,-0.0032817701442354173,0.0060689195550203611,-0.20000000000000001
5.9750000000000005,0.46954455273118717,-0.19545461941556194,-0.0034646976479765688,-0.016058739418059884,-0.0056742649592143399,-0.0036551505043395612,-0.20000000000000001
5.9775,0.46905442488172422,-0.19664748627436174,-0.0034934719205663546,-0.0069627425990955016,-0.0056742649592143399,-0.0036551505043395612,-0.20000000000000001
5.9800000000000004,0.46856131582564231,-0.19783972204776074,-0.0034995176024854068,0.0021257632974775661,-0.013579906195102158,-0.010878326001325553,-0.20000000000000001
5.9824999999999999,0.46806292891406565,-0.2008700196764823,-0.0034643909947338876,0.02597804392005082,-0.013579906195102158,-0.010878326001325553,-0.20000000000000001
5.9850000000000003,0.46755696376299533,-0.20390267452389407,-0.0033696040753989076,0.049858294780718418,-0.003790038095204503,-0.0012473710683283078,-0.20000000000000001
5.9874999999999998,0.46704625648791892,-0.20466394107556693,-0.0032379024638317351,0.055512438435578328,-0.003790038095204503,-0.0012473710683283078,-0.20000000000000001
5.9900000000000002,0.46653363986646762,-0.2054302374334403,-0.003091992129235849,0.061226291940553436,0.0069115203645618338,0.0039780484335247383,-0.20000000000000001
5.9924999999999997,0.4660222103197314,-0.203714216134533,-0.0029566915934952994,0.047023829814087759,0.0069115203645618338,0.0039780484335247383,-0.20000000000000001
5.9950000000000001,0.46551506524032998,-0.2020024498223148,-0.0028568308737374503,0.032871900532594471,0.010722789073068242,-0.00021082669544933823,-0.20000000000000001
5.9975000000000005,0.46501330306608346,-0.19940762507897014,-0.0028011974711516013,0.011638806492283455,0.010722789073068242,-0.00021082669544933823,-0.20000000000000001
6,0.46451802623778077,-0.19681385309589114,-0.0027986264229142624,-0.0095817834138172929,0.010722789073068242,-0.00021082669544933823,-0.20000000000000001
