# {"fell": false, "fall_time": null, "duration": 6.0, "label": "hand-tuned", "gains": [4.0, 0.5, 0.15, 0.1], "start_pitch": 0.10000736613927509, "seed": 100}
t,x,x_dot,theta,theta_dot,torque,pitch_reference,velocity_goal
0,0,0,0.10000736613927509,0,0,-0.00057951160465550275,0
0.0025000000000000001,-4.433636440817969e-06,-0.0035471932433703592,0.10006026873295047,0.042325577147496726,0,-0.00057951160465550275,0
0.0050000000000000001,-1.7738807446616197e-05,-0.0070977959565019129,0.10021902905222681,0.084693187515085616,0,-0.0014322377355529708,0
0.0074999999999999997,-3.9928298740458011e-05,-0.010655217833056589,0.10048380473716845,0.12714488083168957,0,-0.0014322377355529708,0
0.01,-7.1023420768283877e-05,-0.014222868986320608,0.10085485858980683,0.16972273962666784,0.40000000000000002,-0.00078640757811256805,0
0.012500000000000001,3.3479765439615875e-06,0.073726629150871151,0.10041609663183704,-0.52079629405178662,0.40000000000000002,-0.00078640757811256805,0
0.014999999999999999,0.00029770795531269595,0.16179381085837879,0.098249930086506232,-1.2124503000906137,0.40000000000000002,-0.019687850450725387,0
0.017500000000000002,0.00081254168324463357,0.25013012566534526,0.094351671447830091,-1.9067093333958984,0.40000000000000002,-0.019687850450725387,0
0.02,0.0015487003329798612,0.33887580908902992,0.088713053964894997,-2.6049581977077341,0.40000000000000002,-0.033847937288919154,0
0.022499999999999999,0.002507364402167216,0.42775876514260402,0.081322510869186168,-3.3052828706090867,0.40000000000000002,-0.033847937288919154,0
0.025000000000000001,0.0036840591491176609,0.51290900222621583,0.072213140619623528,-3.9769260755740432,0.26587882291902026,-0.048479958057433978,0
0.0275,0.0050406895311425866,0.57248642771439617,0.061687037063354641,-4.4449539059147254,0.26587882291902026,-0.048479958057433978,0
0.029999999999999999,0.0065469455566158118,0.63260805883149829,0.049983315040128172,-4.9190420411927178,0.10529245262730051,-0.062054462790047948,0
0.032500000000000001,0.0081576296583353424,0.65600070412849898,0.037460285573001684,-5.1001935559694909,0.10529245262730051,-0.062054462790047948,0
0.035000000000000003,0.0098272481536219279,0.67975203232806602,0.024478321550485412,-5.286174436382379,-0.11806566740299954,-0.068054883632980345,0
0.037499999999999999,0.01149179167273703,0.65192362923818747,0.011546482354325502,-5.0599525803262866,-0.11806566740299954,-0.068054883632980345,0
0.040000000000000001,0.013087085003069513,0.62435738486720427,-0.00082479572193150386,-4.8377538718515467,-0.25395943652923186,-0.063203521583849925,0
0.042500000000000003,0.014574339658188214,0.56549937672253126,-0.012328652029800036,-4.3660448192655403,-0.25395943652923186,-0.063203521583849925,0
0.044999999999999998,0.015914862724978957,0.50697743655862748,-0.022658633096825639,-3.8986645223780592,-0.40000000000000002,-0.050102585244801962,0
0.047500000000000001,0.017067144641999793,0.41491535932145152,-0.031485232195654959,-3.1633720903740019,-0.40000000000000002,-0.050102585244801962,0
0.050000000000000003,0.017989765144183555,0.32324245029740029,-0.038479075343484284,-2.4323656628852164,-0.40000000000000002,-0.031053267443060778,0
0.052499999999999998,0.018683638225669593,0.23190596617948589,-0.043650055500402393,-1.7049442212244135,-0.40000000000000002,-0.031053267443060778,0
0.055,0.019149508011287363,0.14082432690975849,-0.047006018928452693,-0.98018364925939627,-0.40000000000000002,-0.014297264491264223,0
0.057500000000000002,0.019387888187354832,0.049896232166995236,-0.048552296934917465,-0.25700749261522848,-0.40000000000000002,-0.014297264491264223,0
0.059999999999999998,0.019399023519924771,-0.040990758036087385,-0.048291408762874861,0.46574666177567847,-0.38624117043770528,0.0051420437501312997,0
0.0625,0.019186856630118054,-0.1287639001577176,-0.046254908029065789,1.1636723032507128,-0.38624117043770528,0.0051420437501312997,0
0.065000000000000002,0.018755055441786517,-0.21671482965262107,-0.042471506590327085,1.8634428475032021,-0.24959091809568701,0.023529265597968814,0
0.067500000000000004,0.018142670775443171,-0.27323488026683901,-0.037253344376002237,2.3115486353839807,-0.24959091809568701,0.023529265597968814,0
0.070000000000000007,0.01738865559822339,-0.33002504685564071,-0.030911261221668606,2.7626539134882249,-0.10540465012861032,0.034846153610840723,0
0.072499999999999995,0.016534148919273895,-0.35362316517541587,-0.023773308722869368,2.9482233991583335,-0.10540465012861032,0.034846153610840723,0
0.074999999999999997,0.015620323283815251,-0.37748098022826126,-0.016167521390298513,3.1369396842522104,0.042749281991138088,0.037784224974168071,0
0.077499999999999999,0.014689567275405815,-0.3671629976631498,-0.0084315874244877218,3.0523074887771107,0.042749281991138088,0.037784224974168071,0
0.080000000000000002,0.01378431249735188,-0.3570799549375504,-0.00090349765368300146,2.9706587961791344,0.14360221773668952,0.033373055929109503,0
0.082500000000000004,0.012933277171786106,-0.32378683100950612,0.0061887958079366399,2.7036547085242377,0.14360221773668952,0.033373055929109503,0
0.085000000000000006,0.012165188444362781,-0.29072141141057128,0.012617106302108317,2.4394458555207796,0.29223176581750998,0.029887312396508409,0
0.087500000000000008,0.011522658681605166,-0.22333893399991517,0.018041494815152513,1.9004871633430529,0.29223176581750998,0.029887312396508409,0
0.089999999999999997,0.011048327224962923,-0.15615581333790018,0.022121442079556908,1.3638045891239341,0.30030811934247248,0.016719253051117853,0
0.092499999999999999,0.010744097304213565,-0.087248986140559828,0.024843110133464481,0.81376146239072056,0.30030811934247248,0.016719253051117853,0
0.095000000000000001,0.010612003003828214,-0.018437089408031876,0.026191125214183486,0.26476766928830764,0.28345265343778758,0.0037749266685203221,0
0.097500000000000003,0.010646992957600521,0.04642893063628864,0.026206526102862556,-0.25244561588280823,0.28345265343778758,0.0037749266685203221,0
0.10000000000000001,0.01084417238571779,0.11132456254460819,0.024928624537499718,-0.76998553058211483,0.24060239857375312,-0.0073891782477890806,0
0.10250000000000001,0.011191248949827381,0.16635485117890225,0.02245568283843033,-1.2085717268849909,0.24060239857375312,-0.0073891782477890806,0
0.105,0.01167605577214865,0.22151588769920141,0.018884534503727603,-1.6486340150911314,0.14346752812076891,-0.018746505321576658,0
0.1075,0.01227075622075275,0.25427268741005721,0.014437472997722894,-1.9093464680154888,0.14346752812076891,-0.018746505321576658,0
0.11,0.012947567761855728,0.28720763792047826,0.0093360467046721164,-2.1721646569403754,0.039776185039085331,-0.025579757407971984,0
0.1125,0.013676826819797185,0.29623094373128916,0.0038166925469318297,-2.2437006220263558,0.039776185039085331,-0.025579757407971984,0
0.115,0.014428880575338169,0.30544396112308109,-0.0018843883914563065,-2.3175550228256894,-0.092244908492309222,-0.030762643777483101,0
0.11750000000000001,0.015165846754316554,0.28416085598086749,-0.0074649595078004312,-2.1472896821373779,-0.092244908492309222,-0.030762643777483101,0
0.12,0.01584984066197366,0.26306467168367137,-0.012622721503386834,-1.9792856867205877,-0.17320754585882051,-0.028940366879965908,0
0.1225,0.016457801086845851,0.22333272109095562,-0.017174286907034434,-1.6623071894789394,-0.17320754585882051,-0.028940366879965908,0
0.125,0.016966639751128845,0.18376320871896951,-0.020935834290021757,-1.3472198556889234,-0.25088890048967505,-0.01838143597679728,0
0.1275,0.017354176799358873,0.12628683482403166,-0.023730569066151726,-0.88879748792666846,-0.25088890048967505,-0.01838143597679728,0
0.13,0.017598156303706508,0.068909152498865769,-0.025380743934996074,-0.43148054442965328,-0.22749638472883088,-0.0072287253810254014,0
0.13250000000000001,0.017705553721722604,0.017012972743714196,-0.025942954559011189,-0.018334766859365803,-0.22749638472883088,-0.0072287253810254014,0
0.13500000000000001,0.017683222876588765,-0.034881156752622114,-0.025472436849867913,0.39478811103829953,-0.18967345887794085,0.0045097520451601036,0
0.13750000000000001,0.017542091602296545,-0.078033980189489038,-0.024056779729792893,0.73785193205150135,-0.18967345887794085,0.0045097520451601036,0
0.14000000000000001,0.017292987571830669,-0.12126521328058437,-0.021782436201158953,1.0818043777375421,-0.12666921720040317,0.012936337311886387,0
0.14250000000000002,0.016953968473508,-0.14996958731394322,-0.018793623255783612,1.309472691535835,-0.12666921720040317,0.012936337311886387,0
0.14499999999999999,0.016543033882509633,-0.17880081066262127,-0.015233840191701957,1.5386196893065949,-0.048074135588093918,0.020639450691483416,0
0.14749999999999999,0.016082675968688748,-0.18950910859233944,-0.011282474530280511,1.6227548272941192,-0.048074135588093918,0.020639450691483416,0
0.14999999999999999,0.015595367922162821,-0.20036190639781895,-0.0071186237385360692,1.7086207895886862,0.022465864143919181,0.019678442612111883,0
0.1525,0.015101238192381678,-0.19496616614172124,-0.002902486712655303,1.6645826656407026,0.022465864143919181,0.019678442612111883,0
0.155,0.01462041683184049,-0.18971474422702492,0.0012057427171721482,1.6222884017786308,0.12237704902902301,0.022314822194719877,0
0.1575,0.014181578190642649,-0.16137854881755451,0.0049772053556507104,1.3951496902716272,0.12237704902902301,0.022314822194719877,0
0.16,0.013813419154682382,-0.13316821551836297,0.0081827415534080905,1.1695110416275996,0.13629354591572659,0.012937459492592274,0
0.16250000000000001,0.013519690258938739,-0.10183124862649182,0.010793352049477553,0.91916955195814776,0.13629354591572659,0.012937459492592274,0
0.16500000000000001,0.013304190263478604,-0.070581413940889307,0.012779440615564453,0.66984930667627762,0.16056096436560269,0.0069770691884804047,0
0.16750000000000001,0.013173779012155603,-0.033756141079050658,0.014086607993855966,0.37598374164054266,0.16056096436560269,0.0069770691884804047,0
0.17000000000000001,0.013135378653062106,0.0030320714760675854,0.014659716939843699,0.082547134091824625,0.13102544960539464,-0.0028003603204533479,0
0.17250000000000001,0.013180352920208756,0.032947936351630056,0.014568327194578767,-0.15566582607716481,0.13102544960539464,-0.0028003603204533479,0
0.17500000000000002,0.013300130980085966,0.062878967690871673,0.013881240992676095,-0.39405490654234299,0.13872748564064588,-0.0072886426267420347,0
0.17749999999999999,0.013497017087374984,0.094638330451584901,0.012579712501845032,-0.64726574468911202,0.13872748564064588,-0.0072886426267420347,0
0.17999999999999999,0.013773374625138883,0.12646005002128763,0.010644306295315955,-0.90120350065668586,0.1098000378746883,-0.01511679397319215,0
0.1825,0.014120983866378755,0.15164287727288847,0.0081403620251693787,-1.1021350481594236,0.1098000378746883,-0.01511679397319215,0
0.185,0.014531673742734967,0.17692734723902323,0.0051326292337113433,-1.3042685435166397,0.0142275084368022,-0.017460922468153894,0
0.1875,0.014977947576868579,0.18011113868710257,0.0018408971764028496,-1.3293498853408283,0.0142275084368022,-0.017460922468153894,0
0.19,0.015432327316905607,0.183412394949652,-0.0015152941276761018,-1.3558400534426231,-0.02026625232394862,-0.018404995481650546,0
0.1925,0.015885086051098406,0.17881431467479303,-0.0048589967123480937,-1.3193584664007447,-0.02026625232394862,-0.018404995481650546,0
0.19500000000000001,0.016326496350321421,0.17433319393036986,-0.0081132541008731365,-1.2842781507137531,-0.11478185048412005,-0.018058634337264373,0
0.19750000000000001,0.016729387239253077,0.14799775652215522,-0.011060981712854464,-1.0741192456288178,-0.11478185048412005,-0.018058634337264373,0
0.20000000000000001,0.017066568996599803,0.12176292049698328,-0.013484837105645006,-0.86514423986219458,-0.15047674537895306,-0.013172824765523014,0
0.20250000000000001,0.017327901745654201,0.087315145220354384,-0.015304232153634309,-0.59050951600438339,-0.15047674537895306,-0.013172824765523014,0
0.20500000000000002,0.017503193192125746,0.052925498193064004,-0.016437945926962998,-0.31654803444770396,-0.13343489353204499,-0.0030211348161340249,0
0.20750000000000002,0.017597505334802727,0.022527432068525432,-0.016927027936575797,-0.074754785870826623,-0.13343489353204499,-0.0030211348161340249,0
0.20999999999999999,0.017615836502616881,-0.0078632562007292899,-0.016811790988413542,0.16695311535134499,-0.10922366177579859,-0.0016447003168518397,0
0.21249999999999999,0.017565207727521678,-0.032644051892463756,-0.016148581241239982,0.36366454538794712,-0.10922366177579859,-0.0016447003168518397,0
0.215,0.017452586921638081,-0.05746002276294955,-0.014993127029655971,0.56078538011236911,-0.1183945333848648,0.0072962124268958197,0
0.2175,0.017275198627880115,-0.084461314082024022,-0.013322734817968918,0.77565323652112295,-0.1183945333848648,0.0072962124268958197,0
0.22,0.017030218611410127,-0.11153666521116723,-0.011114139136977098,0.99138695038350066,-0.019038965525723133,0.0095915934679028352,0
0.2225,0.016746304578028524,-0.11560964274770304,-0.008596729301253915,1.022720653795854,-0.019038965525723133,0.0095915934679028352,0
0.22500000000000001,0.016452093911026183,-0.11977441072297758,-0.0059996239254857808,1.0551487717747696,0.0036001605185257135,0.011822805627168084,0
0.22750000000000001,0.016153932162571338,-0.11877058192916523,-0.0033728806425214249,1.0464322566956206,0.0036001605185257135,0.011822805627168084,0
0.23000000000000001,0.015858163320401408,-0.11785997779805805,-0.00076653422265286547,1.0388299375632104,0.047919205251843677,0.012284812668872935,0
0.23250000000000001,0.015577433398369148,-0.10673876720037073,0.0017187572759440163,0.94958003414438985,0.047919205251843677,0.012284812668872935,0
0.23500000000000001,0.015324398510270825,-0.095702725834641317,0.0039822121665435053,0.86134562771954282,0.088105147338242054,0.0067684628800510436,0
0.23750000000000002,0.015110531746567622,-0.075402568750003729,0.0059324729818044496,0.6990038290657965,0.088105147338242054,0.0067684628800510436,0
0.23999999999999999,0.014947332167519815,-0.055166599384326082,0.0074778641287622022,0.53742135044358152,0.1519230507501316,0.008404882577380068,0
0.24249999999999999,0.014853199666223109,-0.020145683378002537,0.0084711452558700537,0.25727709681621197,0.1519230507501316,0.008404882577380068,0
0.245,0.014846583341826506,0.014850757738173424,0.0087644882643045288,-0.022580883536565177,0.14263889678130715,-0.0023731170700840489,0
0.2475,0.014924757746296886,0.047691203022675557,0.0083798848201250761,-0.28513038188622175,0.14263889678130715,-0.0023731170700840489,0
0.25,0.015085061892762845,0.080558674044828082,0.0073385725284797381,-0.54799634280160303,0.080331405313352713,-0.0085664164437240821,0
0.2525,0.015309489696574254,0.098993099866549278,0.0057848047646092988,-0.69513052890500648,0.080331405313352713,-0.0085664164437240821,0
0.255,0.015580080476350415,0.11749121743485424,0.0038622915413107973,-0.84301867406048214,0.039988082120735097,-0.010233876983298732,0
0.25750000000000001,0.015885286604790241,0.12668687646513405,0.0016631083205976543,-0.9164850017268219,0.039988082120735097,-0.010233876983298732,0
0.26000000000000001,0.016213583377399185,0.13596475972302391,-0.00072095027621727663,-0.99093154271474193,-0.052557450650710026,-0.012873002633243641,0
0.26250000000000001,0.016538292212481265,0.12381640806887911,-0.0030764435409845158,-0.89363112399326738,-0.052557450650710026,-0.012873002633243641,0
0.26500000000000001,0.016832732527541965,0.1117485873661492,-0.0051899047396002668,-0.79728934216814573,-0.06039027113761837,-0.011382066512495233,0
0.26750000000000002,0.017094819504232792,0.09793227643750145,-0.0070453268440380966,-0.68718209752919224,-0.06039027113761837,-0.011382066512495233,0
0.27000000000000002,0.017322446305176997,0.084178838222451438,-0.0086264357021933885,-0.57781943343447739,-0.11882479764602694,-0.012739604228740559,0
0.27250000000000002,0.017498780363624795,0.056895779579308664,-0.0097985920064389345,-0.35999206285552088,-0.11882479764602694,-0.012739604228740559,0
0.27500000000000002,0.017606953597929499,0.029646782734434361,-0.010426728649677327,-0.1425637744919816,-0.10906874022786842,-0.0016712708323013089,0
0.27750000000000002,0.017649860017823042,0.0046790331169572728,-0.01053430761666276,0.056492639662381827,-0.10906874022786842,-0.0016712708323013089,0
0.28000000000000003,0.017630344302128013,-0.020294067723131835,-0.010144213213142496,0.25561171921126535,-0.059356914719124146,0.0024373264695878478,0
0.28250000000000003,0.017562812841484327,-0.033735864499539914,-0.0093720134565259076,0.3622042755922224,-0.059356914719124146,0.0024373264695878478,0
0.28500000000000003,0.017461637090406115,-0.047211127089732872,-0.0083328627119554025,0.46919178050136606,-0.077248674298315487,0.0069370557368964129,0
0.28750000000000003,0.017321522629333699,-0.064888748151567852,-0.0069838768179396275,0.61009499324977368,-0.077248674298315487,0.0069370557368964129,0
0.28999999999999998,0.017137146548988222,-0.082622522916268246,-0.0052818346320644537,0.75166190527817223,-0.015898831070900024,0.0072624235476713879,0
0.29249999999999998,0.016926179553559254,-0.086162562535331888,-0.0033680664517384317,0.77948939655131599,-0.015898831070900024,0.0072624235476713879,0
0.29499999999999998,0.016706275297562686,-0.089772733921869893,-0.0013836918279884424,0.80815193970619392,0.02573697176416332,0.011833142894769631,0
0.29749999999999999,0.016489354033932827,-0.083776001789642979,0.00057624198556790584,0.75993483500015879,0.02573697176416332,0.011833142894769631,0
0.29999999999999999,0.016287338377710854,-0.077847567085780195,0.0024166601803981454,0.71253119001321308,0.069652977987696207,0.009740348479307763,0
0.30249999999999999,0.016112823637829808,-0.061774040278410935,0.0040370434365179743,0.58389189919367956,0.069652977987696207,0.009740348479307763,0
0.30499999999999999,0.015978423823911451,-0.045753732437788255,0.0053366454303481496,0.4558835041555549,0.046934417920229281,0.0041787704838720336,0
0.3075,0.015877418920318388,-0.035056483244311085,0.0063698912987218085,0.37078771983408965,0.046934417920229281,0.0041787704838720336,0
0.31,0.015803113144921818,-0.024393150259566343,0.007190918605700417,0.28609344765428169,0.056347243459612215,0.0022690511769525219,0
0.3125,0.015758166265318837,-0.011567959739161188,0.0077786512069375714,0.18413524021277672,0.056347243459612215,0.0022690511769525219,0
0.315,0.015745259213069344,0.0012402708184306235,0.0081117617339186692,0.082377354619628543,0.070083457114270192,0.00022794044566099708,0
0.3175,0.015768352374272453,0.017233968903018083,0.0081585582891299628,-0.044936700490649115,0.070083457114270192,0.00022794044566099708,0
0.32000000000000001,0.015831432527192831,0.033231829690505435,0.0078870373262875468,-0.17229983474665533,0.092140055423439809,0.00015024286620162408,0
0.32250000000000001,0.015940933507680874,0.054372934827972959,0.0072454308479737413,-0.34103221300168396,0.092140055423439809,0.00015024286620162408,0
0.32500000000000001,0.016103323591401188,0.07554570103448538,0.0061815653086914231,-0.5101376884102452,0.042752731313875476,-0.011182943893078183,0
0.32750000000000001,0.016304350783790503,0.085284379842154881,0.0048095358488868499,-0.58758462347964902,0.042752731313875476,-0.011182943893078183,0
0.33000000000000002,0.016529789983018586,0.095076450558185185,0.0032431142562915475,-0.6656651067504612,0.0047832036332063231,-0.0063498718951454682,0
0.33250000000000002,0.016768750038783392,0.096101640477163838,0.001569228297862839,-0.67356323288704978,0.0047832036332063231,-0.0063498718951454682,0
0.33500000000000002,0.017010348703274305,0.09718745698015327,-0.00012530321754298645,-0.68218299243074421,0.0059685292840573716,-0.0081299128737534702,0
0.33750000000000002,0.01725508289708922,0.098610209113564357,-0.0018450618450948201,-0.69374667603332008,0.0059685292840573716,-0.0081299128737534702,0
0.34000000000000002,0.017503451718612426,0.10009533017009903,-0.0035946554427125832,-0.7060530368048108,-0.083660917450055466,-0.01017924582733489,0
0.34250000000000003,0.017729568593919026,0.080807751594755797,-0.0051667827462481284,-0.55176229485165151,-0.083660917450055466,-0.01017924582733489,0
0.34500000000000003,0.017907532664648621,0.061570791410252873,-0.0063539659733315591,-0.39807038480388696,-0.053304474935563811,-0.0043113836854073509,0
0.34750000000000003,0.018046273550909649,0.049427265006420751,-0.007228337531810871,-0.30149010889910438,-0.053304474935563811,-0.0043113836854073509,0
0.35000000000000003,0.018154692063962155,0.03731142801457725,-0.0078616893118679809,-0.20523719970876714,-0.099268303951731099,-0.0064309778618096367,0
0.35249999999999998,0.01821949152696091,0.014529923582115852,-0.00814744938162105,-0.023391798472257724,-0.099268303951731099,-0.0064309778618096367,0
0.35499999999999998,0.018227343504308536,-0.0082493937010177376,-0.0079786697277152204,0.15842788894278759,-0.054015486102401054,-0.0034199703240936153,0
0.35749999999999998,0.01819138070470044,-0.02052402338707382,-0.0074607670766832623,0.25593177137101297,-0.054015486102401054,-0.0034199703240936153,0
0.35999999999999999,0.018124703778719924,-0.032822182905947836,-0.0066987791316549918,0.35371374351576285,-0.067424732785110214,0.0037746019358175886,0
0.36249999999999999,0.018023346484963433,-0.048270011282267725,-0.005660585493959606,0.47691634814124551,-0.067424732785110214,0.0037746019358175886,0
0.36499999999999999,0.017883317291197132,-0.063761553517387312,-0.0043137663517969285,0.60063618657973084,-0.0056001829120479601,0.0081424146808772527,0
0.36749999999999999,0.017722457914331961,-0.064935039791054472,-0.0028011500778979018,0.60956498215116017,-0.0056001829120479601,0.0081424146808772527,0
0.37,0.017558596306980714,-0.066163473059398362,-0.0012653967741975637,0.6191474343836687,-0.0044102942384794891,0.0094540063552395383,0
0.3725,0.017391939826005447,-0.067171066223529211,0.00029236313286388343,0.6271718012113765,-0.0044102942384794891,0.0094540063552395383,0
0.375,0.017222693912348236,-0.068235140413068565,0.0018710222861683138,0.63586829122136179,0.073021180873621097,0.004670681995686249,0
0.3775,0.017073216348162768,-0.051355515210054631,0.003291561130240117,0.50066488413934795,0.073021180873621097,0.004670681995686249,0
0.38,0.016965878319522364,-0.034521506053344878,0.0043747973553421686,0.36600224229145611,0.041342804291620211,0.004640301204185948,0
0.38250000000000001,0.016891376062520461,-0.025085289190924332,0.0051958323474420214,0.29088488114676919,0.041342804291620211,0.004640301204185948,0
0.38500000000000001,0.016840429757935087,-0.01567561224328233,0.0058294837568142101,0.21608193484056487,0.081282841348655779,0.0028353690911859133,0
0.38750000000000001,0.016824586739547891,0.0029990194337020416,0.0061832289144594091,0.06693989641930162,0.081282841348655779,0.0028353690911859133,0
0.39000000000000001,0.016855419701218729,0.021667466677602859,0.0061642440499973918,-0.082129165722869185,0.062578979964471745,-0.0029300494340368001,0
0.39250000000000002,0.016927495681973406,0.035995450976151519,0.0058161577292242493,-0.1963651000436345,0.062578979964471745,-0.0029300494340368001,0
0.39500000000000002,0.017035411985838883,0.050341469706930993,0.0051822408753332593,-0.31081423859344359,0.025309929067316488,-0.0060448332219576809,0
0.39750000000000002,0.017168397390095992,0.056051902292359762,0.0043487828131052028,-0.35601210005435313,0.025309929067316488,-0.0060448332219576809,0
0.40000000000000002,0.017315698434658369,0.061794661718076856,0.0034018607613483867,-0.40159352471437104,-0.0075366708626866336,-0.0060825679146816747,0
0.40250000000000002,0.017467856507617521,0.059937723616955485,0.0024171130512983729,-0.38627509690555745,-0.0075366708626866336,-0.0060825679146816747,0
0.40500000000000003,0.017615416119066342,0.058115668158216637,0.0014701397985993942,-0.37137127977671658,0.0045589256141003905,-0.0062166962270458004,0
0.40750000000000003,0.017761977571108339,0.059139149638036216,0.00053169508566140646,-0.37945169444078403,0.0045589256141003905,-0.0062166962270458004,0
0.41000000000000003,0.017911140448901394,0.060196932068740217,-0.00042745828208229982,-0.38793967489001446,-0.06580695951839452,-0.0064958520023681333,0
0.41250000000000003,0.01804254439099845,0.044931156545609127,-0.0012441270406841664,-0.26545391758688425,-0.06580695951839452,-0.0064958520023681333,0
0.41500000000000004,0.018135816310335857,0.029689474322530988,-0.001754966111490037,-0.14325405192831744,-0.053368555226333388,-0.0013500715508495454,0
0.41749999999999998,0.01819461698223904,0.017352485488289202,-0.0019895552751214738,-0.044434144445489446,-0.053368555226333388,-0.0013500715508495454,0
0.41999999999999998,0.018222582105276289,0.0050195380054260247,-0.0019771767615383586,0.05433784378855426,-0.02238436104933416,-0.0014406161570630273,0
0.42249999999999999,0.018228713969981221,-0.00011517748877694356,-0.0017901293600127099,0.095313501380952584,-0.02238436104933416,-0.0014406161570630273,0
0.42499999999999999,0.018221999013428511,-0.0052585387248254211,-0.0015005237592961732,0.13639175942180307,0.0076065148428336145,0.0040987350636216601,0
0.42749999999999999,0.018211125772027374,-0.0034420003372816637,-0.0011780423681403715,0.12161646204633586,0.0076065148428336145,0.0040987350636216601,0
0.42999999999999999,0.018204779838627543,-0.001636470705998276,-0.00089233251902440833,0.10697189292704483,0.01240690696813004,-0.00060160078440274023,0
0.4325,0.018204330257419195,0.0012753691011405765,-0.00065429048452597736,0.083478794166219381,0.01240690696813004,-0.00060160078440274023,0
0.435,0.018211150386679694,0.0041796512365815386,-0.00047486377079615933,0.060075437102102627,-0.0021866151210645866,-0.0011199224885510071,0
0.4375,0.018220983360330182,0.0036857913806823154,-0.00031980033907719511,0.063986424613468207,-0.0021866151210645866,-0.0011199224885510071,0
0.44,0.018229574514493602,0.0031861361150619877,-0.00015487431374348396,0.06796621887552283,0.011358560048969953,-0.0025584469923635544,0
0.4425,0.018240844901969741,0.0058293082943397679,-1.1520807762992939e-05,0.04672686269238234,0.011358560048969953,-0.0025584469923635544,0
0.44500000000000001,0.018258717529582875,0.0084682483695526882,7.880186718527306e-05,0.025537752837067603,0.005231552827183206,-0.0010604465776618004,0
0.44750000000000001,0.01828140381559477,0.0096804683081505409,0.00013049037957764122,0.01581676282931465,0.005231552827183206,-0.0010604465776618004,0
0.45000000000000001,0.018307118677394839,0.010891255605805681,0.00015789985371628579,0.0061127816642329164,0.022607439079733747,0.0027745550879775672,0
0.45250000000000001,0.018340908760040145,0.016141036272305603,0.00012050698319097556,-0.036029758331458113,0.022607439079733747,0.0027745550879775672,0
0.45500000000000002,0.018387826578367926,0.021394080532691165,-2.2281225698741081e-05,-0.078211044599110491,-0.0086526272098478834,-0.0054087223866921864,0
0.45750000000000002,0.018438801438150153,0.019386866291459044,-0.00019766188647004791,-0.062106057131287792,-0.0086526272098478834,-0.0054087223866921864,0
0.46000000000000002,0.018484765597140219,0.01738527738217514,-0.00033286716133173897,-0.046067856275124136,0.029917333770615107,0.00048493636395430115,0
0.46250000000000002,0.01853693905333615,0.024354605055986051,-0.00051805908114846617,-0.10209894951255777,0.029917333770615107,0.00048493636395430115,0
0.46500000000000002,0.018606546321867735,0.031333172357189645,-0.00084345334533721702,-0.15823977119248397,0.013377317177132603,-0.0026943197961676424,0
0.46750000000000003,0.018688810612066706,0.034480837576554832,-0.0012707976958857882,-0.18366632473868058,0.013377317177132603,-0.0026943197961676424,0
0.47000000000000003,0.018778964354701895,0.037645118000998117,-0.0017619494125490935,-0.20929022600602518,-0.026599461175528253,-0.0016523399232698671,0
0.47250000000000003,0.01886543550309789,0.031534596285326309,-0.0022241369264927083,-0.16049295969141716,-0.026599461175528253,-0.0016523399232698671,0
0.47500000000000003,0.018936649473227655,0.02543864023249082,-0.002564558222559115,-0.11186852228657748,0.0030759523655804573,-0.0042284130421062788,0
0.47750000000000004,0.019001260221579597,0.026251698085561593,-0.0028528371022494324,-0.11877523958333876,0.0030759523655804573,-0.0042284130421062788,0
0.47999999999999998,0.019067916922023111,0.027075506907195773,-0.0031585408021831858,-0.12580962597183398,-0.067315845760405446,-0.0055840652364637254,0
0.48249999999999998,0.0191161929785835,0.011546308192676774,-0.0033177170071408309,-0.0015428210612759424,-0.067315845760405446,-0.0055840652364637254,0
0.48499999999999999,0.019125648580056109,-0.0039827495407713867,-0.0031662562935027378,0.12272231463487961,-0.012837878555005251,0.0021175420130530504,0
0.48749999999999999,0.019112100023470691,-0.0068581217861350095,-0.0028311364559839482,0.1453976008978688,-0.012837878555005251,0.0021175420130530504,0
0.48999999999999999,0.019091346985257985,-0.0097466780918752816,-0.0024391379016187082,0.16822936442279893,-0.019019225390914964,0.0020566076796914913,0
0.49249999999999999,0.01906155774756697,-0.014087515503578969,-0.0019754125632424923,0.2027841791096778,-0.019019225390914964,0.0020566076796914913,0
0.495,0.01902089408889733,-0.018446736800579077,-0.0014250351760811551,0.23755720585960732,0.012155135723069754,-0.00034177276787731442,0
0.4975,0.018978364836794413,-0.015580071227680748,-0.00086016986659775735,0.21437550295582286,0.012155135723069754,-0.00034177276787731442,0
0.5,0.018942977571345242,-0.012732801064532373,-0.00035296570738256887,0.19142416558107939,0.00094879902724547352,0.0290338713840004,0.29999999999999999
0.50250000000000006,0.018911430029754827,-0.012508106412236738,0.00012327636233270308,0.18960362129073008,0.00094879902724547352,0.0290338713840004,0.29999999999999999
0.505,0.018880422736741825,-0.012300576350588182,0.00059522224054127967,0.18798690507084478,0.027016148627046117,0.032269753239780645,0.29999999999999999
0.50750000000000006,0.018857487671932443,-0.0060499363410026494,0.0010025419781476165,0.13789809773174991,0.027016148627046117,0.032269753239780645,0.29999999999999999
0.51000000000000001,0.018850162639147218,0.00018820360692804565,0.0012848363629509444,0.087957664038662564,-0.097586947447899267,0.029665901413037446,0.29999999999999999
0.51249999999999996,0.018822214695902006,-0.022549247125922448,0.0017332134750680664,0.27077601922332761,-0.097586947447899267,0.029665901413037446,0.29999999999999999
0.51500000000000001,0.018737396140521615,-0.045311006141861371,0.0026389577004290055,0.45388381289623281,-0.071768536633532651,0.035513855396671894,0.29999999999999999
0.51749999999999996,0.018603128119161157,-0.062111173768405907,0.0039427803293825689,0.58926689528528564,-0.071768536633532651,0.035513855396671894,0.29999999999999999
0.52000000000000002,0.018426796561939494,-0.078963786528557178,0.0055858141944279648,0.72527636462013811,-0.091479913955289982,0.037380818788249684,0.29999999999999999
0.52249999999999996,0.018202528470153516,-0.10046251177481771,0.007615800925713026,0.89885514113554077,-0.091479913955289982,0.037380818788249684,0.29999999999999999
0.52500000000000002,0.01792441899171042,-0.12203922975315211,0.010080873085691592,1.0733736032501877,-0.053041461270141255,0.042319103684863642,0.29999999999999999
0.52749999999999997,0.017603422859029345,-0.1347738949385619,0.012893908095889079,1.1772501379649618,-0.053041461270141255,0.042319103684863642,0.29999999999999999
0.53000000000000003,0.017250465151414703,-0.14760979330453966,0.015968143941517153,1.2823508642463444,0.0039710848922199556,0.045391766978048344,0.29999999999999999
0.53249999999999997,0.016881841254336373,-0.14730821214049214,0.019173784678024563,1.2823882018408903,0.0039710848922199556,0.045391766978048344,0.29999999999999999
0.53500000000000003,0.016513829689195209,-0.14711992143989688,0.022381217032405167,1.2837841465100284,0.0448968930728251,0.046520069036871128,0.29999999999999999
0.53749999999999998,0.016158028242519412,-0.1375403588788251,0.025498426328288977,1.2102096674612979,0.0448968930728251,0.046520069036871128,0.29999999999999999
0.54000000000000004,0.01582603479982949,-0.12807251423717911,0.028433366185163199,1.1379562400373047,0.063814860709194773,0.043537061236417096,0.29999999999999999
0.54249999999999998,0.015523066878624319,-0.11431905159697858,0.031145167995186577,1.0316868864467881,0.063814860709194773,0.043537061236417096,0.29999999999999999
0.54500000000000004,0.015254357291633248,-0.10066428836443715,0.033592762129213444,0.92657137849903115,0.093604684029667734,0.040363111534912739,0.29999999999999999
0.54749999999999999,0.015028310675275065,-0.080187203731853396,0.035709522108305906,0.76700006563741085,0.093604684029667734,0.040363111534912739,0.29999999999999999
0.55000000000000004,0.01485335668359861,-0.059787617380490314,0.03742850494377091,0.60831969786642126,0.10821567676330991,0.038704413517072794,0.29999999999999999
0.55249999999999999,0.014733556869393268,-0.036061192416630687,0.03871770344607231,0.4231411394398838,0.10821567676330991,0.038704413517072794,0.29999999999999999
0.55500000000000005,0.014673013866071314,-0.012378986546701609,0.039544630030475959,0.23846581014008703,0.1404969791300163,0.031527470012257745,0.29999999999999999
0.5575,0.014680998137704919,0.018764275221320466,0.039835146865066194,-0.0060284576346158747,0.1404969791300163,0.031527470012257745,0.29999999999999999
0.56000000000000005,0.014766835795350784,0.049908199403267059,0.039514481535574998,-0.25053015821422109,0.080025052242181871,0.023148846433633248,0.29999999999999999
0.5625,0.014913031812775722,0.067053924824958977,0.038722979791095374,-0.38273231818987574,0.080025052242181871,0.023148846433633248,0.29999999999999999
0.56500000000000006,0.01510213746608456,0.084238103627387317,0.037600451145822174,-0.51537702863637858,0.040386640472465499,0.015770761814051622,0.29999999999999999
0.5675,0.015322771397492932,0.092277616582588248,0.036237881405685068,-0.574779314290498,0.040386640472465499,0.015770761814051622,0.29999999999999999
0.57000000000000006,0.015563570715241767,0.10037133216094234,0.034726024769856222,-0.63481740860547953,0.045179834755603707,0.018254206546911185,0.29999999999999999
0.57250000000000001,0.015826068176567842,0.10963719163515291,0.033052046706896147,-0.70448876068356392,0.045179834755603707,0.018254206546911185,0.29999999999999999
0.57500000000000007,0.016111812106014325,0.11896957314282068,0.031202930852850731,-0.77494029500445749,-0.0047123571149506483,0.017965668938359235,0.29999999999999999
0.57750000000000001,0.016406499355802066,0.11679147576268073,0.029292880956607131,-0.75323432935380941,-0.0047123571149506483,0.017965668938359235,0.29999999999999999
0.57999999999999996,0.016695824991005522,0.11467999098858213,0.027436094761991499,-0.73232576183855791,-0.04278651928522189,0.01995432142545599,0.29999999999999999
0.58250000000000002,0.016968901691544365,0.10379109155034467,0.025719351720716217,-0.64118655616468945,-0.04278651928522189,0.01995432142545599,0.29999999999999999
0.58499999999999996,0.017214825969714184,0.09295681655706628,0.024229610604908292,-0.55070901796325367,-0.053319181444591399,0.018565951418475713,0.29999999999999999
0.58750000000000002,0.017430667107579699,0.079723113060198553,0.022989888332603303,-0.44115389219584489,-0.053319181444591399,0.018565951418475713,0.29999999999999999
0.58999999999999997,0.0176134728320257,0.066526964130995903,0.022023462077755563,-0.33205364692312755,-0.12080335595286616,0.023395715961470276,0.29999999999999999
0.59250000000000003,0.017743730278380436,0.037681859265958184,0.021486697164755941,-0.097393705628737087,-0.12080335595286616,0.023395715961470276,0.29999999999999999
0.59499999999999997,0.017801888639188326,0.0088445636186088791,0.021536413140966108,0.13716976833325562,-0.067103167795667884,0.030879411661962355,0.29999999999999999
0.59750000000000003,0.017803536439632579,-0.0075292021239829268,0.0220474405985338,0.27168714408918609,-0.067103167795667884,0.030879411661962355,0.29999999999999999
0.59999999999999998,0.017764223526296242,-0.023925887011067373,0.022895080869842085,0.40648290829375616,-0.061030260897561896,0.030739104902325395,0.29999999999999999
0.60250000000000004,0.017685641669077462,-0.038946180253436116,0.024066042436640372,0.53036631772582454,-0.061030260897561896,0.030739104902325395,0.29999999999999999
0.60499999999999998,0.017569455477066113,-0.054011045888857752,0.025547364333626584,0.65479195147326208,0.0033968485909782534,0.035081404875890815,0.29999999999999999
0.60750000000000004,0.017434241225461292,-0.054170173779751335,0.027190388365160075,0.65974428570134303,0.0033968485909782534,0.035081404875890815,0.29999999999999999
0.60999999999999999,0.01729855535266929,-0.054388413271243163,0.028846672852940985,0.66540118945498594,0.04253952553898175,0.035114805280533491,0.29999999999999999
0.61250000000000004,0.017173607621840909,-0.045579663408052001,0.030426781348679561,0.59880180489583179,0.04253952553898175,0.035114805280533491,0.29999999999999999
0.61499999999999999,0.017070610117795811,-0.036827218198687402,0.031841232743707718,0.53286350699455121,0.065791116326879978,0.035406934225473904,0.29999999999999999
0.61750000000000005,0.016996174822732787,-0.022728771902614256,0.033037429309099815,0.4241838592502355,0.065791116326879978,0.035406934225473904,0.29999999999999999
0.62,0.016956931833637067,-0.0086716353047994049,0.033962551880490889,0.31598403814045395,0.090301776418118013,0.03222654828836867,0.29999999999999999
0.62250000000000005,0.016959900044966645,0.011042180086076273,0.034560566817788872,0.16247416002969375,0.090301776418118013,0.03222654828836867,0.29999999999999999
0.625,0.017012129055322719,0.030739582040489953,0.034775079826402377,0.0091528573678097969,0.07732703912515114,0.02569721845605832,0.29999999999999999
0.62750000000000006,0.017109834082337072,0.047425357630861975,0.034636554566730982,-0.11998366110611644,0.07732703912515114,0.02569721845605832,0.29999999999999999
0.63,0.01724926578088062,0.064123056981391091,0.034175046810541794,-0.24925782530928811,0.055835790294929556,0.024350930778753124,0.29999999999999999
0.63250000000000006,0.017424236125094455,0.075857941345913726,0.033440080668015008,-0.33877010821751696,0.055835790294929556,0.024350930778753124,0.29999999999999999
0.63500000000000001,0.017628582672228728,0.087625447681289173,0.032480879483053463,-0.4286625485542937,0.057162973699173586,0.019504652696064946,0.29999999999999999
0.63750000000000007,0.017862782728732641,0.09974220606880263,0.031293275960031265,-0.52150900174386061,0.057162973699173586,0.019504652696064946,0.29999999999999999
0.64000000000000001,0.018127335397249537,0.111908998499037,0.029872847963253114,-0.61493928832465738,-0.00043766923545992311,0.02004484065965666,0.29999999999999999
0.64249999999999996,0.018405660802616141,0.11076036596317414,0.028352233197092361,-0.60166042762879168,-0.00043766923545992311,0.02004484065965666,0.29999999999999999
0.64500000000000002,0.018681181962475542,0.10966542041869669,0.026864011975596125,-0.58902224128246006,-0.015798364841443049,0.014863281462391912,0.29999999999999999
0.64749999999999996,0.018949572911130873,0.10505566851973808,0.025442404243221979,-0.54836382410836815,-0.015798364841443049,0.014863281462391912,0.29999999999999999
0.65000000000000002,0.019206500515069551,0.10049417185312402,0.02412171092641997,-0.50828376484608051,-0.064623432573818737,0.021215057499820167,0.29999999999999999
0.65249999999999997,0.019437905575706672,0.084636077659418149,0.023014374283583244,-0.37766098857348795,-0.064623432573818737,0.021215057499820167,0.29999999999999999
0.65500000000000003,0.019629707404719112,0.068809781717334137,0.02223308387614497,-0.24742472859136247,-0.041226462997125755,0.021904095800249112,0.29999999999999999
0.65749999999999997,0.019788765526983276,0.058439664143399281,0.021722482050927892,-0.16109223444705967,-0.041226462997125755,0.021904095800249112,0.29999999999999999
0.66000000000000003,0.019921917358755811,0.0480835068469554,0.021427482643022772,-0.07492782214313759,-0.033357869909301514,0.023078033784904185,0.29999999999999999
0.66249999999999998,0.020031473308214393,0.039561824201522225,0.021329428951092393,-0.003521992819435299,-0.033357869909301514,0.023078033784904185,0.29999999999999999
0.66500000000000004,0.02011972673607039,0.031040449414895199,0.021409869601652858,0.067880140247277218,-0.042427478448970012,0.025816774735910281,0.29999999999999999
0.66749999999999998,0.020184037078612414,0.020406206716650596,0.021690038136029398,0.15627416880243569,-0.042427478448970012,0.025816774735910281,0.29999999999999999
0.67000000000000004,0.020221746495456792,0.0097584354373654609,0.022191376227993009,0.24483113612695778,-0.01534034690856856,0.027623821629635815,0.29999999999999999
0.67249999999999999,0.020240676298403048,0.0053815067635398358,0.022851247989318171,0.28311289290130859,-0.01534034690856856,0.027623821629635815,0.29999999999999999
0.67500000000000004,0.020248633125702038,0.00097949224751221232,0.023607190607733062,0.32169456862345158,0.012900506677177221,0.027227960342935155,0.29999999999999999
0.67749999999999999,0.020253748781969325,0.0031082573025249935,0.024394164558380775,0.30794120726532798,0.012900506677177221,0.027227960342935155,0.29999999999999999
0.68000000000000005,0.020264151055298243,0.0052089915166943883,0.0251471735446816,0.29452015693726519,0.029594852317548815,0.02837139111168608,0.29999999999999999
0.6825,0.020284617464540928,0.01115992965198765,0.025828114600510394,0.25028227930411845,0.029594852317548815,0.02837139111168608,0.29999999999999999
0.68500000000000005,0.0203199313734806,0.017087669768747142,0.026398812814234597,0.20631787354438397,0.029359050745779915,0.022313584552441812,0.29999999999999999
0.6875,0.020369971425923589,0.022941517754165388,0.026860441500850592,0.1630187172613671,0.029359050745779915,0.022313584552441812,0.29999999999999999
0.69000000000000006,0.020434626360745056,0.028780242598642231,0.02721405490601066,0.11989778419191585,0.039061700257365911,0.025073985598211869,0.29999999999999999
0.6925,0.020516679460379331,0.036860839911620855,0.02743742608090417,0.058815564403160013,0.039061700257365911,0.025073985598211869,0.29999999999999999
0.69500000000000006,0.020618925961841433,0.044935918482635714,0.027508186729460371,-0.002201846028579639,0.064713040467513958,0.024282310077878257,0.29999999999999999
0.69750000000000001,0.020748804224161924,0.058967601777080776,0.027366630749168411,-0.1110535398773751,0.064713040467513958,0.024282310077878257,0.29999999999999999
0.70000000000000007,0.020913772896752319,0.073009995709303804,0.026952815074486686,-0.22002997784952,0.019549800012626236,0.024106271653545154,0.29999999999999999
0.70250000000000001,0.021100762749625419,0.076585441574656479,0.026371543427098257,-0.24502938078684028,0.019549800012626236,0.024106271653545154,0.29999999999999999
0.70499999999999996,0.02129671883257379,0.080183362809936778,0.025727446684683783,-0.27029458884724045,0.051293513925684459,0.02099845760043292,0.29999999999999999
0.70750000000000002,0.02151091514594854,0.091178621731856868,0.024945827584597846,-0.3550584796003301,0.051293513925684459,0.02099845760043292,0.29999999999999999
0.70999999999999996,0.021752639926915347,0.10220746402091035,0.023951826387327332,-0.44021586469919155,0.0077570825437312451,0.023708945189594828,0.29999999999999999
0.71250000000000002,0.022009346843825051,0.10316473796714509,0.022845849527271651,-0.44464484887601541,0.0077570825437312451,0.023708945189594828,0.29999999999999999
0.71499999999999997,0.022268497128768557,0.10416222986825453,0.021728204007706819,-0.44955163752196486,0.0041786715350569823,0.020778447748200035,0.29999999999999999
0.71750000000000003,0.022529152775777952,0.1043690346623469,0.020606033486330291,-0.4482650095588831,0.0041786715350569823,0.020778447748200035,0.29999999999999999
0.71999999999999997,0.022790375994279431,0.10461627365148371,0.01948647833631835,-0.44745917243501826,-0.042638565457713218,0.019938174185381987,0.29999999999999999
0.72250000000000003,0.023038671061588079,0.094025627757390137,0.018477531205636798,-0.35976887876876784,-0.042638565457713218,0.019938174185381987,0.29999999999999999
0.72499999999999998,0.023260530235448971,0.083466304921838097,0.017687320102834889,-0.2724552070809757,-0.057347998076494024,0.023577083844266811,0.29999999999999999
0.72750000000000004,0.023451750119617327,0.069512702328950335,0.017149327846206427,-0.15797595505596962,-0.057347998076494024,0.023577083844266811,0.29999999999999999
0.72999999999999998,0.023608105134802757,0.055572764527906361,0.016897303143201599,-0.043661327502064598,-0.093987989114800205,0.024784940560782721,0.29999999999999999
0.73250000000000004,0.023718974973636908,0.033122437591268039,0.01701645075053855,0.13898754165209526,-0.093987989114800205,0.024784940560782721,0.29999999999999999
0.73499999999999999,0.02377370757317036,0.010660415459872827,0.01759235934998226,0.32177857681113459,-0.095018396697439778,0.025892870384435412,0.29999999999999999
0.73750000000000004,0.023771955309177403,-0.012067991953921633,0.018628020629202439,0.5068207196146175,-0.095018396697439778,0.025892870384435412,0.29999999999999999
0.73999999999999999,0.023713332490416378,-0.034838532431379701,0.020126891686357378,0.69237724773387233,-0.012147641019270867,0.036202992310363932,0.29999999999999999
0.74250000000000005,0.023621778559014019,-0.038415058276547301,0.021897240246326735,0.72402660139224062,-0.012147641019270867,0.036202992310363932,0.29999999999999999
0.745,0.023521203870035381,-0.042055583298227686,0.023747663145518145,0.75644215474559373,0.008127306625833353,0.030427511523961361,0.29999999999999999
0.74750000000000005,0.023417330786123357,-0.04105419074739787,0.025632851801419675,0.75184339145761081,0.008127306625833353,0.030427511523961361,0.29999999999999999
0.75,0.023315876563764552,-0.040120427033564686,0.027507551074154864,0.74804986381664129,0.025324044302299866,0.035236866966555036,0.29999999999999999
0.75250000000000006,0.02322166315834804,-0.035261469121820578,0.029333693953432289,0.71299662642048622,0.025324044302299866,0.035236866966555036,0.29999999999999999
0.755,0.023139514660919954,-0.030467985174351422,0.031073179571651868,0.67871789323116849,0.060732849070436579,0.031203056115014491,0.29999999999999999
0.75750000000000006,0.023079543632610621,-0.017518931915091449,0.032645414393238141,0.57918763739941148,0.060732849070436579,0.031203056115014491,0.29999999999999999
0.76000000000000001,0.023051873427433617,-0.0046257681424570051,0.033969660303147971,0.48030846335838812,0.097973288495403682,0.027851565487717403,0.29999999999999999
0.76250000000000007,0.023067176970791099,0.016861873236653446,0.034960683951965013,0.31258760171853822,0.097973288495403682,0.027851565487717403,0.29999999999999999
0.76500000000000001,0.023136156210743618,0.038317618999330359,0.035532902848406434,0.14523216896223287,0.11067894727170804,0.025541570230997131,0.29999999999999999
0.76750000000000007,0.023262437352658098,0.062706430339482977,0.035657402084375546,-0.045622936154041394,0.11067894727170804,0.025541570230997131,0.29999999999999999
0.77000000000000002,0.023449692320072837,0.087099988988571492,0.035304743086683396,-0.2365321222632569,0.099479494801115342,0.02370004958250516,0.29999999999999999
0.77249999999999996,0.023694709591028137,0.10891930920222194,0.034500588099957763,-0.40685463018683266,0.099479494801115342,0.02370004958250516,0.29999999999999999
0.77500000000000002,0.023994323457296778,0.13078013174891392,0.03327007358851828,-0.57765271147724129,0.068470534468041522,0.014974250043197593,0.29999999999999999
0.77749999999999997,0.024339663082947896,0.14550186134588441,0.031683996460338384,-0.69132859249416501,0.068470534468041522,0.014974250043197593,0.29999999999999999
0.78000000000000003,0.024721888690981315,0.16029070124097008,0.029812780172794782,-0.80578502410299024,-0.024244917189885362,0.014056091205403111,0.29999999999999999
0.78249999999999997,0.02511427413783596,0.15362883165440153,0.027870377319956285,-0.74827209402169015,-0.024244917189885362,0.014056091205403111,0.29999999999999999
0.78500000000000003,0.025490086781604644,0.14703168371588873,0.026070769506496932,-0.69153944602972373,-0.035457716835303695,0.016897508988454778,0.29999999999999999
0.78749999999999998,0.025846227562645804,0.13789029963531838,0.024438216441162296,-0.61461602776236879,-0.035457716835303695,0.016897508988454778,0.29999999999999999
0.79000000000000004,0.026179582422924445,0.12880188820978436,0.022997156709793982,-0.53833182646364153,-0.030759164741557626,0.017418717951094852,0.29999999999999999
0.79249999999999998,0.026491640099566581,0.12085158397958413,0.021735133628355122,-0.47137477585810328,-0.030759164741557626,0.017418717951094852,0.29999999999999999
0.79500000000000004,0.026783874621115651,0.112942415238108,0.020639870942157228,-0.40491201936643906,-0.054046505781022602,0.019975948771431357,0.29999999999999999
0.79749999999999999,0.027049619086145688,0.099658167967678221,0.019764528150195596,-0.29542273556405541,-0.054046505781022602,0.019975948771431357,0.29999999999999999
0.80000000000000004,0.027282186634297646,0.086399327707114462,0.019162501699427105,-0.18624013286901236,-0.066840707649811162,0.020513398104979621,0.29999999999999999
0.80249999999999999,0.027477913438011276,0.070183820172772138,0.01886300624925313,-0.053376853104502381,-0.066840707649811162,0.020513398104979621,0.29999999999999999
0.80500000000000005,0.027633109534249297,0.05397287150379261,0.018895571481536633,0.079431280352661143,-0.062717865050429616,0.022700406412552304,0.29999999999999999
0.8075,0.027748969475947051,0.038713054650088397,0.019250615355944366,0.20462831902552037,-0.062717865050429616,0.022700406412552304,0.29999999999999999
0.81000000000000005,0.027826660217522694,0.023435732065284723,0.019918889467976594,0.33003701420260345,-0.075384846001364067,0.028544173467023509,0.29999999999999999
0.8125,0.027862446339491632,0.0051874923499299931,0.020930624445151844,0.47941995125146819,-0.075384846001364067,0.028544173467023509,0.29999999999999999
0.81500000000000006,0.027852564183363224,-0.013100934416130861,0.022316396984306767,0.62929215007010353,0.0044255135936211209,0.033297279197836642,0.29999999999999999
0.8175,0.027820069421395525,-0.012904315051317596,0.023891537322325046,0.63093251541353879,0.0044255135936211209,0.033297279197836642,0.29999999999999999
0.82000000000000006,0.027787995361012344,-0.012764397073512608,0.025471622155260699,0.63324805213824353,-0.0039366952438040746,0.032360726899585031,0.29999999999999999
0.82250000000000001,0.027753772836749287,-0.014623145967240516,0.027077833227514933,0.65183458230908731,-0.0039366952438040746,0.032360726899585031,0.29999999999999999
0.82500000000000007,0.027714831363142733,-0.016539821029886593,0.028731371869593177,0.6711133320293704,0.033149009788954902,0.031074075164007887,0.29999999999999999
0.82750000000000001,0.027681785433473778,-0.0099069245074960843,0.030347580332908838,0.62197134468314375,0.033149009788954902,0.031074075164007887,0.29999999999999999
0.83000000000000007,0.027665248585888987,-0.0033318178892532925,0.031841796070379277,0.57351038525345821,0.073886473387694176,0.027594749404842307,0.29999999999999999
0.83250000000000002,0.027676899466933934,0.012644150732438651,0.033120765942383612,0.44976253064205873,0.073886473387694176,0.027594749404842307,0.29999999999999999
0.83499999999999996,0.02772843246716316,0.02857587366180973,0.034091035724084985,0.32652708587770196,0.054661032351838106,0.025693507622141731,0.29999999999999999
0.83750000000000002,0.027814175900670386,0.04001432939970502,0.034798483850730956,0.23948435586014347,0.054661032351838106,0.025693507622141731,0.29999999999999999
0.83999999999999997,0.027928484875468545,0.051429697636343683,0.035288681601111017,0.15271056141001016,0.131037512295022,0.024162706173196925,0.29999999999999999
0.84250000000000003,0.028093461985270497,0.080551309423273862,0.035384336088433298,-0.076179270448582498,0.131037512295022,0.024162706173196925,0.29999999999999999
0.84499999999999997,0.028331248195517921,0.10968104493810008,0.034907708630458396,-0.30516101358754671,0.08149669643853702,0.019190199083972452,0.29999999999999999
0.84750000000000003,0.028627525098811259,0.127346688503576,0.033973597127640476,-0.44219982044773276,0.08149669643853702,0.019190199083972452,0.29999999999999999
0.84999999999999998,0.028968018317227284,0.14505634349330554,0.032696286223312457,-0.57974657883347869,0.050349593420883514,0.015120440001511679,0.29999999999999999
0.85250000000000004,0.029343818101302405,0.15559330516784711,0.031146869996044883,-0.65990133236347104,0.050349593420883514,0.015120440001511679,0.29999999999999999
0.85499999999999998,0.029746037035048533,0.16619289902130627,0.029396168450204221,-0.74078945506339877,0.044849760064870452,0.013022919441225859,0.29999999999999999
0.85750000000000004,0.030173244784888763,0.17558543486512654,0.027455055564991726,-0.81224348841880001,0.044849760064870452,0.013022919441225859,0.29999999999999999
0.85999999999999999,0.030624027546904822,0.1850539786377228,0.025334205971066351,-0.88459161542504627,0.03165157615952334,0.014550227607953579,0.29999999999999999
0.86250000000000004,0.031094751614251744,0.19153917896108053,0.023062058645881268,-0.9332908079063732,0.03165157615952334,0.014550227607953579,0.29999999999999999
0.86499999999999999,0.031581794714203984,0.19810991149747015,0.020666907904826528,-0.98300290368499899,-0.049557659636143794,0.0096276728066390458,0.29999999999999999
0.86750000000000005,0.03206179146319809,0.18590076104199502,0.018335559380678726,-0.88223667155280072,-0.049557659636143794,0.0096276728066390458,0.29999999999999999
0.87,0.032511361574948654,0.17376727465675043,0.016254962048235171,-0.78238544730233006,-0.080625476232670135,0.0119250830850487,0.29999999999999999
0.87250000000000005,0.03292165965174608,0.15448115722250549,0.014495429623387455,-0.62536137246724199,-0.080625476232670135,0.0119250830850487,0.29999999999999999
0.875,0.033283811866860344,0.13524843658413976,0.013127616534673082,-0.46898362188656029,-0.10602470218117635,0.014110134086424456,0.29999999999999999
0.87750000000000006,0.033590556718923421,0.11015265767170737,0.01220936645594437,-0.26567957081011506,-0.10602470218117635,0.014110134086424456,0.29999999999999999
0.88,0.033834594060033418,0.085079556520337052,0.011798989964898653,-0.0626499276088541,-0.095162672007242002,0.021536128851220193,0.29999999999999999
0.88250000000000006,0.034019114588727813,0.062536454646470133,0.011870718904647271,0.12003804652378355,-0.095162672007242002,0.021536128851220193,0.29999999999999999
0.88500000000000001,0.034147267719675543,0.03998302022556853,0.012399284118818446,0.30285069774388695,-0.068279212080604806,0.026178177136906851,0.29999999999999999
0.88750000000000007,0.034226817798144266,0.023651693939651153,0.013322511237981076,0.43579534756063465,-0.068279212080604806,0.026178177136906851,0.29999999999999999
0.89000000000000001,0.034265494708882023,0.007282596044197856,0.01457863992938932,0.56919485753877375,-0.050816707560463845,0.0277107724520687,0.29999999999999999
0.89250000000000007,0.034268262249860654,-0.0050775385893986596,0.016128241709357997,0.67059459449359493,-0.050816707560463845,0.0277107724520687,0.29999999999999999
0.89500000000000002,0.034240058616479684,-0.017495749979410752,0.017932196069084479,0.77269413156392164,-0.040175447077901771,0.032531025845580007,0.29999999999999999
0.89749999999999996,0.034183818457138672,-0.027508110095638062,0.019967562860725274,0.85574078732681458,-0.040175447077901771,0.032531025845580007,0.29999999999999999
0.90000000000000002,0.034102456617139607,-0.037594208295788814,0.022211641901787527,0.93967773979722224,0.036547358841104938,0.039403459022144351,0.29999999999999999
0.90249999999999997,0.034018054756926742,-0.029941264554246394,0.024487885700924004,0.88148261746606404,0.036547358841104938,0.039403459022144351,0.29999999999999999
0.90500000000000003,0.033952682483549886,-0.02236969862799364,0.026619856101537227,0.82424889851181604,0.042506565355149406,0.031948483164051571,0.29999999999999999
0.90749999999999997,0.033907872148725773,-0.013490874562297864,0.028595992683971339,0.75680519258858081,0.042506565355149406,0.031948483164051571,0.29999999999999999
0.91000000000000003,0.033885169104575168,-0.0046828616677595282,0.030404576099708282,0.69019438545075995,0.10347811399548947,0.031870714529730913,0.29999999999999999
0.91249999999999998,0.033902093464227574,0.018212217906613933,0.031905555881836571,0.51070581585271468,0.10347811399548947,0.031870714529730913,0.29999999999999999
0.91500000000000004,0.033976186959535547,0.041055424786828942,0.032958601233073384,0.33181246492301075,0.1359857404512638,0.026763542275460368,0.29999999999999999
0.91749999999999998,0.03411677196608242,0.07140881697019183,0.033489227296344008,0.092730996585530162,0.1359857404512638,0.026763542275460368,0.29999999999999999
0.92000000000000004,0.034333222815571295,0.10175233725612839,0.033422349347344255,-0.14623872694901907,0.12278261814592863,0.020464616531315951,0.29999999999999999
0.92249999999999999,0.034621716594991962,0.12904710748817305,0.032788639542080715,-0.36077940490434401,0.12278261814592863,0.020464616531315951,0.29999999999999999
0.92500000000000004,0.034978489745323325,0.15637953633601473,0.031618095003403006,-0.57574878135225971,0.089947324350192648,0.014493505085734843,0.29999999999999999
0.92749999999999999,0.035394136613563262,0.17614878308570109,0.029985829600872791,-0.73018852867140616,0.089947324350192648,0.014493505085734843,0.29999999999999999
0.93000000000000005,0.035859293958616596,0.19599037779299619,0.027966455267288179,-0.88546473726169062,-0.0090441695315339257,0.010361676338459158,0.29999999999999999
0.9325,0.036345427349405914,0.19292910269947663,0.025788398536501691,-0.8571338068032327,-0.0090441695315339257,0.010361676338459158,0.29999999999999999
0.93500000000000005,0.036824002363368677,0.189943302604245,0.02368003217615534,-0.82970781582116859,-0.036983379128988747,0.0092324571259157617,0.29999999999999999
0.9375,0.037287092627711932,0.18054024516532685,0.021704273980686018,-0.75103564465060457,-0.036983379128988747,0.0092324571259157617,0.29999999999999999
0.94000000000000006,0.037726757609353456,0.17120201272293387,0.019924202251504968,-0.67314554644295477,-0.065494661054966985,0.01318247532864417,0.29999999999999999
0.9425,0.038134871138846838,0.15529742007567143,0.018404457314093379,-0.54275477073994605,-0.065494661054966985,0.01318247532864417,0.29999999999999999
0.94500000000000006,0.038503283275274518,0.13943910120320788,0.017209961465845018,-0.41292429436224559,-0.070352928310337376,0.015189419707411528,0.29999999999999999
0.94750000000000001,0.038830685044373467,0.1224872209549879,0.016350811965612722,-0.27445461312158503,-0.070352928310337376,0.015189419707411528,0.29999999999999999
0.95000000000000007,0.039115739010097794,0.10555889407213911,0.015837451307471859,-0.13626943301683228,-0.025893066908118028,0.022517034094665871,0.29999999999999999
0.95250000000000001,0.039371403533357566,0.098974333228767433,0.015565630881722914,-0.081206128024259583,-0.025893066908118028,0.022517034094665871,0.29999999999999999
0.95500000000000007,0.039610616684202821,0.092396982534945798,0.015431348891201842,-0.026228962589128213,-0.039202225300388416,0.021904851313679433,0.29999999999999999
0.95750000000000002,0.039829524432578083,0.082729015763580091,0.015465510963351067,0.053561020936552864,-0.039202225300388416,0.021904851313679433,0.29999999999999999
0.95999999999999996,0.040024257834021984,0.073056334448336424,0.015699201063477917,0.13340748401637642,-0.048001620793704583,0.022133489511528794,0.29999999999999999
0.96250000000000002,0.040192240407945799,0.061327080151369763,0.01615319248478312,0.22981740947874243,-0.048001620793704583,0.022133489511528794,0.29999999999999999
0.96499999999999997,0.040330876516777622,0.049577765072376524,0.016848488930470508,0.3264683178437402,-0.00011883360767325746,0.025692458690994464,0.29999999999999999
0.96750000000000003,0.04045401276124462,0.048926270142543062,0.017674129214343359,0.33410290159392514,-0.00011883360767325746,0.025692458690994464,0.29999999999999999
0.96999999999999997,0.040575482784107109,0.048244672556551065,0.018519301768931112,0.34209551304922542,-0.026037040497588513,0.021974526013020464,0.29999999999999999
0.97250000000000003,0.040687683421129099,0.041510394469395091,0.01944536126620202,0.39881726527703543,-0.026037040497588513,0.021974526013020464,0.29999999999999999
0.97499999999999998,0.040783005490998468,0.034740996414120213,0.020513738708196342,0.45595977595922321,0.026142777488971612,0.029839974182269264,0.29999999999999999
0.97750000000000004,0.040876506719582317,0.040053303913021768,0.021603880493032586,0.41623263804231314,0.026142777488971612,0.029839974182269264,0.29999999999999999
0.97999999999999998,0.040983240102467504,0.045327318601113949,0.022595278971570959,0.3769580267188678,0.01953547793997289,0.025295161731547139,0.29999999999999999
0.98250000000000004,0.041101196050750639,0.04903189088937384,0.023504417716149889,0.35041864029322872,0.01953547793997289,0.025295161731547139,0.29999999999999999
0.98499999999999999,0.041228372816917491,0.052704372355104716,0.024347688598338964,0.32425899843647615,0.018956574522837302,0.022825101105024517,0.29999999999999999
0.98750000000000004,0.041364525101877485,0.056212695045426843,0.025127355154465274,0.29953057645465236,0.018956574522837302,0.022825101105024517,0.29999999999999999
0.98999999999999999,0.041509413428801496,0.059693579266328019,0.025845611994979843,0.2751268013152211,0.04316220717780471,0.025916110521504755,0.29999999999999999
0.99250000000000005,0.041669998074036631,0.068770367226115278,0.026446816312130056,0.2058808935498822,0.04316220717780471,0.025916110521504755,0.29999999999999999
0.995,0.041853249121926318,0.077827782312915095,0.026875205882299996,0.13686230740069433,0.065158122182449388,0.021506772381742301,0.29999999999999999
0.99750000000000005,0.042065510518170743,0.09198001789313924,0.027079987065114476,0.026977975229382917,0.065158122182449388,0.021506772381742301,0.29999999999999999
1,0.042313147043343539,0.10612965138688307,0.027010121007307788,-0.082876052118242963,0.055984793391636908,0.021091741113073964,0.29999999999999999
1.0024999999999999,0.042593502837088321,0.11815704075880551,0.026686910312864392,-0.17571653519768735,0.055984793391636908,0.021091741113073964,0.29999999999999999
1.0050000000000001,0.042903946219888286,0.13020119730929572,0.026131375072768869,-0.26875293212821272,0.054008636780370066,0.016397743089287282,0.29999999999999999
1.0075000000000001,0.043243956518706821,0.14181200647607492,0.025347502707686778,-0.35840305098381248,0.054008636780370066,0.016397743089287282,0.29999999999999999
1.01,0.043613034594867185,0.15345682704256725,0.024339028067007908,-0.44845128396056821,0.012041364331510892,0.013599773770181112,0.29999999999999999
1.0125,0.043999091703511947,0.15539573895197142,0.023202677388086266,-0.46071088601051868,0.012041364331510892,0.013599773770181112,0.29999999999999999
1.0150000000000001,0.044390048146764824,0.15737648304882035,0.022035060011996822,-0.47346688134105136,0.0095930214353696398,0.016438313290027259,0.29999999999999999
1.0175000000000001,0.044785298994367541,0.15883140791729522,0.020840627267159139,-0.48216497106832201,0.0095930214353696398,0.016438313290027259,0.29999999999999999
1.02,0.045184241578657088,0.16033000735484931,0.019623802975467401,-0.49138172368820848,0.017683720763767185,0.011861692789586032,0.29999999999999999
1.0225,0.04558933582738818,0.16375304380313269,0.018364408013610452,-0.5162249482977026,0.017683720763767185,0.011861692789586032,0.29999999999999999
1.0249999999999999,0.046003045987258837,0.16722311157140141,0.01704221364997472,-0.54162572025511435,-0.01681478520693035,0.010907292008700432,0.29999999999999999
1.0275000000000001,0.04641547191540385,0.16272537107090942,0.015736267857844242,-0.50322337987197652,-0.01681478520693035,0.010907292008700432,0.29999999999999999
1.03,0.046816710157092475,0.15827241117104301,0.014525651127578421,-0.46535582927864239,-0.02647390438727662,0.017408302676147066,0.29999999999999999
1.0325,0.047204062609047942,0.15161602174248762,0.013431611170558185,-0.40995348603077592,-0.02647390438727662,0.017408302676147066,0.29999999999999999
1.0349999999999999,0.047574820607618695,0.14499604458012758,0.012475521170961712,-0.35498620503875317,-0.030379753830809899,0.014853179150277904,0.29999999999999999
1.0375000000000001,0.047927934440260299,0.13749982254640225,0.011665479104684738,-0.29310479028603442,-0.030379753830809899,0.014853179150277904,0.29999999999999999
1.04,0.048262341451946127,0.1300296798196709,0.011009737740736514,-0.23153477148023738,-0.10478790032868508,0.016362781345305132,0.29999999999999999
1.0425,0.048556482249547964,0.10528484473393634,0.010681221028509612,-0.03130135718267632,-0.10478790032868508,0.016362781345305132,0.29999999999999999
1.0449999999999999,0.048788767922924865,0.080542706211130188,0.010853203849601945,0.16889952828478444,-0.054604634509189655,0.023124264673397555,0.29999999999999999
1.0475000000000001,0.048973763119577331,0.067450188856811796,0.011408771444141649,0.27559362275763855,-0.054604634509189655,0.023124264673397555,0.29999999999999999
1.05,0.0491259986637715,0.054333428825306493,0.012231414062189739,0.38257823162702792,-0.060700218067428646,0.026399617872603445,0.29999999999999999
1.0525,0.049243631508669818,0.03976642347028693,0.013336219851854625,0.50134360092915808,-0.060700218067428646,0.026399617872603445,0.29999999999999999
1.0549999999999999,0.049324794439839739,0.025155812420521888,0.014738569219098179,0.62063353700090518,0.006778390004057242,0.029275244809077741,0.29999999999999999
1.0575000000000001,0.049388966182935097,0.02617229493834633,0.016282512581336322,0.61463160046113696,0.006778390004057242,0.029275244809077741,0.29999999999999999
1.0600000000000001,0.049455609705014864,0.027133321202420783,0.017812276769326889,0.60928917950120065,0.027688040127148112,0.027019940514921743,0.29999999999999999
1.0625,0.049530659561391244,0.032897585655517411,0.019280734430473491,0.56558317762650245,0.027688040127148112,0.027019940514921743,0.29999999999999999
1.0649999999999999,0.049620054374859869,0.038609936076923035,0.020640704324380893,0.52249122627930644,0.036921653827324263,0.027875913194207343,0.29999999999999999
1.0675000000000001,0.049726350387687968,0.046419259315212395,0.021872131870545954,0.46274058096938581,0.036921653827324263,0.027875913194207343,0.29999999999999999
1.0700000000000001,0.04985211487067575,0.054185618885487313,0.022954829130999738,0.40349625598850347,0.082748383741178863,0.024690835492849866,0.29999999999999999
1.0725,0.050010552007544701,0.072558725181636752,0.023783136474167205,0.25921197946156704,0.082748383741178863,0.024690835492849866,0.29999999999999999
1.075,0.050214887478655143,0.09090661179686535,0.024251133186720782,0.11522069048007225,0.024604688072862032,0.022482815373792948,0.29999999999999999
1.0775000000000001,0.050448195972833808,0.095738684925043852,0.024494900286023302,0.079810682316099668,0.024604688072862032,0.022482815373792948,0.29999999999999999
1.0800000000000001,0.050693574770365145,0.10056339781179249,0.024650259003635853,0.044487569630048643,0.028208927911516111,0.022452908739826083,0.29999999999999999
1.0825,0.050952055866094921,0.10622111633878584,0.024708976101620431,0.0024903826217470837,0.028208927911516111,0.022452908739826083,0.29999999999999999
1.085,0.051224680160098228,0.11187860432219146,0.024662713180345699,-0.039504085790152188,0.022998812103215908,0.014197970368853863,0.29999999999999999
1.0875000000000001,0.051509939405198754,0.11632964591157631,0.024523565960072418,-0.071823779261577791,0.022998812103215908,0.014197970368853863,0.29999999999999999
1.0900000000000001,0.051806333900336579,0.12078730073345993,0.024303529193207215,-0.1042215868484227,0.017416960384070587,0.022066344529630022,0.29999999999999999
1.0925,0.052112263399445254,0.12395805710706478,0.024015376946452734,-0.12632101964535811,0.017416960384070587,0.022066344529630022,0.29999999999999999
1.095,0.052426133821120678,0.12714037669698888,0.023671810077670503,-0.14855728422634745,0.063119946306439481,0.016608698679171013,0.29999999999999999
1.0974999999999999,0.052761245683846804,0.14095233534833343,0.023165899153010081,-0.2562090887063454,0.063119946306439481,0.016608698679171013,0.29999999999999999
1.1000000000000001,0.05313091587451628,0.1547887451855354,0.022390526550544101,-0.36414659437352043,-0.0012008452498492252,0.015564715979337491,0.29999999999999999
1.1025,0.053516541701853042,0.15371727982323621,0.021494813109291553,-0.35248801010924374,-0.0012008452498492252,0.015564715979337491,0.29999999999999999
1.105,0.053899528660940436,0.15267748199469916,0.020627772374057187,-0.34120641028810095,0.024743590418665043,0.014063812841310364,0.29999999999999999
1.1074999999999999,0.054287488901185295,0.15769622123875721,0.019727971117863445,-0.37869974574777482,0.024743590418665043,0.014063812841310364,0.29999999999999999
1.1100000000000001,0.054688038744518754,0.16274973589027203,0.018733931021635931,-0.41660426156288272,-0.0045607003963086239,0.013045129101111089,0.29999999999999999
1.1125,0.055092758466278938,0.16103214731204735,0.017712924076879185,-0.40027401999039974,-0.0045607003963086239,0.013045129101111089,0.29999999999999999
1.115,0.055493229411550993,0.15935047838144939,0.016732204469204748,-0.38437155881068774,-0.023299807127318054,0.011004481251336651,0.29999999999999999
1.1174999999999999,0.055884096590626486,0.15334857376883482,0.015834437206771752,-0.3339057064814715,-0.023299807127318054,0.011004481251336651,0.29999999999999999
1.1200000000000001,0.056259996980254065,0.14737631087830516,0.015062380793557434,-0.28379405243842321,-0.086486469648632353,0.014981618670699718,0.29999999999999999
1.1225000000000001,0.056602644460383232,0.12674452033849612,0.014562625841482815,-0.11604434597424734,-0.086486469648632353,0.014981618670699718,0.29999999999999999
1.125,0.056893727854034931,0.10612265458428807,0.014482059053304608,0.051585355152888757,-0.031251594320196606,0.021362583667097992,0.29999999999999999
1.1274999999999999,0.057149298895771791,0.09833294006238856,0.014691737565126603,0.11617226228223262,-0.031251594320196606,0.021362583667097992,0.29999999999999999
1.1300000000000001,0.057385383977840862,0.090532933590042289,0.01506302289926089,0.18088221468858873,-0.034963695635665697,0.021154752494474401,0.29999999999999999
1.1325000000000001,0.05760087195550407,0.081854260373120741,0.015604967939873931,0.25271198304980674,-0.034963695635665697,0.021154752494474401,0.29999999999999999
1.135,0.057794636712040257,0.073153305651407652,0.016326805147211802,0.32480856000666775,0.013646946562061179,0.025301998803052134,0.29999999999999999
1.1375,0.057980733700737988,0.075719497065751762,0.017115904843212432,0.3065279650494882,0.013646946562061179,0.025301998803052134,0.29999999999999999
1.1400000000000001,0.058173210946039576,0.078257784380767428,0.017859720619449751,0.28857817650312489,0.0014112649510387922,0.020516392546194556,0.29999999999999999
1.1425000000000001,0.058368447138998421,0.077926792078597984,0.018587594094290762,0.29377264866946151,0.0014112649510387922,0.020516392546194556,0.29999999999999999
1.145,0.058562822824994559,0.077569299739058295,0.019328846383642427,0.29928217347064345,0.03468823174890235,0.023462155356508359,0.29999999999999999
1.1475,0.058765934866040537,0.084916146100931955,0.02000666424451546,0.24302148061540152,0.03468823174890235,0.023462155356508359,0.29999999999999999
1.1500000000000001,0.058987384783282464,0.092240464159497326,0.020544175074962031,0.18702635564172679,0.045666341895551965,0.018522233202514223,0.29999999999999999
1.1525000000000001,0.059230310597857501,0.10209786305655145,0.020916365340238829,0.1107531686742137,0.045666341895551965,0.018522233202514223,0.29999999999999999
1.155,0.059497865450794898,0.11194488391062141,0.021098042516583967,0.034601910295404312,0.013156684165468766,0.020201023888429117,0.29999999999999999
1.1575,0.059780592214913886,0.11423611910142771,0.021165217562047478,0.019142963524814156,0.013156684165468766,0.020201023888429117,0.29999999999999999
1.1599999999999999,0.06006904459218762,0.11652560913694468,0.021193774562900159,0.0037046937786260926,0.032516486749266008,0.017866779455777356,0.29999999999999999
1.1625000000000001,0.06036884162628163,0.12331235909326288,0.021138598461696995,-0.047849593531182982,0.032516486749266008,0.017866779455777356,0.29999999999999999
1.165,0.060685610084051059,0.13010354481521469,0.020954483025291293,-0.099456166233714838,0.028633258497021058,0.01913266831046874,0.29999999999999999
1.1675,0.061018239397926333,0.13600177924694737,0.020650282825413327,-0.14392609631555447,0.028633258497021058,0.01913266831046874,0.29999999999999999
1.1699999999999999,0.061365630054493261,0.14191330352578274,0.020234721848883728,-0.18855287052706127,0.022897552965939698,0.017269554733471738,0.29999999999999999
1.1725000000000001,0.061726154758154211,0.1465096062489018,0.019720723892291046,-0.22268269680463915,0.022897552965939698,0.017269554733471738,0.29999999999999999
1.175,0.062098195122150569,0.15112635417557757,0.019121106943385303,-0.25705424751247263,0.014071558279945098,0.016806935378515755,0.29999999999999999
1.1775,0.062479242911890776,0.15371591897106332,0.018455805608904585,-0.27523471531842741,0.014071558279945098,0.016806935378515755,0.29999999999999999
1.1799999999999999,0.062866795611518533,0.156330559296083,0.017744685728541688,-0.29371237437136083,-0.0015232312337201625,0.013582174931188013,0.29999999999999999
1.1825000000000001,0.063256388548954046,0.15534812131870809,0.017023355550780887,-0.28340328091641476,-0.0015232312337201625,0.013582174931188013,0.29999999999999999
1.1850000000000001,0.063643557488915967,0.15439121056553004,0.016327416325831231,-0.27339781232777899,0.028218249338857353,0.012744261634668842,0.29999999999999999
1.1875,0.064037004063629596,0.16037058694060474,0.015586742207621268,-0.31919511968124537,0.028218249338857353,0.012744261634668842,0.29999999999999999
1.1899999999999999,0.06444543485377667,0.16637928138730335,0.014731151904319111,-0.36533903938849832,-0.0084766068909251074,0.013621893697569915,0.29999999999999999
1.1925000000000001,0.064858268857763066,0.16389322165131157,0.013845325631389032,-0.34338509294292929,-0.0084766068909251074,0.013621893697569915,0.29999999999999999
1.1950000000000001,0.065264926650648716,0.16143799086812605,0.013013920565161865,-0.32179822783496964,-0.010677064377358084,0.013137762943538134,0.29999999999999999
1.1975,0.065664843646821625,0.15850023104089722,0.012241181768549809,-0.29644787809710105,-0.010677064377358084,0.013137762943538134,0.29999999999999999
1.2,0.066057449990878231,0.15558909548702499,0.011531417056615397,-0.27141449766555154,-0.041119230041638886,0.015574279967646536,0.29999999999999999
1.2025000000000001,0.066433965212852455,0.14562648852454352,0.010954898714357366,-0.18984089900153162,-0.041119230041638886,0.015574279967646536,0.29999999999999999
1.2050000000000001,0.066785596463721439,0.13568071836532258,0.010582044879751187,-0.1084685302426954,-0.021863085746972159,0.01707093494691472,0.29999999999999999
1.2075,0.067117971364503565,0.13022048350825194,0.01036752816689631,-0.063160104045232562,-0.021863085746972159,0.01707093494691472,0.29999999999999999
1.21,0.06743670359667725,0.12476590769917957,0.010266188185965744,-0.017919093221541754,-0.053097815439796935,0.014756308167102404,0.29999999999999999
1.2125000000000001,0.067732727493652445,0.11205271141683448,0.010350799924769304,0.085614447865413959,-0.053097815439796935,0.014756308167102404,0.29999999999999999
1.2150000000000001,0.067996960849346852,0.099331950498555324,0.010694335858105433,0.18923850424742325,-0.061130407734313198,0.019958773631088011,0.29999999999999999
1.2175,0.068227039653639132,0.08472745390246493,0.011315901732640132,0.30805782563270206,-0.061130407734313198,0.019958773631088011,0.29999999999999999
1.22,0.068420575608688874,0.070095947558165034,0.012234895013125757,0.42720116803969321,-0.010465642558023168,0.016136800678865176,0.29999999999999999
1.2224999999999999,0.068592206647941245,0.067202314512722086,0.013334073119751546,0.45221958215016689,-0.010465642558023168,0.016136800678865176,0.29999999999999999
1.2250000000000001,0.068756553419339381,0.064268164060544114,0.014496395230927063,0.47772080337614881,-0.010465336735486386,0.021085852840690665,0.29999999999999999
1.2275,0.068913511935106656,0.061291335055574922,0.015723101071625327,0.50373107253769267,-0.010465336735486386,0.021085852840690665,0.29999999999999999
1.23,0.069062972583425628,0.058269489219804196,0.017015497966440855,0.53027823163756438,0.036499542123984263,0.01999988205177157,0.29999999999999999
1.2324999999999999,0.069218460216480121,0.066112921006291014,0.018265417142328592,0.4697479594415071,0.036499542123984263,0.01999988205177157,0.29999999999999999
1.2350000000000001,0.06939350099837871,0.073912922010831342,0.019364664813236669,0.40973018460321226,0.04664945140373946,0.021070956975271241,0.29999999999999999
1.2375,0.06959094072445296,0.084033087146605151,0.020290769829196493,0.33122169840740862,0.04664945140373946,0.021070956975271241,0.29999999999999999
1.24,0.069813640607954738,0.094122259499036812,0.021021076893567022,0.2530775416989533,0.059473966775962374,0.020751435243434424,0.29999999999999999
1.2424999999999999,0.070065256151884248,0.10716698037763139,0.021526484127893722,0.15128565173455533,0.059473966775962374,0.020751435243434424,0.29999999999999999
1.2450000000000001,0.070349463548225438,0.12019734693527279,0.021777645151491481,0.049661770823257928,0.048543773012920649,0.02150455357450913,0.29999999999999999
1.2475000000000001,0.07066306520885425,0.1306838392048888,0.021800326297192859,-0.031515183714030323,0.048543773012920649,0.02150455357450913,0.29999999999999999
1.25,0.071002885214910508,0.14117329602417858,0.021620040241022868,-0.11272692633998897,0.04141551468118905,0.013678269860718212,0.29999999999999999
1.2524999999999999,0.071366870663949353,0.15001734781332715,0.021253210389278219,-0.18076382103452618,0.04141551468118905,0.013678269860718212,0.29999999999999999
1.2550000000000001,0.071752986020269888,0.15887827970783694,0.020716055699562745,-0.24899924861550488,-0.026988391805457916,0.014345411746195334,0.29999999999999999
1.2575000000000001,0.072141417327629437,0.15186998434105176,0.020167510358223735,-0.18987558269147026,-0.026988391805457916,0.014345411746195334,0.29999999999999999
1.26,0.072512349872839138,0.14487840699491544,0.019766510908355187,-0.13095218480353915,0.029751782432708655,0.014560788856919527,0.29999999999999999
1.2625,0.072882296754243014,0.15108147574623498,0.019380303796937379,-0.17804156378076638,0.029751782432708655,0.014560788856919527,0.29999999999999999
1.2650000000000001,0.073267770948157548,0.15730098137864384,0.018876141433910445,-0.22532494223713861,0.0056879073839714786,0.012100218744627285,0.29999999999999999
1.2675000000000001,0.073661830201274758,0.15794984119079433,0.018309600925058848,-0.22794807484592616,0.0056879073839714786,0.012100218744627285,0.29999999999999999
1.27,0.074057537354218675,0.15861934296514738,0.017736196827962583,-0.23081630731001015,-0.024355975214406314,0.014418884370092736,0.29999999999999999
1.2725,0.074446218255204671,0.15232839496120323,0.017225391736164632,-0.17786383793116659,-0.024355975214406314,0.014418884370092736,0.29999999999999999
1.2750000000000001,0.074819192466048706,0.14605321245038461,0.01684672060332049,-0.12509982545441098,-0.00065015634966637825,0.014453768177956704,0.29999999999999999
1.2775000000000001,0.075183379047657733,0.14529787086078347,0.016544484349044222,-0.11671078838659625,-0.00065015634966637825,0.014453768177956704,0.29999999999999999
1.28,0.075545690595684598,0.14455306062994422,0.016263062353641528,-0.10844693208658741,-0.0050423381673556887,0.017346010247207264,0.29999999999999999
1.2825,0.075904876735410937,0.14279735492914483,0.016012398601806123,-0.092101959359578517,-0.0050423381673556887,0.017346010247207264,0.29999999999999999
1.2849999999999999,0.076259684276903342,0.14104993788854411,0.015802470394028795,-0.075855591330113548,-0.0014922663734476755,0.014559804174246838,0.29999999999999999
1.2875000000000001,0.076611163302814977,0.14013435172154814,0.015624771354533648,-0.066316345763030068,-0.0014922663734476755,0.014559804174246838,0.29999999999999999
1.29,0.076960361021458479,0.13922474925519446,0.015470829399489938,-0.056848225802529746,-0.045274499593124705,0.015726194638142788,0.29999999999999999
1.2925,0.0772945737390624,0.12814558986907706,0.015442616289698953,0.034275758393481702,-0.045274499593124705,0.015726194638142788,0.29999999999999999
1.2949999999999999,0.077601086466344033,0.11706342552000726,0.015642238231748314,0.12543578752999593,-1.0270099983437052e-05,0.02081997934916345,0.29999999999999999
1.2975000000000001,0.077893029459555868,0.11648903025642324,0.015964313668691218,0.13224760269023306,-1.0270099983437052e-05,0.02081997934916345,0.29999999999999999
1.3,0.078183521668050177,0.11590269447452804,0.016303594488986394,0.13920132265181862,-0.008347376399542368,0.017200090926343128,0.29999999999999999
1.3025,0.078470110890265038,0.11336643192419539,0.016679892598813782,0.16186397207126091,-0.008347376399542368,0.017200090926343128,0.29999999999999999
1.3049999999999999,0.078750341725557754,0.1108156457418476,0.017113058457334504,0.18469956455772102,-0.0002645921915033284,0.02063758803309446,0.29999999999999999
1.3075000000000001,0.079026522904673033,0.1101264613680614,0.017584701226757482,0.1926483680083351,-0.0002645921915033284,0.02063758803309446,0.29999999999999999
1.3100000000000001,0.079300959554418196,0.10941990192491981,0.018076472420830728,0.20080373746453556,-0.0058039720353902074,0.021740237498899209,0.29999999999999999
1.3125,0.079571998542389596,0.10740814447381186,0.01860181939957218,0.21951127836286463,-0.0058039720353902074,0.021740237498899209,0.29999999999999999
1.3149999999999999,0.07983798386093531,0.10537668643134256,0.019174224278576943,0.23845339750162337,0.006883915600684457,0.018414961915685615,0.29999999999999999
1.3175000000000001,0.080102548799477799,0.10627169715773988,0.019764707650693939,0.23397564813883096,0.006883915600684457,0.018414961915685615,0.29999999999999999
1.3200000000000001,0.080369324680163085,0.10714550609746561,0.020344312246544555,0.22974959424329541,0.059555929202477285,0.019801979621195991,0.29999999999999999
1.3225,0.080653554221299273,0.12023530710959719,0.020790828647412732,0.12749654703713093,0.059555929202477285,0.019801979621195991,0.29999999999999999
1.325,0.080970491147570919,0.133313025981632,0.020981912863058914,0.025384966488372324,0.04586268830135299,0.015763593119647378,0.29999999999999999
1.3275000000000001,0.081316141080804108,0.14320712177094483,0.020949709320038989,-0.051150163938836771,0.04586268830135299,0.015763593119647378,0.29999999999999999
1.3300000000000001,0.081686530752070149,0.15310601219955994,0.020726115106042942,-0.1277416185631422,0.035302893312237647,0.014213633137164443,0.29999999999999999
1.3325,0.082078614645281628,0.16056351998842883,0.020335510156135654,-0.18477082583151688,0.035302893312237647,0.014213633137164443,0.29999999999999999
1.335,0.082489362641745306,0.16803817628324388,0.019802092594664977,-0.24200210351544821,0.031967813662833279,0.012609527599914187,0.29999999999999999
1.3375000000000001,0.082917855681695463,0.17476037866731142,0.019133057459155944,-0.2932746503166731,0.031967813662833279,0.012609527599914187,0.29999999999999999
1.3400000000000001,0.083363187113745602,0.18150967704668597,0.018335452899989248,-0.34486695033854703,-0.02138149704814311,0.012746677443926,0.29999999999999999
1.3425,0.083809935902497829,0.17589409801367173,0.017532846826256516,-0.29727461859115517,-0.02138149704814311,0.012746677443926,0.29999999999999999
1.345,0.084242679581564686,0.17030489405381388,0.01684881715277297,-0.24999749618467756,-0.020489624838027742,0.012567833311357106,0.29999999999999999
1.3474999999999999,0.084661737930581876,0.16494515472570143,0.01628055781601161,-0.20465020955603797,-0.020489624838027742,0.012567833311357106,0.29999999999999999
1.3500000000000001,0.085067420529452709,0.15960362584052468,0.015825384937343867,-0.15952034187906769,-0.0053353610446377478,0.014355702763542717,0.29999999999999999
1.3525,0.085464169776558907,0.15779803885584162,0.015447462742054004,-0.1428443855164776,-0.0053353610446377478,0.014355702763542717,0.29999999999999999
1.355,0.085856421434996916,0.15600530655004954,0.015111035581380879,-0.12632135723112844,-0.021621131355395878,0.0095943940343536649,0.29999999999999999
1.3574999999999999,0.086239475085173822,0.1504391421116919,0.014853736326408523,-0.079536287456551918,-0.021621131355395878,0.0095943940343536649,0.29999999999999999
1.3600000000000001,0.08660862305204825,0.14488006609340831,0.014713283663473076,-0.032835802686797956,-0.0082072278512315983,0.013520253351502913,0.29999999999999999
1.3625,0.086967774374890394,0.14244132212635879,0.014658234479055031,-0.01120747129636035,-0.0082072278512315983,0.013520253351502913,0.29999999999999999
1.365,0.087320830502146646,0.14000358568998639,0.01465723631716918,0.010408870252363905,0.008941959098711311,0.014738079014462427,0.29999999999999999
1.3674999999999999,0.087672773084220154,0.14155040095329036,0.014670280185790452,2.7161860567432791e-05,0.008941959098711311,0.014738079014462427,0.29999999999999999
1.3700000000000001,0.088028582504892108,0.14309721374898263,0.014657372150442874,-0.010354517262496041,0.019801312592038826,0.015447745204873176,0.29999999999999999
1.3725000000000001,0.088391414411359448,0.14716870282850372,0.014593164075956094,-0.041016575366983943,0.019801312592038826,0.015447745204873176,0.29999999999999999
1.375,0.088764429144473786,0.15124394261790822,0.014452252277352629,-0.071723031263463272,-0.025617318781557718,0.014983740836433727,0.29999999999999999
1.3774999999999999,0.089134446007542736,0.14477021103978688,0.014340444733086374,-0.017730922395044015,-0.025617318781557718,0.014983740836433727,0.29999999999999999
1.3800000000000001,0.089488281514007173,0.13829805696443442,0.014363581973412431,0.036242352307140603,-0.022103013699378123,0.015874482402540316,0.29999999999999999
1.3825000000000001,0.089826954463914477,0.13263941207775731,0.014513489835947822,0.083694567421028238,-0.022103013699378123,0.015874482402540316,0.29999999999999999
1.385,0.090151472358035167,0.12697330729008005,0.014782128986001243,0.13123579715318032,-0.012230806528951447,0.01750611095582098,0.29999999999999999
1.3875,0.090464678925328126,0.12358976794288801,0.015146754298652306,0.16049040429642353,-0.012230806528951447,0.01750611095582098,0.29999999999999999
1.3900000000000001,0.090769409214823724,0.12019184808484178,0.015584723758275148,0.1899163249567217,-0.0052356287842895369,0.016466661249639573,0.29999999999999999
1.3925000000000001,0.091067655856250068,0.11840249386440752,0.016080186605128301,0.20648930541632873,-0.0052356287842895369,0.016466661249639573,0.29999999999999999
1.395,0.091361406209958113,0.11659456911103294,0.016617354417927763,0.22328326322717595,0.019003902303957595,0.019865037885752529,0.29999999999999999
1.3975,0.091657652352303581,0.12039915723432687,0.01714026018217104,0.19507908243735744,0.019003902303957595,0.019865037885752529,0.29999999999999999
1.4000000000000001,0.091963387130490029,0.12418590498277961,0.017592925799509534,0.16708608443941919,0.064658689040840767,0.021302169627378333,0.29999999999999999
1.4025000000000001,0.092291828983195087,0.1385658344239242,0.017869351449642142,0.054074854460287619,0.064658689040840767,0.021302169627378333,0.29999999999999999
1.405,0.092656212040762242,0.15294064932339352,0.017863349999130699,-0.058876456406814881,0.016961465888913244,0.013749264837888893,0.29999999999999999
1.4075,0.093042683738476767,0.1562377882194636,0.017686169187142352,-0.082880972560009411,0.016961465888913244,0.013749264837888893,0.29999999999999999
1.4099999999999999,0.093437407292517469,0.15954250045665927,0.017448870418876824,-0.10697515632581001,0.03925688268235053,0.016710607934927374,0.29999999999999999
1.4125000000000001,0.09384688001262792,0.16803783893498742,0.017099191067338159,-0.17279381661451745,0.03925688268235053,0.016710607934927374,0.29999999999999999
1.415,0.094277609844097277,0.17654920623831497,0.016584743921423353,-0.23880138311501037,-0.0039150198484378014,0.011854601108324099,0.29999999999999999
1.4175,0.094717104644719871,0.17505010833704257,0.016005675247893675,-0.22449488746945329,-0.0039150198484378014,0.011854601108324099,0.29999999999999999
1.4199999999999999,0.095152877222984156,0.17357121686890609,0.015462069181936497,-0.21042877597271467,-0.023605652539602548,0.011197860681969957,0.29999999999999999
1.4225000000000001,0.095579256828472264,0.16753521140068867,0.014999279280922087,-0.15983591026587513,-0.023605652539602548,0.011197860681969957,0.29999999999999999
1.425,0.09599056512927033,0.16151342609518068,0.014662748155308913,-0.10941282891569808,-0.012070487049096414,0.014536884038003649,0.29999999999999999
1.4275,0.096390182880235861,0.15818219492733493,0.014425207255085226,-0.080636805527850727,-0.012070487049096414,0.014536884038003649,0.29999999999999999
1.4299999999999999,0.096781482130450569,0.15485819629492786,0.014259492358541489,-0.051946913534176978,-0.01908347452847101,0.015801054781429159,0.29999999999999999
1.4325000000000001,0.097162440541205042,0.14990899517291012,0.014181787691560199,-0.010222339042891597,-0.01908347452847101,0.015801054781429159,0.29999999999999999
1.4350000000000001,0.097531027867191658,0.14496070733221739,0.014208371591084117,0.031491345950639411,-0.02689077059381003,0.01617095237013581,0.29999999999999999
1.4375,0.097884973801652855,0.13819515647246561,0.014357486654493431,0.087811258553566557,-0.02689077059381003,0.01617095237013581,0.29999999999999999
1.4399999999999999,0.098221997145250428,0.13142180027762834,0.014647505562440693,0.14422438872532134,-0.058179345589497881,0.017206883320275635,0.29999999999999999
1.4425000000000001,0.098532983426413812,0.11736429981030366,0.015151729312529373,0.25918978145173116,-0.058179345589497881,0.017206883320275635,0.29999999999999999
1.4450000000000001,0.098808799874148326,0.1032842771170538,0.015943680270219598,0.37442612591195212,-0.015401713798540519,0.022366615415925953,0.29999999999999999
1.4475,0.099061802784272041,0.099112222927658394,0.016924398805647434,0.41021825660389027,-0.015401713798540519,0.022366615415925953,0.29999999999999999
1.45,0.099304330541136715,0.094903629110704754,0.017995135017297839,0.4464465760194663,0.034599111597622433,0.021940696718536608,0.29999999999999999
1.4525000000000001,0.099550809153739137,0.10227282113462677,0.019040406570803747,0.38984666510432858,0.034599111597622433,0.021940696718536608,0.29999999999999999
1.4550000000000001,0.099815664602713197,0.1096059578007217,0.019944722800969192,0.33367213713717792,0.013243296681372922,0.019467276124338545,0.29999999999999999
1.4575,0.10009261166930256,0.1119467547369614,0.020758874261399243,0.31770760567604467,0.013243296681372922,0.019467276124338545,0.29999999999999999
1.46,0.10037537427577951,0.1142586283229213,0.021533546540637251,0.30208595892874196,0.069716259306651249,0.017240388060729368,0.29999999999999999
1.4625000000000001,0.10068027943745542,0.1296616431525367,0.022137892116124408,0.18143553398289441,0.069716259306651249,0.017240388060729368,0.29999999999999999
1.4650000000000001,0.10102366800274053,0.14504727163429826,0.022440893283247564,0.060988003039442032,0.025255868380632665,0.015437190723183279,0.29999999999999999
1.4675,0.10139260179208452,0.15009911034127132,0.02254655722370754,0.023550818019594244,0.025255868380632665,0.015437190723183279,0.29999999999999999
1.47,0.10177416174527146,0.15514877771125421,0.022558668734103709,-0.01386073012489606,0.10020283011106391,0.014438415290831123,0.29999999999999999
1.4724999999999999,0.10219010774096779,0.17760970111175453,0.022302487054177055,-0.19110408399066889,0.10020283011106391,0.014438415290831123,0.29999999999999999
1.4750000000000001,0.10266222592381065,0.20008942764377707,0.021602966860390652,-0.36856515149786612,0.048533335734838874,0.0075783819290457886,0.29999999999999999
1.4775,0.10317558103870504,0.21060105967016557,0.020579804430872428,-0.45003993079588539,0.048533335734838874,0.0075783819290457886,0.29999999999999999
1.48,0.10371526633741786,0.22115483087459667,0.019352354460556418,-0.5320100259435192,0.043977722099373381,0.0078758811753049333,0.29999999999999999
1.4824999999999999,0.10428007350355806,0.23069971073404483,0.017929892816788261,-0.60606309872069353,0.043977722099373381,0.0078758811753049333,0.29999999999999999
1.4850000000000001,0.10486881172502413,0.240300793070851,0.016321486725699004,-0.68077889400177405,0.014278675021855314,0.0039461344184112514,0.29999999999999999
1.4875,0.10547300297459973,0.24306262982081181,0.014594663153446201,-0.70080380402755382,0.014278675021855314,0.0039461344184112514,0.29999999999999999
1.49,0.10608417772346233,0.24588789094530769,0.012816839697694898,-0.72158238670974306,-0.065336959884483098,0.0082470428939045663,0.29999999999999999
1.4924999999999999,0.10667936682828966,0.23027292255540863,0.011171868997028515,-0.59450887561587451,-0.065336959884483098,0.0082470428939045663,0.29999999999999999
1.4950000000000001,0.10723558553885193,0.21470979273728105,0.0098437759786021966,-0.46805855915438233,-0.015845211353004453,0.012272694434472393,0.29999999999999999
1.4975000000000001,0.10776732956271778,0.21069216979839159,0.008715677110421826,-0.43450087158294248,-0.015845211353004453,0.012272694434472393,0.29999999999999999
1.5,0.10828907887380247,0.20671353305458537,0.0076708847003815004,-0.401407526915878,-0.12386634024408065,0.012646406550046431,0.29999999999999999
1.5024999999999999,0.10876954072987184,0.17766007180147236,0.006960363516516372,-0.16705897314404705,-0.12386634024408065,0.012646406550046431,0.29999999999999999
1.5050000000000001,0.10917739136739704,0.14862116535623027,0.006835444007254601,0.067114630871418834,-0.062609305296033521,0.014652243090278922,0.29999999999999999
1.5075000000000001,0.10953044047993421,0.13381624371394116,0.007153043408654274,0.18698735816957107,-0.062609305296033521,0.014652243090278922,0.29999999999999999
1.51,0.1098464587543829,0.11899472582871294,0.0077705460628302355,0.3070583943199291,-0.054636887113257732,0.017929602834235493,0.29999999999999999
1.5125,0.11012770784285789,0.10599923016189494,0.0086700021972398074,0.4125700546240047,-0.054636887113257732,0.017929602834235493,0.29999999999999999
1.5150000000000001,0.11037642448925523,0.092967237180356765,0.0098337602058687756,0.51851835633814214,0.010712962741011384,0.021786221041119849,0.29999999999999999
1.5175000000000001,0.1106114920165351,0.095079077311068586,0.011110564674364699,0.50301676358313496,0.010712962741011384,0.021786221041119849,0.29999999999999999
1.52,0.11085178191498513,0.097145360468378891,0.012349294871069597,0.48805623553481126,0.011432652656628276,0.02056971941294939,0.29999999999999999
1.5225,0.11109739104296831,0.099334687117137166,0.013549604287241447,0.47227742958959928,0.011432652656628276,0.02056971941294939,0.29999999999999999
1.5250000000000001,0.11134841966517985,0.10148118753195116,0.014711105659190789,0.45700703712150548,0.015332773166137081,0.015681419234554916,0.29999999999999999
1.5275000000000001,0.11160589531411591,0.10449257114714022,0.01582595114826367,0.43494953151327442,0.015332773166137081,0.015681419234554916,0.29999999999999999
1.53,0.11187084954497761,0.10746438018534855,0.016886244361406632,0.41336132122556452,0.045371320181207195,0.017268284124112663,0.29999999999999999
1.5325,0.11215191029367896,0.11737840703082385,0.01782306310262826,0.33616210946716052,0.045371320181207195,0.017268284124112663,0.29999999999999999
1.5350000000000001,0.11245771548836205,0.12726112233399911,0.018567362051338531,0.25933149263254662,0.078204510677178471,0.018816127969387912,0.29999999999999999
1.5375000000000001,0.11279773110994643,0.14474833741397483,0.019043379857601999,0.12151821266836843,0.078204510677178471,0.018816127969387912,0.29999999999999999
1.54,0.11318144747680375,0.16222391456269,0.019175066306401842,-0.016159233897652947,0.02979796312132451,0.013160504115538664,0.29999999999999999
1.5425,0.11359479393715895,0.16845386683772423,0.019075467199427897,-0.063527287165282442,0.02979796312132451,0.013160504115538664,0.29999999999999999
1.5449999999999999,0.11402372169910827,0.17468968507444263,0.018857372183371846,-0.11096456816239256,0.03746268103020331,0.010648479901525407,0.29999999999999999
1.5475000000000001,0.11447047691413068,0.18271668202922892,0.018502666663836372,-0.17282571117093298,0.03746268103020331,0.010648479901525407,0.29999999999999999
1.55,0.11493731847311858,0.19075971626262417,0.017993086147881386,-0.23487583956554767,0.023092942164461502,0.010437540360721946,0.29999999999999999
1.5525,0.11542012007253064,0.19548542423848711,0.017361591436229892,-0.27036559483914768,0.023092942164461502,0.010437540360721946,0.29999999999999999
1.5549999999999999,0.11591476624910035,0.20023591977660282,0.016641013855281092,-0.3061485548155593,0.008667909098666016,0.0075264223160621093,0.29999999999999999
1.5575000000000001,0.11641713309342745,0.20166225316466238,0.015864221960233453,-0.31534071240306399,0.008667909098666016,0.0075264223160621093,0.29999999999999999
1.5600000000000001,0.11692310134884903,0.2031171897619253,0.015064027419854232,-0.32487234786543367,0.0022027945387830521,0.0096368076011706088,0.29999999999999999
1.5625,0.1174308655682397,0.20309906031681665,0.014254651582547594,-0.32268624957178793,0.0022027945387830521,0.0096368076011706088,0.29999999999999999
1.5649999999999999,0.11793862094352772,0.20311008517562409,0.013450307491216991,-0.32084659909655794,-0.008921868063769791,0.0074850622924721253,0.29999999999999999
1.5675000000000001,0.11844320837102894,0.20056449360933953,0.012676086848502886,-0.29858511334494825,-0.008921868063769791,0.0074850622924721253,0.29999999999999999
1.5700000000000001,0.1189414657699561,0.19804573439450218,0.011957115792384161,-0.2766430141724619,-0.037474344050557946,0.0080895816744302462,0.29999999999999999
1.5725,0.11942516266020636,0.18891531362927272,0.01135924605702025,-0.20169503171301217,-0.037474344050557946,0.0080895816744302462,0.29999999999999999
1.575,0.1198860572577771,0.17980279720463893,0.010948462371159484,-0.1269609779051051,-0.013058674777920018,0.011384074753454926,0.29999999999999999
1.5775000000000001,0.12033127951517956,0.17637669359620492,0.010667358421903802,-0.097942231903387023,-0.013058674777920018,0.011384074753454926,0.29999999999999999
1.5800000000000001,0.12076794806399527,0.17295939668407923,0.01045866388952151,-0.069028282469318372,-0.019270385444999986,0.0093882189897850354,0.29999999999999999
1.5825,0.12119427696340945,0.16810445257050491,0.010336649824192157,-0.028591659662005463,-0.019270385444999986,0.0093882189897850354,0.29999999999999999
1.585,0.12160847246397788,0.16325207335510664,0.010315680141947729,0.01181441976071386,-0.033446821576382374,0.012982102838415161,0.29999999999999999
1.5875000000000001,0.1220064177229695,0.15510346155473723,0.010428811658666291,0.078698815094187732,-0.033446821576382374,0.012982102838415161,0.29999999999999999
1.5900000000000001,0.1223839839265321,0.14694783549643786,0.010709243965266246,0.14566690926953507,0.003434455289006157,0.012340792004172735,0.29999999999999999
1.5925,0.12275186110162149,0.14735171904045694,0.011071218626589415,0.1439387687322686,0.003434455289006157,0.012340792004172735,0.29999999999999999
1.595,0.12312073165945811,0.1477425666792431,0.011429066777750322,0.14236540472313078,-0.016269828176471511,0.015540349844453917,0.29999999999999999
1.5975000000000001,0.12348483870560627,0.14354067813832869,0.011829148693170317,0.17772861623679451,-0.016269828176471511,0.015540349844453917,0.29999999999999999
1.6000000000000001,0.12383842177172588,0.13932285445876166,0.012317868013289438,0.21328162624640745,0.0037350428445368784,0.018788369319333732,0.29999999999999999
1.6025,0.12418724864088443,0.13973543484419465,0.012849071760939123,0.21171944301675713,0.0037350428445368784,0.018788369319333732,0.29999999999999999
1.605,0.12453708297525859,0.14012884868562375,0.013376654880031057,0.2103848621990444,-0.0032161732339881914,0.018360742391303416,0.29999999999999999
1.6074999999999999,0.12488585771519597,0.13888769315366381,0.01391740207241525,0.22225153642389436,-0.0032161732339881914,0.018360742391303416,0.29999999999999999
1.6100000000000001,0.12523150474730801,0.13762650346916325,0.014488111065705505,0.23435643521257329,0.0037340600877562996,0.016758963879534815,0.29999999999999999
1.6125,0.12557599154520238,0.13795940542881632,0.015073179227655203,0.23374001244488538,0.0037340600877562996,0.016758963879534815,0.29999999999999999
1.615,0.12592128415152579,0.13827115798820816,0.015657020434724198,0.23337478029181913,0.027931972923895435,0.015866684079321906,0.29999999999999999
1.6174999999999999,0.12627435838014231,0.1441849961156238,0.016183814122510413,0.18809832838310742,0.027931972923895435,0.015866684079321906,0.29999999999999999
1.6200000000000001,0.12664219471817625,0.15008153609844849,0.016597682404042659,0.14302628759473723,0.032504372815995386,0.013040981860800757,0.29999999999999999
1.6225000000000001,0.12702608316297201,0.15702743027407617,0.016888409299548768,0.089576348711084566,0.032504372815995386,0.013040981860800757,0.29999999999999999
1.625,0.12742732497732462,0.16396505302734637,0.017045645486443332,0.036224026253388782,0.041875273217033694,0.012934487085677527,0.29999999999999999
1.6274999999999999,0.1278486274117388,0.17307688165003046,0.017047703649807181,-0.034577344173337528,0.041875273217033694,0.012934487085677527,0.29999999999999999
1.6300000000000001,0.12829271206433732,0.1821919246381348,0.016872727217641423,-0.10541657093818008,0.043827136134568324,0.012956360214447158,0.29999999999999999
1.6325000000000001,0.12876016212819041,0.19177033877603575,0.016515971593617351,-0.18001397876744402,0.043827136134568324,0.012956360214447158,0.29999999999999999
1.635,0.12925157770543275,0.20136548990838429,0.015972493068073499,-0.25480850095510665,0.032483571163558503,0.0082057385825303093,0.29999999999999999
1.6375,0.12976371429941724,0.20834811151070345,0.015268159299111293,-0.30870961037563555,0.032483571163558503,0.0082057385825303093,0.29999999999999999
1.6400000000000001,0.13029334194982234,0.21535915888223459,0.014428665199369837,-0.36294652168316083,0.018385264534979767,0.0058916276130491886,0.29999999999999999
1.6425000000000001,0.13083644240854858,0.21912693691662821,0.013485989837690282,-0.39126165901223087,0.018385264534979767,0.0058916276130491886,0.29999999999999999
1.645,0.13138900634309089,0.22293036817782994,0.012472004785072493,-0.4199993738498336,0.02970922642553523,0.0088079800930013063,0.29999999999999999
1.6475,0.13195441594647833,0.22940410317005755,0.011359193463482927,-0.4703300453400186,0.02970922642553523,0.0088079800930013063,0.29999999999999999
1.6500000000000001,0.13253606268990095,0.23592083786470097,0.010119930272835543,-0.52116989424451854,-0.044328735415198987,0.0090398426663417641,0.29999999999999999
1.6525000000000001,0.13311254853193491,0.22527488907523927,0.0089256405293937843,-0.43434625276866362,-0.044328735415198987,0.0090398426663417641,0.29999999999999999
1.655,0.13366246925362704,0.21466748276145944,0.0079478151345482549,-0.34798327967534531,-0.011065401716834969,0.0091001860796536133,0.29999999999999999
1.6575,0.13419557666220694,0.2118234873318558,0.0071077921401920645,-0.32409510811575443,-0.011065401716834969,0.0091001860796536133,0.29999999999999999
1.6600000000000001,0.13472161101902588,0.20900868887608215,0.006327050225549369,-0.30055420910563047,-0.0703569145823916,0.0095285615116972519,0.29999999999999999
1.6625000000000001,0.13522341455007936,0.19243759517516082,0.0057431214267163284,-0.16663015037621887,-0.0703569145823916,0.0095285615116972519,0.29999999999999999
1.665,0.13568381134624624,0.17588132202375159,0.0054937519962239096,-0.032883063881234076,-0.043494766242929257,0.014073303815912831,0.29999999999999999
1.6675,0.13611062889309353,0.16557258268798764,0.0055159881550716069,0.050673572373749393,-0.043494766242929257,0.014073303815912831,0.29999999999999999
1.6699999999999999,0.13651167047498192,0.15525930198806751,0.0057471649403340397,0.13428430541387937,-0.059150708332648599,0.010665454446957113,0.29999999999999999
1.6725000000000001,0.13688236630233169,0.14129452571393342,0.0062240653474628692,0.24726983868341282,-0.059150708332648599,0.010665454446957113,0.29999999999999999
1.675,0.13721812475500822,0.12730773279964944,0.0069837331572615013,0.36051819379014927,-0.050812167548674271,0.016968756592606059,0.29999999999999999
1.6775,0.13752130110268529,0.11522728085624004,0.0080075161440698126,0.45858064690452377,-0.050812167548674271,0.016968756592606059,0.29999999999999999
1.6799999999999999,0.13779422726995508,0.10310616295669514,0.0092770415271941561,0.55712926606726221,-0.0059689021542898577,0.019142890060212081,0.29999999999999999
1.6825000000000001,0.13804981941852829,0.1013590999462238,0.010689015416300872,0.57255053961145508,-0.0059689021542898577,0.019142890060212081,0.29999999999999999
1.6850000000000001,0.1383009799329479,0.09956062862434821,0.012140304411298364,0.58858408790360905,0.032379279791897732,0.021325920505157234,0.29999999999999999
1.6875,0.13855871884390802,0.10662193760272781,0.013542988692986105,0.5336646939193922,0.032379279791897732,0.021325920505157234,0.29999999999999999
1.6899999999999999,0.13883404885761697,0.11363432740067217,0.014809110215256211,0.47932414466237583,0.031899935568589999,0.017608287913100203,0.29999999999999999
1.6925000000000001,0.13912671455695644,0.12049129506193487,0.015941161450871277,0.42639884922283322,0.031899935568589999,0.017608287913100203,0.29999999999999999
1.6950000000000001,0.139436472647256,0.12730903719940356,0.016941490738669421,0.3739371229648995,0.06165260958564224,0.016332264687055727,0.29999999999999999
1.6975,0.13977187245929193,0.1410057882426618,0.017741786429256778,0.26635837629967707,0.06165260958564224,0.016332264687055727,0.29999999999999999
1.7,0.14014148066413157,0.15467743008388612,0.018273528017503704,0.15907411742168973,0.051201298107621959,0.01190294667451154,0.29999999999999999
1.7025000000000001,0.14054221175519399,0.16590564137009611,0.018561680401320595,0.071468949534562828,0.051201298107621959,0.01190294667451154,0.29999999999999999
1.7050000000000001,0.14097100328557766,0.17712714967294785,0.018630938366611893,-0.016057488812360188,0.053814168461126577,0.010478241755872586,0.29999999999999999
1.7075,0.14142860760281495,0.18895727924386441,0.018475283987859623,-0.1084774602292255,0.053814168461126577,0.010478241755872586,0.29999999999999999
1.71,0.14191579817466199,0.2007975999853755,0.018088451366007074,-0.20101707106939812,0.037824763811434597,0.010274425732199289,0.29999999999999999
1.7125000000000001,0.14242796737044794,0.20894134876845569,0.017507309496900325,-0.26393876612702982,0.037824763811434597,0.010274425732199289,0.29999999999999999
1.7150000000000001,0.14296052529869313,0.21710955483647265,0.016768517257864986,-0.32714881032621745,0.024767022723356992,0.0093102148430518096,0.29999999999999999
1.7175,0.14350974758246798,0.22227356944592949,0.015901728051263185,-0.36634522083133053,0.024767022723356992,0.0093102148430518096,0.29999999999999999
1.72,0.14407192111589795,0.22747115040539462,0.014936460216060543,-0.40593878668367595,0.003927964332312562,0.011433126531568827,0.29999999999999999
1.7225000000000001,0.14464108076011237,0.22786268638148455,0.013920284758197034,-0.40707432502023944,0.003927964332312562,0.011433126531568827,0.29999999999999999
1.7250000000000001,0.14521126519989,0.22829100810413666,0.012900724336869887,-0.40864700698938805,0.018098760171364033,0.007441457741941479,0.29999999999999999
1.7275,0.14578668339523237,0.23204996336437736,0.011843620586106728,-0.43711205620993504,0.018098760171364033,0.007441457741941479,0.29999999999999999
1.73,0.1463715481582018,0.23584869152731616,0.010714771049934948,-0.46604875084396991,-0.079407219743755905,0.0058641646758382879,0.29999999999999999
1.7324999999999999,0.14693763307137489,0.2170249026193333,0.0097404805754406562,-0.3134516976572439,-0.079407219743755905,0.0058641646758382879,0.29999999999999999
1.7350000000000001,0.1474566954994567,0.19822850332899053,0.0091472384296077073,-0.16118358285070578,-0.014737900916452013,0.010588052739231819,0.29999999999999999
1.7375,0.14794757676205644,0.19447868828953657,0.0087835148958255553,-0.12982119981527149,-0.014737900916452013,0.010588052739231819,0.29999999999999999
1.74,0.1484290986747368,0.19074055488117997,0.0084980166268066558,-0.098597794079522599,-0.04726945863667404,0.014185939169496967,0.29999999999999999
1.7424999999999999,0.14889183487822058,0.17944918914363267,0.0083663520676949682,-0.006743180012819705,-0.04726945863667404,0.014185939169496967,0.29999999999999999
1.7450000000000001,0.14932634512022303,0.16815842349274063,0.0084642947604895904,0.085104269984606379,-0.011538198965534766,0.014082869250410036,0.29999999999999999
1.7475000000000001,0.14974300233584825,0.16516588157101481,0.0087085685890691961,0.11033224303609906,-0.011538198965534766,0.014082869250410036,0.29999999999999999
1.75,0.15015216624454664,0.16216339870353799,0.0090160544842902372,0.13567843516651573,-0.036124784719517578,0.014836483628115306,0.29999999999999999
1.7524999999999999,0.15054666568753519,0.15343360859215691,0.0094444543822022192,0.20707187136226332,-0.036124784719517578,0.014836483628115306,0.29999999999999999
1.7550000000000001,0.15091931890786697,0.14468536263574591,0.010051597366964855,0.27868554632179843,-0.016134363288300903,0.016004612650742638,0.29999999999999999
1.7575000000000001,0.15127587967602488,0.14055882675826578,0.01079148356729338,0.31327611444591008,-0.016134363288300903,0.016004612650742638,0.29999999999999999
1.76,0.15162208963457144,0.13640420044233895,0.011618256750693036,0.3482012811433749,-0.019820084471083254,0.020343748399908726,0.29999999999999999
1.7625,0.15195680393808239,0.13136174406499074,0.01254139924217529,0.39037828296728438,-0.019820084471083254,0.020343748399908726,0.29999999999999999
1.7650000000000001,0.1522788693153084,0.12628443804650794,0.013570494572945976,0.43297100238577069,-0.0044834430241611255,0.015915121675411838,0.29999999999999999
1.7675000000000001,0.15259264908841938,0.12473278721622094,0.014670857846975829,0.44739810337438424,-0.0044834430241611255,0.015915121675411838,0.29999999999999999
1.77,0.1529024997576337,0.1231409405404385,0.015807883854152726,0.46230376204945811,0.075564720292073478,0.019210814270008522,0.29999999999999999
1.7725,0.15323156975449137,0.14010881512103937,0.016796060409079758,0.32831058412903635,0.075564720292073478,0.019210814270008522,0.29999999999999999
1.7750000000000001,0.15360301786638716,0.15704553140927299,0.017449740699776797,0.19468211482111045,0.014931403827147825,0.013896677356232529,0.29999999999999999
1.7775000000000001,0.15399917171013314,0.15987473844254813,0.017911079861305169,0.17442244746706997,0.014931403827147825,0.013896677356232529,0.29999999999999999
1.78,0.15440237830160169,0.16268803561071293,0.018322009989493061,0.15435126055862555,0.040093558055224403,0.01111201696501333,0.29999999999999999
1.7825,0.15481990787114822,0.17133374581780583,0.018624287219138735,0.087492593660092682,0.040093558055224403,0.01111201696501333,0.29999999999999999
1.7850000000000001,0.15525904024913936,0.17997131747777287,0.018759552809643545,0.020729758426645054,0.025304988248312812,0.012609119678398371,0.29999999999999999
1.7875000000000001,0.15571546793263491,0.18517081151264461,0.01876244709684792,-0.018414118287378871,0.025304988248312812,0.012609119678398371,0.29999999999999999
1.79,0.15618489571851404,0.19037199969229068,0.018667465538028134,-0.057578010954081528,0.051229763159229384,0.0095017909055950568,0.29999999999999999
1.7925,0.15667486156148044,0.20160225918527158,0.0184140382685191,-0.14518241524743558,0.051229763159229384,0.0095017909055950568,0.29999999999999999
1.7949999999999999,0.1571929183565389,0.2128461290986326,0.017941420226153918,-0.23294670503431558,0.06370206261055987,0.010748153569982316,0.29999999999999999
1.7975000000000001,0.1577427328739047,0.22701002351571428,0.017219998957534399,-0.34424352390875662,0.06370206261055987,0.010748153569982316,0.29999999999999999
1.8,0.15832799550859644,0.24120635795352269,0.016219885497983921,-0.45592087255080194,0.070028486688807498,0.0075116420694832549,0.29999999999999999
1.8025,0.15895063801207826,0.25691576570534153,0.014925217063127539,-0.57990919827888665,0.070028486688807498,0.0075116420694832549,0.29999999999999999
1.8049999999999999,0.15961261968312759,0.27267958482677829,0.013319806758195612,-0.70453680998638646,-0.0037253713309292496,0.0052567905562459303,0.29999999999999999
1.8075000000000001,0.16029266403298403,0.27136632409382688,0.011573972039159424,-0.69225528141171633,-0.0037253713309292496,0.0052567905562459303,0.29999999999999999
1.8100000000000001,0.1609695030158779,0.27011512332873916,0.0098579140332457401,-0.68071339799602837,-0.0046811854644993392,0.0029430358805602797,0.29999999999999999
1.8125,0.16164301283700319,0.26870281956731656,0.0081720290461651888,-0.66811475736081427,-0.0046811854644993392,0.0029430358805602797,0.29999999999999999
1.8149999999999999,0.16231306709508042,0.26735049852706821,0.0065167448534353498,-0.65623065010752213,-0.060971101987912869,0.0052357770717111479,0.29999999999999999
1.8175000000000001,0.16296345837326906,0.2529713691741492,0.0050216555583939169,-0.53994652785158836,-0.060971101987912869,0.0052357770717111479,0.29999999999999999
1.8200000000000001,0.16357796398236873,0.23864028706107482,0.003816534008870501,-0.42423625222773009,-0.080293685936622408,0.0066092020630489912,0.29999999999999999
1.8225,0.16415107671043774,0.21985508713075158,0.0029451925673135699,-0.27289880914704739,-0.080293685936622408,0.0066092020630489912,0.29999999999999999
1.825,0.16467725978149503,0.2010943201085359,0.0024517973120947896,-0.12185253330493501,-0.043766388144679633,0.0073329692617263914,0.29999999999999999
1.8275000000000001,0.16516717152697227,0.19083628601121674,0.0022505728590636364,-0.039141411968194484,-0.043766388144679633,0.0073329692617263914,0.29999999999999999
1.8300000000000001,0.16563144415278369,0.18058178178356304,0.0022560552858215308,0.043527743951725539,-0.071595191450013529,0.012696241953795005,0.29999999999999999
1.8325,0.1660619906771354,0.16385377688144442,0.0025331981496587459,0.17820631177355548,-0.071595191450013529,0.012696241953795005,0.29999999999999999
1.835,0.1664506996985734,0.14710976788720623,0.0031472456275345893,0.3130754051029751,-0.047540643520337801,0.01498733145762194,0.29999999999999999
1.8375000000000001,0.1668045058215285,0.13592977295076417,0.0040427152161429418,0.40336406715583639,-0.047540643520337801,0.01498733145762194,0.29999999999999999
1.8400000000000001,0.16713031844392842,0.12471363515080058,0.0051644248323662097,0.49408338055914364,-0.045527953679934063,0.020431842987767256,0.29999999999999999
1.8425,0.16742862205299761,0.11392126117571633,0.0065088736601695372,0.58157106167003969,-0.045527953679934063,0.020431842987767256,0.29999999999999999
1.845,0.16769988163819957,0.10307715359108567,0.008072795108574676,0.66967671921072514,0.004163371802998664,0.019581468733566008,0.29999999999999999
1.8475000000000001,0.16795839588891326,0.10372422654626112,0.0097418937459885242,0.6657214432404378,0.004163371802998664,0.019581468733566008,0.29999999999999999
1.8500000000000001,0.16821845281695796,0.1043113495559119,0.011401996820350344,0.66247962432871355,0.052231720579949736,0.021746220508673919,0.29999999999999999
1.8525,0.16849386729995039,0.11601075328068676,0.012942730389050739,0.57021921197463865,0.052231720579949736,0.021746220508673919,0.29999999999999999
1.855,0.16879846262120995,0.12765740173443821,0.014253611602593402,0.47858129267772342,0.056344130757429875,0.020349785383236698,0.29999999999999999
1.8574999999999999,0.16913331184365782,0.14021530608643262,0.015326479425402093,0.37979146456047452,0.056344130757429875,0.020349785383236698,0.29999999999999999
1.8600000000000001,0.16949950959471749,0.15273774182964142,0.016152916590444249,0.28141885146881923,0.047351847840926671,0.014172954646564396,0.29999999999999999
1.8625,0.16989436672652888,0.16314422530756192,0.016754807929814642,0.20013822132114062,0.047351847840926671,0.014172954646564396,0.29999999999999999
1.865,0.17031521517481596,0.17353205218256962,0.017153790641994755,0.11907714012433435,0.084835576753086075,0.0093985630624886796,0.29999999999999999
1.8674999999999999,0.17077290473084686,0.19261889597803841,0.017262868595022587,-0.031806646671361377,0.084835576753086075,0.0093985630624886796,0.29999999999999999
1.8700000000000001,0.17127831219361567,0.21170878544986929,0.01699472777645053,-0.18272598269765183,0.062525829968723148,0.0094164996048179683,0.29999999999999999
1.8725000000000001,0.17182498320677334,0.22563175101519606,0.016401109988962603,-0.29221196140115518,0.062525829968723148,0.0094164996048179683,0.29999999999999999
1.875,0.17240649384889215,0.23958219570748565,0.01553339919461353,-0.40202046940927894,0.077020715839608664,0.0050260897531135057,0.29999999999999999
1.8774999999999999,0.17302713611591672,0.25693902219983206,0.014356823268387837,-0.53932709184636607,0.077020715839608664,0.0050260897531135057,0.29999999999999999
1.8800000000000001,0.17369123126839259,0.27434661349946371,0.012836267187146111,-0.67722954635340016,-0.033047826105557239,0.0041220269599603065,0.29999999999999999
1.8825000000000001,0.17436694482453893,0.26623371428837211,0.011226873119170092,-0.61039922701685456,-0.033047826105557239,0.0041220269599603065,0.29999999999999999
1.885,0.17502244487962929,0.25817486496976655,0.0097837322432602694,-0.54421551576817695,-0.023242530974949511,0.0015646521196982289,0.29999999999999999
1.8875,0.1756607083368997,0.25244365084468512,0.0084824333296742889,-0.49691605879346862,-0.023242530974949511,0.0015646521196982289,0.29999999999999999
1.8900000000000001,0.17628470016378175,0.24675687556746187,0.0072987104155120865,-0.4501464822405713,-0.042354482205722396,0.0038977233832074689,0.29999999999999999
1.8925000000000001,0.17688897310983889,0.23666756510703432,0.0062759012715430358,-0.36817342120910279,-0.042354482205722396,0.0038977233832074689,0.29999999999999999
1.895,0.17746806539912696,0.2266111472058972,0.0054575164324465282,-0.28659263209632346,-0.051353512380450494,0.0076678661158924777,0.29999999999999999
1.8975,0.17801943537704185,0.21448837724057837,0.0048636846958748162,-0.18851497616468091,-0.051353512380450494,0.0076678661158924777,0.29999999999999999
1.9000000000000001,0.17854052135184334,0.20238248721414659,0.0045147739434243505,-0.090638458800073762,-0.054348605998829576,0.010516041536371246,0.29999999999999999
1.9025000000000001,0.17903048428964471,0.1895884450093292,0.0044174016121578084,0.012733661510816771,-0.054348605998829576,0.010516041536371246,0.29999999999999999
1.905,0.17948846262545429,0.17679326152933242,0.004578453583758366,0.11611937638619127,-0.043222854420381866,0.012070843660269906,0.29999999999999999
1.9075,0.17991767475690537,0.16657408854463412,0.0049721369916108597,0.19885539299842067,-0.043222854420381866,0.012070843660269906,0.29999999999999999
1.9100000000000001,0.18032131820823952,0.15633708372542751,0.0055729075321353612,0.28180379411558387,-0.018885272975005477,0.015939851292897777,0.29999999999999999
1.9125000000000001,0.1807064108115613,0.15173248897970601,0.0063246099218161643,0.3196117757445911,-0.018885272975005477,0.015939851292897777,0.29999999999999999
1.915,0.18107995669814739,0.14709914632587384,0.0071712514723938844,0.35776185606113869,5.360755604570948e-05,0.017388627101914595,0.29999999999999999
1.9175,0.18144738253775672,0.14683611474388747,0.0080695422961258086,0.36093510127934864,5.360755604570948e-05,0.017388627101914595,0.29999999999999999
1.9199999999999999,0.18181411010192244,0.14654047636274128,0.0089762498693752441,0.36449584940595031,-0.032569198673017018,0.015145201309707205,0.29999999999999999
1.9225000000000001,0.18217057925998104,0.13862895570172934,0.0099684717147922649,0.42935198125101998,-0.032569198673017018,0.015145201309707205,0.29999999999999999
1.925,0.18250722303896985,0.13067922406137705,0.011123389989904571,0.49466439268778362,0.035410569614691814,0.018690217275932265,0.29999999999999999
1.9275,0.18284368805358164,0.13848569328611221,0.012283617045970353,0.43360117508433388,0.035410569614691814,0.018690217275932265,0.29999999999999999
1.9299999999999999,0.18319961833271187,0.1462523529032482,0.013291788141100512,0.37300872254651368,0.039892416901900173,0.012642991971365826,0.29999999999999999
1.9325000000000001,0.1835762231783494,0.15502631329569905,0.014138542203235046,0.30445603487527917,0.039892416901900173,0.012642991971365826,0.29999999999999999
1.9350000000000001,0.18397472646474686,0.16377215079204896,0.01481434487923677,0.236235247335076,0.039042279961580544,0.011678948327561035,0.29999999999999999
1.9375,0.18439481877808311,0.17229856947561692,0.015321916495667024,0.16985897061941915,0.039042279961580544,0.011678948327561035,0.29999999999999999
1.9399999999999999,0.18483620621294974,0.18080926809938019,0.015663794219589779,0.10366809365204767,0.062761252842884557,0.014009434968212886,0.29999999999999999
1.9425000000000001,0.18530574673635558,0.19482239045979299,0.015785019806022996,-0.0066787032904854493,0.062761252842884557,0.014009434968212886,0.29999999999999999
1.9450000000000001,0.18581031868902381,0.2088361408750681,0.015630394556319184,-0.11703287106584706,0.071851704188482968,0.0092692632854129604,0.29999999999999999
1.9475,0.18635257715566814,0.22497347784716668,0.015178541228487148,-0.2444831403941507,0.071851704188482968,0.0092692632854129604,0.29999999999999999
1.95,0.18693520530242855,0.24113388177137754,0.014407753460329997,-0.37220387282283585,0.034136001378396945,0.0029469714379358417,0.29999999999999999
1.9525000000000001,0.18754731945850803,0.24856358942535273,0.013405171770743639,-0.42993412294392669,0.034136001378396945,0.0029469714379358417,0.29999999999999999
1.9550000000000001,0.18817805616365252,0.25603279602111362,0.012257693708814105,-0.48813136648616356,0.00454206225665677,0.0011015156151020777,0.29999999999999999
1.9575,0.18881892301387598,0.25666805790761393,0.011033124912022975,-0.49161131900751237,0.00454206225665677,0.0011015156151020777,0.29999999999999999
1.96,0.18946143345353145,0.25734772408469786,0.0097991973102100616,-0.49561908224722889,0.0041114314255986254,0.0039909520292147121,0.29999999999999999
1.9625000000000001,0.19010557381837251,0.25797205499265313,0.0085555909870116617,-0.49935497845916088,0.0041114314255986254,0.0039909520292147121,0.29999999999999999
1.9650000000000001,0.19075133130477137,0.2586414813685316,0.007301975737261014,-0.50362693856629304,-0.030758756007672458,0.0028580844676220577,0.29999999999999999
1.9675,0.19138868712591961,0.25125023421167203,0.0061183812835405955,-0.4433327804048251,-0.030758756007672458,0.0028580844676220577,0.29999999999999999
1.97,0.19200761556207568,0.24389869267470468,0.0050849175357324389,-0.38351181371206466,-0.038142720384499611,0.0041635116849693008,0.29999999999999999
1.9725000000000001,0.19260606369164829,0.23486499833221017,0.0042177130660888476,-0.31031354083700124,-0.038142720384499611,0.0041635116849693008,0.29999999999999999
1.9750000000000001,0.19318196377786706,0.22585917408281536,0.0035330733432922161,-0.23744707411296401,-0.043468143164535497,0.0089534608478668409,0.29999999999999999
1.9775,0.19373382991413177,0.21563667638180767,0.0030426944111735859,-0.15489106879696751,-0.043468143164535497,0.0089534608478668409,0.29999999999999999
1.98,0.19426015877888925,0.20542812216722317,0.0027584797856197124,-0.072500930649864986,-0.031097963710617436,0.0096125558711091467,0.29999999999999999
1.9825000000000002,0.19476457048397255,0.19810188708701926,0.0026512552227760818,-0.013286388319623685,-0.031097963710617436,0.0096125558711091467,0.29999999999999999
1.9850000000000001,0.19525066921331266,0.19077685109425876,0.0026920359703428878,0.04591390183104168,-0.090240508713567799,0.011302948676824505,0.29999999999999999
1.9875,0.19570126572311816,0.1696984053941972,0.0030188937933929177,0.21559560658548654,-0.090240508713567799,0.011302948676824505,0.29999999999999999
1.99,0.19609914517071797,0.14860068119522243,0.0037702055523978618,0.38550713571870732,-0.014815321592382585,0.015292962527851256,0.29999999999999999
1.9924999999999999,0.1964661570490551,0.14500281106023902,0.0047707459639332143,0.41499668240231607,-0.014815321592382585,0.015292962527851256,0.29999999999999999
1.9950000000000001,0.19682412808351463,0.14136756712247187,0.0058455594476603681,0.44493084396979488,-0.019190639002850219,0.014172658197542763,0.29999999999999999
1.9975000000000001,0.19717169023313436,0.13667520656024823,0.0070060076334094498,0.48351042078844597,-0.019190639002850219,0.014172658197542763,0.29999999999999999
2,0.19750746797295579,0.13193947108101625,0.0082635420859498935,0.52260667653896975,0.024402360138348775,0.016838569267948616,0.29999999999999999
2.0024999999999999,0.19784401427422607,0.13728996208045952,0.0095177814034738129,0.4808750040109549,0.024402360138348775,0.016838569267948616,0.29999999999999999
2.0049999999999999,0.19819388129773041,0.14259666701279414,0.01066834969510215,0.43966248093544474,0.022731775620652692,0.017897895841389407,0.29999999999999999
2.0074999999999998,0.19855647885919711,0.14747498737203421,0.011720387684735892,0.40204369357479597,0.022731775620652692,0.017897895841389407,0.29999999999999999
2.0100000000000002,0.19893122567258387,0.15231663038228899,0.012678930272652959,0.36485947478525743,0.075910571779002539,0.014071144260969802,0.29999999999999999
2.0125000000000002,0.19933348280602659,0.16948442517010046,0.013420941725315784,0.22880428299619027,0.075910571779002539,0.014071144260969802,0.29999999999999999
2.0150000000000001,0.19977862984829817,0.18663068114678899,0.013823162286136228,0.093001809048901068,0.039771395768786154,0.010864807867055565,0.29999999999999999
2.0175000000000001,0.20025613068808057,0.19536908333611752,0.013970350268237473,0.024759280530147823,0.039771395768786154,0.010864807867055565,0.29999999999999999
2.02,0.20075547335751256,0.20410519617872441,0.013946981190235987,-0.043456241248912272,0.041219595579193059,0.010782882358192664,0.29999999999999999
2.0225,0.20127708071228648,0.21318190473433107,0.013749650857946737,-0.11442237948151832,0.041219595579193059,0.010782882358192664,0.29999999999999999
2.0249999999999999,0.20182139170069227,0.22226919685733182,0.013374765262548443,-0.18551335795574467,0.038605808476083601,0.0066749094188147179,0.29999999999999999
2.0274999999999999,0.20238768166535906,0.23076613714553343,0.01282801379419171,-0.25192751175480199,0.038605808476083601,0.0066749094188147179,0.29999999999999999
2.0300000000000002,0.20297524173926029,0.23928630167614334,0.012114899176614621,-0.3186159120228324,-0.024157552864048214,0.0065894624041930392,0.29999999999999999
2.0325000000000002,0.20356590352510182,0.23324749311161017,0.011381089745444252,-0.26848371564534668,-0.024157552864048214,0.0065894624041930392,0.29999999999999999
2.0350000000000001,0.20414149918395275,0.22723266112575574,0.010772242324025166,-0.21863747069173092,-0.013467657247280943,0.0052957853767426066,0.29999999999999999
2.0375000000000001,0.20470518888233344,0.22372215012365657,0.010262764564312434,-0.18898106860533487,-0.013467657247280943,0.0052957853767426066,0.29999999999999999
2.04,0.20526012409055353,0.22022862775088864,0.0098271685119906398,-0.15952684732860317,-0.022278220206576282,0.008835410678139935,0.29999999999999999
2.0425,0.20580378415238232,0.21470146332927448,0.009485547158033172,-0.11379455414313336,-0.022278220206576282,0.008835410678139935,0.29999999999999999
2.0449999999999999,0.2063336399091025,0.20918450203619346,0.0092580944817566013,-0.068183783448253293,-0.065077789683371523,0.0094693510046216234,0.29999999999999999
2.0474999999999999,0.2068372766186671,0.19372494607671112,0.009244439963317563,0.05725920543724039,-0.065077789683371523,0.0094693510046216234,0.29999999999999999
2.0499999999999998,0.20730226043118458,0.17826034110011707,0.0095444408929499392,0.18276264757173455,0.0094291783074225231,0.010571366340977863,0.29999999999999999
2.0525000000000002,0.20775021197906032,0.18009823347070317,0.0099845564366665019,0.16936139079691001,0.0094291783074225231,0.010571366340977863,0.29999999999999999
2.0550000000000002,0.2082027387860188,0.18192074940711578,0.010391399855232861,0.15614256082001404,0.015947296689636445,0.010296732546169668,0.29999999999999999
2.0575000000000001,0.20866169762477962,0.18524414316837012,0.010750200194555476,0.13092353068829707,0.015947296689636445,0.010296732546169668,0.29999999999999999
2.0600000000000001,0.20912894956561695,0.18855561232944712,0.011046135273772236,0.10584583208486323,0.020886624352346103,0.015680441189122186,0.29999999999999999
2.0625,0.20960590264985329,0.19300550434886474,0.011267999543946864,0.071661579734397268,0.020886624352346103,0.015680441189122186,0.29999999999999999
2.0649999999999999,0.21009397163415927,0.1974488518666517,0.011404507749275115,0.037554827679721611,0.012266676245176061,0.011071242413287191,0.29999999999999999
2.0674999999999999,0.21059063976256212,0.19988521773960732,0.01147592040837968,0.01958043477104033,0.012266676245176061,0.011071242413287191,0.29999999999999999
2.0699999999999998,0.21109339623867929,0.20231980237025124,0.011502427519948871,0.001627160776268663,0.025839299778316411,0.0090467464775342132,0.29999999999999999
2.0725000000000002,0.21160618179847124,0.20790895083747041,0.011452388793121292,-0.04166175560091244,0.025839299778316411,0.0090467464775342132,0.29999999999999999
2.0750000000000002,0.21213294417132578,0.21350191355578921,0.011294081131906657,-0.084995805475918867,0.0001751977490560446,0.0092026610938322345,0.29999999999999999
2.0775000000000001,0.21266624176767704,0.21313741085686194,0.011087215686006189,-0.080511366835615369,0.0001751977490560446,0.0092026610938322345,0.29999999999999999
2.0800000000000001,0.21319863729342478,0.21278019020227693,0.010891452225977163,-0.076113422228759067,0.018671542632003085,0.0094922872010336726,0.29999999999999999
2.0825,0.21373552218995567,0.21672911348015586,0.010663421826186986,-0.10632732288581963,0.018671542632003085,0.0094922872010336726,0.29999999999999999
2.085,0.21428229094063322,0.22068773319556487,0.010359719886930414,-0.13665610133476566,-0.01152227125063884,0.005932968714231668,0.29999999999999999
2.0874999999999999,0.21483019886204349,0.21764045951972127,0.010050472974108687,-0.11076350329240134,-0.01152227125063884,0.005932968714231668,0.29999999999999999
2.0899999999999999,0.21537050154621817,0.21460315633932447,0.009805803542275747,-0.084989510257971398,-0.018124754644013967,0.010558654258745854,0.29999999999999999
2.0925000000000002,0.21590130273794986,0.21003878464476125,0.0096408561575193844,-0.046980154127950188,-0.018124754644013967,0.010558654258745854,0.29999999999999999
2.0950000000000002,0.21642069898525917,0.2054786323886256,0.0095708609200455142,-0.0090210256416205989,0.0084202864393692761,0.0097240931324435436,0.29999999999999999
2.0975000000000001,0.21693640898572686,0.20708959226781232,0.0095338011189421406,-0.020629476091267637,0.0084202864393692761,0.0097240931324435436,0.29999999999999999
2.1000000000000001,0.21745614850719217,0.20870242497880473,0.0094676950249039608,-0.03226014558329772,-0.049476990377937582,0.010346702364191267,0.29999999999999999
2.1025,0.21796310198502161,0.19686012158708344,0.009507573145697161,0.064165458940231596,-0.049476990377937582,0.010346702364191267,0.29999999999999999
2.105,0.21844044437287669,0.18501212797176306,0.0097885789953996161,0.16065907119954298,0.00044553643288873881,0.010523575068249927,0.29999999999999999
2.1074999999999999,0.21890265503749151,0.18475395576912276,0.010194520038633203,0.16412283949916481,0.00044553643288873881,0.010523575068249927,0.29999999999999999
2.1099999999999999,0.21936420178203248,0.18448093863086251,0.010609340119224363,0.16776293495518788,-0.012331508264804378,0.010035980831130029,0.29999999999999999
2.1124999999999998,0.21982133499965914,0.18122291460176351,0.011063298191573003,0.19543590255071136,-0.012331508264804378,0.010035980831130029,0.29999999999999999
2.1150000000000002,0.22027030171762055,0.1779473243853984,0.011586693839416927,0.22331793503213848,0.0086557315027110567,0.013936747508914452,0.29999999999999999
2.1175000000000002,0.22071715205002754,0.1795296475253218,0.012131118456105355,0.21226084415911342,0.0086557315027110567,0.013936747508914452,0.29999999999999999
2.1200000000000001,0.2211679339024501,0.181092705555148,0.012648188534046739,0.2014323427801408,0.014375266369270603,0.011511977709174438,0.29999999999999999
2.1225000000000001,0.22162426189744056,0.18396679524947926,0.013125116469395333,0.18014432314563891,0.014375266369270603,0.011511977709174438,0.29999999999999999
2.125,0.22208775420884921,0.18682447962626589,0.013549072175888507,0.1590507528854137,0.034039235082182651,0.016352208786337037,0.29999999999999999
2.1274999999999999,0.22256408451584292,0.1942377664553617,0.013874636374078713,0.10142422077624405,0.034039235082182651,0.016352208786337037,0.29999999999999999
2.1299999999999999,0.2230589352539305,0.2016417078583759,0.014056285241900199,0.043908053772990167,0.04955018863256818,0.0092487168656018304,0.29999999999999999
2.1324999999999998,0.22357679548795717,0.21264646843092044,0.014058029269167528,-0.042512703214418919,0.04955018863256818,0.0092487168656018304,0.29999999999999999
2.1350000000000002,0.22412217089060762,0.22365518214907987,0.013843682929392094,-0.12898001371991866,0.0033873934512620423,0.010403966825079547,0.29999999999999999
2.1375000000000002,0.2246816711904539,0.22394700708649803,0.013520712218353768,-0.12941970221246316,0.0033873934512620423,0.010403966825079547,0.29999999999999999
2.1400000000000001,0.22524191568967894,0.22425054943722872,0.013196468483704853,-0.12999852468842688,0.0057202897703751109,0.0057802673852300731,0.29999999999999999
2.1425000000000001,0.22580361146445257,0.22510807278078215,0.01286516018158055,-0.13507188388295177,0.0057202897703751109,0.0057802673852300731,0.29999999999999999
2.145,0.22636746625725174,0.22597784160264839,0.01252098795476694,-0.14029058728039578,-0.02308557466004986,0.0068795206801963472,0.29999999999999999
2.1475,0.2269251427867798,0.22016511010081463,0.012230791447691533,-0.091887225144252113,-0.02308557466004986,0.0068795206801963472,0.29999999999999999
2.1499999999999999,0.22746829864805146,0.2143605876504503,0.012061470267505477,-0.043581746078812954,0.0020759609151391727,0.0074052731872845112,0.29999999999999999
2.1524999999999999,0.22800425880974162,0.21440818941793022,0.011954136185628099,-0.042293210868717734,0.0020759609151391727,0.0074052731872845112,0.29999999999999999
2.1550000000000002,0.2285403427851492,0.21445961954289644,0.011849966332852856,-0.041050136160341553,0.033175732689005033,0.011001739224258978,0.29999999999999999
2.1575000000000002,0.22908559508380344,0.22174328339087701,0.011676284800106797,-0.097907665633395452,0.033175732689005033,0.011001739224258978,0.29999999999999999
2.1600000000000001,0.22964906669833943,0.22903594302267091,0.01136033940066363,-0.15487152461496106,-0.00039403577900400414,0.003805213075053682,0.29999999999999999
2.1625000000000001,0.23022103374890246,0.2285399889105118,0.010980116322153819,-0.14933416083141771,-0.00039403577900400414,0.003805213075053682,0.29999999999999999
2.165,0.23079177789239838,0.22805753542687254,0.010613534955969527,-0.14395718023330908,-0.015176409002389576,0.0032119540752589327,0.29999999999999999
2.1675,0.23135703750325295,0.22415206297473167,0.010294694639572765,-0.11113780405769616,-0.015176409002389576,0.0032119540752589327,0.29999999999999999
2.1699999999999999,0.23191254652863952,0.22025657705686999,0.010057746893625199,-0.078437289500514165,-0.001052557261183748,0.0064605632909819719,0.29999999999999999
2.1724999999999999,0.23246242976771675,0.21965114915319736,0.0098694812469681051,-0.07218870941728385,-0.001052557261183748,0.0064605632909819719,0.29999999999999999
2.1750000000000003,0.23301080771384516,0.21905224918216498,0.0096967387343017721,-0.066017671223134761,0.017698470941991794,0.0081614255067159747,0.29999999999999999
2.1775000000000002,0.23356314392121791,0.2228179385681964,0.0094955790000220315,-0.094924595900202274,0.017698470941991794,0.0081614255067159747,0.29999999999999999
2.1800000000000002,0.23412490461289309,0.22659227599565498,0.0092220303540450771,-0.1239340087870143,-0.017594843627985683,0.0072995236032429023,0.29999999999999999
2.1825000000000001,0.23468586040221351,0.22217393649013106,0.0089581546034915166,-0.087185408468104492,-0.017594843627985683,0.0072995236032429023,0.29999999999999999
2.1850000000000001,0.23523578082522953,0.21776343357072003,0.0087860255998617048,-0.050530071465409485,-0.032003775888415666,0.0061400411076957514,0.29999999999999999
2.1875,0.23577049487676152,0.21000808762690087,0.0087390828361882354,0.012972523355612456,-0.032003775888415666,0.0061400411076957514,0.29999999999999999
2.1899999999999999,0.23628582029640285,0.2022515815349161,0.0088508997424578042,0.076488946940389296,-0.022794917654368547,0.0098200837045925148,0.29999999999999999
2.1924999999999999,0.23678442267432556,0.196628830519574,0.0091001065660778948,0.12289425898276943,-0.022794917654368547,0.0098200837045925148,0.29999999999999999
2.1949999999999998,0.23726895526494948,0.19099505812384415,0.0094654804144276728,0.16943083080046989,-0.0017203795911501726,0.012998747388988478,0.29999999999999999
2.1975000000000002,0.23774550827890445,0.19024474565552385,0.0098982350989429198,0.17680389516034412,-0.0017203795911501726,0.012998747388988478,0.29999999999999999
2.2000000000000002,0.23822016567971671,0.18947845559303583,0.010349658072460903,0.18436679468476966,0.048092457615120515,0.011284328106015498,0.29999999999999999
2.2025000000000001,0.23870735883320501,0.20027388560577758,0.010704002010000144,0.099134101855923168,0.048092457615120515,0.011284328106015498,0.29999999999999999
2.2050000000000001,0.2392215274768027,0.21106015796087971,0.010845418627396554,0.014009472690754157,0.004222596910583856,0.0078110578569248225,0.29999999999999999
2.2075,0.23974991308946314,0.21164814482339794,0.010876425962579355,0.010798619280998806,0.004222596910583856,0.0078110578569248225,0.29999999999999999
2.21,0.24027976738546702,0.21223515304192669,0.010899421403448508,0.007599382643970469,0.04142935738422758,0.005359675599871886,0.29999999999999999
2.2124999999999999,0.24082189789586567,0.22146969632602673,0.010827613356886477,-0.065051028255817211,0.04142935738422758,0.005359675599871886,0.29999999999999999
2.2149999999999999,0.24138712086168973,0.23071023305586619,0.010574107278082742,-0.13777222052361848,0.013556088547468315,0.0032236299400356439,0.29999999999999999
2.2175000000000002,0.24196736150347703,0.23348452688177049,0.010203666814898912,-0.15860678631997138,0.013556088547468315,0.0032236299400356439,0.29999999999999999
2.2200000000000002,0.24255455551716165,0.23627324713844666,0.0097809308101902172,-0.17961240959739455,0.025256565712806656,0.0055596534071614334,0.29999999999999999
2.2225000000000001,0.24315214082426989,0.24179806007759674,0.0092781406714468675,-0.22265595633421226,0.025256565712806656,0.0055596534071614334,0.29999999999999999
2.2250000000000001,0.24376356275767105,0.24734320244672736,0.0086674503975963137,-0.26594027690266808,0.0010438340916081822,0.0058091416609132619,0.29999999999999999
2.2275,0.24438184200296595,0.24728418994140705,0.0080047017165371919,-0.26430613763625826,0.0010438340916081822,0.0058091416609132619,0.29999999999999999
2.23,0.2450000036276023,0.247249083838225,0.0073456830840544097,-0.26295597419366462,-0.0011318616194727668,-0.00106260587083995,0.29999999999999999
2.2324999999999999,0.2456174750709699,0.24673199399933832,0.0066947637199930698,-0.25782612564238949,-0.0011318616194727668,-0.00106260587083995,0.29999999999999999
2.2349999999999999,0.24623368302169205,0.24623821515871286,0.0060563216959512271,-0.25297321382950794,-0.011102460787086382,0.0073766896352737039,0.29999999999999999
2.2375000000000003,0.24684578807215471,0.24344945452538475,0.0054529397547645707,-0.22977548364426126,-0.011102460787086382,0.0073766896352737039,0.29999999999999999
2.2400000000000002,0.24745094757303415,0.2406814301618026,0.0049072388897101263,-0.20682424116344225,0.0033662617091140394,0.0068611709268996436,0.29999999999999999
2.2425000000000002,0.24805341500203854,0.24129566660264823,0.0043848670442427811,-0.21111068041105155,0.0033662617091140394,0.0068611709268996436,0.29999999999999999
2.2450000000000001,0.24865744183524638,0.24192901976906409,0.0038514963436540499,-0.21562411252292804,-0.022446195418916265,0.006085886473264782,0.29999999999999999
2.2475000000000001,0.24925557586738348,0.23658112086724353,0.0033667944219430909,-0.17217207809211243,-0.022446195418916265,0.006085886473264782,0.29999999999999999
2.25,0.24984036038524873,0.23124875800620084,0.0029904820708250889,-0.12890471857269659,-0.0036413390063754119,0.0069025413698837251,0.29999999999999999
2.2524999999999999,0.25041729364965898,0.23029973738124396,0.0026782684217972479,-0.12088857234165214,-0.0036413390063754119,0.0069025413698837251,0.29999999999999999
2.2549999999999999,0.25099186818952546,0.22936165860391064,0.0023859309378929986,-0.11300236352849886,-0.0008727557508557077,0.006029177373907197,0.29999999999999999
2.2574999999999998,0.25156491496164768,0.22907744469141755,0.0021066939791932575,-0.11040721791933933,-0.0008727557508557077,0.006029177373907197,0.29999999999999999
2.2600000000000002,0.25213726374317735,0.22880322791699842,0.0018337959375635535,-0.10793077593463378,-0.035790557113860574,0.0073152214166272572,0.29999999999999999
2.2625000000000002,0.25269879278912066,0.2204211251411039,0.0016484360281283895,-0.040370416306262646,-0.035790557113860574,0.0073152214166272572,0.29999999999999999
2.2650000000000001,0.25323937240770139,0.21204266936899624,0.0016319077487318935,0.027146608827814334,-0.014650137119674594,0.0089555640170687466,0.29999999999999999
2.2675000000000001,0.25376514709886033,0.20857646264108384,0.0017348549652744325,0.055218538736894494,-0.014650137119674594,0.0089555640170687466,0.29999999999999999
2.27,0.25428225055810327,0.20510526025838405,0.0019080498830080534,0.083349800981449743,-0.040730634397570138,0.0095388028064336966,0.29999999999999999
2.2725,0.25478308863503774,0.19556336969687385,0.0022125461852921906,0.16026901258089166,-0.040730634397570138,0.0095388028064336966,0.29999999999999999
2.2749999999999999,0.25526005536180807,0.18600702534424313,0.0027095381425006086,0.23736006452917513,-0.024458224354816593,0.0097999665962207969,0.29999999999999999
2.2774999999999999,0.25571783434872047,0.18021224348147369,0.0033615816452654177,0.28432135138112646,-0.024458224354816593,0.0097999665962207969,0.29999999999999999
2.2800000000000002,0.25616109522246,0.17439183205010031,0.004131398861076066,0.33158741222464605,0.028087980543634455,0.014726993495553781,0.29999999999999999
2.2825000000000002,0.25660503710555904,0.18075703317038724,0.0048971842951420468,0.28109598156060195,0.028087980543634455,0.014726993495553781,0.29999999999999999
2.2850000000000001,0.25706485908212157,0.18709666503037148,0.0055371314135098989,0.23090774891428242,-0.018818052098078013,0.011100452944407488,0.29999999999999999
2.2875000000000001,0.25752687359596144,0.1825111987514165,0.0061613956164362528,0.26854818875089226,-0.018818052098078013,0.011100452944407488,0.29999999999999999
2.29,0.25797739493590166,0.17790156289926931,0.0068801119655595433,0.30647617923173553,-0.021363141991251996,0.0086679606321897595,0.29999999999999999
2.2925,0.25841561895500775,0.17267274460401794,0.0076999890597002464,0.34948393048302373,-0.021363141991251996,0.0086679606321897595,0.29999999999999999
2.2949999999999999,0.25884073252808104,0.16741256737727789,0.0086278428152734652,0.39286514423435187,0.0081004739318175575,0.012456201968573692,0.29999999999999999
2.2974999999999999,0.25926121289773851,0.16896588293496914,0.0095959112288705149,0.38165899998488628,0.0081004739318175575,0.012456201968573692,0.29999999999999999
2.3000000000000003,0.25968553313516751,0.17048462630800984,0.010536479885572218,0.37086337700615468,0.061846652257744661,0.015920959106335574,0.29999999999999999
2.3025000000000002,0.26012922267983135,0.18446212617307362,0.011325152867163433,0.26013254418738624,0.061846652257744661,0.015920959106335574,0.29999999999999999
2.3050000000000002,0.26060782361007667,0.19841543916473725,0.011837379988171678,0.14968657792837198,0.072563278813091353,0.0095831899086135826,0.29999999999999999
2.3075000000000001,0.26112440161479816,0.21484564444259882,0.012048718029724842,0.019399366622662284,0.072563278813091353,0.0095831899086135826,0.29999999999999999
2.3100000000000001,0.26168205031790215,0.23127403205153249,0.011934394612864352,-0.11086648876863708,0.017529919483861914,0.0058298248734506763,0.29999999999999999
2.3125,0.26226479213585735,0.23492131726342336,0.011622691511079888,-0.13851844319844667,0.017529919483861914,0.0058298248734506763,0.29999999999999999
2.3149999999999999,0.26285666742849473,0.2385812325428863,0.011241677704319667,-0.16632004015085175,0.001299491527697323,0.0056920269947954294,0.29999999999999999
2.3174999999999999,0.26345299554419294,0.2384837501017498,0.010828812709547995,-0.16400153086307812,0.001299491527697323,0.0056920269947954294,0.29999999999999999
2.3199999999999998,0.26404909854258302,0.2384011052888321,0.010421523207686492,-0.16185924820558631,-0.0011863292837068344,0.0041477156021366033,0.29999999999999999
2.3225000000000002,0.26464429105508236,0.23775529310454299,0.010025171978067141,-0.15525011060383301,-0.0011863292837068344,0.0041477156021366033,0.29999999999999999
2.3250000000000002,0.26523788670193299,0.23712351478303054,0.0096451337303218483,-0.14880769735354102,-0.037220907391279222,0.01009277607772548,0.29999999999999999
2.3275000000000001,0.26581945028846643,0.2281290185298698,0.0093650860167200714,-0.075250330741662541,-0.037220907391279222,0.01009277607772548,0.29999999999999999
2.3300000000000001,0.26637853738460915,0.21914123078938003,0.0092688153790314292,-0.0017730086275553891,0.013186256883125146,0.011140374811722706,0.29999999999999999
2.3325,0.26692980202010647,0.22187066081240586,0.0092385950040109119,-0.022405463678835013,0.013186256883125146,0.011140374811722706,0.29999999999999999
2.335,0.26748789238667497,0.22460212853158767,0.0091567679269325426,-0.043062080291796402,-0.046734413743662974,0.0088371739554010953,0.29999999999999999
2.3374999999999999,0.26803540630907319,0.21340897216742036,0.0091630707299434414,0.04810476724406474,-0.046734413743662974,0.0088371739554010953,0.29999999999999999
2.3399999999999999,0.26855493368540279,0.20221154165774272,0.009397334309006234,0.13932266686913111,0.0085042353385485457,0.0091866672843402952,0.29999999999999999
2.3425000000000002,0.2690625027252449,0.20384167172920784,0.0097309101882338839,0.12756198570609054,0.0085042353385485457,0.0091866672843402952,0.29999999999999999
2.3450000000000002,0.26957413239604577,0.20546022312285356,0.010035258708545582,0.1159386825526645,0.018232891963191791,0.008540433486722513,0.29999999999999999
2.3475000000000001,0.27009262158314001,0.20932959055555314,0.010288006700538806,0.086277911031618235,0.018232891963191791,0.008540433486722513,0.29999999999999999
2.3500000000000001,0.27062077379493565,0.21319109255708599,0.010466725917818701,0.056710333783977163,0.036499238978947114,0.0060667219691620065,0.29999999999999999
2.3525,0.27116387969096267,0.22129324269308837,0.010528987056999515,-0.0068969127515885742,0.036499238978947114,0.0060667219691620065,0.29999999999999999
2.355,0.2717272405368143,0.22939602669659406,0.010432235108933175,-0.070511650828794431,0.011773213537385108,0.0069460837132942384,0.29999999999999999
2.3574999999999999,0.27230368147021455,0.23175792115705554,0.010234060727380459,-0.08804209814249607,0.011773213537385108,0.0069460837132942384,0.29999999999999999
2.3599999999999999,0.27288603681215362,0.23412781970947155,0.0099919455254814209,-0.10566746426536602,0.0059197959624144956,0.009648583335677547,0.29999999999999999
2.3625000000000003,0.27347262792958371,0.23514672253914606,0.0097192870961212395,-0.1124788417840682,0.0059197959624144956,0.009648583335677547,0.29999999999999999
2.3650000000000002,0.27406177892365363,0.23617582481772068,0.0094294504496972662,-0.11941127004215207,0.0044327454594197064,0.0088313847910484276,0.29999999999999999
2.3675000000000002,0.27465308402309668,0.23687009048640234,0.009125593680273443,-0.12369593711061658,0.0044327454594197064,0.0088313847910484276,0.29999999999999999
2.3700000000000001,0.27524613871661341,0.2375755657741524,0.0088108598854167251,-0.12811367036090393,-0.0033338802330984277,0.0045735314428055566,0.29999999999999999
2.3725000000000001,0.27583871494346368,0.23648727024974359,0.0085030341960352137,-0.11816891514637932,-0.0033338802330984277,0.0045735314428055566,0.29999999999999999
2.375,0.27642858396665815,0.23540965426049723,0.0082199095846726775,-0.10835104165143794,-0.0076247071904218368,0.008761179086049951,0.29999999999999999
2.3774999999999999,0.2770145246633971,0.23334439977702792,0.0079711950098009642,-0.090638406555672499,-0.0076247071904218368,0.008761179086049951,0.29999999999999999
2.3799999999999999,0.27759531278307459,0.23128732710187619,0.0077666365247932691,-0.073023013271051068,0.0094214082364487001,0.0044695430737601571,0.29999999999999999
2.3824999999999998,0.27817591963843319,0.23319936998125043,0.0075662357817888274,-0.087311969979770712,0.0094214082364487001,0.0044695430737601571,0.29999999999999999
2.3850000000000002,0.2787613162372688,0.23511933864519366,0.0073299983192450738,-0.10169496110845869,-0.047679339505664747,0.0098452861474272735,0.29999999999999999
2.3875000000000002,0.27933493289881256,0.22377481780760639,0.0071909218647401834,-0.0095760706755774333,-0.047679339505664747,0.0098452861474272735,0.29999999999999999
2.3900000000000001,0.27988019103789691,0.21243115124358078,0.0072821094774180601,0.082532628949027201,-0.0073338329658680489,0.0087096852952255558,0.29999999999999999
2.3925000000000001,0.28040880518619515,0.21045879843733939,0.0075095072236152863,0.099401836312409911,-0.0073338329658680489,0.0087096852952255558,0.29999999999999999
2.395,0.2809324775510546,0.20847747009468301,0.0077792075400356566,0.11637770941216857,-0.025061325875065456,0.0082712188260058994,0.29999999999999999
2.3975,0.28144603300419957,0.20236477690057869,0.0081328683772865454,0.16657615127526532,-0.025061325875065456,0.0082712188260058994,0.29999999999999999
2.3999999999999999,0.28194428898520552,0.19623714258881891,0.0086122365687226095,0.21695252996404887,0.01401435693900656,0.0096740564628422319,0.29999999999999999
2.4024999999999999,0.28243855577453891,0.19917317126430897,0.0091266404610991919,0.1946075572213897,0.01401435693900656,0.0096740564628422319,0.29999999999999999
2.4050000000000002,0.28294014009766782,0.20209150571042508,0.0095854491996648968,0.17247241757648213,0.017153332074885792,0.0085609891469638297,0.29999999999999999
2.4075000000000002,0.2834499122238136,0.20572378838366007,0.0099818329202249461,0.14466308536751232,0.017153332074885792,0.0085609891469638297,0.29999999999999999
2.4100000000000001,0.28396874805932498,0.20934289353848654,0.010308894761440783,0.11700992975477868,0.041346745427705583,0.010002383757338152,0.29999999999999999
2.4125000000000001,0.28450364677550632,0.21857484150474416,0.010510535228430984,0.044317065909238632,0.041346745427705583,0.010002383757338152,0.29999999999999999
2.415,0.28506161886620612,0.22780270824336746,0.010530520256825226,-0.028327592664031107,0.047365627684677176,0.0093726488181385664,0.29999999999999999
2.4175,0.28564441117357514,0.23843221890821117,0.010354827188498511,-0.11223962335522718,0.047365627684677176,0.0093726488181385664,0.29999999999999999
2.4199999999999999,0.28625378859291667,0.24907208804862843,0.0099692202496125207,-0.19627392395163848,0.0033498934485181519,0.0063536134260442582,0.29999999999999999
2.4224999999999999,0.2868769983492751,0.24949869451863055,0.0094759883342021706,-0.19834696306418959,0.0033498934485181519,0.0063536134260442582,0.29999999999999999
2.4250000000000003,0.28750129703134059,0.24994326158180064,0.0089773077301954964,-0.20063326606343951,0.0065496820452920247,0.0058782709752580658,0.29999999999999999
2.4275000000000002,0.28812765948916969,0.25114979993081032,0.008465175436831297,-0.20910930824495891,0.0065496820452920247,0.0058782709752580658,0.29999999999999999
2.4300000000000002,0.28875706182675515,0.2523752948425238,0.0079315736952192822,-0.21781036257792785,-0.036216275900754727,0.0021625891546233011,0.29999999999999999
2.4325000000000001,0.28937712650461078,0.24367916482676213,0.0074757272134537804,-0.14689921689321964,-0.036216275900754727,0.0021625891546233011,0.29999999999999999
2.4350000000000001,0.28997546860116485,0.23499617585737947,0.0071969470954333864,-0.076144701130462261,-0.042331372478729035,0.0084315363449503494,0.29999999999999999
2.4375,0.29055033626644061,0.22489847925705256,0.0071092064373055614,0.0059459405669816806,-0.042331372478729035,0.0084315363449503494,0.29999999999999999
2.4399999999999999,0.29109996055434567,0.21480025125406843,0.0072266820809562078,0.088042917822920522,-0.010139208033481721,0.0096028522092856793,0.29999999999999999
2.4424999999999999,0.29163368463358902,0.21217752229876974,0.0074743748991855843,0.11012904644537962,-0.010139208033481721,0.0096028522092856793,0.29999999999999999
2.4449999999999998,0.29216083988710156,0.20954485811889653,0.0077774257258898683,0.13233327934178027,-0.017182129734146089,0.008454690733441711,0.29999999999999999
2.4475000000000002,0.29267935263736977,0.20526309205777654,0.0081525947566823201,0.16782871621568429,-0.017182129734146089,0.008454690733441711,0.29999999999999999
2.4500000000000002,0.29318714276972774,0.20096623182372306,0.0086167189692253308,0.20350376034934081,0.008826794414000973,0.008477191186514247,0.29999999999999999
2.4525000000000001,0.29369172533163435,0.20269683608989872,0.0091096027930165704,0.19083867943101779,0.008826794414000973,0.008477191186514247,0.29999999999999999
2.4550000000000001,0.29420061251996799,0.20441012252493046,0.0095710835952257187,0.17837909198161034,-0.017119387044199207,0.011147130985439541,0.29999999999999999
2.4575,0.29470622411115266,0.20007621063137876,0.01006220216588889,0.21455076393421729,-0.017119387044199207,0.011147130985439541,0.29999999999999999
2.46,0.29520097752629532,0.19572304127956883,0.010644028481707797,0.25095173234435841,0.045239630740245985,0.010144755696285215,0.29999999999999999
2.4624999999999999,0.2957029375073279,0.20584169812743636,0.011171679618020654,0.17120749068106247,0.045239630740245985,0.010144755696285215,0.29999999999999999
2.4649999999999999,0.29623017284790937,0.21594455137232338,0.011500221370905318,0.091649785122213584,0.044111900196987887,0.0072556270853038262,0.29999999999999999
2.4675000000000002,0.29678232557963324,0.22577681853832671,0.01163264310676845,0.014297226808999655,0.044111900196987887,0.0072556270853038262,0.29999999999999999
2.4700000000000002,0.29735905584044764,0.23560776515941526,0.011571720487241585,-0.063039748161842907,0.087370771688591364,0.0047474344158705108,0.29999999999999999
2.4725000000000001,0.29797293696865496,0.25549936753770724,0.011216451181504734,-0.22120185899281114,0.087370771688591364,0.0047474344158705108,0.29999999999999999
2.4750000000000001,0.29863657001593258,0.27541177135353817,0.010465507717390667,-0.37960811405672212,0.022996877052237887,-0.0014990183143325675,0.29999999999999999
2.4775,0.29933132233564846,0.28039614296552789,0.0094682750282019112,-0.41824984487009997,0.022996877052237887,-0.0014990183143325675,0.29999999999999999
2.48,0.30003858247193321,0.28541860665745417,0.0083738822094369392,-0.45734315012432258,0.026874998538909702,0.004840511773357265,0.29999999999999999
2.4824999999999999,0.30075957684381327,0.29138418164615965,0.0071720981804816062,-0.50417053257683997,0.026874998538909702,0.004840511773357265,0.29999999999999999
2.4849999999999999,0.30149554157506642,0.2973955933519456,0.005852576460935374,-0.55154165585020887,0.046293382753356517,0.0004249961505123745,0.29999999999999999
2.4875000000000003,0.30225223894127468,0.30797130052268978,0.0043685772921802759,-0.63576444299863599,0.046293382753356517,0.0004249961505123745,0.29999999999999999
2.4900000000000002,0.3030354461724391,0.3186047217997226,0.0026731833521372456,-0.72067232551182614,-0.071465039731544042,-0.0029661628506758744,0.29999999999999999
2.4925000000000002,0.30381109841206938,0.30192681910870334,0.0010394000139672278,-0.58647058959573273,-0.071465039731544042,-0.0029661628506758744,0.29999999999999999
2.4950000000000001,0.30454512416453433,0.28530158727368315,-0.00025969235105143592,-0.45289614234932918,-0.056748915333014148,0.00097817040471543932,0.29999999999999999
2.4975000000000001,0.3052419166890632,0.27213846834875588,-0.0012598311905965187,-0.34728661915077519,-0.056748915333014148,0.00097817040471543932,0.29999999999999999
2.5,0.3059058427456951,0.25900683626530568,-0.0019964369157230905,-0.24205086832196376,-0.068079473408016081,0.0044875138247542244,0.29999999999999999
2.5024999999999999,0.30653367677273125,0.24326310272136284,-0.0024438593723897246,-0.11591930283919807,-0.068079473408016081,0.0044875138247542244,0.29999999999999999
2.5049999999999999,0.30712216706461187,0.22752993525979048,-0.0025761377617249644,0.010087060781795304,-0.057619144287540253,0.0096499834838054584,0.29999999999999999
2.5074999999999998,0.30767436524119346,0.21422764463887645,-0.0024178275894030281,0.11657247028841011,-0.057619144287540253,0.0096499834838054584,0.29999999999999999
2.5100000000000002,0.30819329644161103,0.20091473932211817,-0.0019931705591069208,0.22318369755723885,-0.047115269238448172,0.0097789573558240417,0.29999999999999999
2.5125000000000002,0.30868197425779337,0.19002347769697067,-0.0013262229594844964,0.31042227056499827,-0.047115269238448172,0.0097789573558240417,0.29999999999999999
2.5150000000000001,0.30914339037517879,0.17910407028295422,-0.00044078080005431023,0.39799493901342464,-0.055638089701345789,0.010040054244694474,0.29999999999999999
2.5175000000000001,0.30957498803497108,0.16616728785851445,0.00068399908024386485,0.50190944133317861,-0.055638089701345789,0.010040054244694474,0.29999999999999999
2.52,0.30997418913586983,0.1531852928174956,0.0020692146440519843,0.60636183009954325,0.010932691050488707,0.016579652160049595,0.29999999999999999
2.5225,0.31036021319447143,0.15562498165689409,0.0035609841801460349,0.58716050477744597,0.010932691050488707,0.016579652160049595,0.29999999999999999
2.5249999999999999,0.31075226988426635,0.15801167413152326,0.0050055422658957533,0.56858935177906056,-0.0031235871206838264,0.014976978333876501,0.29999999999999999
2.5274999999999999,0.3111461444903536,0.15707941613630946,0.0064372429293587741,0.57687344930293394,-0.0031235871206838264,0.014976978333876501,0.29999999999999999
2.5300000000000002,0.31153762369250543,0.1560952267855501,0.0078904244727648135,0.58577555260454561,0.0090434019386417316,0.016360681792082808,0.29999999999999999
2.5325000000000002,0.31193011178054469,0.157886522320277,0.0093382514348613627,0.57258968459978821,0.0090434019386417316,0.016360681792082808,0.29999999999999999
2.5350000000000001,0.31232701318392825,0.15962606914325828,0.010753885408274422,0.56001888581499593,0.072968059204056718,0.016234774326281953,0.29999999999999999
2.5375000000000001,0.31274677133532869,0.1761727689142365,0.011989692883525209,0.42871752232579291,0.072968059204056718,0.016234774326281953,0.29999999999999999
2.54,0.3132078436358543,0.19267940015451962,0.012897865724583733,0.29788740070609343,0.033333227232478099,0.0081028905091803279,0.29999999999999999
2.5425,0.31369863108585633,0.19994642738110216,0.013571875497386521,0.24136925282649438,0.033333227232478099,0.0081028905091803279,0.29999999999999999
2.5449999999999999,0.31420755726645044,0.20719124546821077,0.014104930645400209,0.1851135142541333,0.097889385782268551,0.010385564617371834,0.29999999999999999
2.5474999999999999,0.31475332592949656,0.22942214183279827,0.014347002557530974,0.0085620357658590385,0.097889385782268551,0.010385564617371834,0.29999999999999999
2.5500000000000003,0.31535466729390665,0.25165221957533918,0.014147748783924122,-0.16797988329173458,0.059385800931915755,0.0039721827891296638,0.29999999999999999
2.5525000000000002,0.31600041526191502,0.26494958622342707,0.0135967774190296,-0.27283756253410946,0.059385800931915755,0.0039721827891296638,0.29999999999999999
2.5550000000000002,0.31667943644299618,0.27827241358227389,0.012783311357878333,-0.37799477868811332,0.0067276404435276972,-0.0012845194916179525,0.29999999999999999
2.5575000000000001,0.31737650863414318,0.27939109775182192,0.011829321432260518,-0.38526554870997787,0.0067276404435276972,-0.0012845194916179525,0.29999999999999999
2.5600000000000001,0.31807642099691252,0.28054466316025867,0.010856638430569615,-0.3929505756505195,0.024835930547249016,0.0023934959154499891,0.29999999999999999
2.5625,0.31878452268604973,0.28594297972425192,0.0098219625315995769,-0.43486469374039094,0.024835930547249016,0.0023934959154499891,0.29999999999999999
2.5649999999999999,0.31950616892415912,0.29138093330731746,0.0086819235064960962,-0.47724859287550869,0.028527633686644304,0.0054379415570434218,0.29999999999999999
2.5674999999999999,0.32024253618676546,0.29772049583872945,0.0074266754755350287,-0.52704017222381494,0.028527633686644304,0.0054379415570434218,0.29999999999999999
2.5699999999999998,0.32099481134723468,0.30410799384303905,0.0060462488585640364,-0.57740033439432137,0.0045019270984800307,-0.0035654549779341183,0.29999999999999999
2.5725000000000002,0.32175613865171682,0.3049625749545275,0.0045952252369700622,-0.58352233410343279,0.0045019270984800307,-0.0035654549779341183,0.29999999999999999
2.5750000000000002,0.32251966807345206,0.30586978233204182,0.0031281156310239032,-0.59027025672233258,-0.052173222795661355,0.00031865600054575838,0.29999999999999999
2.5775000000000001,0.32326906323319837,0.29365443358902782,0.0017756166623681855,-0.49182527395389791,-0.052173222795661355,0.00031865600054575838,0.29999999999999999
2.5800000000000001,0.3239879770824281,0.2814832937675979,0.00066855069610020695,-0.39390658468125811,-0.029108128024676074,0.00076547884164320239,0.29999999999999999
2.5825,0.32468321162882197,0.27470986628232941,-0.0002480989187667558,-0.33947873487094421,-0.029108128024676074,0.00076547884164320239,0.29999999999999999
2.585,0.32536155199939426,0.2679671434505258,-0.0010291469200040481,-0.28541564277602349,-0.075487699558800733,0.0048652762180691868,0.29999999999999999
2.5874999999999999,0.32600959184248823,0.25046799093923278,-0.0015671901488352731,-0.14505760595509476,-0.075487699558800733,0.0048652762180691868,0.29999999999999999
2.5899999999999999,0.32661390294965814,0.23298203213840801,-0.0017545653201404537,-0.0048560131416547359,-0.070744422479992686,0.0048545712753939874,0.29999999999999999
2.5925000000000002,0.32717588067840792,0.21659922867047154,-0.001602544636751579,0.12648349228025166,-0.070744422479992686,0.0048545712753939874,0.29999999999999999
2.5950000000000002,0.32769688950556553,0.2002049218558746,-0.0011220341809629914,0.25795940067838896,-0.080956249010160367,0.011201081754622345,0.29999999999999999
2.5975000000000001,0.3281739184003748,0.1814131586285761,-0.00028868322738763517,0.4087811405260573,-0.080956249010160367,0.011201081754622345,0.29999999999999999
2.6000000000000001,0.3286039244980406,0.16258444088804716,0.00092223747590288233,0.56004198743586886,-0.046160607073625126,0.014333737465391183,0.29999999999999999
2.6025,0.32899690960578071,0.15179461381602205,0.0024308186329704022,0.64693050431317811,-0.046160607073625126,0.014333737465391183,0.29999999999999999
2.605,0.32936284927151771,0.14094683216357234,0.0041574656703816043,0.73450984734413549,-0.0013571027090933192,0.01276140103565483,0.29999999999999999
2.6074999999999999,0.3297146077125398,0.14044889147447254,0.0059994598491514943,0.73921687957640569,-0.0013571027090933192,0.01276140103565483,0.29999999999999999
2.6099999999999999,0.33006503841909263,0.13988457342009336,0.0078542089890156659,0.74471468465590129,0.010685199960286582,0.016848417338697335,0.29999999999999999
2.6125000000000003,0.33041747370698032,0.14205259101648371,0.0096955960520896164,0.72852663552743846,0.010685199960286582,0.016848417338697335,0.29999999999999999
2.6150000000000002,0.3307752466317519,0.14415491215141263,0.011497493441698252,0.71312018406417255,0.078303782565630226,0.017787963460613853,0.29999999999999999
2.6175000000000002,0.33115783844683688,0.16190852390049393,0.013104068187758517,0.57225742409582092,0.078303782565630226,0.017787963460613853,0.29999999999999999
2.6200000000000001,0.33158474451005665,0.17960845125880934,0.014359306221065616,0.43202543746483557,0.073286042434728249,0.013470273682275144,0.29999999999999999
2.6225000000000001,0.33205438918807545,0.19610152795315475,0.015276299581241711,0.30163684849458122,0.073286042434728249,0.013470273682275144,0.29999999999999999
2.625,0.33256522841624037,0.21256612587031454,0.015867768681223592,0.17158212151609317,0.11211496885851147,0.0078474812766435083,0.29999999999999999
2.6274999999999999,0.33312848472685958,0.23803778348079424,0.016043790101945361,-0.030751741881074518,0.11211496885851147,0.0078474812766435083,0.29999999999999999
2.6299999999999999,0.33375541982155443,0.26351242483386755,0.015713981050205005,-0.23312029515341587,0.082619517613512078,0.0028951917797071184,0.29999999999999999
2.6324999999999998,0.33443749791310223,0.28215490651547626,0.014946778585999486,-0.38069852442674196,0.082619517613512078,0.0028951917797071184,0.29999999999999999
2.6350000000000002,0.33516622442735539,0.3008334710953422,0.013810136287184178,-0.52869929469528398,0.05568806923039725,-0.00062010565158477369,0.29999999999999999
2.6375000000000002,0.33593388303012839,0.31330233941068331,0.012365629611483422,-0.62701132852330188,0.05568806923039725,-0.00062010565158477369,0.29999999999999999
2.6400000000000001,0.33673278445158727,0.32582919947802635,0.010674509315387166,-0.72600777021742247,0.013609723634237719,-1.222059257607877e-05,0.29999999999999999
2.6425000000000001,0.3375508591615014,0.3286416500764095,0.0088331209798587738,-0.747234696302013,0.013609723634237719,-1.222059257607877e-05,0.29999999999999999
2.645,0.33837604887704698,0.33152151615476788,0.0069376675892881701,-0.76926358221989322,0.0062191895207412071,-0.0031352809051250711,0.29999999999999999
2.6475,0.33920637705095841,0.33275261563992148,0.0050033630322649713,-0.77831812958290969,0.0062191895207412071,-0.0031352809051250711,0.29999999999999999
2.6499999999999999,0.34003987024400029,0.33405366747184201,0.0030453826760940897,-0.7882058662933239,-0.095886388888798246,-0.001913121293705844,0.29999999999999999
2.6524999999999999,0.34084703446312958,0.31168808030375833,0.0012999285548016709,-0.60828127942832266,-0.095886388888798246,-0.001913121293705844,0.29999999999999999
2.6550000000000002,0.34159835605340533,0.28937696915687827,3.4350515019404993e-06,-0.42900608354060521,-0.08904588905665238,0.0015626989963553996,0.29999999999999999
2.6575000000000002,0.34229593931708746,0.26869486329266934,-0.00086145028462727199,-0.26296419222516876,-0.08904588905665238,0.0015626989963553996,0.29999999999999999
2.6600000000000001,0.34294185025374579,0.24803661395682253,-0.0013116218634557104,-0.097205424807280894,-0.093090335988016318,0.0046253610552829116,0.29999999999999999
2.6625000000000001,0.34353495451308419,0.22644695459136996,-0.0013381256513417213,0.07600048507011764,-0.093090335988016318,0.0046253610552829116,0.29999999999999999
2.665,0.34407407926274564,0.20485038074303163,-0.00093155110616499094,0.24928837526106162,-0.063417956340072454,0.01022229796649691,0.29999999999999999
2.6675,0.34456780982715224,0.19012941623137047,-0.00016071097581004865,0.367438996744755,-0.063417956340072454,0.01022229796649691,0.29999999999999999
2.6699999999999999,0.34502469865815649,0.17537523129701069,0.00090597280671990204,0.48598432412779602,-0.019553104975839508,0.0087440870360383227,0.29999999999999999
2.6724999999999999,0.34545739581004747,0.17077491181939178,0.0021672708842567921,0.52314428215656983,-0.019553104975839508,0.0087440870360383227,0.29999999999999999
2.6750000000000003,0.3458785339622284,0.16612748306887448,0.0035221612855719803,0.56086476376335015,0.024786781574019968,0.011647255916728225,0.29999999999999999
2.6775000000000002,0.3463008751953251,0.17173737334736872,0.0048686156925255974,0.5163953238371779,0.024786781574019968,0.011647255916728225,0.29999999999999999
2.6800000000000002,0.34673718182008462,0.17730044960527211,0.0061046010675756676,0.47248172336803373,0.051568703291020909,0.011788115912018636,0.29999999999999999
2.6825000000000001,0.34719512346703929,0.18904636932840724,0.0071689487283019722,0.37907331297059677,0.051568703291020909,0.011788115912018636,0.29999999999999999
2.6850000000000001,0.34768238469451362,0.20075752196911981,0.0080003103238820809,0.2860761499047193,0.011528444043800113,0.01199766495422467,0.29999999999999999
2.6875,0.34818725546937906,0.20313490619485208,0.0086930245974512783,0.26814500710916633,0.011528444043800113,0.01199766495422467,0.29999999999999999
2.6899999999999999,0.34869803894171808,0.20548794771753656,0.0093412760281479761,0.25050269295875682,0.0086552381633299008,0.0067126540856475769,0.29999999999999999
2.6924999999999999,0.34921384147503282,0.20715038255659821,0.0099524674277015231,0.23849429360852883,0.0086552381633299008,0.0067126540856475769,0.29999999999999999
2.6949999999999998,0.34973377282510004,0.20879118015507236,0.010533961454481874,0.22674266758697212,0.0077645098220790413,0.0079663838707963296,0.29999999999999999
2.6975000000000002,0.35025752145075095,0.21020436717753072,0.011088462581616885,0.21689802886384468,0.0077645098220790413,0.0079663838707963296,0.29999999999999999
2.7000000000000002,0.35078477826635152,0.21159787884920681,0.011618646162251398,0.2072868875665477,0.075845509444590703,0.0079210254487165621,0.29999999999999999
2.7025000000000001,0.35133527389457558,0.2287964504223155,0.01196623287077854,0.070808007238549103,0.075845509444590703,0.0079210254487165621,0.29999999999999999
2.7050000000000001,0.3519287549826548,0.24598837906811344,0.01197275121032006,-0.065592854431106434,0.072026231641374464,0.0045421684089402342,0.29999999999999999
2.7075,0.35256411134523086,0.26229874314766122,0.011647119738763183,-0.19493620525939967,0.072026231641374464,0.0045421684089402342,0.29999999999999999
2.71,0.35324026389277968,0.27862733859877686,0.010997891565002183,-0.32449388863399609,0.07100367727527826,0.0054659886717951696,0.29999999999999999
2.7124999999999999,0.35395697617700811,0.29474851492903403,0.010026739510072971,-0.45249871356258198,0.07100367727527826,0.0054659886717951696,0.29999999999999999
2.7149999999999999,0.35471404148802843,0.31091171230492121,0.0087349853259352933,-0.58099872852422585,0.009637067596279145,-0.0023634845270639696,0.29999999999999999
2.7175000000000002,0.35549374906782183,0.31286320914322613,0.0072644225297612691,-0.5955567998256186,0.009637067596279145,-0.0023634845270639696,0.29999999999999999
2.7200000000000002,0.35627840235670505,0.3148684980469878,0.0057566684556943437,-0.61075437108198816,0.0086845190845193116,-0.0036086682996413657,0.29999999999999999
2.7225000000000001,0.35706786071081931,0.31670747345612621,0.0042123274485137818,-0.62482890135094638,0.0086845190845193116,-0.0036086682996413657,0.29999999999999999
2.7250000000000001,0.3578619866787317,0.31860279927038299,0.00263196544175335,-0.63957369734520853,-0.045437913316168983,-0.0034240730296539348,0.29999999999999999
2.7275,0.35864519577433635,0.30797340611200424,0.0011402006594124368,-0.55394447963222782,-0.045437913316168983,-0.0034240730296539348,0.29999999999999999
2.73,0.35940189523761001,0.29739384773029259,-0.00013825123523445609,-0.46890842232940733,-0.076730022238910525,0.0004199621299988188,0.29999999999999999
2.7324999999999999,0.36012310737145403,0.27958185659879786,-0.0011317297561043061,-0.3259456188781325,-0.076730022238910525,0.0004199621299988188,0.29999999999999999
2.7349999999999999,0.36079982916596026,0.26179943675266254,-0.001768271803417988,-0.18333377264151315,-0.081497527600150416,0.002597276555530176,0.29999999999999999
2.7375000000000003,0.36143073311456014,0.24292535769471835,-0.002037436869006586,-0.032017661240513001,-0.081497527600150416,0.002597276555530176,0.29999999999999999
2.7400000000000002,0.3620144583863914,0.22405419716608072,-0.0019283889238436006,0.11926386810842998,-0.088772110809014995,0.0069527310559588471,0.29999999999999999
2.7425000000000002,0.36254888118618972,0.20348098068040255,-0.0014240324748472054,0.2842575847168527,-0.088772110809014995,0.0069527310559588471,0.29999999999999999
2.7450000000000001,0.36303184175400555,0.18288192702673567,-0.00050684559036238172,0.44955775485302929,-0.021325204027557908,0.007708898783673074,0.29999999999999999
2.7475000000000001,0.36348285581539619,0.17792225860812461,0.00066674770916464745,0.48940085541628814,-0.021325204027557908,0.007708898783673074,0.29999999999999999
2.75,0.36392141626070229,0.17291844362921538,0.0019405961259135488,0.52976892147665122,-0.0074053619609141651,0.012554207691048326,0.29999999999999999
2.7524999999999999,0.3643514530912545,0.17110295231842607,0.0032835788742548748,0.54471325810204896,-0.0074053619609141651,0.012554207691048326,0.29999999999999999
2.7549999999999999,0.36477689013386172,0.16923839080346159,0.0046646488777319726,0.56024139784253668,0.059603210876032008,0.011639680481400148,0.29999999999999999
2.7574999999999998,0.36521707357507649,0.18290065828309834,0.0059289063453009808,0.45125581282996463,0.059603210876032008,0.011639680481400148,0.29999999999999999
2.7600000000000002,0.36569135898361405,0.19652159665672614,0.0069213355337794267,0.34275934807257313,0.076802643941749141,0.0078747478840471563,0.29999999999999999
2.7625000000000002,0.36620465272660307,0.21410919353672542,0.0076028763976637402,0.2025229338689378,0.076802643941749141,0.0078747478840471563,0.29999999999999999
2.7650000000000001,0.36676188931660625,0.23167803023903469,0.0079341345382696275,0.062507719725378358,0.041162771559170759,0.0091365886639111528,0.29999999999999999
2.7675000000000001,0.36735268275503768,0.24095632585832383,0.0079986405880750622,-0.010898213107111185,0.041162771559170759,0.0091365886639111528,0.29999999999999999
2.77,0.36796667177932013,0.25023562132028637,0.0078796336174532296,-0.084315969358153164,0.058384376031763503,0.0041190070533377371,0.29999999999999999
2.7725,0.36860887113973317,0.26352597387317261,0.0075367961617243242,-0.1899788730343166,0.058384376031763503,0.0041190070533377371,0.29999999999999999
2.7749999999999999,0.36928431623215413,0.27683382575444443,0.0069295670097543694,-0.29584846586959823,0.028803404866294971,-0.001383028361297417,0.29999999999999999
2.7774999999999999,0.36998446776786481,0.28329228149484353,0.0061263184185284796,-0.34680823138499811,0.028803404866294971,-0.001383028361297417,0.29999999999999999
2.7800000000000002,0.37070080394987137,0.28978231130151139,0.0051952139388515041,-0.39814231820203549,0.0044199320416933672,-0.0029342738532816995,0.29999999999999999
2.7825000000000002,0.37142632429902828,0.29064001452634763,0.0041921543808586641,-0.40437716840576132,0.0044199320416933672,-0.0029342738532816995,0.29999999999999999
2.7850000000000001,0.37215403448755058,0.29153427900016077,0.003172966122694014,-0.41104642570971273,0.012660630687764992,-0.00073244908360096679,0.29999999999999999
2.7875000000000001,0.37288642123518162,0.29438148544716342,0.0021173219959794744,-0.43354450709986075,0.012660630687764992,-0.00073244908360096679,0.29999999999999999
2.79,0.37362597458179436,0.29726789546155569,0.0010048554540298671,-0.45650838686527545,-0.023030487806379341,0.001127967059956586,0.29999999999999999
2.7925,0.37436242387118329,0.29189808006863238,-8.2330584245175059e-05,-0.41331823403966,-0.023030487806379341,0.001127967059956586,0.29999999999999999
2.7949999999999999,0.37508549610131253,0.28656561042518341,-0.0010621055382334865,-0.37057190341002716,-0.043252285059242807,0.0034969387000881149,0.29999999999999999
2.7974999999999999,0.3757894037899292,0.27656553479645601,-0.0018883274823448799,-0.29046493619025376,-0.043252285059242807,0.0034969387000881149,0.29999999999999999
2.8000000000000003,0.37646834574291027,0.26659182121741104,-0.0025146908887024731,-0.21067079045005421,-0.077504328090772207,0.0040242271402067264,0.29999999999999999
2.8025000000000002,0.37711242593408184,0.24867444600670033,-0.0028619325400849947,-0.067147569045097361,-0.077504328090772207,0.0040242271402067264,0.29999999999999999
2.8050000000000002,0.37771172308527745,0.23076320541961501,-0.0028504892638375303,0.076303013219844451,-0.066137621824796586,0.010346806595063852,0.29999999999999999
2.8075000000000001,0.37826953908123978,0.21548750216504386,-0.0025068765771761111,0.19861188688605647,-0.066137621824796586,0.010346806595063852,0.29999999999999999
2.8100000000000001,0.37878914551414372,0.20019370226739389,-0.0018572510994894821,0.32113522771638081,-0.061145280340502657,0.0085564050186092977,0.29999999999999999
2.8125,0.37927193395514219,0.1860313382862262,-0.00091256331879893129,0.43468279844766433,-0.061145280340502657,0.0085564050186092977,0.29999999999999999
2.8149999999999999,0.37971926941620782,0.17182962943652835,0.00031655234716841142,0.54869770848896793,-0.01672136289850934,0.014395215109238369,0.29999999999999999
2.8174999999999999,0.38014394967959075,0.16790610540291001,0.0017277366803381384,0.58035059780634135,-0.01672136289850934,0.014395215109238369,0.29999999999999999
2.8199999999999998,0.38055875640980108,0.1639303374365059,0.0032188234059939442,0.61262521930161107,0.023501534409002146,0.017695288689236338,0.29999999999999999
2.8225000000000002,0.38097524321727949,0.16925019146547329,0.0046975376752624327,0.57045215700131469,0.023501534409002146,0.017695288689236338,0.29999999999999999
2.8250000000000002,0.38140496432874149,0.17451839566818947,0.0060715954369926634,0.52889263880378234,0.021160789057583781,0.014755666609498119,0.29999999999999999
2.8275000000000001,0.3818471150918118,0.17919449497832751,0.0073479379275563726,0.49227299077005354,0.021160789057583781,0.014755666609498119,0.29999999999999999
2.8300000000000001,0.38230089956250651,0.18382590142800925,0.0085334023479525494,0.45618373556631281,0.017164567566179779,0.010005686463769512,0.29999999999999999
2.8325,0.38276504896877772,0.18748693166343636,0.0096385916672073607,0.42804712148355761,0.017164567566179779,0.010005686463769512,0.29999999999999999
2.835,0.38323830181166835,0.1911090676323535,0.010674022439416061,0.4003719285109264,0.0084698774061225061,0.011283419094970755,0.29999999999999999
2.8374999999999999,0.38371803795666526,0.19267388634857732,0.011661098552140314,0.38935975326547129,0.0084698774061225061,0.011283419094970755,0.29999999999999999
2.8399999999999999,0.38420164184595962,0.19420342497922433,0.012621170250360221,0.37876646914513423,0.081058399303451434,0.0087662199015560334,0.29999999999999999
2.8425000000000002,0.38471011362952262,0.21256919630256846,0.013385912969135416,0.23308407155139571,0.081058399303451434,0.0087662199015560334,0.29999999999999999
2.8450000000000002,0.38526446949380044,0.23091296915203,0.013786805536761475,0.087659583782536188,0.038106175708996992,0.0061032226484894619,0.29999999999999999
2.8475000000000001,0.3858521941765497,0.23926592905959435,0.013924500902635426,0.022506715643192662,0.038106175708996992,0.0061032226484894619,0.29999999999999999
2.8500000000000001,0.38646079740691874,0.24761680997864685,0.013899359554956385,-0.042621619762387583,0.051775547088181405,0.0041122622683335336,0.29999999999999999
2.8525,0.38709425240174555,0.25914855005301674,0.013679462850942781,-0.13331180439614632,0.051775547088181405,0.0041122622683335336,0.29999999999999999
2.855,0.38775655049128727,0.27069269081656477,0.013232678849018398,-0.22414801095057185,0.057444852939040413,0.0069721708407326777,0.29999999999999999
2.8574999999999999,0.38844938018699182,0.28357533197631996,0.012545291021376697,-0.32581247789516599,0.057444852939040413,0.0069721708407326777,0.29999999999999999
2.8599999999999999,0.38917445239647369,0.29648826673941109,0.011603319123004429,-0.42783375210229091,0.011974616972468962,0.0020137125307363168,0.29999999999999999
2.8625000000000003,0.3899186441572714,0.2988717418206065,0.010511830329716133,-0.44543562507100759,0.011974616972468962,0.0020137125307363168,0.29999999999999999
2.8650000000000002,0.39066884476202107,0.30129560802334743,0.0093757414523421758,-0.4635169932987015,-0.041973420532083715,0.0021567184719859579,0.29999999999999999
2.8675000000000002,0.39140948268178277,0.29122098350563569,0.0083197191035705546,-0.38137562243741552,-0.041973420532083715,0.0021567184719859579,0.29999999999999999
2.8700000000000001,0.39212497795823781,0.28118029416200985,0.0074685256689323758,-0.2996394766112413,0.0011972174212722593,0.0031370628827658512,0.29999999999999999
2.8725000000000001,0.39282795008902033,0.28120192043241965,0.00672051119192482,-0.29882568078535776,0.0011972174212722593,0.0031370628827658512,0.29999999999999999
2.875,0.39353101008054397,0.2812505732805114,0.005974129742469623,-0.29833294063909488,-0.024612327302055172,0.00096166644096742362,0.29999999999999999
2.8774999999999999,0.39422672599512226,0.27532626669678539,0.0052888117092287443,-0.24997037745782477,-0.024612327302055172,0.00096166644096742362,0.29999999999999999
2.8799999999999999,0.39490766015384499,0.26942444950368394,0.0047240548827609894,-0.20187540274359145,-0.0189083672292178,0.0045882265881942051,0.29999999999999999
2.8824999999999998,0.39557552081123781,0.26486683090404678,0.0042659427830704019,-0.16464702473836504,-0.0189083672292178,0.0045882265881942051,0.29999999999999999
2.8850000000000002,0.39623200668514463,0.26032406568732186,0.0039006726280141815,-0.12759521976496591,-0.039831749691272851,0.0074433538342099899,0.29999999999999999
2.8875000000000002,0.39687107090113072,0.25092865080566423,0.0036766834908313509,-0.051612076285108527,-0.039831749691272851,0.0074433538342099899,0.29999999999999999
2.8900000000000001,0.39748665380941989,0.24153788065064458,0.0036425662051989861,0.02431581122485578,-0.060605656212865663,0.0064288782962048348,0.29999999999999999
2.8925000000000001,0.39807272208244593,0.22731551694473859,0.003846766262085452,0.13905877329959837,-0.060605656212865663,0.0064288782962048348,0.29999999999999999
2.895,0.39862322100690745,0.21308068969195021,0.0043379837983868698,0.25395020120722822,-0.046375866058479848,0.0093974582595840253,0.29999999999999999
2.8975,0.39914224137217597,0.20213114882191605,0.0050835340738495573,0.34254307993834959,-0.046375866058479848,0.0093974582595840253,0.29999999999999999
2.8999999999999999,0.39963385120592382,0.19115095414494579,0.0060510036691981302,0.43150133138033619,-0.0013267987924387231,0.0067778736353340452,0.29999999999999999
2.9024999999999999,0.40011105356326176,0.19060440178372268,0.0071362943274811321,0.43680882758337108,-0.0013267987924387231,0.0067778736353340452,0.29999999999999999
2.9050000000000002,0.4005868403704268,0.19001843269507551,0.0082354383029649703,0.44258495985751001,-0.012961660837613584,0.011775349113049061,0.29999999999999999
2.9075000000000002,0.4010577320055847,0.18668804333929673,0.0093767648120066452,0.47055760403224822,-0.012961660837613584,0.011775349113049061,0.29999999999999999
2.9100000000000001,0.4015202454019608,0.18331542861401134,0.010588645398002926,0.49903317778528111,0.047097725753870161,0.012056620442257455,0.29999999999999999
2.9125000000000001,0.40199172049387227,0.19385761871005563,0.011732237820584187,0.41592375382319929,0.047097725753870161,0.012056620442257455,0.29999999999999999
2.915,0.40248950151083013,0.20436142599734969,0.01266864178605785,0.33326749729863647,0.068960400265035818,0.011290225380934563,0.29999999999999999
2.9175,0.4030198531102191,0.21991561092817954,0.013347870085622302,0.21016499449593667,0.068960400265035818,0.011290225380934563,0.29999999999999999
2.9199999999999999,0.40358906313988513,0.23545008575748061,0.013719659690123495,0.087294014194865904,0.058959498488260549,0.0077597024036770825,0.29999999999999999
2.9224999999999999,0.40419419148899305,0.24865204461885326,0.013807752917531712,-0.016812977729946971,0.058959498488260549,0.0077597024036770825,0.29999999999999999
2.9250000000000003,0.40483232467244834,0.26185557438962936,0.013635579403846141,-0.12093844208820116,0.054519766357834419,0.0052939566905748393,0.29999999999999999
2.9275000000000002,0.4055021890263148,0.27403852987599503,0.013213308309930031,-0.21690928892907363,0.054519766357834419,0.0052939566905748393,0.29999999999999999
2.9300000000000002,0.40620253413965662,0.28624166637879445,0.01255083493462795,-0.31311776807188363,0.033701130479141743,-0.0018917189533441737,0.29999999999999999
2.9325000000000001,0.40692737341804186,0.29363498859213322,0.011696008790477058,-0.37080501455661463,0.033701130479141743,-0.0018917189533441737,0.29999999999999999
2.9350000000000001,0.40767073742876597,0.3010623278915221,0.010696474600115712,-0.42889459990091672,0.056145384178734763,0.0025241126127682201,0.29999999999999999
2.9375,0.4084392386845625,0.31374604725588923,0.0094987764378235192,-0.52935094866213162,0.056145384178734763,0.0025241126127682201,0.29999999999999999
2.9399999999999999,0.40923950829955608,0.32647852697945112,0.0080492397796445327,-0.63038339795215215,0.027500617506692589,-0.0012178366312149914,0.29999999999999999
2.9424999999999999,0.41006335644395681,0.33260988294344529,0.0064131361084743925,-0.67861701994982948,0.027500617506692589,-0.0012178366312149914,0.29999999999999999
2.9449999999999998,0.41090260894354602,0.33880271768637432,0.0046555461388263462,-0.72758094139983376,-0.034880762107222872,-0.0040053343613343229,0.29999999999999999
2.9475000000000002,0.41173929821520155,0.33055904618269499,0.0029201656695558853,-0.66084684244672109,-0.034880762107222872,-0.0040053343613343229,0.29999999999999999
2.9500000000000002,0.4125554535171253,0.32237458839107508,0.0013507237919380428,-0.59481854742317741,-0.077438349059171602,-0.0024911585849248519,0.29999999999999999
2.9525000000000001,0.41333884924970088,0.3043498336874686,4.4865410876514288e-05,-0.44996140754724723,-0.077438349059171602,-0.0024911585849248519,0.29999999999999999
2.9550000000000001,0.41407723653336959,0.28636569148535468,-0.00089948562572970524,-0.30558710286144619,-0.073555958512288716,0.0036063483980064703,0.29999999999999999
2.9575,0.41477182895233944,0.2693118340795515,-0.0014924051102519621,-0.16879107804403728,-0.073555958512288716,0.0036063483980064703,0.29999999999999999
2.96,0.41542380849272009,0.25227332233674798,-0.0017435926724062316,-0.032177040420751785,-0.044718025251056469,0.0046530007165661918,0.29999999999999999
2.9624999999999999,0.41604157776387668,0.24194195555795994,-0.0017206224091003172,0.050554900072030104,-0.044718025251056469,0.0046530007165661918,0.29999999999999999
2.9649999999999999,0.416633514443007,0.23160599602928733,-0.0014907727733387691,0.13334131734216165,-0.034221128247748124,0.0054672607017279273,0.29999999999999999
2.9675000000000002,0.417202647862918,0.22369824578342704,-0.0010782942932756659,0.19667106607131599,-0.034221128247748124,0.0054672607017279273,0.29999999999999999
2.9700000000000002,0.41775199081465436,0.21577266623159383,-0.00050724109257005412,0.26021244529847543,-0.032391488323458104,0.013121339707144046,0.29999999999999999
2.9725000000000001,0.41828202322199104,0.20824888057098501,0.00021873095943167841,0.32061720918091563,-0.032391488323458104,0.013121339707144046,0.29999999999999999
2.9750000000000001,0.41879321106340966,0.20069610879330563,0.0010961319237610605,0.38136635650387157,-0.0032007460852980963,0.0089305815992955871,0.29999999999999999
2.9775,0.41929395736131175,0.19989513654712318,0.0020577771202935314,0.38801864204155245,-0.0032007460852980963,0.0089305815992955871,0.29999999999999999
2.98,0.41979265753431039,0.19905910704725943,0.0030365722894090262,0.39508755060269779,0.0075051328503961904,0.0088274007400133674,0.29999999999999999
2.9824999999999999,0.42029233403294364,0.20067622963311615,0.0040085829398711654,0.38259060904622527,0.0075051328503961904,0.0088274007400133674,0.29999999999999999
2.9849999999999999,0.42079600983733129,0.20225873497939315,0.0049498679740662003,0.3705048715618508,0.025923455146691369,0.0078627819809642761,0.29999999999999999
2.9875000000000003,0.42130895154424952,0.2080893659881824,0.005818455884623556,0.32442789722660365,0.025923455146691369,0.0078627819809642761,0.29999999999999999
2.9900000000000002,0.42183643207494026,0.21389048400377936,0.0065722990749411429,0.27870088924124814,0.03887615142449756,0.0094750654929586179,0.29999999999999999
2.9925000000000002,0.42238214635008309,0.2226772186462698,0.0071819839956787168,0.20909105325670596,0.03887615142449756,0.0094750654929586179,0.29999999999999999
2.9950000000000001,0.42294980222386752,0.23144481904779857,0.0076179430426870703,0.13970767556492594,0.020435435430266519,0.0055119551323514681,0.29999999999999999
2.9975000000000001,0.42353400174862665,0.23591294399469778,0.0079236816976145531,0.10490525398204152,0.020435435430266519,0.0055119551323514681,0.29999999999999999
3,0.42412935897999071,0.2403715114309698,0.0081425636918839757,0.070216098552922157,0.036106099504427523,0.0051506223092656457,0.29999999999999999
3.0024999999999999,0.42474040710924266,0.24846640738585948,0.0082382568401229359,0.0063453357877014949,0.036106099504427523,0.0051506223092656457,0.29999999999999999
3.0049999999999999,0.42537169053268448,0.25656072196795288,0.0081742960992978123,-0.05751854926761496,0.054639254045644167,0.006153086310785919,0.29999999999999999
3.0075000000000003,0.42602859997581766,0.26896847227990689,0.0079073635673542822,-0.15604684044043443,0.054639254045644167,0.006153086310785919,0.29999999999999999
3.0100000000000002,0.42671654487032656,0.28139059356886059,0.0073939204411041281,-0.25474487839598225,0.06401049271481335,0.00076763270100696501,0.29999999999999999
3.0125000000000002,0.42743829537769179,0.29601461529933282,0.0066115393227774693,-0.37121675467238241,0.06401049271481335,0.00076763270100696501,0.29999999999999999
3.0150000000000001,0.42819664638523042,0.31067276095637963,0.0055375005335801088,-0.48809198560986966,0.011053390502446973,-0.0047248909506113048,0.29999999999999999
3.0175000000000001,0.42897630854293495,0.3130644607143423,0.0042942276199407813,-0.50661540800047178,0.011053390502446973,-0.0047248909506113048,0.29999999999999999
3.02,0.42976200685071547,0.31550195855102903,0.0030039699915158941,-0.52568307879547005,-0.040105975878723818,-0.0038449561952414004,0.29999999999999999
3.0225,0.43053899199956158,0.30609346741372906,0.0017847392480207166,-0.44978849930612519,-0.040105975878723818,-0.0038449561952414004,0.29999999999999999
3.0249999999999999,0.43129250793061941,0.29672546904973301,0.00075462602216838605,-0.37437571393026325,-0.021706170738841585,-0.00086869374653430478,0.29999999999999999
3.0274999999999999,0.43202799416469118,0.29166885126681596,-0.0001304165135419343,-0.33372168311652806,-0.021706170738841585,-0.00086869374653430478,0.29999999999999999
3.0300000000000002,0.43275087733580908,0.2866424144296294,-0.00091428115634766439,-0.2934261976008174,-0.063533698184467163,0.0043280854597558876,0.29999999999999999
3.0325000000000002,0.43344907406273164,0.27191851349279289,-0.0015001913395407426,-0.17534402574734514,-0.063533698184467163,0.0043280854597558876,0.29999999999999999
3.0350000000000001,0.43411048318105599,0.25721054547366612,-0.0017911587671207889,-0.057450836822550713,-0.035869201767925164,0.0012564316866707282,0.29999999999999999
3.0375000000000001,0.43474316992133449,0.24893921557225521,-0.0018520616696869503,0.0087241395574534364,-0.035869201767925164,0.0012564316866707282,0.29999999999999999
3.04,0.43535517859848993,0.24066709339222267,-0.0017475302349856821,0.074908514521845521,-0.091031288138817334,0.0085191316324455067,0.29999999999999999
3.0425,0.43593047064385959,0.21956412196000921,-0.0013487121635526501,0.24417463834459405,-0.091031288138817334,0.0085191316324455067,0.29999999999999999
3.0449999999999999,0.43645298070656391,0.19843895386118224,-0.00052643763227000007,0.41370401851465838,0.005592899205948576,0.0088200901499526554,0.29999999999999999
3.0474999999999999,0.43695071149838505,0.19973952860263122,0.00049467184689169471,0.40325666326927501,0.005592899205948576,0.0088200901499526554,0.29999999999999999
3.0500000000000003,0.43745164798265435,0.20100365981574186,0.0014902065429230472,0.39324237724373301,-0.033204644922294635,0.0092357762605789935,0.29999999999999999
3.0525000000000002,0.43794442637645187,0.19321268012534951,0.0025517827572627823,0.45609443005666894,-0.033204644922294635,0.0092357762605789935,0.29999999999999999
3.0550000000000002,0.43841767718930247,0.18538066608479362,0.0037710856200231513,0.51943482129915564,0.016940434723442119,0.0080495691119454368,0.29999999999999999
3.0575000000000001,0.43888586164164517,0.18915928545353813,0.0050323927035820244,0.48970125113492907,0.016940434723442119,0.0080495691119454368,0.29999999999999999
3.0600000000000001,0.43936343666474809,0.19289355899823488,0.006220030749230495,0.46049437427246426,0.038817341878143272,0.014873804736463551,0.29999999999999999
3.0625,0.43985665120808737,0.20167159952761704,0.0072842244920871893,0.3909373404355152,0.038817341878143272,0.014873804736463551,0.29999999999999999
3.0649999999999999,0.44037176489361346,0.21041391579238949,0.0081750699722239785,0.32180335933385651,0.053466317046233829,0.010222078071806865,0.29999999999999999
3.0674999999999999,0.44091295246610146,0.22253193964515283,0.0088593479051422563,0.22566862523090708,0.053466317046233829,0.010222078071806865,0.29999999999999999
3.0700000000000003,0.44148440725305049,0.23462915659903408,0.0093036178272502181,0.12977957773152882,0.035480720422043782,0.006950474792200712,0.29999999999999999
3.0725000000000002,0.44208086270237557,0.24253369397081317,0.009550332547624359,0.067610042375436746,0.035480720422043782,0.006950474792200712,0.29999999999999999
3.0750000000000002,0.44269707055409541,0.25043202819177618,0.0096417291600568045,0.0055138599588766823,0.10077081384699443,0.005704871796521494,0.29999999999999999
3.0775000000000001,0.44335199185347907,0.27350636707245329,0.0094255547527199446,-0.17846929452640004,0.10077081384699443,0.005704871796521494,0.29999999999999999
3.0800000000000001,0.44406461636890265,0.29659747637681211,0.0087492185959162621,-0.36264932354171936,0.027226071064095851,0.0024314729578755415,0.29999999999999999
3.0825,0.44481363888927,0.302626408267403,0.0077835975549029593,-0.40991705492520525,0.027226071064095851,0.0024314729578755415,0.29999999999999999
3.085,0.44557777952462158,0.30869267970730219,0.0066992644913105651,-0.45762741300959342,0.050053832886945447,-0.0024514840478458925,0.29999999999999999
3.0874999999999999,0.44636376995377219,0.32010732185941387,0.0054417759898861585,-0.54845409890836927,0.050053832886945447,-0.0024514840478458925,0.29999999999999999
3.0899999999999999,0.4471783578011963,0.33157196449945847,0.0039565001221875075,-0.63987344916719036,-0.021891693760610439,-0.0042216378832215856,0.29999999999999999
3.0925000000000002,0.44800077233897656,0.3263689258590981,0.0024097417752665141,-0.597643520465859,-0.021891693760610439,-0.0042216378832215856,0.29999999999999999
3.0950000000000002,0.44881024720088092,0.32121961548104672,0.00096774949125287926,-0.55605327602285148,-0.0028566712699782397,-0.0018965174773103112,0.29999999999999999
3.0975000000000001,0.44961244339936424,0.32054565842587857,-0.00041544615798237922,-0.55060214175121902,-0.0028566712699782397,-0.0018965174773103112,0.29999999999999999
3.1000000000000001,0.45041301686888857,0.31992135676219513,-0.0017857533129618049,-0.54574157409450363,-0.072429037929490084,-0.00096347121686027326,0.29999999999999999
3.1025,0.45119187492628154,0.3031723416342807,-0.0029822721058485081,-0.41155949025577132,-0.072429037929490084,-0.00096347121686027326,0.29999999999999999
3.105,0.45192890983332551,0.28646083088041202,-0.003843921213953984,-0.27782193747901773,-0.065220470024966448,0.001625978399174477,0.29999999999999999
3.1074999999999999,0.45262629488573097,0.27145053308938633,-0.0043884557037627593,-0.15784497261781605,-0.065220470024966448,0.001625978399174477,0.29999999999999999
3.1099999999999999,0.45328617454496678,0.2564546903799152,-0.0046332886050706396,-0.038039045925503945,-0.095846644961292249,0.0026132989732690739,0.29999999999999999
3.1125000000000003,0.45389967210681498,0.23434258441653869,-0.0045072110187475301,0.13891026200935355,-0.095846644961292249,0.0026132989732690739,0.29999999999999999
3.1150000000000002,0.45445787680228733,0.21221768444094818,-0.003938611341481363,0.31601068703772955,-0.061647767290599502,0.0060918559413392836,0.29999999999999999
3.1175000000000002,0.45497067377402572,0.1980142278212286,-0.0030066852179381543,0.42959734255465071,-0.061647767290599502,0.0060918559413392836,0.29999999999999999
3.1200000000000001,0.45544791536126827,0.1837716773352551,-0.0017902383087212985,0.54364757664941066,-0.008717303092015698,0.011483216535300761,0.29999999999999999
3.1225000000000001,0.45590487176564509,0.18178515408946347,-0.00041149167262743524,0.55944834238434737,-0.008717303092015698,0.011483216535300761,0.29999999999999999
3.125,0.45635679909284788,0.17974818000968909,0.0010075033971926584,0.57584915178709029,-0.025155399840062605,0.011071427572361327,0.29999999999999999
3.1274999999999999,0.45679879283926778,0.17383782889799371,0.0025066323141339662,0.62356098211733579,-0.025155399840062605,0.011071427572361327,0.29999999999999999
3.1299999999999999,0.45722594156734508,0.1678714705621894,0.0041258641339729819,0.67193984878770141,0.038875458356548542,0.017105175893728883,0.29999999999999999
3.1325000000000003,0.45765670545783471,0.17673001306658154,0.0057174980517271006,0.60148159750994035,0.038875458356548542,0.017105175893728883,0.29999999999999999
3.1350000000000002,0.45810954607214277,0.18553388061788975,0.0071338126815016414,0.53167205738211942,0.033304766665822834,0.0063899197691660442,0.29999999999999999
3.1375000000000002,0.4585827158769038,0.19299433285670076,0.0083893368644901087,0.47283772821457692,0.033304766665822834,0.0063899197691660442,0.29999999999999999
3.1400000000000001,0.4590744817789521,0.20041163353692837,0.009498427344637619,0.41451466246312818,0.04941493795669516,0.0067317385581946946,0.29999999999999999
3.1425000000000001,0.45958942303028788,0.2115356769460281,0.010424692345522181,0.32656455068463447,0.04941493795669516,0.0067317385581946946,0.29999999999999999
3.145,0.46013213505783418,0.22262959256429476,0.011131546504204518,0.23897014478797213,0.066718292128531934,0.004022460358946006,0.29999999999999999
3.1475,0.46070757959689324,0.2377232541862575,0.011579386375636602,0.11933451567381605,0.066718292128531934,0.004022460358946006,0.29999999999999999
3.1499999999999999,0.46132074204932555,0.25280578054054814,0.011728328241346933,-0.00017011729373357654,0.098193834790654078,0.002252945940788459,0.29999999999999999
3.1524999999999999,0.46198075281424639,0.2752042408793805,0.01150509444403112,-0.17843342599448675,0.098193834790654078,0.002252945940788459,0.29999999999999999
3.1550000000000002,0.46269677732497794,0.29761958223080942,0.010835996280571759,-0.35689449975046528,0.076996577776476546,0.00037129745712917721,0.29999999999999999
3.1575000000000002,0.46346272020083429,0.31514134461456145,0.0097697550043921409,-0.4961765119245567,0.076996577776476546,0.00037129745712917721,0.29999999999999999
3.1600000000000001,0.46427252249066903,0.33270923267827934,0.0083546608514193359,-0.63600193947033579,-0.00012145443509668698,-0.0026669909230328916,0.29999999999999999
3.1625000000000001,0.46510390802362067,0.33240870562871561,0.0067691315968960285,-0.63253468408965696,-0.00012145443509668698,-0.0026669909230328916,0.29999999999999999
3.165,0.46593461345627929,0.33216510845911523,0.0051914228167832532,-0.62974502497493301,-0.022707919177294457,-0.0034181402014480779,0.29999999999999999
3.1675,0.46675821775631959,0.32672741369376179,0.0036725559729238648,-0.58545666127772322,-0.022707919177294457,-0.0034181402014480779,0.29999999999999999
3.1699999999999999,0.46756829433092084,0.32134228994895769,0.002263617780110827,-0.54179442204234329,-0.069761868210502814,-0.0019516350092041947,0.29999999999999999
3.1724999999999999,0.468351296827898,0.3050668385944898,0.0010729169026715767,-0.41085118679249999,-0.069761868210502814,-0.0019516350092041947,0.29999999999999999
3.1750000000000003,0.46909365935319142,0.28882837942982675,0.00020899508230581799,-0.2803480606768427,-0.061336049804042309,0.0010124174542804343,0.29999999999999999
3.1775000000000002,0.46979790823735246,0.27457409387882009,-0.00034873892385710759,-0.16587911677777667,-0.061336049804042309,0.0010124174542804343,0.29999999999999999
3.1800000000000002,0.47046654234600338,0.26033483615883446,-0.00062054917472491354,-0.05158858592040734,-0.055040177974411297,0.0049029483298355719,0.29999999999999999
3.1825000000000001,0.47110141578564774,0.24756392097165619,-0.00062142175574470503,0.050890456842099155,-0.055040177974411297,0.0049029483298355719,0.29999999999999999
3.1850000000000001,0.4717043581047794,0.2347883909999757,-0.00036605124592376122,0.15342426909263801,-0.026869368493398368,0.0067958496009799807,0.29999999999999999
3.1875,0.4722835320994821,0.2285481116961387,8.0090555210056858e-05,0.20352114954514813,-0.026869368493398368,0.0067958496009799807,0.29999999999999999
3.1899999999999999,0.47284708331376146,0.22228941204537694,0.00065173678864982425,0.25383678751078209,-0.032261681364072294,0.0091880620823376006,0.29999999999999999
3.1924999999999999,0.47339339312594281,0.21475415934797659,0.0013620865424049831,0.31449385590652196,-0.032261681364072294,0.0091880620823376006,0.29999999999999999
3.1950000000000003,0.47392083045339223,0.20719051697326982,0.002224487264971581,0.37548837875750585,-0.030286748031703607,0.0087131929447733323,0.29999999999999999
3.1975000000000002,0.47442989138983016,0.20005216490575256,0.0032352546331390845,0.43319769826909277,-0.030286748031703607,0.0087131929447733323,0.29999999999999999
3.2000000000000002,0.47492105881029706,0.19287484992562315,0.0043908621643823998,0.49137073450128521,0.0047802531679016873,0.010796060032002529,0.29999999999999999
3.2025000000000001,0.47540441830681757,0.19380540142238392,0.0056107086679614369,0.48459378329135361,0.0047802531679016873,0.010796060032002529,0.29999999999999999
3.2050000000000001,0.47589004933972229,0.19469217583827614,0.006814264649390109,0.47833716052794367,0.044047197756235695,0.01396718088146217,0.29999999999999999
3.2075,0.47638925241695868,0.20466359518473631,0.0079111886376543334,0.39928123744915889,0.044047197756235695,0.01396718088146217,0.29999999999999999
3.21,0.47691333683548026,0.21459843703335113,0.0088110315054134251,0.32065814171412188,0.063165720957685204,0.0089859151356085545,0.29999999999999999
3.2124999999999999,0.47746777482118213,0.22894788341077868,0.0094701565337800536,0.20668985811207052,0.063165720957685204,0.0089859151356085545,0.29999999999999999
3.2149999999999999,0.47805806029175169,0.2432781771267718,0.0098446689598688606,0.092947377931285172,-0.014703689852890502,0.003118318921005564,0.29999999999999999
3.2175000000000002,0.47866153457922828,0.23949962259715268,0.010116681001036824,0.12468165557130306,-0.014703689852890502,0.003118318921005564,0.29999999999999999
3.2200000000000002,0.47925554906615214,0.23570986103132752,0.010468188376498872,0.15654930903157777,0.077851796803101572,0.0088185723543941635,0.29999999999999999
3.2225000000000001,0.47986696231993109,0.25341939826458509,0.010683601004666945,0.015796588473974443,0.077851796803101572,0.0088185723543941635,0.29999999999999999
3.2250000000000001,0.48052264482617851,0.27112745751340561,0.010547185790788654,-0.12493875951705921,0.07331794930188798,0.0053186807658876043,0.29999999999999999
3.2275,0.48122129210462139,0.28779333605767576,0.010069372041297351,-0.25734719481384871,0.07331794930188798,0.0053186807658876043,0.29999999999999999
3.23,0.48196163148340387,0.30448318435053517,0.0092602146728273538,-0.39003778922487198,0.01242545147697916,0.0011826435668974289,0.29999999999999999
3.2324999999999999,0.48272604593768287,0.30705442137597738,0.0082609223815610956,-0.40946776500496213,0.01242545147697916,0.0011826435668974289,0.29999999999999999
3.2349999999999999,0.48349693452761949,0.30966278628323735,0.0072125085905444947,-0.42933848674799752,-0.0088899219375790147,0.0010008397295061533,0.29999999999999999
3.2375000000000003,0.48426819882533551,0.3073549506655936,0.0061635880497084086,-0.40987287479071555,-0.0088899219375790147,0.0010008397295061533,0.29999999999999999
3.2400000000000002,0.48503374005599503,0.30508404827378816,0.0051627781713154035,-0.39084655568730214,0.0013528630225429061,-0.0015665001887942066,0.29999999999999999
3.2425000000000002,0.48579662471256396,0.30522956762359876,0.004185101809700123,-0.39136453186057013,0.0013528630225429061,-0.0015665001887942066,0.29999999999999999
3.2450000000000001,0.48655991736736737,0.30541045800288719,0.0032056052843596528,-0.39230281849320336,-0.023183960286749253,0.00021367418518070669,0.29999999999999999
3.2475000000000001,0.48731657665083272,0.29992252857292978,0.0022805012717272977,-0.34784650975333431,-0.023183960286749253,0.00021367418518070669,0.29999999999999999
3.25,0.48805955615719132,0.2944659777843216,0.0014660618653398621,-0.30376327536957398,-0.01066971738194524,0.00017735957961613759,0.29999999999999999
3.2524999999999999,0.48879256581514807,0.29194617214910895,0.00073220684464327828,-0.28337329441948805,-0.01066971738194524,0.00017735957961613759,0.29999999999999999
3.2549999999999999,0.48951930837287017,0.28945199468312349,4.8941712632494835e-05,-0.26328775743728666,-0.011591287336591065,0.0021471950618660806,0.29999999999999999
3.2575000000000003,0.49023957784718092,0.28676739353984471,-0.00058231690569444472,-0.24176437170018389,-0.011591287336591065,0.0021471950618660806,0.29999999999999999
3.2600000000000002,0.49095316357671842,0.28410467770894471,-0.001160096708820074,-0.22050088493030143,-0.04775387388690621,0.0033742112071407817,0.29999999999999999
3.2625000000000002,0.49164960969864907,0.27305488599383365,-0.0016006210294444269,-0.13195020456008655,-0.04775387388690621,0.0033742112071407817,0.29999999999999999
3.2650000000000001,0.49231844799318286,0.26201707852381517,-0.0018199661944677571,-0.043541688963799244,-0.093077241664421939,0.0027837414910899419,0.29999999999999999
3.2675000000000001,0.49294652827853241,0.24044649728296533,-0.0017125910706369196,0.12944951850133629,-0.093077241664421939,0.0027837414910899419,0.29999999999999999
3.27,0.49352067064988231,0.2188641237338026,-0.0011726021148660819,0.30258048579085528,-0.075533056637209314,0.0099430674725658752,0.29999999999999999
3.2725,0.49404592402343028,0.20133294527209888,-0.00024036246521908205,0.44327808345977826,-0.075533056637209314,0.0099430674725658752,0.29999999999999999
3.2749999999999999,0.49452730199678646,0.18376171694762403,0.0010441849869769579,0.58445167212612703,-0.019264383132119998,0.010862486407352151,0.29999999999999999
3.2774999999999999,0.49498103943535948,0.17921919585591925,0.0025510949527380246,0.62118388269113245,-0.019264383132119998,0.010862486407352151,0.29999999999999999
3.2800000000000002,0.49542335145445826,0.17462084500141412,0.004150658346437781,0.65858087816843713,0.039632109204459233,0.01345376851034385,0.29999999999999999
3.2825000000000002,0.49587120797170758,0.18365494875291807,0.0057071367180485293,0.58671363607853466,0.039632109204459233,0.01345376851034385,0.29999999999999999
3.2850000000000001,0.49634158173793697,0.19263569799588437,0.007084753952600136,0.51547934249444594,0.032648621205622265,0.013591448448714098,0.29999999999999999
3.2875000000000001,0.49683231819653528,0.19994607599169398,0.0083012944064527923,0.45784064563380544,0.032648621205622265,0.013591448448714098,0.29999999999999999
3.29,0.49734127730540334,0.20721467642557506,0.0093743696462015285,0.40069694356752222,0.029994405340142683,0.0096128753302215739,0.29999999999999999
3.2925,0.49786758990567187,0.21382969403589158,0.010311333999473428,0.34894214750670693,0.029994405340142683,0.0096128753302215739,0.29999999999999999
3.2949999999999999,0.49841039917906022,0.22041279357568824,0.011119395231133436,0.29756519833924733,0.042026957654817301,0.009214371254720603,0.29999999999999999
3.2974999999999999,0.49897312687370765,0.229765356086161,0.011771353309194819,0.22404857342150331,0.042026957654817301,0.009214371254720603,0.29999999999999999
3.3000000000000003,0.49955920874102072,0.23909725534700246,0.012239841390491403,0.1507759164460282,0.092750206451684622,0.0080122087173958908,0.29999999999999999
3.3025000000000002,0.50018333726788911,0.26020451019394109,0.012407022316945649,-0.017018809660771989,0.092750206451684622,0.0080122087173958908,0.29999999999999999
3.3050000000000002,0.5008602326360595,0.28131337692437297,0.012154731603446567,-0.18483241219074609,0.052852568461781879,0.0012755374514882012,0.29999999999999999
3.3075000000000001,0.50157832768310029,0.29316623953589743,0.011575781165377346,-0.27837012282747875,0.052852568461781879,0.0012755374514882012,0.29999999999999999
3.3100000000000001,0.50232608532227341,0.30504488810610181,0.010762627617309523,-0.37221188551282308,-0.013655373001694976,0.0037763326538737042,0.29999999999999999
3.3125,0.50308425785340471,0.30149848126659051,0.0098695738582898606,-0.34229476242466811,-0.013655373001694976,0.0037763326538737042,0.29999999999999999
3.3149999999999999,0.50383360334466087,0.29798281619890626,0.0090508488272842032,-0.31274364408435706,0.039797091887717677,-1.8086061273991929e-05,0.29999999999999999
3.3174999999999999,0.50458972594063045,0.30692057535294831,0.0081808433322702722,-0.38332363346690335,0.039797091887717677,-1.8086061273991929e-05,0.29999999999999999
3.3200000000000003,0.50536823546042597,0.31589342238949136,0.0071338845974986114,-0.45431891787530959,-0.00097841837869910202,-0.0021043037204156235,0.29999999999999999
3.3225000000000002,0.50615737972619712,0.31542878765093335,0.0060039960995577953,-0.44967269773416463,-0.00097841837869910202,-0.0021043037204156235,0.29999999999999999
3.3250000000000002,0.50694541321557718,0.3150047367634492,0.0048851190640885325,-0.44550897406496381,-0.0077591734127729489,0.00038463751359896214,0.29999999999999999
3.3275000000000001,0.5077304666067034,0.31304454866226988,0.0037918776152221214,-0.42916234367308381,-0.0077591734127729489,0.00038463751359896214,0.29999999999999999
3.3300000000000001,0.50851066821776347,0.31112307456927119,0.0027389237749911146,-0.41327603876058433,-0.039283656876695446,-0.00023224440866839724,0.29999999999999999
3.3325,0.50927695266491479,0.30191012752011037,0.0017987008029321792,-0.33896948677664018,-0.039283656876695446,-0.00023224440866839724,0.29999999999999999
3.335,0.5100202443178149,0.29272773661391888,0.0010437735475061108,-0.26502630887202677,-0.063876199325362495,-0.0016565163187504341,0.29999999999999999
3.3374999999999999,0.51073346513808948,0.27785200915836311,0.00053072756646750587,-0.14544719044906376,-0.063876199325362495,-0.0016565163187504341,0.29999999999999999
3.3399999999999999,0.51140951531991685,0.26298942893855809,0.00031640743656085235,-0.026024266617300174,-0.018025237146327942,-5.7310319280745592e-05,0.29999999999999999
3.3425000000000002,0.51206173772788088,0.25878863532520996,0.0002935735012598227,0.0077554811326056572,-0.018025237146327942,-5.7310319280745592e-05,0.29999999999999999
3.3450000000000002,0.51270345791123928,0.25458713943007183,0.00035519179172462226,0.04154356733673039,-0.010894023471350418,0.0055287293554902089,0.29999999999999999
3.3475000000000001,0.51333674249547578,0.25203974624108832,0.00048468535012721417,0.062060561002680606,-0.010894023471350418,0.0055287293554902089,0.29999999999999999
3.3500000000000001,0.51396365195982452,0.24948673351324588,0.00066555019610769887,0.082644278702322743,-0.02741521771869684,0.0049936066209062546,0.29999999999999999
3.3525,0.51457936916411895,0.24308539547098512,0.00093653878654755907,0.13416600559122943,-0.02741521771869684,0.0049936066209062546,0.29999999999999999
3.355,0.51517906882500275,0.23667192228587561,0.0013365003346815169,0.18583187294070713,-0.026619356001399041,0.0067134629694573155,0.29999999999999999
3.3574999999999999,0.51576294604165374,0.23042667365818703,0.0018640070213646236,0.23621123089423243,-0.026619356001399041,0.0067134629694573155,0.29999999999999999
3.3599999999999999,0.51633118441807024,0.22416009365381165,0.002517767734570239,0.28684409895253865,-0.0023551494387008889,0.0082273775951911682,0.29999999999999999
3.3625000000000003,0.51689077559906793,0.2235084857862053,0.0032418556544553619,0.29247809585944345,-0.0023551494387008889,0.0082273775951911682,0.29999999999999999
3.3650000000000002,0.5174487048097629,0.22283043091586782,0.0039804200159439208,0.29842628288929895,0.023091338199987245,0.0080459739440902605,0.29999999999999999
3.3675000000000002,0.5180122993409072,0.22804098871190734,0.0046748679017100496,0.25718191372500693,0.023091338199987245,0.0080459739440902605,0.29999999999999999
3.3700000000000001,0.51858889027946697,0.23322817602393542,0.0052665605706157873,0.21621475151901673,0.035151601614267565,0.0092591115196415611,0.29999999999999999
3.3725000000000001,0.51918192816451436,0.24119932554508924,0.0057279906452948207,0.15296255489201954,0.035151601614267565,0.0092591115196415611,0.29999999999999999
3.375,0.51979487527458657,0.2491565149905868,0.0060315111295742244,0.089875713208612942,0.016540226248959494,0.0045140058639785872,0.29999999999999999
3.3774999999999999,0.52042229608316204,0.2527789840850469,0.0062208834452504606,0.061635750688210117,0.016540226248959494,0.0045140058639785872,0.29999999999999999
3.3799999999999999,0.52105876552565866,0.25639584938055243,0.0063397452545282708,0.033462240982885083,0.019732500501213491,0.0041022123347671195,0.29999999999999999
3.3825000000000003,0.52170520035442447,0.26075176465234268,0.0063807749634553915,-0.00063552222260553765,0.019732500501213491,0.0041022123347671195,0.29999999999999999
3.3850000000000002,0.52236252439722997,0.26510773776127694,0.0063365670707131146,-0.034733971079052878,0.035992313655612042,0.0011479690595401048,0.29999999999999999
3.3875000000000002,0.52303546620433405,0.27324672785272563,0.0061691285614314233,-0.099228912275899209,0.035992313655612042,0.0011479690595401048,0.29999999999999999
3.3900000000000001,0.52372876559055137,0.28139478298483589,0.0058403330629902186,-0.16383119265902657,0.039541501769149827,0.0016420033610661799,0.29999999999999999
3.3925000000000001,0.52444348386522355,0.2903828734665761,0.0053415421657714403,-0.23523748786417709,0.039541501769149827,0.0016420033610661799,0.29999999999999999
3.395,0.52518069784776511,0.29939243231827978,0.0046639337139782206,-0.30689808535222068,0.020026080292551159,0.00031250525958347324,0.29999999999999999
3.3975,0.52593479864033965,0.30389311147144871,0.0038523202598333118,-0.34245094332978604,0.020026080292551159,0.00031250525958347324,0.29999999999999999
3.3999999999999999,0.5267001892857831,0.30842484963053585,0.0029513718122128104,-0.37837245146180665,0.024959628186492434,0.0043357155093814827,0.29999999999999999
3.4024999999999999,0.52747838504436262,0.31413781319729867,0.0019486047683088532,-0.42391309451849324,0.024959628186492434,0.0043357155093814827,0.29999999999999999
3.4050000000000002,0.52827091032581819,0.31988914798709805,0.00083142656512160957,-0.46990949868168735,-0.014169752318699729,-0.0030996387671527459,0.29999999999999999
3.4075000000000002,0.52906649585804999,0.316586148636465,-0.00031004100068560874,-0.44334623086917663,-0.014169752318699729,-0.0030996387671527459,0.29999999999999999
3.4100000000000001,0.52985387444054532,0.31332319848023127,-0.0013857012236417701,-0.41725896547823182,-0.031154568430930642,0.00026631541040846864,0.29999999999999999
3.4125000000000001,0.5306282078325073,0.30614938184825896,-0.00235706956723983,-0.35990537163899666,-0.031154568430930642,0.00026631541040846864,0.29999999999999999
3.415,0.53138464854253264,0.29900819853124438,-0.0031855508708968907,-0.30293915329049798,-0.041441468269692763,-0.0009330379872607153,0.29999999999999999
3.4175,0.53212028262001987,0.28950308348457315,-0.003848029757197776,-0.22709161501553954,-0.041441468269692763,-0.0009330379872607153,0.29999999999999999
3.4199999999999999,0.53283218119633158,0.28001865302714191,-0.0043212132371648086,-0.15148924229580654,-0.066189339219964435,0.0020513015119434318,0.29999999999999999
3.4224999999999999,0.53351319632876926,0.26479483786520708,-0.0045478565514593065,-0.029841791940457871,-0.066189339219964435,0.0020513015119434318,0.29999999999999999
3.4250000000000003,0.53415615766486879,0.24957375808435239,-0.0044704491553698511,0.091773302629453046,-0.033732499943957175,0.0038861173698557408,0.29999999999999999
3.4275000000000002,0.53477048923210591,0.24188963888031478,-0.0041646541343529292,0.15288472112678769,-0.033732499943957175,0.0038861173698557408,0.29999999999999999
3.4300000000000002,0.535365594259404,0.23419159937073819,-0.0037058880527577388,0.21416114370082523,-0.034443730331227336,0.0070324128027746072,0.29999999999999999
3.4325000000000001,0.53594122432739544,0.22630873385715092,-0.0030919960537873041,0.27699658519087667,-0.034443730331227336,0.0070324128027746072,0.29999999999999999
3.4350000000000001,0.53649711695612734,0.21840070031210476,-0.0023206563527779795,0.34013057112247091,-0.055038615651991016,0.0083932046726978744,0.29999999999999999
3.4375,0.53702721763253092,0.20567392595911144,-0.0013429728687678012,0.44208641205148391,-0.055038615651991016,0.0083932046726978744,0.29999999999999999
3.4399999999999999,0.53752545321549849,0.19290710838533717,-0.00010982801749988497,0.5445177859068504,-0.0095138627332157465,0.014091629756408548,0.29999999999999999
3.4424999999999999,0.53800494092114726,0.19067473983204547,0.0012738548169121218,0.56252740048921812,-0.0095138627332157465,0.014091629756408548,0.29999999999999999
3.4450000000000003,0.53847878467509513,0.18839167964924947,0.0027033114825168432,0.58114006277785324,0.011204244441003711,0.012959404650612662,0.29999999999999999
3.4475000000000002,0.53895287590931795,0.19087271038502651,0.0041317220527869146,0.56169061251223218,0.011204244441003711,0.012959404650612662,0.29999999999999999
3.4500000000000002,0.53943310595393101,0.19330300909241185,0.0055122670807413923,0.5428442576053838,0.010661195641054593,0.011469547345159037,0.29999999999999999
3.4525000000000001,0.53991919227741414,0.19555800035131021,0.0068476965706268942,0.52559498922273884,0.010661195641054593,0.011469547345159037,0.29999999999999999
3.4550000000000001,0.54041085634592556,0.19776545578626065,0.0081407126781194716,0.50891055206231972,0.071971847502569908,0.011470910823324465,0.29999999999999999
3.4575,0.54092579472463498,0.21417840121782511,0.0092496356786979841,0.37830859295840785,0.071971847502569908,0.011470910823324465,0.29999999999999999
3.46,0.54148171909909004,0.23055624543369166,0.010032600412840292,0.24812035490463244,0.068849587333356804,0.0065260594589138911,0.29999999999999999
3.4624999999999999,0.54207764958230564,0.24618525433354516,0.010497749545028268,0.12403293724423653,0.068849587333356804,0.0065260594589138911,0.29999999999999999
3.4649999999999999,0.54271263574310946,0.26180271025595786,0.010652878415979625,8.1504634989473801e-05,0.087226340912344991,0.0022317040911976338,0.29999999999999999
3.4675000000000002,0.54339200215648364,0.28169165751121883,0.010455277207091376,-0.15817699555788206,0.087226340912344991,0.0022317040911976338,0.29999999999999999
3.4700000000000002,0.54412110640122402,0.30159544643486047,0.0098618481645543609,-0.31660980344985568,0.036519040622848359,0.0017840344377782924,0.29999999999999999
3.4725000000000001,0.54488527140007581,0.30974187648390822,0.0089902626712465902,-0.38072158211020746,0.036519040622848359,0.0017840344377782924,0.29999999999999999
3.4750000000000001,0.5456698448239633,0.31792315633550861,0.0079578965436476658,-0.44524583592859457,0.046619591741338867,-0.00051898981998263483,0.29999999999999999
3.4775,0.54647785587890796,0.3284931165293436,0.0067400611412982711,-0.5291104336728385,0.046619591741338867,-0.00051898981998263483,0.29999999999999999
3.48,0.54731235067933193,0.33911140442317028,0.0053118673202494074,-0.6135475171160194,0.0092760368774852976,-0.0053298192927732141,0.29999999999999999
3.4824999999999999,0.54816260834367492,0.34110406640520141,0.0037589231382336146,-0.6289189063134295,0.0092760368774852976,-0.0053298192927732141,0.29999999999999999
3.4849999999999999,0.54901791826848934,0.34315344165375766,0.0021667106622810309,-0.64496490439802157,-0.071681346104470092,-0.0043899502603605206,0.29999999999999999
3.4875000000000003,0.54985489923786957,0.32643997451305906,0.00072246451968349234,-0.51053493949539075,-0.071681346104470092,-0.0043899502603605206,0.29999999999999999
3.4900000000000002,0.55065015643649484,0.30977245762894023,-0.00038641972851361623,-0.37665179226362128,-0.068027399325893856,-0.0018910258679248283,0.29999999999999999
3.4925000000000002,0.55140485169309628,0.29398848075906603,-0.0011696595138298313,-0.24999622433026261,-0.068027399325893856,-0.0018910258679248283,0.29999999999999999
3.4950000000000001,0.55212011774993419,0.27822719417866959,-0.0016366252173166224,-0.12360989735401451,-0.10004365980165157,0.0030163490110737658,0.29999999999999999
3.4975000000000001,0.55278669371144395,0.25503404020997406,-0.0017130991985595053,0.062425201126584284,-0.10004365980165157,0.0030163490110737658,0.29999999999999999
3.5,0.55339528320739761,0.23183519624972038,-0.0013244430096758608,0.24852772297409975,-0.019826577918050266,-0.045032721483782776,-0.20000000000000001
3.5024999999999999,0.55396916050693501,0.22726261679183485,-0.00065745189602326695,0.28511298122647433,-0.019826577918050266,-0.045032721483782776,-0.20000000000000001
3.5049999999999999,0.5545315747868973,0.22266423020123621,0.00010137728608081219,0.32200472973973693,-0.017376890225295673,-0.041759828027045809,-0.20000000000000001
3.5075000000000003,0.55508316922962098,0.21860622738660726,0.00094714279985198574,0.35466823798934816,-0.017376890225295673,-0.041759828027045809,-0.20000000000000001
3.5100000000000002,0.55562457922343422,0.21451618176295562,0.0018750357779382973,0.3877125378956342,0.19635399333759909,-0.041659918370222822,-0.20000000000000001
3.5125000000000002,0.55621782685373766,0.2600787786051374,0.0023872404917121841,0.022088375201485877,0.19635399333759909,-0.041659918370222822,-0.20000000000000001
3.5150000000000001,0.55692497142050579,0.30563934143989269,0.0019854976783172341,-0.34351176025640417,0.21823762154419202,-0.0461403038470036,-0.20000000000000001
3.5175000000000001,0.55775240881375876,0.35631888550169022,0.00061829798655025628,-0.75034651294988486,0.21823762154419202,-0.0461403038470036,-0.20000000000000001
3.52,0.55870662224006429,0.40706598483348261,-0.0017669058236649674,-1.1579855101281127,0.25209399693254714,-0.062486826524172027,-0.20000000000000001
3.5225,0.55979766066685954,0.46578441251492836,-0.0052516560158981183,-1.6300537990970287,0.25209399693254714,-0.062486826524172027,-0.20000000000000001
3.5249999999999999,0.56103565549307821,0.524635924493696,-0.0099185439945489035,-2.1037624566169826,0.1549138448845748,-0.07561558064506016,-0.20000000000000001
3.5274999999999999,0.56239274171785314,0.56106168716014648,-0.01554541378385418,-2.3980958101758483,0.1549138448845748,-0.07561558064506016,-0.20000000000000001
3.5300000000000002,0.56384111111340673,0.59766387256517539,-0.021910912082017092,-2.6946945220953258,0.08707120785729057,-0.081738939699752058,-0.20000000000000001
3.5325000000000002,0.56536152172059506,0.61869776311611435,-0.028862770474274522,-2.8672235471299681,0.08707120785729057,-0.081738939699752058,-0.20000000000000001
3.5350000000000001,0.56693476611961391,0.63993099784559782,-0.036249216763468081,-3.0423763243267654,-0.058632697901557472,-0.085812673562355404,-0.20000000000000001
3.5375000000000001,0.5685191186371179,0.6275940438741564,-0.043737879067927851,-2.9490788066413556,-0.058632697901557472,-0.085812673562355404,-0.20000000000000001
3.54,0.57007295027118232,0.61551379501199999,-0.050997212842263842,-2.8589037361553973,-0.16503690228040283,-0.080354507456162197,-0.20000000000000001
3.5425,0.57156613062680262,0.57908106064598919,-0.057787996381812493,-2.5742927066059043,-0.16503690228040283,-0.080354507456162197,-0.20000000000000001
3.5449999999999999,0.57296860076318323,0.54294239188236693,-0.063871418406841393,-2.2929709766488622,-0.26588207617550746,-0.077474954229211787,-0.20000000000000001
3.5474999999999999,0.57425197503267644,0.48380730270015626,-0.069021927772702399,-1.8279642938666623,-0.26588207617550746,-0.077474954229211787,-0.20000000000000001
3.5500000000000003,0.57538786509064843,0.4249452790262806,-0.073013618001438504,-1.3658090579103106,-0.30124275567370074,-0.059746766156016776,-0.20000000000000001
3.5525000000000002,0.57636669234673144,0.35814712578453084,-0.07577110305751579,-0.84049077415485096,-0.30124275567370074,-0.059746766156016776,-0.20000000000000001
3.5550000000000002,0.5771787185167947,0.29149015221228497,-0.077217269075260025,-0.31660782980775204,-0.27484117653232665,-0.048804715601732045,-0.20000000000000001
3.5575000000000001,0.57783178830063875,0.2309678320129695,-0.077415547605474172,0.15796295901801705,-0.27484117653232665,-0.048804715601732045,-0.20000000000000001
3.5600000000000001,0.57833353621406025,0.17041978649173417,-0.076427234917141554,0.63279674770617378,-0.25939941046824533,-0.035513637729836824,-0.20000000000000001
3.5625,0.57868824970623467,0.11332870271517562,-0.074286360533674545,1.0801328598031101,-0.25939941046824533,-0.035513637729836824,-0.20000000000000001
3.5649999999999999,0.57890004040423559,0.05607059930383277,-0.071025129847789498,1.5291966414551932,-0.14105471921557097,-0.025337522734589526,-0.20000000000000001
3.5674999999999999,0.57900254999436829,0.025904583958100753,-0.06691222468314921,1.7614857904285413,-0.14105471921557097,-0.025337522734589526,-0.20000000000000001
3.5700000000000003,0.57902939131583753,-0.004467778217581847,-0.062215797582347403,1.9960584979371512,-0.064338522763488726,-0.019893855007040977,-0.20000000000000001
3.5725000000000002,0.57900219319293256,-0.017323403472806649,-0.057107718888566056,2.090787619914257,-0.064338522763488726,-0.019893855007040977,-0.20000000000000001
3.5750000000000002,0.5789426080766803,-0.030378492575447773,-0.051759906760757778,2.1878600628127933,0.06075822576077497,-0.016480020050897427,-0.20000000000000001
3.5775000000000001,0.57888634815074946,-0.014654604074686241,-0.046457096793775882,2.0547142406148611,0.06075822576077497,-0.016480020050897427,-0.20000000000000001
3.5800000000000001,0.57886921120012957,0.00092068753769624506,-0.041484739257999878,1.9234837988052198,0.13470587576745333,-0.02103052489762933,-0.20000000000000001
3.5825,0.57891227018693314,0.033507122704819182,-0.037010264824928786,1.6563554818293762,0.13470587576745333,-0.02103052489762933,-0.20000000000000001
3.585,0.57903665461610199,0.065983031047672502,-0.033201740315320451,1.3906921919239374,0.19728937953502207,-0.025431093263478696,-0.20000000000000001
3.5874999999999999,0.57926026215491355,0.11289018456377364,-0.03020154706704322,1.0096346102157632,0.19728937953502207,-0.025431093263478696,-0.20000000000000001
3.5899999999999999,0.57960105024776443,0.15973112651119598,-0.028152832125432514,0.62945815097461311,0.19392499275937672,-0.037060053936545732,-0.20000000000000001
3.5925000000000002,0.58005790555834436,0.20574800674484109,-0.027045946849776691,0.25611663423711345,0.19392499275937672,-0.037060053936545732,-0.20000000000000001
3.5950000000000002,0.58062977538097937,0.25174703871315873,-0.026872055618242113,-0.11699311958473102,0.17371918573063383,-0.046341673776065517,-0.20000000000000001
3.5975000000000001,0.58131078305575579,0.29306250983501253,-0.027583907854415318,-0.45253243979284957,0.17371918573063383,-0.046341673776065517,-0.20000000000000001
3.6000000000000001,0.58209511483578913,0.33441021878603688,-0.029135064223742051,-0.78848707360261705,0.13002640924765782,-0.054437406190678439,-0.20000000000000001
3.6025,0.58297020249659315,0.36567115967924152,-0.031425139791776913,-1.0437166749590197,0.13002640924765782,-0.054437406190678439,-0.20000000000000001
3.605,0.58392353385440654,0.39700790123851937,-0.034354457131279867,-1.2999172445236558,0.070689806784359766,-0.062327758209229402,-0.20000000000000001
3.6074999999999999,0.58493811266074158,0.41467281303947218,-0.037787567663751083,-1.4467929007519642,0.070689806784359766,-0.062327758209229402,-0.20000000000000001
3.6099999999999999,0.58599698995122207,0.43244813671022375,-0.041589581386013708,-1.5950600940728377,-0.020591873673888008,-0.061388396769961877,-0.20000000000000001
3.6125000000000003,0.58707400964177026,0.42919106422958969,-0.045551843628197176,-1.5750307737945868,-0.020591873673888008,-0.061388396769961877,-0.20000000000000001
3.6150000000000002,0.5881430617942226,0.42607382789411313,-0.049466131839833519,-1.5566774846479621,-0.046429466837906934,-0.069723113376272003,-0.20000000000000001
3.6175000000000002,0.58919701800310231,0.41711497739477627,-0.053276604840157837,-1.4919816599185316,-0.046429466837906934,-0.069723113376272003,-0.20000000000000001
3.6200000000000001,0.59022875365252325,0.40829649954755709,-0.05692741641280586,-1.428937471141553,-0.15986271491047532,-0.063001882262360961,-0.20000000000000001
3.6225000000000001,0.59120583267582116,0.37339255253911013,-0.060159552424686118,-1.1570550902507639,-0.15986271491047532,-0.063001882262360961,-0.20000000000000001
3.625,0.59209583309173963,0.33862856032259248,-0.062713969867143782,-0.88670592729958453,-0.13715020481343854,-0.052753484260762831,-0.20000000000000001
3.6274999999999999,0.59290562378461398,0.30921922719002659,-0.06464668687364919,-0.65963539735170695,-0.13715020481343854,-0.052753484260762831,-0.20000000000000001
3.6299999999999999,0.59364199450083266,0.27988820331517533,-0.066012864545324471,-0.43342598704151897,-0.17366976600422607,-0.047476951025612467,-0.20000000000000001
3.6325000000000003,0.59429456951999915,0.24217797144905007,-0.066729743302489417,-0.14014334953993524,-0.17366976600422607,-0.047476951025612467,-0.20000000000000001
3.6350000000000002,0.59485289942981234,0.20448581916820402,-0.066713743522405528,0.15294464999273,-0.14597618597217399,-0.038034975235097024,-0.20000000000000001
3.6375000000000002,0.59532497423447195,0.17316845334173417,-0.066028959974193002,0.3949429954677518,-0.14597618597217399,-0.038034975235097024,-0.20000000000000001
3.6400000000000001,0.5957187016203197,0.14180301119297103,-0.064738590849601679,0.63746647099146092,-0.132410191871982,-0.036911126121975626,-0.20000000000000001
3.6425000000000001,0.59603784224612943,0.11349490891236519,-0.062872352761066369,0.85568488970511414,-0.132410191871982,-0.036911126121975626,-0.20000000000000001
3.645,0.59628609301455859,0.085087050948707887,-0.060459247508140142,1.0750058206939959,-0.058180316142609545,-0.026280357437814723,-0.20000000000000001
3.6475,0.59648462856725715,0.07372310819334052,-0.057668333170756376,1.1579376999031441,-0.058180316142609545,-0.026280357437814723,-0.20000000000000001
3.6499999999999999,0.596654613991774,0.062245685194072843,-0.054668461245336551,1.2421869646116972,-0.0059741258413772398,-0.023768616472537456,-0.20000000000000001
3.6524999999999999,0.5968108607022824,0.062733770282027257,-0.051577448390878848,1.2308391921126551,-0.0059741258413772398,-0.023768616472537456,-0.20000000000000001
3.6550000000000002,0.59696819354112929,0.063114685027964051,-0.048513189672480986,1.220782255397169,0.018886238687704525,-0.027286135820131702,-0.20000000000000001
3.6575000000000002,0.59713354478146041,0.069149771165137527,-0.045530257652864503,1.1657655341565734,0.018886238687704525,-0.027286135820131702,-0.20000000000000001
3.6600000000000001,0.59731386130967223,0.075087549321608868,-0.042683371965934601,1.1119369178258693,0.043955613861982101,-0.028361629103803621,-0.20000000000000001
3.6625000000000001,0.59751617023370085,0.08674533289208243,-0.04002795235035557,1.0125748963785317,0.043955613861982101,-0.028361629103803621,-0.20000000000000001
3.665,0.59774751964361561,0.098321124061564985,-0.037619655085662174,0.91422375184666471,0.11856275011194704,-0.028326504819767548,-0.20000000000000001
3.6675,0.59802934836923383,0.127132301569433,-0.035629769419143947,0.6778074542622452,0.11856275011194704,-0.028326504819767548,-0.20000000000000001
3.6699999999999999,0.59838314007823057,0.15589422466536201,-0.0342300924675423,0.44202133366984553,0.10428678352637902,-0.036959059657836524,-0.20000000000000001
3.6724999999999999,0.59880465136762695,0.18131053222471999,-0.033386068345207867,0.23325176765634195,0.10428678352637902,-0.036959059657836524,-0.20000000000000001
3.6750000000000003,0.59928967792873766,0.2067090751313074,-0.03306364743439659,0.024705582067519077,0.098922670526795223,-0.041383792419444322,-0.20000000000000001
3.6775000000000002,0.59983663915613938,0.23086086421373253,-0.033250026807131815,-0.17382106841745634,0.098922670526795223,-0.041383792419444322,-0.20000000000000001
3.6800000000000002,0.60044399339927768,0.25502602606457214,-0.033932892447776843,-0.37251527499753123,0.07404920416527673,-0.042411258684865484,-0.20000000000000001
3.6825000000000001,0.60110457896223224,0.27344836885526869,-0.035054977544455357,-0.52522647476392281,0.07404920416527673,-0.042411258684865484,-0.20000000000000001
3.6850000000000001,0.60181126988928157,0.29191227656093005,-0.036559454808943445,-0.67845359470428157,0.044636564569470329,-0.048356163746875021,-0.20000000000000001
3.6875,0.60255565711299297,0.30360746976999003,-0.038379330726912769,-0.77756934511685083,0.044636564569470329,-0.048356163746875021,-0.20000000000000001
3.6899999999999999,0.60332936025765294,0.31536628269590261,-0.040447952513224292,-0.87746626292468721,-0.027179425180566548,-0.053546497438719524,-0.20000000000000001
3.6924999999999999,0.6041117371967939,0.31054848316439609,-0.042600318937242414,-0.8445830953644573,-0.027179425180566548,-0.053546497438719524,-0.20000000000000001
3.6950000000000003,0.60488216752114898,0.30580850722960706,-0.044671634436364266,-0.81261974226260769,-0.053444804965675156,-0.048972260932081825,-0.20000000000000001
3.6975000000000002,0.60563323532523294,0.29505820386652987,-0.046603091088672853,-0.73269071352972437,-0.053444804965675156,-0.048972260932081825,-0.20000000000000001
3.7000000000000002,0.60635751776126079,0.28437896881532587,-0.048335776946679683,-0.65358846979646346,-0.085318616338380879,-0.048553767433222816,-0.20000000000000001
3.7025000000000001,0.6070459566335995,0.26638220206003832,-0.049797589252464212,-0.51597638126634904,-0.085318616338380879,-0.048553767433222816,-0.20000000000000001
3.7050000000000001,0.60768947331418643,0.24843888437965456,-0.05091616701844795,-0.37897409731028431,-0.11397179587516357,-0.046641016456751366,-0.20000000000000001
3.7075,0.60827989233797153,0.22390152631254234,-0.051626283050285118,-0.18917701473749679,-0.11397179587516357,-0.046641016456751366,-0.20000000000000001
3.71,0.60880899825442536,0.19938493595965301,-0.051862246331554243,0.00038699022212471124,-0.083676831933544721,-0.041329022951889331,-0.20000000000000001
3.7124999999999999,0.60928558321537152,0.18188187086219165,-0.051694706875309547,0.13365781023907794,-0.083676831933544721,-0.041329022951889331,-0.20000000000000001
3.7149999999999999,0.60971839602518407,0.16436490661853245,-0.051193825314791039,0.26708698293354227,-0.06241503135580128,-0.037491785621959976,-0.20000000000000001
3.7175000000000002,0.61011353808453639,0.15174352135453084,-0.050408398000115449,0.36131506839969119,-0.06241503135580128,-0.037491785621959976,-0.20000000000000001
3.7200000000000002,0.61047708364840492,0.13908615522100015,-0.049386904044638427,0.45595828394431437,-0.016344597827319368,-0.03089372296538653,-0.20000000000000001
3.7225000000000001,0.61082226881191459,0.13705499988216313,-0.048235228233059008,0.465465117189369,-0.016344597827319368,-0.03089372296538653,-0.20000000000000001
3.7250000000000001,0.61116232340298327,0.13498154701060347,-0.047059160373663762,0.47547369689037877,-0.047081799061665777,-0.031959116655174535,-0.20000000000000001
3.7275,0.61148823879467751,0.12574259824385556,-0.045785977053495984,0.54316817511935045,-0.047081799061665777,-0.031959116655174535,-0.20000000000000001
3.73,0.61179099288355165,0.11645143396403776,-0.04434281211175798,0.61147155619799098,-0.012387282075931757,-0.032274339502698021,-0.20000000000000001
3.7324999999999999,0.61208049906259299,0.11514428732227007,-0.042808742642458715,0.6158937032213877,-0.012387282075931757,-0.032274339502698021,-0.20000000000000001
3.7349999999999999,0.6123666680296197,0.11378158719920019,-0.041262793075862968,0.62097653189764801,0.017414111041204175,-0.027066017818083179,-0.20000000000000001
3.7375000000000003,0.61265799804170207,0.11927390072913664,-0.039772650113979673,0.57124081820397898,0.017414111041204175,-0.027066017818083179,-0.20000000000000001
3.7400000000000002,0.61296299663395171,0.12471713249357994,-0.038406095025707958,0.52209789441838472,0.035468047525265334,-0.033939366954941867,-0.20000000000000001
3.7425000000000002,0.61328678072128162,0.13430342298421971,-0.037203734327034603,0.43987242449328068,0.035468047525265334,-0.033939366954941867,-0.20000000000000001
3.7450000000000001,0.61363448298538803,0.14385279718655683,-0.036206358568371809,0.35809617205177191,0.017701934192014088,-0.033632850343055479,-0.20000000000000001
3.7475000000000001,0.61400086737445447,0.1492498872875187,-0.035371581135660142,0.30978387764392146,0.017701934192014088,-0.033632850343055479,-0.20000000000000001
3.75,0.61438071001456107,0.15462008703600513,-0.034657169528356728,0.26179518874382729,0.085079845750556146,-0.034448465255804472,-0.20000000000000001
3.7524999999999999,0.61479349143977535,0.17560276785489817,-0.034219288428443954,0.088538153204798492,0.085079845750556146,-0.034448465255804472,-0.20000000000000001
3.7549999999999999,0.61525871807252241,0.19657851261435622,-0.034214406790311978,-0.084632522575973368,0.057627236504588758,-0.039583959499969415,-0.20000000000000001
3.7575000000000003,0.61576842720950531,0.21119078440287853,-0.034578588390106108,-0.20673713589205805,0.057627236504588758,-0.039583959499969415,-0.20000000000000001
3.7600000000000002,0.61631468608191375,0.22581995873216182,-0.035248265339908033,-0.32904917965889879,0.054226598684333334,-0.044183279288087796,-0.20000000000000001
3.7625000000000002,0.61689656318847419,0.23968700308666582,-0.036216190857941186,-0.44535599493924244,0.054226598684333334,-0.044183279288087796,-0.20000000000000001
3.7650000000000001,0.61751315136735507,0.25359036755742925,-0.037475417161608883,-0.56210900780889905,0.031993174028767411,-0.045916433732037923,-0.20000000000000001
3.7675000000000001,0.61815810743319233,0.26238288616563987,-0.038975453496311541,-0.63802227780045628,0.031993174028767411,-0.045916433732037923,-0.20000000000000001
3.77,0.61882511034762633,0.27122886399343071,-0.040666071083936932,-0.71458660532929597,-0.0076900376149736096,-0.043109602276929199,-0.20000000000000001
3.7725,0.61950280199047747,0.27093511557990796,-0.042456672107254512,-0.71802145670694373,-0.0076900376149736096,-0.043109602276929199,-0.20000000000000001
3.7749999999999999,0.62017983934744114,0.27070547885547425,-0.044256815845098711,-0.72222134668875804,-0.09047352665513711,-0.044750773601039552,-0.20000000000000001
3.7774999999999999,0.62083240564083497,0.2513587012748047,-0.045875937834946097,-0.57320354838992915,-0.09047352665513711,-0.044750773601039552,-0.20000000000000001
3.7800000000000002,0.62143668231293681,0.2320712704935245,-0.047123397976120154,-0.42486300926180043,-0.10682446388487404,-0.047555688394026081,-0.20000000000000001
3.7825000000000002,0.62198806451498001,0.20904048680353093,-0.04796266975664757,-0.24662216165964873,-0.10682446388487404,-0.047555688394026081,-0.20000000000000001
3.7850000000000001,0.62248190680197557,0.1860361660269558,-0.04835675786035435,-0.06868019406010703,-0.12685835260176698,-0.040081311656764575,-0.20000000000000001
3.7875000000000001,0.6229124513275579,0.15839873472880872,-0.048259582941205366,0.14642817922378418,-0.12685835260176698,-0.040081311656764575,-0.20000000000000001
3.79,0.62327388692194874,0.1307450441807837,-0.047624465334896941,0.36171846946494202,-0.069594757318942602,-0.036250596746089436,-0.20000000000000001
3.7925,0.62358272558862871,0.11631892516059336,-0.046583724418940167,0.47095443132056636,-0.069594757318942602,-0.036250596746089436,-0.20000000000000001
3.7949999999999999,0.6238554422181618,0.1018456110856806,-0.045269240196334264,0.58073398341409699,-0.04787465106054184,-0.032273019469533169,-0.20000000000000001
3.7974999999999999,0.62409819743621497,0.09234870673753813,-0.043730007119772769,0.65076745950996462,-0.04787465106054184,-0.032273019469533169,-0.20000000000000001
3.8000000000000003,0.62431713373398623,0.082789377929873176,-0.042014795811045759,0.72152948615530543,0.020718886376407925,-0.029770443486253531,-0.20000000000000001
3.8025000000000002,0.62453196681371514,0.08906726088529085,-0.040281285747840054,0.66539766108005127,0.020718886376407925,-0.029770443486253531,-0.20000000000000001
3.8050000000000002,0.62476242279992844,0.095288455254237403,-0.038687235321365636,0.60995249755433378,0.057700521342305411,-0.027895281263006361,-0.20000000000000001
3.8075000000000001,0.62501908778566662,0.110036184330431,-0.037317081470227498,0.48626129313557676,0.057700521342305411,-0.027895281263006361,-0.20000000000000001
3.8100000000000001,0.62531257101392079,0.12474466841598778,-0.036255525634857927,0.36305393726448565,0.077234952422870623,-0.030538501526280751,-0.20000000000000001
3.8125,0.62564845152276638,0.14395602081641806,-0.035546993378963769,0.2038180878808224,0.077234952422870623,-0.030538501526280751,-0.20000000000000001
3.8149999999999999,0.62603233772454925,0.16315130450384019,-0.035236268811894768,0.044781880324940238,0.053818560379594253,-0.037192781363267889,-0.20000000000000001
3.8174999999999999,0.62645741402425892,0.1769099117598022,-0.035268521120040947,-0.070585889253375875,0.053818560379594253,-0.037192781363267889,-0.20000000000000001
3.8200000000000003,0.62691689211448154,0.19067431542426019,-0.035589257452444033,-0.18602468488898891,0.061235606563556297,-0.036715250603220166,-0.20000000000000001
3.8225000000000002,0.62741294917993273,0.2061747170080776,-0.036216069805288,-0.3154668278782824,0.061235606563556297,-0.036715250603220166,-0.20000000000000001
3.8250000000000002,0.62794778692298758,0.22170058278041332,-0.037166853170702327,-0.44522284191879485,0.014743318289081601,-0.044766176175937422,-0.20000000000000001
3.8275000000000001,0.62850800273966601,0.22647882136897934,-0.038334330406676664,-0.48884022076993006,0.014743318289081601,-0.044766176175937422,-0.20000000000000001
3.8300000000000001,0.62908021631727318,0.23129940712938393,-0.039611479283522474,-0.53296764266971697,-0.006121935044198697,-0.046616256981129853,-0.20000000000000001
3.8325,0.62965849074239422,0.23132812299516695,-0.040951080056537317,-0.53880823197762717,-0.006121935044198697,-0.046616256981129853,-0.20000000000000001
3.835,0.63023689708021247,0.23140502050618528,-0.042305999158646031,-0.54522332897938774,-0.042600194291025309,-0.045241381367852891,-0.20000000000000001
3.8374999999999999,0.63080498760230141,0.22307556555311239,-0.043592834501750478,-0.48434047259869023,-0.042600194291025309,-0.045241381367852891,-0.20000000000000001
3.8399999999999999,0.63135231336749287,0.21479226527175319,-0.044728151158634051,-0.42399722392916239,-0.031535746703194291,-0.041297896940172996,-0.20000000000000001
3.8425000000000002,0.63188218736671053,0.20911324296673006,-0.045738940662311454,-0.38470852746497042,-0.031535746703194291,-0.041297896940172996,-0.20000000000000001
3.8450000000000002,0.63239790960394104,0.20347024972786076,-0.046652046597256386,-0.34584323079913326,-0.06742175610113732,-0.036588668986388372,-0.20000000000000001
3.8475000000000001,0.6328891742333751,0.1895463450471655,-0.047385060439295794,-0.2406241901643919,-0.06742175610113732,-0.036588668986388372,-0.20000000000000001
3.8500000000000001,0.63334566141405124,0.17564654291931692,-0.047855398860034565,-0.13568274008753911,-0.0607797712696663,-0.034477463135664743,-0.20000000000000001
3.8525,0.63376934134844343,0.16329888283555138,-0.048079041026671807,-0.043248068448266189,-0.0607797712696663,-0.034477463135664743,-0.20000000000000001
3.855,0.63416215940118759,0.15095551083293424,-0.048071680470878453,0.049137073527113412,-0.060145336528272531,-0.032888912217672803,-0.20000000000000001
3.8574999999999999,0.63452429853374015,0.13875423147413651,-0.047834783240175066,0.14039877999685907,-0.060145336528272531,-0.032888912217672803,-0.20000000000000001
3.8599999999999999,0.6348559189776346,0.12653905495393675,-0.047369552738264535,0.23182108953199376,-0.10429121481684106,-0.033944277376934458,-0.20000000000000001
3.8625000000000003,0.63514419091846075,0.10407283859218235,-0.04657284053695443,0.40561271460181192,-0.10429121481684106,-0.033944277376934458,-0.20000000000000001
3.8650000000000002,0.63537624722979014,0.081563500152885327,-0.045341082171611785,0.57989269108814301,-0.051229248119876891,-0.028844599115070282,-0.20000000000000001
3.8675000000000002,0.63556732878428801,0.071291792581007582,-0.043796191393122165,0.6561358100859962,-0.051229248119876891,-0.028844599115070282,-0.20000000000000001
3.8700000000000001,0.63573265344624796,0.060956786696066051,-0.042059788574685113,0.7331164268734176,-0.0088720546946272957,-0.028486369892571074,-0.20000000000000001
3.8725000000000001,0.63588433007187795,0.060373584601314187,-0.040228477296731714,0.73206291117142797,-0.0088720546946272957,-0.028486369892571074,-0.20000000000000001
3.875,0.63603446673429742,0.059724814979926349,-0.038398822676646301,0.73179107360168161,0.035539591296817351,-0.026298465537122465,-0.20000000000000001
3.8774999999999999,0.63619577666659477,0.069313520349041619,-0.036672256890580658,0.64957874612324196,0.035539591296817351,-0.026298465537122465,-0.20000000000000001
3.8799999999999999,0.63638098901139817,0.078847836217209449,-0.03515037683086053,0.5680289775128412,0.030073106744886793,-0.027402982209308438,-0.20000000000000001
3.8825000000000003,0.63658839047004645,0.087065778364543461,-0.033818897090738792,0.49724631671892172,0.030073106744886793,-0.027402982209308438,-0.20000000000000001
3.8850000000000002,0.63681628258323908,0.095241335475857392,-0.03266371760875824,0.42697684701652194,0.038820350893383988,-0.028754734941336159,-0.20000000000000001
3.8875000000000002,0.63706710441487513,0.10541071630336242,-0.031704021231504884,0.34084595047035515,0.038820350893383988,-0.028754734941336159,-0.20000000000000001
3.8900000000000001,0.63734331209565109,0.11555121416121149,-0.03095919593171095,0.25506537582750566,0.061963661462477199,-0.032269543613595651,-0.20000000000000001
3.8925000000000001,0.63765155754739811,0.13104252848666156,-0.030482395869659087,0.12640673024568524,0.061963661462477199,-0.032269543613595651,-0.20000000000000001
3.895,0.63799851605246183,0.14652342087392842,-0.030327055997788083,-0.0021243765956696914,0.053556470859457854,-0.034031616300193794,-0.20000000000000001
3.8975,0.63838173537762277,0.16005285375299089,-0.030473431572648955,-0.11498600948409402,0.053556470859457854,-0.034031616300193794,-0.20000000000000001
3.8999999999999999,0.63879878831629022,0.17359187954435545,-0.030902083496701187,-0.22796457683348914,0.054585857829609598,-0.037613864122638264,-0.20000000000000001
3.9025000000000003,0.63925000925242981,0.18738882025096809,-0.031615845540780889,-0.34309329824231555,0.054585857829609598,-0.037613864122638264,-0.20000000000000001
3.9050000000000002,0.63973575611225142,0.20121419173659244,-0.0326178394875467,-0.45856940546810254,0.041850044097847247,-0.038548803534066096,-0.20000000000000001
3.9075000000000002,0.64025241746139994,0.2121219411200867,-0.033879415342958678,-0.5507771378727716,0.041850044097847247,-0.038548803534066096,-0.20000000000000001
3.9100000000000001,0.64079640421131423,0.2230757610021544,-0.035372192939532025,-0.64354618795481189,-0.057094348941622734,-0.044192488635341122,-0.20000000000000001
3.9125000000000001,0.64133914955522264,0.21113013603464881,-0.036867326147919814,-0.55267245785322894,-0.057094348941622734,-0.044192488635341122,-0.20000000000000001
3.915,0.64185209942225174,0.19923794964524347,-0.038136073633739699,-0.46242084779338721,-0.041007869284172098,-0.0399425626106098,-0.20000000000000001
3.9175,0.64234004001970491,0.191121359028431,-0.039217305428230091,-0.40264457973779194,-0.041007869284172098,-0.0399425626106098,-0.20000000000000001
3.9199999999999999,0.64280773803391666,0.18304295097173418,-0.040149669027551758,-0.34331534213455067,-0.047237811717060423,-0.038527100126959701,-0.20000000000000001
3.9224999999999999,0.64325347633659202,0.17355261756284432,-0.040919704023989562,-0.27277012053793304,-0.047237811717060423,-0.038527100126959701,-0.20000000000000001
3.9250000000000003,0.64367552294613251,0.16408847517501604,-0.041513774153207159,-0.20253035086533588,-0.026832463729485334,-0.034245944660163855,-0.20000000000000001
3.9275000000000002,0.64407984807310681,0.15937451563528954,-0.041980016286215192,-0.17049738252405158,-0.026832463729485334,-0.034245944660163855,-0.20000000000000001
3.9300000000000002,0.64447240873111256,0.15467640575458749,-0.042366416597948209,-0.13865107071550944,-0.053886142648182853,-0.035660024382111584,-0.20000000000000001
3.9325000000000001,0.64484540189176964,0.14371970612483215,-0.042610467208302243,-0.056607808272578761,-0.053886142648182853,-0.035660024382111584,-0.20000000000000001
3.9350000000000001,0.64519101185233241,0.13276851579114798,-0.042649508955511471,0.025371466753029065,-0.022618361020662992,-0.036124533158526095,-0.20000000000000001
3.9375,0.64551830241887465,0.12906336385077385,-0.042556319094916889,0.04918719059423772,-0.022618361020662992,-0.036124533158526095,-0.20000000000000001
3.9399999999999999,0.64583632488728737,0.12535367044504722,-0.042403528344330942,0.073056507938594292,-0.053439709226769896,-0.031950687524594852,-0.20000000000000001
3.9424999999999999,0.64613613411108595,0.11449186655750229,-0.04211927204603088,0.15436993266243881,-0.053439709226769896,-0.031950687524594852,-0.20000000000000001
3.9450000000000003,0.64640877172006173,0.10361506236274383,-0.041631533430870185,0.23585766392285451,-0.00060688465917034572,-0.030767843909764548,-0.20000000000000001
3.9475000000000002,0.64666950167902348,0.10496553533093654,-0.04106268309979709,0.21926284667953125,-0.00060688465917034572,-0.030767843909764548,-0.20000000000000001
3.9500000000000002,0.64693358315875393,0.10629652107216485,-0.040535025267529341,0.20290076579395719,-0.015484949699354808,-0.034683851295443484,-0.20000000000000001
3.9525000000000001,0.64719665692133133,0.10415931743375716,-0.040013379095229153,0.21445374477087648,-0.015484949699354808,-0.034683851295443484,-0.20000000000000001
3.9550000000000001,0.64745436344846985,0.10200255513522428,-0.039462563472663505,0.22623842930186672,-0.025734214117182228,-0.03320756934525556,-0.20000000000000001
3.9575,0.6477036813887822,0.097448061161086758,-0.038858129750586889,0.25735258360956736,-0.025734214117182228,-0.03320756934525556,-0.20000000000000001
3.96,0.64794158387554857,0.092869710804909522,-0.038175566231980214,0.28874794817121274,0.038979145020264505,-0.029590923518027057,-0.20000000000000001
3.9624999999999999,0.64818677017539483,0.10327593001642887,-0.037564765435930576,0.19993411628608168,0.038979145020264505,-0.029590923518027057,-0.20000000000000001
3.9650000000000003,0.64845794960532832,0.1136654448510276,-0.037175726052885744,0.11132380921206164,-0.0066347398923611899,-0.029700789657046214,-0.20000000000000001
3.9675000000000002,0.64874186361667829,0.11346411966416284,-0.036901862463227263,0.10778662024823486,-0.0066347398923611899,-0.029700789657046214,-0.20000000000000001
3.9700000000000002,0.64902526211294032,0.11325308475283534,-0.036636696736610651,0.10436489974312506,0.027711970090861994,-0.032161865118276581,-0.20000000000000001
3.9725000000000001,0.64931808085829779,0.12100090512149117,-0.036459909911367168,0.037076734977229617,0.027711970090861994,-0.032161865118276581,-0.20000000000000001
3.9750000000000001,0.6496302640003272,0.12874555928404974,-0.036451281149346745,-0.030173130046607752,0.0025516798386988832,-0.033323666131002294,-0.20000000000000001
3.9775,0.64995451501656754,0.13065585162832136,-0.036552224186131507,-0.050588440595897635,0.0025516798386988832,-0.033323666131002294,-0.20000000000000001
3.98,0.65028354700378077,0.13257063862870738,-0.036704268085171847,-0.071057434064976888,0.0047034150570233807,-0.033632994143254068,-0.20000000000000001
3.9824999999999999,0.65061799739097748,0.13499090048165785,-0.036912583579110744,-0.095609661215126665,0.0047034150570233807,-0.033632994143254068,-0.20000000000000001
3.9849999999999999,0.65095850855766646,0.13741962466838112,-0.037182400714286273,-0.12026308307625258,0.0023537681347014531,-0.036984706136258781,-0.20000000000000001
3.9875000000000003,0.65130442311719883,0.13931395343763528,-0.037508535293243064,-0.14066764227597073,0.0023537681347014531,-0.036984706136258781,-0.20000000000000001
3.9900000000000002,0.65165508873016542,0.14122076950416051,-0.037885863239481864,-0.16122138949045475,-0.024725882840099352,-0.03269720884063973,-0.20000000000000001
3.9925000000000002,0.65200268803052019,0.13686092957100207,-0.038251752446478597,-0.13151660922033531,-0.024725882840099352,-0.03269720884063973,-0.20000000000000001
3.9950000000000001,0.65233940352651931,0.13251326901103702,-0.038543565941371191,-0.10195543000311083,-0.021096760791917385,-0.035540436768357407,-0.20000000000000001
3.9975000000000001,0.65266631432040167,0.12901675681541702,-0.03877006907417159,-0.0792635012167313,-0.021096760791917385,-0.035540436768357407,-0.20000000000000001
4,0.65298449339342768,0.12552754475872249,-0.038939955287370737,-0.056657789157996581,-0.021779243724331421,-0.033687573023627342,-0.20000000000000001
4.0025000000000004,0.65329375854948657,0.12188526776047301,-0.039051820981287358,-0.032842884658640145,-0.021779243724331421,-0.033687573023627342,-0.20000000000000001
4.0049999999999999,0.65359392225552315,0.11824601907998518,-0.039104199500580493,-0.0090637324174614835,-0.022570393471228398,-0.031482164032801963,-0.20000000000000001
4.0075000000000003,0.65388475999950169,0.11442412140199694,-0.039095306588963118,0.01617870725030833,-0.022570393471228398,-0.031482164032801963,-0.20000000000000001
4.0099999999999998,0.65416604161782732,0.11060073004876553,-0.039023291275140204,0.041438774287798047,-0.0048688829280355023,-0.030815607915660671,-0.20000000000000001
4.0125000000000002,0.65444289194457372,0.11087896893775019,-0.038929273393242946,0.033782227590485936,-0.0048688829280355023,-0.030815607915660671,-0.20000000000000001
4.0149999999999997,0.65472043393667922,0.11115417652745946,-0.03885435006355728,0.026161772783052026,-0.067430546514674283,-0.032397468753677099,-0.20000000000000001
4.0175000000000001,0.65498052450361666,0.0969169492009547,-0.038652832257724853,0.13506782347081023,-0.067430546514674283,-0.032397468753677099,-0.20000000000000001
4.0200000000000005,0.65520500756165634,0.082666377151451559,-0.038178882353483934,0.24412818442687484,-0.041726166676222788,-0.03103846960221418,-0.20000000000000001
4.0225,0.65540128887640292,0.074354325686129666,-0.037491793319918941,0.3055939346422919,-0.041726166676222788,-0.03103846960221418,-0.20000000000000001
4.0250000000000004,0.6555767550263768,0.06601327620179806,-0.036650629859292745,0.36739909181277375,-0.0046545276818452438,-0.02766030615894198,-0.20000000000000001
4.0274999999999999,0.65574207665659834,0.066238587471050894,-0.035740772244937206,0.36055179717679753,-0.0046545276818452438,-0.02766030615894198,-0.20000000000000001
4.0300000000000002,0.65590792100856565,0.066431549710103496,-0.034847549864596802,0.35408974711865715,0.0073417263204441146,-0.027821858897008302,-0.20000000000000001
4.0324999999999998,0.65607768738274108,0.069376550701149134,-0.033997945358046719,0.32565369985798137,0.0073417263204441146,-0.027821858897008302,-0.20000000000000001
4.0350000000000001,0.65625477979901214,0.072292793760171059,-0.033218994563274748,0.29756184363514177,0.0048787642342653084,-0.027193373166271587,-0.20000000000000001
4.0374999999999996,0.65643841494425981,0.074611092566432682,-0.032504136984621887,0.27437476224553004,0.0048787642342653084,-0.027193373166271587,-0.20000000000000001
4.04,0.65662781496140221,0.076905028823788885,-0.031846878215834935,0.25147874932626968,0.019410859480075603,-0.024240698278322571,-0.20000000000000001
4.0425000000000004,0.65682713766746237,0.08254984360534745,-0.031280375133495061,0.20176328207605376,0.019410859480075603,-0.024240698278322571,-0.20000000000000001
4.0449999999999999,0.6570405495150099,0.088177059944706232,-0.030837885615759959,0.1522592585734826,0.025255816345141974,-0.029955902892347643,-0.20000000000000001
4.0475000000000003,0.65726970782536409,0.095147824179580787,-0.030532563655286869,0.09201954889875949,0.025255816345141974,-0.029955902892347643,-0.20000000000000001
4.0499999999999998,0.65751628198858081,0.10211061107204625,-0.030377707851978242,0.031875870539303817,0.025916423197515106,-0.028820050183381157,-0.20000000000000001
4.0525000000000002,0.65778045025929954,0.10922398802084179,-0.030374695738404896,-0.029465969220224271,0.025916423197515106,-0.028820050183381157,-0.20000000000000001
4.0549999999999997,0.65806240405650829,0.11633991821237423,-0.03052506331603615,-0.090838549343579378,0.0049247874343072793,-0.031736714852325897,-0.20000000000000001
4.0575000000000001,0.65835606566430704,0.11859088143320724,-0.030780060365164681,-0.11317715471037325,0.0049247874343072793,-0.031736714852325897,-0.20000000000000001
4.0600000000000005,0.65865536685816872,0.1208519187659106,-0.031091049295593039,-0.13563601620045404,0.026413241591009422,-0.031854507719954461,-0.20000000000000001
4.0625,0.65896656981780488,0.12811285337224243,-0.031508421485538549,-0.19829071068229576,0.026413241591009422,-0.031854507719954461,-0.20000000000000001
4.0650000000000004,0.65929594539497882,0.13539091226323086,-0.032082674846980651,-0.26115181068888582,-0.0028841960066255529,-0.030319030242957193,-0.20000000000000001
4.0674999999999999,0.65963504402736128,0.13589196377528134,-0.032746162877364392,-0.26968588488954631,-0.0028841960066255529,-0.030319030242957193,-0.20000000000000001
4.0700000000000003,0.65997542537886156,0.1364172153550792,-0.033431344389281754,-0.27850812527842572,-0.013931922719527598,-0.036236084892171783,-0.20000000000000001
4.0724999999999998,0.66031394645040165,0.13440378218404458,-0.034113221581557163,-0.26704270123594831,-0.013931922719527598,-0.036236084892171783,-0.20000000000000001
4.0750000000000002,0.66064746455570855,0.13241467035290172,-0.034766798096211776,-0.25586554454082733,-0.060019407260212619,-0.030563762814300982,-0.20000000000000001
4.0774999999999997,0.66096267304880596,0.11975548413121985,-0.035285460186859414,-0.15910317432177473,-0.060019407260212619,-0.030563762814300982,-0.20000000000000001
4.0800000000000001,0.66124625486575239,0.10711176582895601,-0.035562463724134435,-0.062520524128323235,-0.048612268706305167,-0.032269840235865148,-0.20000000000000001
4.0825000000000005,0.66150154505426251,0.097120782387097815,-0.035624682682050386,0.0127407199337361,-0.048612268706305167,-0.032269840235865148,-0.20000000000000001
4.085,0.66173185776054688,0.087128578635062126,-0.035498748254207894,0.088016205438055717,-0.066296887104282665,-0.029403304027867633,-0.20000000000000001
4.0875000000000004,0.66193205213901052,0.073024600457822636,-0.035143340286076546,0.19633709715569256,-0.066296887104282665,-0.029403304027867633,-0.20000000000000001
4.0899999999999999,0.66209696472705193,0.058901379902983941,-0.034516876897865291,0.30488103432175895,-0.01924921908538121,-0.021219904673700409,-0.20000000000000001
4.0925000000000002,0.66224018063705048,0.055666525579131605,-0.033728217222221905,0.32610374165271683,-0.01924921908538121,-0.021219904673700409,-0.20000000000000001
4.0949999999999998,0.66237527243380689,0.052401763347863062,-0.032886063436711174,0.34768018282339846,0.016974805593460554,-0.02567759705514119,-0.20000000000000001
4.0975000000000001,0.66251267167550743,0.057512904296096887,-0.032073881802177101,0.30212189736655493,0.016974805593460554,-0.02567759705514119,-0.20000000000000001
4.0999999999999996,0.66266281496633117,0.062597656782649266,-0.031375189856530331,0.25688054767100554,0.0050557992484214238,-0.026994945419177768,-0.20000000000000001
4.1025,0.6628221830087867,0.064893139408315439,-0.030761485985743766,0.23412599157518882,0.0050557992484214238,-0.026994945419177768,-0.20000000000000001
4.1050000000000004,0.66298726331146063,0.067167797988278738,-0.030204352705221309,0.21162008923100281,0.027600020286013164,-0.026831476404857307,-0.20000000000000001
4.1074999999999999,0.66316454805471736,0.074657409766597752,-0.029755727027921768,0.14731161755551261,0.027600020286013164,-0.026831476404857307,-0.20000000000000001
4.1100000000000003,0.66336053973818232,0.082134274336909299,-0.029467666672272786,0.083156691032865576,0.040427313644999671,-0.029744740026474814,-0.20000000000000001
4.1124999999999998,0.66357893574423743,0.092581974300701364,-0.029369761051031729,-0.0048254607425695373,0.040427313644999671,-0.029744740026474814,-0.20000000000000001
4.1150000000000002,0.66382344995256848,0.10303008537658284,-0.029491798126676749,-0.09281258939532,0.025425698386887987,-0.030675119250877975,-0.20000000000000001
4.1174999999999997,0.66408973961043205,0.1100034184173158,-0.029798948562623408,-0.15292914782786862,0.025425698386887987,-0.030675119250877975,-0.20000000000000001
4.1200000000000001,0.66437347810223801,0.11699002084370995,-0.030256576940176895,-0.2132054016073027,0.063993481493551718,-0.032071874977876356,-0.20000000000000001
4.1225000000000005,0.6646858956026056,0.13294780327281611,-0.030955017996615611,-0.3455943026287962,0.063993481493551718,-0.032071874977876356,-0.20000000000000001
4.125,0.66503824071933304,0.1489339021177617,-0.031984837887106266,-0.47833049774354008,-0.0062100902071938044,-0.036383597118011,-0.20000000000000001
4.1275000000000004,0.66541023234808161,0.14866658901684299,-0.033183546019788693,-0.48072155609798045,-0.0062100902071938044,-0.036383597118011,-0.20000000000000001
4.1299999999999999,0.66578160968351574,0.14844250258934008,-0.034388874381038416,-0.4836271156287888,-0.024502206784948879,-0.035092235404174291,-0.20000000000000001
4.1325000000000003,0.66614717607241791,0.14401780885814264,-0.035559517695784956,-0.45297255318107998,-0.024502206784948879,-0.035092235404174291,-0.20000000000000001
4.1349999999999998,0.6665017335618777,0.13963491965591671,-0.03665414839742958,-0.42281153552646561,-0.072865956721867131,-0.032258695562229558,-0.20000000000000001
4.1375000000000002,0.66683136032608348,0.1240724891693302,-0.037561371221423438,-0.30303601099147998,-0.072865956721867131,-0.032258695562229558,-0.20000000000000001
4.1399999999999997,0.66712212107903646,0.10854014402209287,-0.038169617966951307,-0.18360791525692355,-0.06769442601942495,-0.0291203566559631,-0.20000000000000001
4.1425000000000001,0.66737557554033455,0.094225546124606457,-0.038491623611240956,-0.074021127308368809,-0.06769442601942495,-0.0291203566559631,-0.20000000000000001
4.1450000000000005,0.66759325490535393,0.079918263502199521,-0.038539794081290116,0.035481079228943516,-0.078245052374007959,-0.029099882990934051,-0.20000000000000001
4.1475,0.6677721052075386,0.063160304879870136,-0.038289627078799723,0.16467178466888782,-0.078245052374007959,-0.029099882990934051,-0.20000000000000001
4.1500000000000004,0.66790904266831685,0.046385833818825682,-0.037716276721275789,0.29405260786758247,-0.074775724550161141,-0.025132095367261256,-0.20000000000000001
4.1524999999999999,0.66800501579538274,0.030386772248710826,-0.036827157969112137,0.41731044218081143,-0.074775724550161141,-0.025132095367261256,-0.20000000000000001
4.1550000000000002,0.6680609419980047,0.014346274777544129,-0.035629325726250556,0.54104681515913533,-0.055106836820602086,-0.019633195664108923,-0.20000000000000001
4.1574999999999998,0.66808240724099399,0.0028165506463498045,-0.034167211381142613,0.62875393196523743,-0.055106836820602086,-0.019633195664108923,-0.20000000000000001
4.1600000000000001,0.66807497448306141,-0.0087734964402897218,-0.032484969428627254,0.71716504366522793,0.021509435745881142,-0.021385632395177396,-0.20000000000000001
4.1624999999999996,0.66806071179485638,-0.0026465908046237521,-0.03075920787578908,0.66356403695226229,0.021509435745881142,-0.021385632395177396,-0.20000000000000001
4.165,0.66806169368155566,0.0034228950227233722,-0.029166572584008132,0.61065506600472286,-0.015182189056838635,-0.018640399750417185,-0.20000000000000001
4.1675000000000004,0.66806713342508861,0.00091952956041276533,-0.027619892778578427,0.62679996307842145,-0.015182189056838635,-0.018640399750417185,-0.20000000000000001
4.1699999999999999,0.66806624387345814,-0.0016407878130960136,-0.026032009636153007,0.64362067734873396,0.06341319864512078,-0.020534458895941604,-0.20000000000000001
4.1725000000000003,0.66808169677137108,0.013995055306732533,-0.024584429928864414,0.51454127242311543,0.06341319864512078,-0.020534458895941604,-0.20000000000000001
4.1749999999999998,0.66813618325933444,0.029587834314289067,-0.02345886611122722,0.38598644419710781,0.030544768855680735,-0.02492328181668485,-0.20000000000000001
4.1775000000000002,0.66822006575389581,0.037513036944620631,-0.022577532368398403,0.3191421295774311,0.030544768855680735,-0.02492328181668485,-0.20000000000000001
4.1799999999999997,0.66832372522582173,0.045410376546273501,-0.021862876558520438,0.25263252093218669,0.077828970667571981,-0.027529820873810635,-0.20000000000000001
4.1825000000000001,0.66846082915491689,0.064270320246961055,-0.021424409262321028,0.098171108447492855,0.077828970667571981,-0.027529820873810635,-0.20000000000000001
4.1850000000000005,0.6686450699747527,0.083122042247739378,-0.021371937601326368,-0.056190208961430593,0.080091358120646147,-0.028692198571847669,-0.20000000000000001
4.1875,0.66887710021704039,0.10250403828164716,-0.021710683657361469,-0.21482962327337138,0.080091358120646147,-0.028692198571847669,-0.20000000000000001
4.1900000000000004,0.6691576051035808,0.12190395467433955,-0.022446267800876208,-0.37368750604024881,0.051057016404956031,-0.033146823994572763,-0.20000000000000001
4.1924999999999999,0.66947821614059,0.13459093840499103,-0.023511741265819619,-0.47876464186114126,0.051057016404956031,-0.033146823994572763,-0.20000000000000001
4.1950000000000003,0.66983059377238718,0.14731869179031151,-0.024840502509677353,-0.58433557097039013,0.018621529860914362,-0.029350707256062793,-0.20000000000000001
4.1974999999999998,0.67020543562552892,0.15256365707307329,-0.026358311894458569,-0.63001835803031647,0.018621529860914362,-0.029350707256062793,-0.20000000000000001
4.2000000000000002,0.67059345798840309,0.15786374206974785,-0.027991145882740976,-0.67636308689186175,-0.0091383278134161694,-0.034996839364869747,-0.20000000000000001
4.2024999999999997,0.67098674776849598,0.15677820530683864,-0.029676030579626096,-0.67166511381999583,-0.0091383278134161694,-0.034996839364869747,-0.20000000000000001
4.2050000000000001,0.67137739944518871,0.15575319009556529,-0.031350071484464073,-0.66768724305412097,-0.069943119752569019,-0.032479162219864799,-0.20000000000000001
4.2075000000000005,0.6717479243021145,0.14067659642100852,-0.032873424344125331,-0.551110039214874,-0.069943119752569019,-0.032479162219864799,-0.20000000000000001
4.21,0.6720808273010398,0.12565385040454605,-0.034106142456744537,-0.43515778207787348,-0.040638389095187938,-0.034042335589581134,-0.20000000000000001
4.2125000000000004,0.67238472836243168,0.11747336771043558,-0.035117868110669199,-0.37429740525854033,-0.040638389095187938,-0.034042335589581134,-0.20000000000000001
4.2149999999999999,0.67266822361142009,0.10932825367991243,-0.035977974894494606,-0.31385155542360205,-0.071007545938182579,-0.029423433472560968,-0.20000000000000001
4.2175000000000002,0.67292258806336758,0.09416751653734963,-0.036616709936361326,-0.19718514311287821,-0.071007545938182579,-0.029423433472560968,-0.20000000000000001
4.2199999999999998,0.67313907744673107,0.079026282669237322,-0.0369640884845703,-0.080744190402540911,-0.080493229374856257,-0.026975216783714263,-0.20000000000000001
4.2225000000000001,0.67331497569860688,0.061692548769287273,-0.036998424989420062,0.053272339805262747,-0.080493229374856257,-0.026975216783714263,-0.20000000000000001
4.2249999999999996,0.6734475357353944,0.044353469529366793,-0.036697675503530543,0.18735040115264187,-0.063458401803187542,-0.02705430515177263,-0.20000000000000001
4.2275,0.67354166717408348,0.030947791089087288,-0.036101153767286037,0.28991210688295882,-0.063458401803187542,-0.02705430515177263,-0.20000000000000001
4.2300000000000004,0.67360225107926908,0.017513779049270969,-0.035247841044855788,0.39280252810139388,-0.076988678294196297,-0.026678555818457683,-0.20000000000000001
4.2324999999999999,0.67362527984385001,0.00090168306390222067,-0.03410526181876599,0.52134809177444386,-0.076988678294196297,-0.026678555818457683,-0.20000000000000001
4.2350000000000003,0.67360671653037196,-0.015761966855197679,-0.032640603756102747,0.65048984360462148,0.0018148207470602691,-0.015162484873609217,-0.20000000000000001
4.2374999999999998,0.67356927988623094,-0.014196847148646247,-0.031035774631537276,0.63348699626079097,0.0018148207470602691,-0.015162484873609217,-0.20000000000000001
4.2400000000000002,0.67353568539306141,-0.0126880139203553,-0.029472608296231134,0.61715677991404871,0.050901517865167521,-0.020338776627114481,-0.20000000000000001
4.2424999999999997,0.67352003958819084,0.00016350057040964705,-0.02806383411595036,0.50995839405485277,0.050901517865167521,-0.020338776627114481,-0.20000000000000001
4.2450000000000001,0.67353646718923388,0.012972169184960677,-0.026922381955564411,0.40328125335879816,0.010530021959885933,-0.019723528628566613,-0.20000000000000001
4.2475000000000005,0.67357315357851499,0.016371215578030601,-0.025952981867056808,0.37230728864288093,0.010530021959885933,-0.019723528628566613,-0.20000000000000001
4.25,0.67361829575915078,0.019737249843177245,-0.025060516686245819,0.34172794777958654,0.082434505078656004,-0.023015631514193127,-0.20000000000000001
4.2525000000000004,0.67369268888394107,0.039773695943132757,-0.024411668620052115,0.17739405262777913,0.082434505078656004,-0.023015631514193127,-0.20000000000000001
4.2549999999999999,0.67381715207380599,0.059795546954830844,-0.024173397460090014,0.013238897719549364,0.078172327826354096,-0.026906098767263686,-0.20000000000000001
4.2575000000000003,0.67399042834659562,0.078826366067279524,-0.024335526427102842,-0.14295300571832309,0.078172327826354096,-0.026906098767263686,-0.20000000000000001
4.2599999999999998,0.67421129376015076,0.097869009253654007,-0.024888282963155615,-0.29928945596863576,0.078975260728602961,-0.029539885269311107,-0.20000000000000001
4.2625000000000002,0.67448002703578513,0.11712279189323373,-0.02583409708950821,-0.45742532800021163,0.078975260728602961,-0.029539885269311107,-0.20000000000000001
4.2649999999999997,0.67479693893549308,0.13641402442475514,-0.027175792570832406,-0.61602070111989193,0.014689630978604106,-0.034158286894748001,-0.20000000000000001
4.2675000000000001,0.67514348216068565,0.14082984633123882,-0.028764898133077109,-0.65537523691805866,0.014689630978604106,-0.034158286894748001,-0.20000000000000001
4.2700000000000005,0.6755011359905706,0.14530305977859873,-0.03045324292037618,-0.69541881781807491,-0.03443324205421875,-0.033698235524069843,-0.20000000000000001
4.2725,0.67585579630922676,0.13843558482688773,-0.032128162541504718,-0.64463927293342027,-0.03443324205421875,-0.033698235524069843,-0.20000000000000001
4.2750000000000004,0.67619336394549734,0.13162815117014659,-0.033677028451313873,-0.59456678427864518,-0.07239487557467314,-0.034426982723317304,-0.20000000000000001
4.2774999999999999,0.67650297312298624,0.11606795140679721,-0.035013136376526359,-0.47442102968831357,-0.07239487557467314,-0.034426982723317304,-0.20000000000000001
4.2800000000000002,0.67677374266181434,0.100554501928317,-0.036049584553730349,-0.35481643246705064,-0.091327703919627745,-0.028555211314842312,-0.20000000000000001
4.2824999999999998,0.67700028487525898,0.080683969724716517,-0.036743477501319753,-0.20035184600140413,-0.091327703919627745,-0.028555211314842312,-0.20000000000000001
4.2850000000000001,0.67717717949509004,0.06083381765013926,-0.037051538522026355,-0.046120944421762289,-0.085729051246569946,-0.026093375929424251,-0.20000000000000001
4.2875000000000005,0.67730608124507141,0.042287148637918909,-0.036987160844009208,0.097628068164886145,-0.085729051246569946,-0.026093375929424251,-0.20000000000000001
4.29,0.67738860701581971,0.023730614072896287,-0.036563303729222139,0.24149041327860465,-0.082858929770605383,-0.025100323666532642,-0.20000000000000001
4.2925000000000004,0.67742554631514873,0.0058156249601559497,-0.035786157919296117,0.38028609758436804,-0.082858929770605383,-0.025100323666532642,-0.20000000000000001
4.2949999999999999,0.67741765338429283,-0.012137468486102788,-0.034661507493057839,0.51952066590858481,-0.083293985988566369,-0.018862015464778382,-0.20000000000000001
4.2975000000000003,0.67736468958077545,-0.030243362160316031,-0.033187043126964258,0.66016379674210224,-0.083293985988566369,-0.018862015464778382,-0.20000000000000001
4.2999999999999998,0.67726638196503741,-0.048414780072764174,-0.031360057591543596,0.80156400449647258,0.0083810097619844686,-0.014893808139266647,-0.20000000000000001
4.3025000000000002,0.67714915140683229,-0.045381194287298678,-0.029392062077709072,0.77297069647698446,0.0083810097619844686,-0.014893808139266647,-0.20000000000000001
4.3049999999999997,0.67703941932515044,-0.04241561562289612,-0.027494524613419499,0.74519284754316517,0.035870330773917103,-0.017604916587613251,-0.20000000000000001
4.3075000000000001,0.67694499779353201,-0.033131681873270855,-0.025729515843441859,0.66693599895177735,0.035870330773917103,-0.017604916587613251,-0.20000000000000001
4.3100000000000005,0.67687371321801881,-0.023904986159053416,-0.024159268225225242,0.58937085027566327,0.09021648331468142,-0.015380781360067527,-0.20000000000000001
4.3125,0.67684120908694223,-0.0021051260755436049,-0.022908859890648631,0.41103941930965127,0.09021648331468142,-0.015380781360067527,-0.20000000000000001
4.3150000000000004,0.676863159508033,0.01966104809577714,-0.022103726778186127,0.233121149042955,0.077965451839173611,-0.021644076089334215,-0.20000000000000001
4.3174999999999999,0.67693594105451127,0.038562019674053837,-0.021714491063805377,0.078293850178507679,0.077965451839173611,-0.021644076089334215,-0.20000000000000001
4.3200000000000003,0.6770559641484456,0.057456442441985341,-0.021712191059098843,-0.076453687791513097,0.053875952578412427,-0.024255771165440018,-0.20000000000000001
4.3224999999999998,0.6772162339274671,0.07076125522740688,-0.02204065248265584,-0.18633810841759979,0.053875952578412427,-0.024255771165440018,-0.20000000000000001
4.3250000000000002,0.67740978370599048,0.084082004321290399,-0.022644042186912385,-0.29641522522322961,0.051249639260171127,-0.028203161919345944,-0.20000000000000001
4.3274999999999997,0.67763590251104444,0.096818008918647475,-0.023516860219909001,-0.40189932164865594,0.051249639260171127,-0.028203161919345944,-0.20000000000000001
4.3300000000000001,0.6778939022957613,0.10958826556600847,-0.024653884387382776,-0.50779812273754132,-0.036376266280171647,-0.031623652571736008,-0.20000000000000001
4.3325000000000005,0.67815844336385755,0.1020520242025837,-0.025852022105630063,-0.45079960762155452,-0.036376266280171647,-0.031623652571736008,-0.20000000000000001
4.335,0.67840419741342484,0.094557781692508613,-0.02690829440781492,-0.39429551001399499,0.0067170957834853245,-0.030216402373362906,-0.20000000000000001
4.3375000000000004,0.67864377011628552,0.097106401597989708,-0.027924295034866264,-0.41857691087226834,0.0067170957834853245,-0.030216402373362906,-0.20000000000000001
4.3399999999999999,0.67888976040665971,0.099692206596595195,-0.029001549149845547,-0.44330257195480421,-0.1038142310148914,-0.028194132356313087,-0.20000000000000001
4.3425000000000002,0.67911019004897144,0.076657448849621432,-0.02988364905745362,-0.26244562512902259,-0.1038142310148914,-0.028194132356313087,-0.20000000000000001
4.3449999999999998,0.67927306978755742,0.053649250798494134,-0.03031403147085325,-0.081893692338512403,-0.072009034363840055,-0.025312349325543604,-0.20000000000000001
4.3475000000000001,0.6793876718803894,0.038032771155466091,-0.030367300900003887,0.039274117079214202,-0.072009034363840055,-0.025312349325543604,-0.20000000000000001
4.3500000000000005,0.67946323044065371,0.022412448945927629,-0.030117623745694617,0.1604864884314019,-0.086636529434350268,-0.021657859408466235,-0.20000000000000001
4.3525,0.67949547646886055,0.0033804871995974616,-0.02953063366954025,0.30915044726327745,-0.086636529434350268,-0.021657859408466235,-0.20000000000000001
4.3550000000000004,0.67948010732795372,-0.015682129225058555,-0.028571576370390317,0.45816855220329933,0.0026428131518768053,-0.020813879072205953,-0.20000000000000001
4.3574999999999999,0.67944293971623393,-0.014058647140687218,-0.027447424540737866,0.44123269514216268,0.0026428131518768053,-0.020813879072205953,-0.20000000000000001
4.3600000000000003,0.67940978126982199,-0.01247455528636141,-0.026365021352813215,0.4247667288497502,0.0077690233030315624,-0.020374845576391264,-0.20000000000000001
4.3624999999999998,0.67938202335362163,-0.0097378820007817529,-0.025335163044423174,0.39919282885956547,0.0077690233030315624,-0.020374845576391264,-0.20000000000000001
4.3650000000000002,0.67936106226752846,-0.0070367223282962431,-0.024368703827023559,0.37404302239744791,0.04080715077506223,-0.019395600743527183,-0.20000000000000001
4.3674999999999997,0.67935640373537243,0.003305146294547685,-0.023541642527311654,0.28766332573742659,0.04080715077506223,-0.019395600743527183,-0.20000000000000001
4.3700000000000001,0.67937756732173582,0.013622201982960512,-0.022930137859123696,0.20158284826562414,0.053220122204608797,-0.020278668533854544,-0.20000000000000001
4.3725000000000005,0.67942810429827449,0.026805284956279946,-0.022562496088239303,0.092555899042559661,0.053220122204608797,-0.020278668533854544,-0.20000000000000001
4.375,0.67951158715310422,0.039980455862231153,-0.022467278633695117,-0.016375369516677937,0.074002826979379779,-0.025164503762910365,-0.20000000000000001
4.3775000000000004,0.67963404197371136,0.05798465950371301,-0.02269284558993008,-0.16409352286783113,0.074002826979379779,-0.025164503762910365,-0.20000000000000001
4.3799999999999999,0.67980152188894216,0.076002586093796815,-0.023287885559001378,-0.31197882842186797,0.048011048963631828,-0.028420719735627153,-0.20000000000000001
4.3825000000000003,0.68000653063461391,0.088009567378392078,-0.024192406104992792,-0.41169997243332251,0.048011048963631828,-0.028420719735627153,-0.20000000000000001
4.3849999999999998,0.68024159900935022,0.10005168718077538,-0.025346739789048462,-0.51184635590610761,-0.020823076906727116,-0.031213303410277823,-0.20000000000000001
4.3875000000000002,0.6804868450444288,0.09615274293050978,-0.026591629185753023,-0.48415512780709002,-0.020823076906727116,-0.031213303410277823,-0.20000000000000001
4.3899999999999997,0.68072239969029347,0.092298162059284872,-0.027767952848627899,-0.45698885090743113,-0.00020504707100990936,-0.031545349428039923,-0.20000000000000001
4.3925000000000001,0.68095435431960161,0.093272444740102212,-0.028925034751363272,-0.46875896037117232,-0.00020504707100990936,-0.031545349428039923,-0.20000000000000001
4.3950000000000005,0.68118879685375944,0.094288658627421626,-0.030112164200466071,-0.48102897214662282,-0.050588926792042549,-0.031989810069097346,-0.20000000000000001
4.3975,0.68141121477964972,0.08365267023852152,-0.031213222193228682,-0.39989914714849567,-0.050588926792042549,-0.031989810069097346,-0.20000000000000001
4.4000000000000004,0.68160709196376545,0.073054794143900426,-0.032112031202708065,-0.31921487068659099,-0.078753083729454609,-0.02823584931026546,-0.20000000000000001
4.4024999999999999,0.68176834380224793,0.055950848796323047,-0.032743989211210328,-0.1863997522185504,-0.078753083729454609,-0.02823584931026546,-0.20000000000000001
4.4050000000000002,0.68188686160318657,0.038865377486260094,-0.033044207823631953,-0.053798070847226626,-0.096317180056545271,-0.022131859786550849,-0.20000000000000001
4.4074999999999998,0.68195758006926266,0.017708908217936071,-0.032972120515912841,0.11147350741048831,-0.096317180056545271,-0.022131859786550849,-0.20000000000000001
4.4100000000000001,0.68197539672713681,-0.0034588593136534729,-0.032486732203625773,0.27687476844455128,-0.077379609692736759,-0.020480335249275831,-0.20000000000000001
4.4125000000000005,0.68194575655754408,-0.020258903329318002,-0.031631593671866493,0.40730115166287834,-0.077379609692736759,-0.020480335249275831,-0.20000000000000001
4.415,0.68187406876777179,-0.037099075815543205,-0.030449839349405306,0.53819204064248338,-0.091744538098928977,-0.015267886310248335,-0.20000000000000001
4.4175000000000004,0.68175604866538531,-0.057327235045682774,-0.028906651266976502,0.69647654426351535,-0.091744538098928977,-0.015267886310248335,-0.20000000000000001
4.4199999999999999,0.68158737510275635,-0.077624372132674035,-0.026966791953576243,0.85555860277136064,-0.0062584189433582075,-0.017534373366543021,-0.20000000000000001
4.4225000000000003,0.6813926722603959,-0.078150673812372826,-0.024827319091121201,0.8561720097818003,-0.0062584189433582075,-0.017534373366543021,-0.20000000000000001
4.4249999999999998,0.68119655782964206,-0.078753666779304649,-0.022685169845382783,0.85769996610730959,0.030744909913620402,-0.011844265287388196,-0.20000000000000001
4.4275000000000002,0.6810095847403812,-0.070836715596232905,-0.020624343354679182,0.79110474308245715,0.030744909913620402,-0.011844265287388196,-0.20000000000000001
4.4299999999999997,0.6808423169511667,-0.062988527248109064,-0.018728956347237726,0.72533730306960442,0.080744926552477017,-0.013912595793684368,-0.20000000000000001
4.4325000000000001,0.68070911135469836,-0.043585020488040936,-0.017113647994486159,0.56701966366429679,0.080744926552477017,-0.013912595793684368,-0.20000000000000001
4.4350000000000005,0.68062435187229253,-0.02422947594289028,-0.015893372760230697,0.40928429261094945,0.11838370021176733,-0.019198244544560344,-0.20000000000000001
4.4375,0.68059886801197866,0.0038382874209766105,-0.015154679783164064,0.18172011115149214,0.11838370021176733,-0.019198244544560344,-0.20000000000000001
4.4400000000000004,0.68064353067134764,0.031890892203960415,-0.014984618165232383,-0.045659269311292494,0.10260522930225525,-0.021622527986090254,-0.20000000000000001
4.4424999999999999,0.68075374238647735,0.056280514673517051,-0.015346205827480612,-0.24363556859175789,0.10260522930225525,-0.021622527986090254,-0.20000000000000001
4.4450000000000003,0.68092495035299005,0.080690658619919059,-0.016203003885286699,-0.44186125886203609,0.071860467878356871,-0.029682855331274679,-0.20000000000000001
4.4474999999999998,0.68114829674392607,0.097993744937155874,-0.01748417174406755,-0.58316126810630708,0.071860467878356871,-0.029682855331274679,-0.20000000000000001
4.4500000000000002,0.68141496040756766,0.11534641898906051,-0.019119311083721929,-0.72506225931957147,0.043020192540171948,-0.032981930509378879,-0.20000000000000001
4.4524999999999997,0.68171670483217117,0.12606016502093154,-0.021042844040966954,-0.81389744860170987,0.043020192540171948,-0.032981930509378879,-0.20000000000000001
4.4550000000000001,0.68204531944377755,0.13684376297710385,-0.023189501974119481,-0.90357702801739981,-0.055198998379735437,-0.031904462774062385,-0.20000000000000001
4.4575000000000005,0.68237247455758188,0.12489376704886737,-0.02533253019830381,-0.81100340278295058,-0.055198998379735437,-0.031904462774062385,-0.20000000000000001
4.46,0.68266985202305264,0.11302026516335699,-0.027245266998654951,-0.71932742929715499,-0.075514166624573192,-0.029578039746016055,-0.20000000000000001
4.4625000000000004,0.68293173696802623,0.096498299423404002,-0.028882489545408167,-0.59057394415572551,-0.075514166624573192,-0.029578039746016055,-0.20000000000000001
4.4649999999999999,0.68315239148542428,0.080033889352371324,-0.030198693832734297,-0.46248899776400343,-0.07848539959336491,-0.027110007906386725,-0.20000000000000001
4.4675000000000002,0.68333108206530713,0.062925072469909027,-0.031188449811178288,-0.32939101129402093,-0.07848539959336491,-0.027110007906386725,-0.20000000000000001
4.4699999999999998,0.68346704392109803,0.045848742181477428,-0.03184596214082408,-0.19666893014434234,-0.073977999933633701,-0.026591753891902804,-0.20000000000000001
4.4725000000000001,0.68356164963109456,0.02983803388235081,-0.032182481672513516,-0.072572258059324546,-0.073977999933633701,-0.026591753891902804,-0.20000000000000001
4.4750000000000005,0.68361624004394794,0.013834469965614552,-0.032208892343769759,0.051441712051631922,-0.080729361534242983,-0.021558303975550988,-0.20000000000000001
4.4775,0.68362885909548576,-0.0037412093953268222,-0.031909497102534018,0.18809735449990436,-0.080729361534242983,-0.021558303975550988,-0.20000000000000001
4.4800000000000004,0.68359751845325467,-0.021335539357662966,-0.031268226021334569,0.32496844681751497,-0.060546848985773886,-0.021757941555901647,-0.20000000000000001
4.4824999999999999,0.68352801064650692,-0.034276729344707567,-0.0303313671366068,0.42458882408405041,-0.060546848985773886,-0.021757941555901647,-0.20000000000000001
4.4850000000000003,0.68342610073347632,-0.047258806789193072,-0.029144884811625627,0.52468572013468329,-0.036976479379811765,-0.013814081840109703,-0.20000000000000001
4.4874999999999998,0.68329851522046137,-0.054818203750859371,-0.027762378185392997,0.58142078707228528,-0.036976479379811765,-0.013814081840109703,-0.20000000000000001
4.4900000000000002,0.68315196455600391,-0.062431794296241357,-0.026237249252129981,0.63879384619072255,-0.02022335768333593,-0.016756751920618328,-0.20000000000000001
4.4924999999999997,0.68299117008013188,-0.066213709551890224,-0.024606879522961263,0.66561952033027183,-0.02022335768333593,-0.016756751920618328,-0.20000000000000001
4.4950000000000001,0.68282084539598664,-0.070056364379948111,-0.022908551822386325,0.69316504787857081,0.042269685296788206,-0.012474348866042767,-0.20000000000000001
4.4975000000000005,0.68265898145444415,-0.059444090469636827,-0.021286151791566659,0.60486730612409179,0.042269685296788206,-0.012474348866042767,-0.20000000000000001
4.5,0.68252358148349879,-0.048883968566053405,-0.019883690947120121,0.5171987971814539,0.094678833474784188,-0.010363419292107684,-0.20000000000000001
4.5025000000000004,0.68242974468446882,-0.026191347757454814,-0.018821940785767776,0.33227310461105408,0.094678833474784188,-0.010363419292107684,-0.20000000000000001
4.5049999999999999,0.68239260168075078,-0.003526395456211924,-0.018222044099222352,0.14768495057220082,0.06264050744540145,-0.019383801448025303,-0.20000000000000001
4.5075000000000003,0.68240279744347965,0.011681782974879625,-0.018008662774746182,0.023034869389302673,0.06264050744540145,-0.019383801448025303,-0.20000000000000001
4.5099999999999998,0.68245100894601207,0.026887981572518878,-0.018106849839742999,-0.10159131171951329,0.026602184492868539,-0.018539041953729529,-0.20000000000000001
4.5125000000000002,0.68252677808268325,0.033729247156352109,-0.018432650656901098,-0.15907230723381158,0.026602184492868539,-0.018539041953729529,-0.20000000000000001
4.5149999999999997,0.68261966689096809,0.04058456418808784,-0.018902351493837056,-0.21672145187726766,0.079323495457975304,-0.021292938010750075,-0.20000000000000001
4.5175000000000001,0.68274502767391199,0.059708204249479022,-0.019639408596413728,-0.37297455457772438,0.079323495457975304,-0.021292938010750075,-0.20000000000000001
4.5200000000000005,0.68291823404704943,0.078863198993966169,-0.020767542074209493,-0.52960897977818866,-0.023603245681097982,-0.027848308669247104,-0.20000000000000001
4.5225,0.68310949408110078,0.074152652863410259,-0.022047892114857057,-0.49476363382753002,-0.023603245681097982,-0.027848308669247104,-0.20000000000000001
4.5250000000000004,0.68328903512411476,0.069487485770888646,-0.023241807557620692,-0.46045511134045447,-0.035938890887987386,-0.028291123238736861,-0.20000000000000001
4.5274999999999999,0.68345338546530565,0.061999481511727725,-0.024321824727244784,-0.40363747936612998,-0.035938890887987386,-0.028291123238736861,-0.20000000000000001
4.5300000000000002,0.68359906382726787,0.054549034557878948,-0.025260363493280799,-0.34726212888600733,-0.057746416610365954,-0.027534832727967175,-0.20000000000000001
4.5324999999999998,0.6837198273555336,0.04206653889613813,-0.026007618745230911,-0.2505975977038028,-0.057746416610365954,-0.027534832727967175,-0.20000000000000001
4.5350000000000001,0.68380941645330739,0.029607961729604473,-0.026513584355134907,-0.15421252980365552,-0.057238905823088077,-0.021422053560531496,-0.20000000000000001
4.5375000000000005,0.68386802675485892,0.017281977269665905,-0.026780007745850095,-0.058946009679135256,-0.057238905823088077,-0.021422053560531496,-0.20000000000000001
4.54,0.68389583103517937,0.0049616279090483606,-0.026808369233889816,0.036254706644122156,-0.051701966755237624,-0.023477612482718482,-0.20000000000000001
4.5425000000000004,0.68389443914132375,-0.0060763895439807925,-0.026611606064956862,0.12117041081186881,-0.051701966755237624,-0.023477612482718482,-0.20000000000000001
4.5449999999999999,0.68386543949439671,-0.017125918648529907,-0.026202404947323916,0.20622079656113804,-0.025538232504087918,-0.018138298853205684,-0.20000000000000001
4.5475000000000003,0.68381638799361755,-0.022118735145756897,-0.025641298953535972,0.24270475626816088,-0.025538232504087918,-0.018138298853205684,-0.20000000000000001
4.5499999999999998,0.68375482715400815,-0.027133950882575867,-0.02498866084685808,0.2794531193485178,-0.017626785847004989,-0.020035891903840877,-0.20000000000000001
4.5525000000000002,0.68368299351828843,-0.030337387900344015,-0.024262223592406339,0.30174912367741885,-0.017626785847004989,-0.020035891903840877,-0.20000000000000001
4.5549999999999997,0.6836031172171394,-0.033568424054804168,-0.02347964299724372,0.32437183309719847,-0.022482269451412726,-0.020039518092135583,-0.20000000000000001
4.5575000000000001,0.68351371693214968,-0.037957013225072708,-0.022628750796972207,0.35640351745627336,-0.022482269451412726,-0.020039518092135583,-0.20000000000000001
4.5600000000000005,0.6834133048878912,-0.042378320683520501,-0.021697303034568148,0.38882208352276748,0.018550663808778674,-0.01302883337611783,-0.20000000000000001
4.5625,0.68331371074642966,-0.037302401597077914,-0.02077997560383683,0.34510457261976907,0.018550663808778674,-0.01302883337611783,-0.20000000000000001
4.5650000000000004,0.68322676742551491,-0.032257029882037963,-0.019971475732439112,0.30175241681641357,0.016336032457802407,-0.015072969496015219,-0.20000000000000001
4.5674999999999999,0.68315176016043178,-0.027752962990146519,-0.019265782060938503,0.26285245925184797,0.016336032457802407,-0.015072969496015219,-0.20000000000000001
4.5700000000000003,0.6830879831365565,-0.023272266669002943,-0.018656980866257666,0.2242316084996501,0.010274400194465011,-0.018069903071218297,-0.20000000000000001
4.5724999999999998,0.68303362172382731,-0.020220004582577875,-0.018130287238749532,0.197160732939511,0.010274400194465011,-0.018069903071218297,-0.20000000000000001
4.5750000000000002,0.68298686841312573,-0.017185384616340352,-0.01767100199881138,0.17030011925048011,0.0050693836162537349,-0.014735894466438373,-0.20000000000000001
4.5774999999999997,0.68294617033103788,-0.015375505219381734,-0.017266494259654583,0.15333492163089724,0.0050693836162537349,-0.014735894466438373,-0.20000000000000001
4.5800000000000001,0.68290997939992626,-0.013579411582218646,-0.016904190691961203,0.13653377740236208,0.029598254665210069,-0.017164160164028421,-0.20000000000000001
4.5825000000000005,0.6828853875677906,-0.0060956056545358106,-0.016640921123960276,0.074100439233926452,0.029598254665210069,-0.017164160164028421,-0.20000000000000001
4.585,0.68287949591246644,0.0013816487269927742,-0.016533623188928443,0.011745476776048931,0.02735225402426196,-0.020127137895190328,-0.20000000000000001
4.5875000000000004,0.68289164257985391,0.0083359409339691,-0.016576944181412933,-0.046405328448757138,0.02735225402426196,-0.020127137895190328,-0.20000000000000001
4.5899999999999999,0.68292117904225602,0.015294343248053267,-0.016765690782077153,-0.10460527502721398,-0.00066695600006872119,-0.021720730534847063,-0.20000000000000001
4.5925000000000002,0.6829599838183178,0.015751097208158246,-0.017034704453405675,-0.11062490846761767,-0.00066695600006872119,-0.021720730534847063,-0.20000000000000001
4.5949999999999998,0.68299994285239407,0.016217840944890392,-0.017318914244848278,-0.11676325668106889,0.022335065012625971,-0.021004259773146013,-0.20000000000000001
4.5975000000000001,0.68304776255043975,0.022040008340272331,-0.017672278365868065,-0.16595302255552052,0.022335065012625971,-0.021004259773146013,-0.20000000000000001
4.6000000000000005,0.68311015516326068,0.027876899395775138,-0.018148825973884248,-0.21531873767500873,0.0072275178908277806,-0.023811617724970004,-0.20000000000000001
4.6025,0.68318277534336636,0.030222621689444548,-0.018713825434725769,-0.23672105460405829,0.0072275178908277806,-0.023811617724970004,-0.20000000000000001
4.6050000000000004,0.68326128595136371,0.032589561222567016,-0.01933264185008892,-0.25837611563741181,0.014925853933162196,-0.024466200691214642,-0.20000000000000001
4.6074999999999999,0.68334797805398317,0.03676822074129002,-0.02002388976813629,-0.29467117275504795,0.014925853933162196,-0.024466200691214642,-0.20000000000000001
4.6100000000000003,0.68344514888828678,0.040973081822437592,-0.020806258458615678,-0.33127914582810442,-0.035188999442165761,-0.022391831708885642,-0.20000000000000001
4.6124999999999998,0.6835383159569961,0.033565259679357314,-0.02156371470016416,-0.2747410759989628,-0.035188999442165761,-0.022391831708885642,-0.20000000000000001
4.6150000000000002,0.6836129964448473,0.026182949167468779,-0.022180214306430288,-0.21850359213389248,-0.010848201375177996,-0.020749023714419668,-0.20000000000000001
4.6174999999999997,0.68367631498102599,0.024475110186179826,-0.022713187331571735,-0.20791313726167493,-0.010848201375177996,-0.020749023714419668,-0.20000000000000001
4.6200000000000001,0.68373538774681719,0.02278617418372034,-0.023219966781975819,-0.19754685005991127,-0.012827517945750301,-0.023028900916603496,-0.20000000000000001
4.6225000000000005,0.68378968616571367,0.020655454902468513,-0.023696484292437436,-0.18370145607862601,-0.012827517945750301,-0.023028900916603496,-0.20000000000000001
4.625,0.68383867896605521,0.018541470839035731,-0.024138639325260339,-0.17005439597221333,-0.033401710543683016,-0.020440781978883653,-0.20000000000000001
4.6275000000000004,0.68387643353691852,0.011664419886971859,-0.024498944247581495,-0.11821584922592225,-0.033401710543683016,-0.020440781978883653,-0.20000000000000001
4.6299999999999999,0.6838970102285914,0.0047983656262945663,-0.024729826464790751,-0.0665067870147973,-0.047528092694254995,-0.018310273788285703,-0.20000000000000001
4.6325000000000003,0.6838963296148719,-0.0053424237216570135,-0.024798606999653732,0.011477284575126298,-0.047528092694254995,-0.018310273788285703,-0.20000000000000001
4.6349999999999998,0.68387029720707693,-0.015484296273176185,-0.024672429457439752,0.089474054391632959,-0.057772173799223739,-0.017263911293611652,-0.20000000000000001
4.6375000000000002,0.68381592714910766,-0.028013942154949172,-0.024327272241495824,0.1866773431445502,-0.057772173799223739,-0.017263911293611652,-0.20000000000000001
4.6399999999999997,0.68373021268530498,-0.040561360945802954,-0.023738869569673516,0.28408844094623498,-0.023672845735453047,-0.015466609378602248,-0.20000000000000001
4.6425000000000001,0.68362299811254446,-0.045214913475755986,-0.022986070888453766,0.31820505317213948,-0.023672845735453047,-0.015466609378602248,-0.20000000000000001
4.6450000000000005,0.68350411373698094,-0.049897725363641121,-0.022147556164499083,0.35266746003611305,-0.044753104299694875,-0.012029891014918827,-0.20000000000000001
4.6475,0.68336736138924914,-0.059510229189118989,-0.021173258040911615,0.42684247641534179,-0.044753104299694875,-0.012029891014918827,-0.20000000000000001
4.6500000000000004,0.68320652935397885,-0.069162618764278011,-0.020012952879476565,0.50148659966065856,0.013600951978848173,-0.016878689834119588,-0.20000000000000001
4.6524999999999999,0.68303845622484394,-0.065303063462937974,-0.018801464098161372,0.46779018777645687,0.013600951978848173,-0.016878689834119588,-0.20000000000000001
4.6550000000000002,0.68287997936115974,-0.061485121911059155,-0.017673587810753413,0.4345907719757629,0.0089498592215666289,-0.012119164426306769,-0.20000000000000001
4.6574999999999998,0.68272964743662612,-0.058786717616801501,-0.01661727590112131,0.41053385855351165,0.0089498592215666289,-0.012119164426306769,-0.20000000000000001
4.6600000000000001,0.68258601515382744,-0.056125059455931769,-0.015620553564575639,0.38691492671163813,0.070516062469195867,-0.015117863191694558,-0.20000000000000001
4.6625000000000005,0.68246687694371011,-0.039190071972091574,-0.01482598364704949,0.24879606212199751,0.070516062469195867,-0.015117863191694558,-0.20000000000000001
4.665,0.68239004690340066,-0.022276550837161461,-0.014376357548670138,0.11093603576477004,0.037691484134415407,-0.018541887903442196,-0.20000000000000001
4.6675000000000004,0.68234595101170825,-0.01300123266794651,-0.014194627996321525,0.034460412530429987,0.037691484134415407,-0.018541887903442196,-0.20000000000000001
4.6699999999999999,0.68232503820370771,-0.0037289584888465371,-0.014204025135629504,-0.041978785026981949,0.036263828119387748,-0.019956404861660948,-0.20000000000000001
4.6725000000000003,0.68232689459211626,0.0052152312384823353,-0.014401228209637244,-0.11579757639907287,0.036263828119387748,-0.019956404861660948,-0.20000000000000001
4.6749999999999998,0.68235112288649913,0.014169652839553581,-0.014783115039963619,-0.1897387967612178,0.038904899223512271,-0.019429987140964066,-0.20000000000000001
4.6775000000000002,0.6823985239829965,0.02375458879476787,-0.015356250537409938,-0.26880990431468282,0.038904899223512271,-0.019429987140964066,-0.20000000000000001
4.6799999999999997,0.68246991553614555,0.033363171570967479,-0.01612740069421971,-0.34816437855118648,0.027327879674293318,-0.023231975645378281,-0.20000000000000001
4.6825000000000001,0.68256200272027223,0.040312132392272035,-0.017070372534629192,-0.40627958524439239,0.027327879674293318,-0.023231975645378281,-0.20000000000000001
4.6850000000000005,0.68267150608931959,0.047296964080394778,-0.018159156436575445,-0.46482419447007284,-0.012541243492644624,-0.024948971177944229,-0.20000000000000001
4.6875,0.68278694296324849,0.045059454778163671,-0.01930191418251289,-0.44946410578157392,-0.012541243492644624,-0.024948971177944229,-0.20000000000000001
4.6900000000000004,0.6828968373854748,0.042862775813740775,-0.020406880621957165,-0.4345884482700309,-0.013215620910257433,-0.028202421468404681,-0.20000000000000001
4.6924999999999999,0.68300109392310671,0.040548921317987527,-0.021473674162284486,-0.41892308623293656,-0.013215620910257433,-0.028202421468404681,-0.20000000000000001
4.6950000000000003,0.68309961373768224,0.038273164959215934,-0.022501872553457921,-0.40370956526143092,-0.062202074211340608,-0.026965022800504914,-0.20000000000000001
4.6974999999999998,0.683178267755158,0.024655615183004773,-0.023378368878602951,-0.29755257452361028,-0.062202074211340608,-0.026965022800504914,-0.20000000000000001
4.7000000000000002,0.68322291546016345,0.011066441431360274,-0.023989911784612034,-0.19172722736357822,-0.0096800503143057194,-0.023692575769154567,-0.20000000000000001
4.7024999999999997,0.68324886304740773,0.009694472050867568,-0.024459630384447997,-0.18408138733793292,-0.0096800503143057194,-0.023692575769154567,-0.20000000000000001
4.7050000000000001,0.68327140174929468,0.0083392188528234462,-0.024910483960784626,-0.17663385285545108,-0.019368024604489349,-0.017856233514454596,-0.20000000000000001
4.7075000000000005,0.68328776016648363,0.0047500214323801995,-0.025320374059999234,-0.15130786881117422,-0.019368024604489349,-0.017856233514454596,-0.20000000000000001
4.71,0.68329516342219154,0.0011747041938387154,-0.025667160076241074,-0.12614602607658665,-0.026354294181919358,-0.021550176671158505,-0.20000000000000001
4.7125000000000004,0.68329161538136785,-0.0040114866154391483,-0.025934933190785804,-0.088091934254192095,-0.026354294181919358,-0.021550176671158505,-0.20000000000000001
4.7149999999999999,0.68327511277509989,-0.0091895334350120504,-0.026107699802044363,-0.05013391777655362,0.0065506973690236314,-0.018840651721553813,-0.20000000000000001
4.7175000000000002,0.68325522286512252,-0.0067214747573831474,-0.026262347578262613,-0.073595274874125871,0.0065506973690236314,-0.018840651721553813,-0.20000000000000001
4.7199999999999998,0.68324151087203722,-0.0042468507784902383,-0.026475741435873276,-0.097134948704824184,-0.013548077505675445,-0.019476839716641475,-0.20000000000000001
4.7225000000000001,0.68322816200806902,-0.0064308692805132338,-0.026701261627525435,-0.083297448137333086,-0.013548077505675445,-0.019476839716641475,-0.20000000000000001
4.7250000000000005,0.68320936285539735,-0.0086072913310527299,-0.02689230366443195,-0.069549941760637599,-0.035652075918624793,-0.020426457771370681,-0.20000000000000001
4.7275,0.68317871516502282,-0.015910205195639841,-0.026997555046256737,-0.014658874399884184,-0.035652075918624793,-0.020426457771370681,-0.20000000000000001
4.7300000000000004,0.68312981297071074,-0.023211749191703268,-0.026965611455672216,0.040216085958622222,-0.04660560803963662,-0.01680109207870108,-0.20000000000000001
4.7324999999999999,0.68305947399339961,-0.033060659765943821,-0.026770907555627915,0.11556141156817759,-0.04660560803963662,-0.01680109207870108,-0.20000000000000001
4.7350000000000003,0.68296450057000757,-0.042920492740482624,-0.026387697745817201,0.19103472349265488,-0.049017837759458296,-0.016574643215514259,-0.20000000000000001
4.7374999999999998,0.68284415628974238,-0.053358576182002945,-0.025809934915588854,0.27121823553093005,-0.049017837759458296,-0.016574643215514259,-0.20000000000000001
4.7400000000000002,0.6826976863186992,-0.063822304658669185,-0.025031356170467676,0.35170223716280402,-0.030564768408390734,-0.01025938282641862,-0.20000000000000001
4.7424999999999997,0.68253037422498442,-0.070033156325060436,-0.024094119077577011,0.39815567221853287,-0.030564768408390734,-0.01025938282641862,-0.20000000000000001
4.7450000000000001,0.68234748983247151,-0.076280855970044872,-0.023040215631821397,0.44504375217871939,0.0058039488242060478,-0.013635298400276781,-0.20000000000000001
4.7475000000000005,0.68215949552735367,-0.07412106007378777,-0.021953297474062213,0.42456796747851722,0.0058039488242060478,-0.013635298400276781,-0.20000000000000001
4.75,0.68197685291765786,-0.071999204677061238,-0.020916998783939718,0.40454463424995751,0.00021738949869385847,-0.014780118167387186,-0.20000000000000001
4.7525000000000004,0.68179784704143565,-0.071211489933652894,-0.019917186467621081,0.39537655301024338,0.00021738949869385847,-0.014780118167387186,-0.20000000000000001
4.7549999999999999,0.68162076583492659,-0.070459337978131309,-0.018939763369053363,0.38663168898575223,0.046990264779886375,-0.01504320423368459,-0.20000000000000001
4.7575000000000003,0.68145910554599298,-0.058873793649100822,-0.018092776502766229,0.29101678603383185,0.046990264779886375,-0.01504320423368459,-0.20000000000000001
4.7599999999999998,0.68132637579238908,-0.047313538311875417,-0.017484425915572265,0.19570612059526793,0.061949916502071704,-0.014788334441308983,-0.20000000000000001
4.7625000000000002,0.68122686862729931,-0.032294121379977045,-0.01714896975363343,0.072682058425372398,0.061949916502071704,-0.014788334441308983,-0.20000000000000001
4.7649999999999997,0.68116489996304075,-0.017280971302739125,-0.017120952647321372,-0.050266428789059417,0.037229945347868561,-0.018980177838550067,-0.20000000000000001
4.7675000000000001,0.68113328757845792,-0.0080076380874782097,-0.017342684145048411,-0.12713433315154443,0.037229945347868561,-0.018980177838550067,-0.20000000000000001
4.7700000000000005,0.68112487107402975,0.0012768567287002684,-0.017756735833846363,-0.20413606440296275,0.026822575056322941,-0.016719159542131053,-0.20000000000000001
4.7725,0.68113666415215346,0.0081610364241357838,-0.018339268688858813,-0.26193127379452147,0.026822575056322941,-0.016719159542131053,-0.20000000000000001
4.7750000000000004,0.6811656955237354,0.015068338071121824,-0.019066622830723391,-0.32000325080261954,0.011708769062921089,-0.021361041592537065,-0.20000000000000001
4.7774999999999999,0.68120764020951907,0.018492390695734873,-0.019904317726921819,-0.35021208974753704,0.011708769062921089,-0.021361041592537065,-0.20000000000000001
4.7800000000000002,0.68125818348607037,0.021947656177521334,-0.020817993678714338,-0.38079343609181837,-0.0092738127930629081,-0.021813976322397718,-0.20000000000000001
4.7824999999999998,0.68131131399945466,0.020562446751765332,-0.021759692886036831,-0.37263349957816611,-0.0092738127930629081,-0.021813976322397718,-0.20000000000000001
4.7850000000000001,0.68136102387247255,0.019211023528934924,-0.022681495362822723,-0.36487462263945292,-0.055270290696016376,-0.02069689042635009,-0.20000000000000001
4.7875000000000005,0.68139404230973966,0.0072087499499037498,-0.023477149770095612,-0.27170774085922877,-0.055270290696016376,-0.02069689042635009,-0.20000000000000001
4.79,0.68139708908491314,-0.0047677676660395161,-0.024040285355159462,-0.17884242146076029,-0.024114993396379954,-0.020737601432263029,-0.20000000000000001
4.7925000000000004,0.68137926238846613,-0.0094911085295448297,-0.02444416109567573,-0.14428746992341485,-0.024114993396379954,-0.020737601432263029,-0.20000000000000001
4.7949999999999999,0.68134964462195391,-0.014201152539854298,-0.024761853543193497,-0.1098895394902457,-0.065258041320102919,-0.018426490849907051,-0.20000000000000001
4.7975000000000003,0.68129632128025208,-0.028456650229384789,-0.024897795204996628,0.0011260578920745251,-0.065258041320102919,-0.018426490849907051,-0.20000000000000001
4.7999999999999998,0.68120736128028769,-0.042712256071058899,-0.024756222198127422,0.11214291645652968,-0.033311160764429873,-0.014160836254961107,-0.20000000000000001
4.8025000000000002,0.68109202546014513,-0.049558537927209982,-0.024411453331569188,0.1636973506471755,-0.033311160764429873,-0.014160836254961107,-0.20000000000000001
4.8049999999999997,0.68095955590608626,-0.056420042094890765,-0.023937586068972221,0.21543104713139055,-0.025876640865391324,-0.013760540610033007,-0.20000000000000001
4.8075000000000001,0.68081206702480779,-0.061574667170095826,-0.023351435039577522,0.25353232892581806,-0.025876640865391324,-0.013760540610033007,-0.20000000000000001
4.8100000000000005,0.68065166309017922,-0.06675266999651977,-0.022669694414370251,0.29190964371872385,-0.0096241740909417828,-0.014513976075844079,-0.20000000000000001
4.8125,0.68048300029335174,-0.068182045972375982,-0.021929518761842227,0.30028402028581686,-0.0096241740909417828,-0.014513976075844079,-0.20000000000000001
4.8150000000000004,0.68031073015099719,-0.069638675526245308,-0.02116800484307433,0.30898178917613084,0.0092906014179196094,-0.013245664511754081,-0.20000000000000001
4.8174999999999999,0.68014027616007877,-0.06672891943704036,-0.020428442230398702,0.28272080656765841,0.0092906014179196094,-0.013245664511754081,-0.20000000000000001
4.8200000000000003,0.67997706451091677,-0.06384441691441331,-0.019754149866380105,0.25676098255442387,0.042889008670640875,-0.015049461351594993,-0.20000000000000001
4.8224999999999998,0.67983079229089516,-0.053176440065861474,-0.019222769027601141,0.16838074219238888,0.042889008670640875,-0.015049461351594993,-0.20000000000000001
4.8250000000000002,0.67971117009914472,-0.042523117210897875,-0.018912099333410273,0.08017669705947407,0.023159481273219346,-0.014010604469133417,-0.20000000000000001
4.8274999999999997,0.67961244103369967,-0.036460939899679315,-0.018775799657700314,0.028872665723063115,0.023159481273219346,-0.014010604469133417,-0.20000000000000001
4.8300000000000001,0.67952886326904927,-0.030401319652477936,-0.018767710530762552,-0.022400792295402296,0.024820010296975687,-0.015958552129184379,-0.20000000000000001
4.8325000000000005,0.67946091833923294,-0.02395389324191766,-0.018891696302728748,-0.076796568766733186,0.024820010296975687,-0.015958552129184379,-0.20000000000000001
4.835,0.67940909946155803,-0.017499676235192829,-0.019151761066198644,-0.13127357780173488,-0.020677530313675686,-0.020402200143500256,-0.20000000000000001
4.8375000000000004,0.679360216667522,-0.02160478458946994,-0.019442068031292871,-0.10099298153707029,-0.020677530313675686,-0.020402200143500256,-0.20000000000000001
4.8399999999999999,0.67930108325449678,-0.025700632986745804,-0.019656817232354112,-0.070821906292866763,0.027022081444372886,-0.014759127021823998,-0.20000000000000001
4.8425000000000002,0.67924557103201721,-0.018707672146693367,-0.01990748587202653,-0.12973064244984328,0.027022081444372886,-0.014759127021823998,-0.20000000000000001
4.8449999999999998,0.67920755441866421,-0.011703281144629698,-0.020305584515853785,-0.18877626951702231,-0.0019462486221270957,-0.018773628411654451,-0.20000000000000001
4.8475000000000001,0.67917865644397846,-0.011412220472701481,-0.020783977804623977,-0.19397257202564572,-0.0019462486221270957,-0.018773628411654451,-0.20000000000000001
4.8500000000000005,0.67915050790079901,-0.01110365687740022,-0.021275620738716045,-0.19937692801639978,-0.011279336181292877,-0.01823451020892768,-0.20000000000000001
4.8525,0.67912044311163944,-0.012945241354309914,-0.021759277088409464,-0.18758292899498072,-0.011279336181292877,-0.01823451020892768,-0.20000000000000001
4.8550000000000004,0.67908579591278362,-0.014769761753301735,-0.022213703971258006,-0.17599125372854979,-0.042849392041613178,-0.015559813795406019,-0.20000000000000001
4.8574999999999999,0.67903744124208787,-0.023911776528762217,-0.022565779531086863,-0.10569502550619195,-0.042849392041613178,-0.015559813795406019,-0.20000000000000001
4.8600000000000003,0.67896624528050287,-0.033043890105258412,-0.022742276036394497,-0.035515133170636898,-0.042803409773940211,-0.018890442097328135,-0.20000000000000001
4.8624999999999998,0.67887223791538231,-0.042161994278653692,-0.022743494989493865,0.034539880071857834,-0.042803409773940211,-0.018890442097328135,-0.20000000000000001
4.8650000000000002,0.6787554326118207,-0.051283335063193491,-0.022569544947664371,0.10463291830000991,-0.031815162079330772,-0.012971240933528578,-0.20000000000000001
4.8674999999999997,0.67861900355483318,-0.057861911418057563,-0.022245855933731101,0.15434187630099674,-0.031815162079330772,-0.012971240933528578,-0.20000000000000001
4.8700000000000001,0.67846611113225264,-0.064454795539559823,-0.021797695030415398,0.20421948777365764,-0.0076563361358928444,-0.016116367707589334,-0.20000000000000001
4.8725000000000005,0.67830372886705781,-0.065454140220302812,-0.021280908254702725,0.20924700744544913,-0.0076563361358928444,-0.016116367707589334,-0.20000000000000001
4.875,0.67813882462272423,-0.066472456691327342,-0.020751272361260654,0.21449970536025847,-0.020684398544522861,-0.015002185926444903,-0.20000000000000001
4.8775000000000004,0.6779675671252442,-0.070537045839132326,-0.020177834963014302,0.24429166726610313,-0.020684398544522861,-0.015002185926444903,-0.20000000000000001
4.8799999999999999,0.67778612073667421,-0.074624024949020248,-0.019529593322640044,0.2743484931460739,0.036954294425988403,-0.0098469298149665395,-0.20000000000000001
4.8825000000000003,0.67761116524565279,-0.065343803158383229,-0.018940274908739924,0.19714748253031103,0.036954294425988403,-0.0098469298149665395,-0.20000000000000001
4.8849999999999998,0.67745938734602118,-0.056080831784237319,-0.018543683371335665,0.12015353039187412,0.013356659181345759,-0.014737393435188824,-0.20000000000000001
4.8875000000000002,0.67732389890825517,-0.052311462000330128,-0.018284362710768217,0.087321406750544506,0.013356659181345759,-0.014737393435188824,-0.20000000000000001
4.8899999999999997,0.6771978235387156,-0.048549889695174077,-0.01810699885480363,0.054582271397241908,0.021416301966918468,-0.016203057791702804,-0.20000000000000001
4.8925000000000001,0.67708348618648584,-0.04292044666739863,-0.018030201726716693,0.0068608620838913406,0.021416301966918468,-0.016203057791702804,-0.20000000000000001
4.8950000000000005,0.67698322079799467,-0.037291612727926922,-0.018072688482566223,-0.040853270272274679,0.0086859044898765676,-0.016360482872855325,-0.20000000000000001
4.8975,0.67689333383973049,-0.034617164371195913,-0.018204811221786351,-0.064854325019608319,0.0086859044898765676,-0.016360482872855325,-0.20000000000000001
4.9000000000000004,0.67681013981989879,-0.0319369031284292,-0.018397017803415055,-0.088924619311784386,-0.015918619196591467,-0.018399352302015344,-0.20000000000000001
4.9024999999999999,0.67672651019768115,-0.034965606712092388,-0.018592126125233206,-0.067176105490431584,-0.015918619196591467,-0.018399352302015344,-0.20000000000000001
4.9050000000000002,0.67663531689849465,-0.037988175086910062,-0.018732958867353884,-0.045500242899238943,-0.0076854353936185692,-0.01700202142033256,-0.20000000000000001
4.9074999999999998,0.6765389638717938,-0.039093605464918989,-0.018838870982237528,-0.039237052167616374,-0.0076854353936185692,-0.01700202142033256,-0.20000000000000001
4.9100000000000001,0.67643985183832755,-0.040195474908741813,-0.018929179333349068,-0.033016111719930102,0.013992811125352982,-0.015585306895266599,-0.20000000000000001
4.9125000000000005,0.67634428473023889,-0.036257466147362964,-0.01905454165437279,-0.06728263754546826,0.013992811125352982,-0.015585306895266599,-0.20000000000000001
4.915,0.67625856950789653,-0.032313456716775615,-0.019265652174464718,-0.10162075142396755,-0.01688729392758824,-0.01387113227996516,-0.20000000000000001
4.9175000000000004,0.67617375712500138,-0.035535077982503473,-0.019490715566289295,-0.078446199766752489,-0.01688729392758824,-0.01387113227996516,-0.20000000000000001
4.9199999999999999,0.67608090009354727,-0.038749527858343319,-0.019657953912917733,-0.055356544224755153,-0.0244332079088527,-0.015750465112961968,-0.20000000000000001
4.9225000000000003,0.67597782233685511,-0.043712113260989727,-0.019749949671821337,-0.018246729463264139,-0.0244332079088527,-0.015750465112961968,-0.20000000000000001
4.9249999999999998,0.67586234092581055,-0.048673020096677566,-0.01974920408444435,0.01884325278956149,-0.046431177060129739,-0.015713794516526141,-0.20000000000000001
4.9275000000000002,0.6757280674630266,-0.058746653707200509,-0.019604412653233157,0.097000510848460758,-0.046431177060129739,-0.015713794516526141,-0.20000000000000001
4.9299999999999997,0.67556860009178732,-0.068829365897509487,-0.019264112615062185,0.17526446903336362,-0.013999290264627286,-0.015023435179759854,-0.20000000000000001
4.9325000000000001,0.67539332579622413,-0.071392869511843898,-0.018803571230101814,0.19320180333972053,-0.013999290264627286,-0.015023435179759854,-0.20000000000000001
4.9350000000000005,0.67521162106919963,-0.07397398463171137,-0.018297929710945088,0.21134782015635578,0.019233187440338827,-0.013944112589514513,-0.20000000000000001
4.9375,0.6750330916974645,-0.068852320089287655,-0.017824155763546751,0.16770486707901383,0.019233187440338827,-0.013944112589514513,-0.20000000000000001
4.9400000000000004,0.67486734704380102,-0.063745566627686656,-0.017459256998111024,0.12423998196185604,0.025977886651849341,-0.016207097812894023,-0.20000000000000001
4.9424999999999999,0.67471631362210527,-0.057082591633085711,-0.017218578401608384,0.068319885109464656,0.025977886651849341,-0.016207097812894023,-0.20000000000000001
4.9450000000000003,0.67458192904362169,-0.050425667583624871,-0.017117597289363167,0.0124721353386908,0.033486823876408785,-0.017557014136854683,-0.20000000000000001
4.9474999999999998,0.6744663653179428,-0.042024983405648038,-0.017173722058155119,-0.057375897215834769,0.033486823876408785,-0.017557014136854683,-0.20000000000000001
4.9500000000000002,0.67437180833833343,-0.033619245267363929,-0.017404527218766831,-0.1272844614772265,0.0069910826325223462,-0.020483976668987193,-0.20000000000000001
4.9524999999999997,0.67429058301579092,-0.031358954546760465,-0.017748454193402031,-0.14788162311807934,0.0069910826325223462,-0.020483976668987193,-0.20000000000000001
4.9550000000000001,0.67421502462539118,-0.029085391060242508,-0.018144067018119544,-0.16863681770511793,0.016298806045259316,-0.01658821424675928,-0.20000000000000001
4.9575000000000005,0.67414787187684866,-0.024634020974357566,-0.01861349779363888,-0.20694106668821052,0.016298806045259316,-0.01658821424675928,-0.20000000000000001
4.96,0.67409186987008951,-0.020164230279663849,-0.019178955592194919,-0.24546521930403098,0.031701210615027689,-0.017222144145985465,-0.20000000000000001
4.9625000000000004,0.6740515418628924,-0.012094092575667785,-0.019876962844970057,-0.31298954956299452,0.031701210615027689,-0.017222144145985465,-0.20000000000000001
4.9649999999999999,0.67403142226859769,-0.0039965206188040808,-0.020744177610999739,-0.38084301853522629,-0.03540866791634921,-0.019844057790347043,-0.20000000000000001
4.9675000000000002,0.67401210013609436,-0.011455736907402529,-0.021625016772362515,-0.32389252617780911,-0.03540866791634921,-0.019844057790347043,-0.20000000000000001
4.9699999999999998,0.67397416864132476,-0.018884882375440962,-0.022363935497289371,-0.26729636865345757,-0.035199105796150619,-0.016355370350753431,-0.20000000000000001
4.9725000000000001,0.67391775727250325,-0.026240503918624678,-0.022962231090385393,-0.21138378451256673,-0.035199105796150619,-0.016355370350753431,-0.20000000000000001
4.9750000000000005,0.67384298250611219,-0.033576462713723033,-0.023421047352246271,-0.15570273900134685,-0.069540868914950288,-0.012945595719404918,-0.20000000000000001
4.9775,0.67373991668553657,-0.048874656398783356,-0.023660819858945331,-0.036133187199674205,-0.069540868914950288,-0.012945595719404918,-0.20000000000000001
4.9800000000000004,0.67359861211988326,-0.064169374790635891,-0.023601747040703919,0.083395855392165472,-0.074582164839451376,-0.013010073502384778,-0.20000000000000001
4.9824999999999999,0.67341759947405566,-0.080643121980673443,-0.023232008789999061,0.21242245588984193,-0.074582164839451376,-0.013010073502384778,-0.20000000000000001
4.9850000000000003,0.67319537943163954,-0.097137361396493108,-0.022539435867391922,0.34168772039743978,-0.055190543253592315,-0.0098193974823538796,-0.20000000000000001
4.9874999999999998,0.67293751589310058,-0.10915958439991538,-0.021568468185723177,0.43515810303008395,-0.055190543253592315,-0.0098193974823538796,-0.20000000000000001
4.9900000000000002,0.67264954730354454,-0.1212228547277224,-0.020363244203854838,0.52910987723499237,-0.036575326777348961,-0.0071434444774449799,-0.20000000000000001
4.9924999999999997,0.67233676621784566,-0.12901062960868032,-0.018965847056299431,0.58890951160167448,-0.036575326777348961,-0.0071434444774449799,-0.20000000000000001
4.9950000000000001,0.67200444882832955,-0.13685279986607074,-0.01741816153077055,0.64935132456124278,0.00056446254793062487,-0.007418497960202667,-0.20000000000000001
4.9975000000000005,0.67166324003467726,-0.13612388240888029,-0.015805137485101577,0.6411828548654912,0.00056446254793062487,-0.007418497960202667,-0.20000000000000001
5,0.67132378146614657,-0.13545251003968825,-0.014211676030458678,0.63369991590907149,0.0063236207154531692,-0.0085450510652732153,-0.20000000000000001
5.0025000000000004,0.67098760311426175,-0.1334994986352647,-0.01264950976920173,0.61614427791054061,0.0063236207154531692,-0.0085450510652732153,-0.20000000000000001
5.0049999999999999,0.67065623796498774,-0.13160170141829175,-0.011130406311225399,0.59924669194146751,0.035611195470073694,-0.0068674903743681601,-0.20000000000000001
5.0075000000000003,0.6703380588839668,-0.12294989206415043,-0.0097210823400804419,0.52831208067051039,0.035611195470073694,-0.0068674903743681601,-0.20000000000000001
5.0099999999999998,0.67004144941297805,-0.11434499441363427,-0.0084883787269726466,0.4579381178563916,0.059054819905856981,-0.011940067291000984,-0.20000000000000001
5.0125000000000002,0.66977311157524699,-0.1003311926231249,-0.0074856937503534615,0.344280636982641,0.059054819905856981,-0.011940067291000984,-0.20000000000000001
5.0149999999999997,0.6695397680103139,-0.08634791705752104,-0.0067666714489770154,0.23098807119038983,0.0662408348619897,-0.010427869797431537,-0.20000000000000001
5.0175000000000001,0.66934344286457881,-0.070714683590752725,-0.0063473187947449845,0.10452372422605635,0.0662408348619897,-0.010427869797431537,-0.20000000000000001
5.0200000000000005,0.66918618684872522,-0.055090742181324107,-0.0062439603545311135,-0.021829651677255424,0.091688889835884885,-0.013971300193818341,-0.20000000000000001
5.0225,0.66907538505171305,-0.033549095049560503,-0.0065158739862912554,-0.19572040759105114,0.091688889835884885,-0.013971300193818341,-0.20000000000000001
5.0250000000000004,0.6690184557572505,-0.0119901923340569,-0.007222734611923215,-0.36981779175445434,0.021702774072570343,-0.017703590904669123,-0.20000000000000001
5.0274999999999999,0.66899512644301307,-0.0066674045588419918,-0.0082019685647070854,-0.41363910808460147,0.021702774072570343,-0.017703590904669123,-0.20000000000000001
5.0300000000000002,0.66898514961968414,-0.001307552260034278,-0.0092912981532312731,-0.45790205584663901,0.070105297950344578,-0.019392624671104773,-0.20000000000000001
5.0324999999999998,0.66900268544519736,0.01534387229242189,-0.010604829260170355,-0.59301480927335626,0.070105297950344578,-0.019392624671104773,-0.20000000000000001
5.0350000000000001,0.66906191205708176,0.032046981076183027,-0.012256890090224123,-0.72874899444926367,-0.01094966215536898,-0.022010720728959696,-0.20000000000000001
5.0375000000000005,0.66913942654909098,0.029975463453453293,-0.014060099165159084,-0.71394731910893483,-0.01094966215536898,-0.022010720728959696,-0.20000000000000001
5.04,0.66921184308745951,0.02796840706480299,-0.015827265446955355,-0.69991222392073305,-0.017826410811138168,-0.025449399914573186,-0.20000000000000001
5.0425000000000004,0.66927732391781247,0.024426650421195389,-0.017544245720962519,-0.67379536873286761,-0.017826410811138168,-0.025449399914573186,-0.20000000000000001
5.0449999999999999,0.66933402734557124,0.020946106074833618,-0.01919684764243507,-0.64840499824149389,-0.11828627584000739,-0.023096862117478974,-0.20000000000000001
5.0475000000000003,0.66935293050522293,-0.0058146622551785987,-0.020552568096858324,-0.43627455587117808,-0.11828627584000739,-0.023096862117478974,-0.20000000000000001
5.0499999999999998,0.66930499003304011,-0.032532245134645282,-0.021378636526077289,-0.22464335651617418,-0.040092028774777612,-0.016605017913956421,-0.20000000000000001
5.0525000000000002,0.66921299301759929,-0.041062382874105623,-0.021858337925310833,-0.15915287050218002,-0.040092028774777612,-0.016605017913956421,-0.20000000000000001
5.0549999999999997,0.66909969049863371,-0.049577663594691623,-0.022174546495160541,-0.093837139191068453,-0.080268891816951279,-0.010887010168056547,-0.20000000000000001
5.0575000000000001,0.66895344641311749,-0.067417221467805738,-0.022233927383715529,0.046327968217241056,-0.080268891816951279,-0.010887010168056547,-0.20000000000000001
5.0600000000000005,0.66876260065475834,-0.085261262193362705,-0.021942863180465018,0.186545235441998,-0.078518632755990886,-0.014372065938489964,-0.20000000000000001
5.0625,0.66852763330036902,-0.10271672024334494,-0.021305107690822611,0.32370690437569116,-0.078518632755990886,-0.014372065938489964,-0.20000000000000001
5.0650000000000004,0.66824899108646396,-0.12020333560928899,-0.02032402602011029,0.46123172375130694,-0.056510725623486253,-0.0098526271569009879,-0.20000000000000001
5.0674999999999999,0.66793297107895055,-0.13262065811462254,-0.019049846367695775,0.55820577283679196,-0.056510725623486253,-0.0098526271569009879,-0.20000000000000001
5.0700000000000003,0.66758584414220778,-0.14509036465799979,-0.017532484328503118,0.65579522938379964,-0.033843908582856623,-0.0064408788861976323,-0.20000000000000001
5.0724999999999998,0.66721405200477035,-0.15235380760578812,-0.01582314421632525,0.71180062606141292,-0.033843908582856623,-0.0064408788861976323,-0.20000000000000001
5.0750000000000002,0.66682402072884506,-0.15968250445003507,-0.013972837632460712,0.76857835183067191,0.070491623728161271,-0.0025140573142360153,-0.20000000000000001
5.0774999999999997,0.66644589131774556,-0.14283108807243067,-0.012222989146941515,0.63142185981167975,0.070491623728161271,-0.0025140573142360153,-0.20000000000000001
5.0800000000000001,0.66610981971076633,-0.12603435838179844,-0.010815179223268778,0.49492427089958224,0.083395269038862629,-0.0070092430836950414,-0.20000000000000001
5.0825000000000005,0.66581943252008324,-0.10628140894828288,-0.0097780449288380443,0.3348555106727123,0.083395269038862629,-0.0070092430836950414,-0.20000000000000001
5.085,0.66557838832920169,-0.086557658463742637,-0.009140609222738641,0.17513765943822765,0.085019247257607858,-0.0094470719741367188,-0.20000000000000001
5.0875000000000004,0.66538710329225892,-0.066471741026344844,-0.0089059928799819794,0.012571853541359812,0.085019247257607858,-0.0094470719741367188,-0.20000000000000001
5.0899999999999999,0.66524602870688188,-0.046386924630896637,-0.0090777389504790289,-0.14998074061709724,0.081500590161647637,-0.012397590269972607,-0.20000000000000001
5.0925000000000002,0.66515415729166893,-0.027106881325325443,-0.0096478171661693798,-0.3061217545660051,0.081500590161647637,-0.012397590269972607,-0.20000000000000001
5.0949999999999998,0.6651105165849035,-0.0078001020811849578,-0.010608615368008856,-0.46258390542994743,0.057330905744194652,-0.020764910555540694,-0.20000000000000001
5.0975000000000001,0.66510816845795384,0.0059291742312753137,-0.011904744644100008,-0.57441040249347508,0.057330905744194652,-0.020764910555540694,-0.20000000000000001
5.1000000000000005,0.66514020429271226,0.01970865115155921,-0.013481169922641974,-0.68683994039760576,-0.018013277159063836,-0.020133891469567081,-0.20000000000000001
5.1025,0.66518487518433522,0.016038241704444057,-0.015163768612649028,-0.65935986691780124,-0.018013277159063836,-0.020133891469567081,-0.20000000000000001
5.1050000000000004,0.66522044539003644,0.012427703756698006,-0.016778561427646138,-0.6325904587881308,-0.050657281706830162,-0.019971683193489236,-0.20000000000000001
5.1074999999999999,0.66523758059448268,0.0012896052393558729,-0.018251146758019768,-0.54558549271752654,-0.050657281706830162,-0.019971683193489236,-0.20000000000000001
5.1100000000000003,0.66522693584461035,-0.0097975779184674323,-0.019506988166737932,-0.4591796875342804,-0.08337702778864288,-0.021917751231462723,-0.20000000000000001
5.1124999999999998,0.6651791268574746,-0.028443424495511089,-0.020471159702033951,-0.31222965913743594,-0.08337702778864288,-0.021917751231462723,-0.20000000000000001
5.1150000000000002,0.66508474381223259,-0.047059165614806588,-0.021068428722083234,-0.1656303351326821,-0.10323830584266794,-0.014620795736834474,-0.20000000000000001
5.1174999999999997,0.66493807712519659,-0.07027297268635832,-0.021253151440221971,0.017838133607115753,-0.10323830584266794,-0.014620795736834474,-0.20000000000000001
5.1200000000000001,0.66473337748614036,-0.093488533780060459,-0.020979221117596206,0.20132691439166472,-0.079161190162849157,-0.011774961447882364,-0.20000000000000001
5.1225000000000005,0.66447760973733694,-0.11113000538820944,-0.020302475033983178,0.34012054373255352,-0.079161190162849157,-0.011774961447882364,-0.20000000000000001
5.125,0.66417770023747824,-0.12880413956970646,-0.019278300916543669,0.47929513428304316,-0.063260085931106227,-0.0088784505659841601,-0.20000000000000001
5.1275000000000004,0.66383816897354231,-0.14282926724230127,-0.017942640949625561,0.58933132620034345,-0.063260085931106227,-0.0088784505659841601,-0.20000000000000001
5.1299999999999999,0.66346350770805596,-0.15690982483106636,-0.016331101975298093,0.70001829373408797,-0.034703566933075081,-0.0028734055776983985,-0.20000000000000001
5.1325000000000003,0.66306186033401371,-0.16441921127100687,-0.014508526111591905,0.75817422186383554,-0.034703566933075081,-0.0028734055776983985,-0.20000000000000001
5.1349999999999998,0.66264135384051726,-0.17199797461375133,-0.012539546180888603,0.81715182368691719,0.022379740422459025,-0.0024359381752755067,-0.20000000000000001
5.1375000000000002,0.66221839252859604,-0.16638280094595839,-0.010555223571421907,0.77044654653291444,0.022379740422459025,-0.0024359381752755067,-0.20000000000000001
5.1399999999999997,0.66180938283328028,-0.16083603451202289,-0.0086866319097433208,0.72455917429851524,0.069023700601365992,-0.0069860918303001566,-0.20000000000000001
5.1425000000000001,0.66142771127734534,-0.1445108547632506,-0.0070406338221869584,0.59235495961518148,0.069023700601365992,-0.0069860918303001566,-0.20000000000000001
5.1450000000000005,0.66108678501939444,-0.12823791801163845,-0.0057243356171332426,0.46077651995224256,0.096704577315949503,-0.01073349155386074,-0.20000000000000001
5.1475,0.66079453086069184,-0.10557085315325218,-0.0048009439187355193,0.27800197557683792,0.096704577315949503,-0.01073349155386074,-0.20000000000000001
5.1500000000000004,0.6605589102155458,-0.082928427905118063,-0.0043340802335325316,0.095522002556820751,0.16275521086548073,-0.011885023836920985,-0.20000000000000001
5.1524999999999999,0.66039907421920085,-0.044939530602382982,-0.0044773965324012791,-0.21018509573240385,0.16275521086548073,-0.011885023836920985,-0.20000000000000001
5.1550000000000002,0.66033422791485497,-0.0069322290814953086,-0.0053851898947900947,-0.51611307013187013,0.077033609211780998,-0.016648785171332222,-0.20000000000000001
5.1574999999999998,0.66033954285943164,0.01119285606771335,-0.0068583643326790168,-0.6625303088464457,0.077033609211780998,-0.016648785171332222,-0.20000000000000001
5.1600000000000001,0.66039024074180552,0.029376187568520517,-0.0086984235495736733,-0.80964602444250855,0.038973200121637339,-0.021651926891413615,-0.20000000000000001
5.1625000000000005,0.66047542468341491,0.038783417522939165,-0.010818490280061608,-0.88655663297813214,0.038973200121637339,-0.021651926891413615,-0.20000000000000001
5.165,0.66058422271304762,0.048268508559043986,-0.013131985373668076,-0.96440166553514861,-0.014551998247417935,-0.026728048401208987,-0.20000000000000001
5.1675000000000004,0.66070128925180704,0.045399024001328968,-0.015516470906809349,-0.9433571176809421,-0.014551998247417935,-0.026728048401208987,-0.20000000000000001
5.1699999999999999,0.66081128859476201,0.042614460346943363,-0.01784961367436395,-0.92332390948629162,-0.084525137747861842,-0.025833947069460385,-0.20000000000000001
5.1725000000000003,0.66089410995436604,0.023656103352334736,-0.019970718803841471,-0.77371785612361677,-0.084525137747861842,-0.025833947069460385,-0.20000000000000001
5.1749999999999998,0.66092963083380962,0.0047718046995861817,-0.021718923957195442,-0.62497696961611338,-0.098888815783526832,-0.019466345995668634,-0.20000000000000001
5.1775000000000002,0.66091384876923631,-0.017388674144546597,-0.023062697521613655,-0.45014370941024434,-0.098888815783526832,-0.019466345995668634,-0.20000000000000001
5.1799999999999997,0.66084272434914515,-0.039504897263476849,-0.02397006973914767,-0.27582309154666407,-0.10198805419369653,-0.017010613364352306,-0.20000000000000001
5.1825000000000001,0.66071544724236453,-0.062313713250562251,-0.024434850189802411,-0.096036783068221915,-0.10198805419369653,-0.017010613364352306,-0.20000000000000001
5.1850000000000005,0.66053116373019283,-0.085112993593322084,-0.02445034541473913,0.083639415143651141,-0.065840902210610772,-0.011678284685943363,-0.20000000000000001
5.1875,0.66030036940700132,-0.099524700882729425,-0.024100844905642276,0.19598707236542284,-0.065840902210610772,-0.011678284685943363,-0.20000000000000001
5.1900000000000004,0.66003352456372222,-0.11395520174375076,-0.023470227325195134,0.30855400080112222,-0.080551794941194341,-0.010021399930738577,-0.20000000000000001
5.1924999999999999,0.6597262975747491,-0.13183250063115107,-0.022523487507851422,0.44890895721181256,-0.080551794941194341,-0.010021399930738577,-0.20000000000000001
5.1950000000000003,0.65937432591883061,-0.14975316505270039,-0.021225261726137864,0.58976886721460731,-0.059171952888020338,-0.00053469035980575625,-0.20000000000000001
5.1974999999999998,0.65898369317264671,-0.16276308486852575,-0.019623952311656374,0.69139665581160048,-0.059171952888020338,-0.00053469035980575625,-0.20000000000000001
5.2000000000000002,0.65856045637925487,-0.17583794191243801,-0.017767642748967263,0.79378729600477382,-0.0088674474129098353,-0.0038744802902967394,-0.20000000000000001
5.2024999999999997,0.65811905312488561,-0.17729663992222136,-0.015771633326899195,0.80316284729625087,-0.0088674474129098353,-0.0038744802902967394,-0.20000000000000001
5.2050000000000001,0.6576739129430218,-0.178827627928758,-0.013751111343954217,0.81339907431596292,0.035075846929170991,0.00066122759098519168,-0.20000000000000001
5.2075000000000005,0.65723762005573305,-0.1702180808088794,-0.01180643935980992,0.74247522992876969,0.035075846929170991,0.00066122759098519168,-0.20000000000000001
5.21,0.65682276800720274,-0.16167397383594076,-0.010038081714359319,0.67233560230941203,0.036146105973428912,-0.0050418867674745411,-0.20000000000000001
5.2125000000000004,0.65642951153946005,-0.15294061046525023,-0.0084466652833746735,0.60091006329798446,0.036146105973428912,-0.0050418867674745411,-0.20000000000000001
5.2149999999999999,0.65605802045572592,-0.14426064790277771,-0.0070329996688812246,0.5301226340109445,0.061148959153177383,-0.0065037169418596004,-0.20000000000000001
5.2175000000000002,0.65571543384907338,-0.1298156136264898,-0.0058539306585267247,0.41321595582291848,0.061148959153177383,-0.0065037169418596004,-0.20000000000000001
5.2199999999999998,0.65540891176076754,-0.11540732971889839,-0.0049665541180218204,0.29674820484989251,0.05372441078772499,-0.009042126370200694,-0.20000000000000001
5.2225000000000001,0.6551362177533524,-0.10275154062026252,-0.0043525991968835056,0.19445940046115645,0.05372441078772499,-0.009042126370200694,-0.20000000000000001
5.2250000000000005,0.65489513953767009,-0.090113175494942049,-0.0039940841406791794,0.092378173984700523,0.088591921963322579,-0.011998511590098663,-0.20000000000000001
5.2275,0.65469577660757761,-0.069377300156474087,-0.003971999440384749,-0.074708844175558536,0.088591921963322579,-0.011998511590098663,-0.20000000000000001
5.2300000000000004,0.65454825858997279,-0.048634763216550636,-0.0043676946097222823,-0.24187534345267314,0.064733901400219382,-0.011134141421187127,-0.20000000000000001
5.2324999999999999,0.65444568826890348,-0.033416981622808033,-0.0051259115602781931,-0.36475203770532938,0.064733901400219382,-0.011134141421187127,-0.20000000000000001
5.2350000000000003,0.65438120076441308,-0.018166703992960827,-0.00619177804770819,-0.4880166175517438,0.0060330091575848694,-0.015686194297409535,-0.20000000000000001
5.2374999999999998,0.65433783472399909,-0.016518698064262954,-0.0074294387817766278,-0.50220037355515235,0.0060330091575848694,-0.015686194297409535,-0.20000000000000001
5.2400000000000002,0.65429864494409273,-0.014825484359689892,-0.0087032281603044211,-0.51692206906688298,-0.0045060782122742296,-0.018638111207711788,-0.20000000000000001
5.2424999999999997,0.65426068401806958,-0.01553551066458623,-0.0099899176439391807,-0.51252159901199268,-0.0045060782122742296,-0.018638111207711788,-0.20000000000000001
5.2450000000000001,0.65422100595457833,-0.016199256329948942,-0.011266294594543411,-0.50867130469199517,-0.073759902527360116,-0.019466504318487454,-0.20000000000000001
5.2475000000000005,0.65415960669979623,-0.032913256792672374,-0.012372143354239976,-0.37608874387086255,-0.073759902527360116,-0.019466504318487454,-0.20000000000000001
5.25,0.65405646902277104,-0.049592037007148981,-0.013147083271312216,-0.24392012882525152,-0.072101040759054408,-0.017680372851239159,-0.20000000000000001
5.2525000000000004,0.65391214751157578,-0.065862359988486857,-0.013595838469498087,-0.11511703783252666,-0.072101040759054408,-0.017680372851239159,-0.20000000000000001
5.2549999999999999,0.65372716624440108,-0.082121857304142426,-0.013722774333292269,0.013559001362285272,-0.033463278009478375,-0.012629834010908288,-0.20000000000000001
5.2575000000000003,0.65351276133545977,-0.089402712063259102,-0.013618175216315741,0.070127877245984835,-0.033463278009478375,-0.012629834010908288,-0.20000000000000001
5.2599999999999998,0.65328014730226158,-0.096690025167969706,-0.013372071381087463,0.12677303494346109,0.00067504182103556151,-0.0097252766982988265,-0.20000000000000001
5.2625000000000002,0.65303921878545301,-0.096054644675540396,-0.013063843760480866,0.11983111954083198,0.00067504182103556151,-0.0097252766982988265,-0.20000000000000001
5.2649999999999997,0.65279986505769949,-0.095430090590422401,-0.012772808594412224,0.11301784265956198,0.011698673196955396,-0.010637565675614755,-0.20000000000000001
5.2675000000000001,0.65256526229654677,-0.092253606299553717,-0.012524373498724189,0.085747945023833275,0.011698673196955396,-0.010637565675614755,-0.20000000000000001
5.2700000000000005,0.65233859060651567,-0.089084826356367997,-0.012343992459687,0.05856974782537995,0.011592543527121758,-0.013914376057050443,-0.20000000000000001
5.2725,0.65211980294688454,-0.085945977077053412,-0.012231224939050302,0.031652310599891181,0.011592543527121758,-0.013914376057050443,-0.20000000000000001
5.2750000000000004,0.65190885835058876,-0.082809972784062796,-0.012185702695114436,0.0047687313665523805,0.019425339960580986,-0.0092711823443506532,-0.20000000000000001
5.2774999999999999,0.6517080282646488,-0.077853857588888076,-0.012225652654028234,-0.036731538982643849,0.019425339960580986,-0.0092711823443506532,-0.20000000000000001
5.2800000000000002,0.65151959180272256,-0.072894454242129939,-0.012369393040901655,-0.078270991349530528,0.042014286796137772,-0.010668034678105582,-0.20000000000000001
5.2824999999999998,0.65135012415114779,-0.062677896735642738,-0.012669781322075194,-0.16206081243874471,0.042014286796137772,-0.010668034678105582,-0.20000000000000001
5.2850000000000001,0.65120621425098213,-0.052447021135746709,-0.013179839878105701,-0.24602196559770434,-0.00022443845400276852,-0.01589693794271203,-0.20000000000000001
5.2875000000000005,0.65107563689807901,-0.052011117656816784,-0.013801561943909319,-0.2514001745475688,-0.00022443845400276852,-0.01589693794271203,-0.20000000000000001
5.29,0.65094617758062356,-0.051552510683340207,-0.014437065576720086,-0.25704819822166119,-0.0084031520508738664,-0.020534497584243545,-0.20000000000000001
5.2925000000000004,0.65081551792136838,-0.05297140041669151,-0.015067952526203028,-0.24770664844140675,-0.0084031520508738664,-0.020534497584243545,-0.20000000000000001
5.2949999999999999,0.65068133930751038,-0.054367813348319367,-0.01567582106735544,-0.23863182102626246,-0.034307667442706885,-0.013603066023172967,-0.20000000000000001
5.2975000000000003,0.65053617255968066,-0.061762353159018957,-0.016200896745072739,-0.18146686545284826,-0.034307667442706885,-0.013603066023172967,-0.20000000000000001
5.2999999999999998,0.65037254150691914,-0.069140133475113053,-0.016583320201957297,-0.12449969551214823,0.0015778689212571449,-0.018196000443450461,-0.20000000000000001
5.3025000000000002,0.65020090456199608,-0.068167475539773967,-0.016907216937032933,-0.13464084031842552,0.0015778689212571449,-0.018196000443450461,-0.20000000000000001
5.3049999999999997,0.65003171424394646,-0.067182678913402197,-0.017256644665373244,-0.14492631152882113,-0.038251741246827273,-0.011564848774057123,-0.20000000000000001
5.3075000000000001,0.64985343384052741,-0.075439897220358001,-0.017539073242572107,-0.081037134419941051,-0.038251741246827273,-0.011564848774057123,-0.20000000000000001
5.3100000000000005,0.64965452102256693,-0.0836895971948797,-0.01766190416315078,-0.017236557136805525,-0.015409680137826974,-0.010192373085644843,-0.20000000000000001
5.3125,0.64944162142976125,-0.086629975715311794,-0.017678551366420003,0.0039175943574970909,-0.015409680137826974,-0.010192373085644843,-0.20000000000000001
5.3150000000000004,0.64922137084594134,-0.089570711839453143,-0.017642312661390491,0.02507598116787783,-0.06029054562111659,-0.009213113060486347,-0.20000000000000001
5.3174999999999999,0.64898073069625539,-0.10294262567730214,-0.017448462549270322,0.13001839083607439,-0.06029054562111659,-0.009213113060486347,-0.20000000000000001
5.3200000000000003,0.64870664751142415,-0.11632678627695849,-0.016992100990015031,0.23510445919386333,-0.024407922668538262,-0.0067340467282710516,-0.20000000000000001
5.3224999999999998,0.64840950070981551,-0.12139454279460325,-0.016356426646536613,0.27348099332031678,-0.024407922668538262,-0.0067340467282710516,-0.20000000000000001
5.3250000000000002,0.64809965389867863,-0.12648737961081313,-0.015624448839862219,0.31215417004525509,-0.06403213784075662,-0.0029334125313287274,-0.20000000000000001
5.3274999999999997,0.64776552997103221,-0.1408175264120517,-0.014702935251569925,0.42512440404912138,-0.06403213784075662,-0.0029334125313287274,-0.20000000000000001
5.3300000000000001,0.64739553308765463,-0.15518748614426633,-0.013498436866187577,0.53856258058421469,-0.037835549963549771,-0.0033940468132399844,-0.20000000000000001
5.3325000000000005,0.64699716107964345,-0.16351885838195954,-0.012070750897201488,0.60368954614948467,-0.037835549963549771,-0.0033940468132399844,-0.20000000000000001
5.335,0.6465778926818595,-0.17190556956818018,-0.010479443437226447,0.66947138655458294,-0.023205524596267287,-0.00110285987963267,-0.20000000000000001
5.3375000000000004,0.6461418329090225,-0.17695266457697897,-0.0087569288621307077,0.70866395760013268,-0.023205524596267287,-0.00110285987963267,-0.20000000000000001
5.3399999999999999,0.64569307585480407,-0.18206396898146116,-0.0069354880763122361,0.74861927322908961,0.015918931071397472,-0.0056348134131782917,-0.20000000000000001
5.3425000000000002,0.64524282497320939,-0.17814765846092653,-0.0051044671442595953,0.71632773524329563,0.015918931071397472,-0.0056348134131782917,-0.20000000000000001
5.3449999999999998,0.64480228409897233,-0.17429550903225646,-0.0033532120020523309,0.68480113680347654,0.071014673161922628,-0.003635136530454261,-0.20000000000000001
5.3475000000000001,0.64438730593540894,-0.15769622594770391,-0.0018084353143099246,0.55113000453942051,0.071014673161922628,-0.003635136530454261,-0.20000000000000001
5.3500000000000005,0.64401376178879632,-0.14114635476664,-0.00059707133090233355,0.4180476346303767,0.11344867523089495,-0.0055274835656445838,-0.20000000000000001
5.3525,0.64369387332667438,-0.11476911443033487,0.00018314163220523939,0.20617858285326751,0.11344867523089495,-0.0055274835656445838,-0.20000000000000001
5.3550000000000004,0.64343990065993828,-0.088410535802951731,0.00043400630536385147,-0.0054688416378751714,0.11912730240311281,-0.012786484437050515,-0.20000000000000001
5.3574999999999999,0.64325347117112042,-0.060731293708182234,0.00014253942430412977,-0.22772557085449524,0.11912730240311281,-0.012786484437050515,-0.20000000000000001
5.3600000000000003,0.64313626136954982,-0.033031447694718427,-0.00070482554872086764,-0.45022702677794535,0.064147164437490398,-0.015009185388531607,-0.20000000000000001
5.3624999999999998,0.6430723714843003,-0.018072813750945764,-0.0019806822937851083,-0.57054939857624032,0.064147164437490398,-0.015009185388531607,-0.20000000000000001
5.3650000000000002,0.64304593992323233,-0.003063036951252195,-0.0035580804220329797,-0.69148121189106437,0.049959865301523736,-0.018066739058432094,-0.20000000000000001
5.3674999999999997,0.64305298519024445,0.008710211444320862,-0.0054055914946156041,-0.78665859645329528,0.049959865301523736,-0.018066739058432094,-0.20000000000000001
5.3700000000000001,0.64308954912812044,0.020553235468534728,-0.0074920688701168225,-0.882670551744275,-0.033208706228325564,-0.022956098524708091,-0.20000000000000001
5.3725000000000005,0.64313165194852295,0.01314191102903735,-0.0096256456445182326,-0.82434402717816047,-0.033208706228325564,-0.022956098524708091,-0.20000000000000001
5.375,0.64315532105196727,0.0058054331476434526,-0.011614529566681089,-0.76690623588089801,-0.015813213062374723,-0.019090536371970043,-0.20000000000000001
5.3775000000000004,0.64316579084130032,0.0025817727955850752,-0.013501453848391978,-0.74276840516484566,-0.015813213062374723,-0.019090536371970043,-0.20000000000000001
5.3799999999999999,0.64316828591232633,-0.00057468636049028392,-0.015329037115858903,-0.71942927065121043,-0.059228061195683065,-0.024351829258650509,-0.20000000000000001
5.3825000000000003,0.64315036154047311,-0.013754425968254512,-0.016997971074202835,-0.61584012365297114,-0.059228061195683065,-0.024351829258650509,-0.20000000000000001
5.3849999999999998,0.64309956180112826,-0.026876543530977993,-0.018408802397909041,-0.51292859348252828,-0.099141284261662993,-0.015867289782582891,-0.20000000000000001
5.3875000000000002,0.64300442763076981,-0.049223926535256327,-0.019469996124420078,-0.3361062268922051,-0.099141284261662993,-0.015867289782582891,-0.20000000000000001
5.3899999999999997,0.64285346941698829,-0.071538617087730336,-0.020089650107363053,-0.15966372018095087,-0.065609189411035024,-0.013339040053559473,-0.20000000000000001
5.3925000000000001,0.6426564850822537,-0.086047220309596523,-0.020346665921947948,-0.045967998150324596,-0.065609189411035024,-0.013339040053559473,-0.20000000000000001
5.3950000000000005,0.64242323696049974,-0.10055144910559702,-0.02031953272073422,0.067676570426471502,-0.07137822189312204,-0.012385401824980055,-0.20000000000000001
5.3975,0.64215204715718044,-0.11640246238130589,-0.01999476620852518,0.19216080164662908,-0.07137822189312204,-0.012385401824980055,-0.20000000000000001
5.4000000000000004,0.64184120935848255,-0.13227182229167755,-0.019358550090785392,0.31685937182217183,-0.072635053331163768,-0.0094601874602845901,-0.20000000000000001
5.4024999999999999,0.64149029788209011,-0.14846339581556456,-0.018407243918795047,0.4442561668861742,-0.072635053331163768,-0.0094601874602845901,-0.20000000000000001
5.4050000000000002,0.64109885721077964,-0.16469716846459204,-0.017136857692053434,0.57214682723428445,-0.016507704293962106,-0.0059157359781129293,-0.20000000000000001
5.4074999999999998,0.6406830699354884,-0.16794149673793415,-0.01567691141361089,0.59591514398824552,-0.016507704293962106,-0.0059157359781129293,-0.20000000000000001
5.4100000000000001,0.64025910462195468,-0.17123995555149088,-0.014156746700795423,0.62032583986079215,0.015139927247698101,-0.0043907836001443185,-0.20000000000000001
5.4125000000000005,0.63983601700678661,-0.16723910016893037,-0.012648562625360363,0.58632842242531336,0.015139927247698101,-0.0043907836001443185,-0.20000000000000001
5.415,0.63942286552297212,-0.16329056647206253,-0.011224584316727061,0.55295538157357604,0.03606029746375302,-0.0053503271498824452,-0.20000000000000001
5.4175000000000004,0.63902560105144346,-0.15452865095311691,-0.0099321098041346874,0.48111557738465777,0.03606029746375302,-0.0053503271498824452,-0.20000000000000001
5.4199999999999999,0.63865018666377515,-0.14580946225779756,-0.0088185809708852814,0.40978635242456174,0.0074688033248618783,-0.0042692742445158581,-0.20000000000000001
5.4225000000000003,0.63828821601222463,-0.14377307789439142,-0.0078160949006867916,0.39227410567643856,0.0074688033248618783,-0.0042692742445158581,-0.20000000000000001
5.4249999999999998,0.63793129182679875,-0.14177203359121909,-0.0068568601713678992,0.37518222131106699,0.094292266135791086,-0.0093126780395871491,-0.20000000000000001
5.4275000000000002,0.63760455545660422,-0.11962125859081976,-0.0061424668659190796,0.19638268309312801,0.094292266135791086,-0.0093126780395871491,-0.20000000000000001
5.4299999999999997,0.63733317109081244,-0.097487811369747226,-0.0058747738713818129,0.017790585435531553,0.051848785287220436,-0.0095687231274925785,-0.20000000000000001
5.4325000000000001,0.63710478244975177,-0.085222626885233715,-0.0059544477990653173,-0.081535385791632539,0.051848785287220436,-0.0095687231274925785,-0.20000000000000001
5.4350000000000005,0.6369070640274016,-0.072950157725337056,-0.0062825231864091806,-0.18094821709948672,0.029227593258294514,-0.0096629360141143299,-0.20000000000000001
5.4375,0.63673347225671506,-0.0659201234277631,-0.0068065590714563575,-0.23831782473880278,0.029227593258294514,-0.0096629360141143299,-0.20000000000000001
5.4400000000000004,0.63657748122277047,-0.058868713248454031,-0.0074743244491086236,-0.29594201285162436,0.033734205211093042,-0.015515735661303681,-0.20000000000000001
5.4424999999999999,0.63644046018833733,-0.050743212973145047,-0.0082970488811783573,-0.36229597814803044,0.033734205211093042,-0.015515735661303681,-0.20000000000000001
5.4450000000000003,0.63632379210779477,-0.042585371870132546,-0.0092861258153287708,-0.42903573223157032,-0.010179465842183011,-0.014862747098931284,-0.20000000000000001
5.4474999999999998,0.63621480665755481,-0.04459662054011454,-0.010340138148659981,-0.41424974087238159,-0.010179465842183011,-0.014862747098931284,-0.20000000000000001
5.4500000000000002,0.63610084029154967,-0.046570322144188013,-0.011357745967186385,-0.39990952635531707,-0.032390484748076973,-0.014717072108446964,-0.20000000000000001
5.4524999999999997,0.63597553259803408,-0.053670144495627584,-0.012288220694495125,-0.34453754213330878,-0.032390484748076973,-0.014717072108446964,-0.20000000000000001
5.4550000000000001,0.63583251591390999,-0.060738350900510205,-0.013080745235414498,-0.28953945615095111,-0.045295512246881019,-0.011763912794958096,-0.20000000000000001
5.4575000000000005,0.63566811411842805,-0.070779225075761204,-0.013706071573221339,-0.21076713748097103,-0.045295512246881019,-0.011763912794958096,-0.20000000000000001
5.46,0.63547863606216681,-0.080800569956409496,-0.014134772781667969,-0.13222506515401236,-0.046509465158969858,-0.012197852913298973,-0.20000000000000001
5.4625000000000004,0.63526376884857783,-0.091091778783017482,-0.014364485210256083,-0.051561632529868145,-0.046509465158969858,-0.012197852913298973,-0.20000000000000001
5.4649999999999999,0.63502318115836065,-0.10137819900830615,-0.014392627950080941,0.029045386401624157,-0.076453302104461163,-0.0073353073553426851,-0.20000000000000001
5.4675000000000002,0.63474817723557164,-0.11862647103038353,-0.014149373276193884,0.16557630525662398,-0.076453302104461163,-0.0073353073553426851,-0.20000000000000001
5.4699999999999998,0.63443003577821711,-0.13589037106918719,-0.013564593736688054,0.30229043664789651,-0.010152964045993501,-0.0061616483998081541,-0.20000000000000001
5.4725000000000001,0.63408796225751318,-0.13777311908485207,-0.012792329846268557,0.31557613058521022,-0.010152964045993501,-0.0061616483998081541,-0.20000000000000001
5.4750000000000005,0.63374114631485223,-0.13968451109062838,-0.011986429865247523,0.32920171617663174,-0.0094367799960199568,-0.0054627364515355522,-0.20000000000000001
5.4775,0.63338972287735451,-0.14145931060232614,-0.011147696929079284,0.34184482824535434,-0.0094367799960199568,-0.0054627364515355522,-0.20000000000000001
5.4800000000000004,0.63303382392854024,-0.14326511274185033,-0.010276899097618147,0.3548559239134268,-0.018436898555021852,-0.0057454814072900985,-0.20000000000000001
5.4824999999999999,0.63267075561162633,-0.14719515004694964,-0.0093520977429430545,0.38505167443473709,-0.018436898555021852,-0.0057454814072900985,-0.20000000000000001
5.4850000000000003,0.6322978189994708,-0.15116020463940688,-0.0083512946717444088,0.41566272263290727,0.020684522585327356,-0.005577456486694732,-0.20000000000000001
5.4874999999999998,0.63192629006888168,-0.14606883928036296,-0.0073647044686491426,0.37367970990458049,0.020684522585327356,-0.005577456486694732,-0.20000000000000001
5.4900000000000002,0.63156744685455168,-0.14101101459704193,-0.0064825633031777253,0.33209611211298978,0.01546919986698682,-0.0045927715283065277,-0.20000000000000001
5.4924999999999997,0.6312196947276294,-0.13719543447630725,-0.0056917568706674471,0.3006055086857749,0.01546919986698682,-0.0045927715283065277,-0.20000000000000001
5.4950000000000001,0.63088144711628003,-0.13340693564856823,-0.004979267365504734,0.26943700610969135,0.023587363235092966,-0.0042749536772676011,-0.20000000000000001
5.4975000000000005,0.63055499872571341,-0.12775547512626326,-0.0043632770190889679,0.22339926160782905,0.023587363235092966,-0.0042749536772676011,-0.20000000000000001
5.5,0.63024265296884563,-0.12212414227542787,-0.0038620715938230865,0.17760089334211826,0.0084231470347353211,-0.0069753320477495776,-0.20000000000000001
5.5025000000000004,0.62993995830413396,-0.12003413509262398,-0.0034397236778058249,0.1603076805370901,0.0084231470347353211,-0.0069753320477495776,-0.20000000000000001
5.5049999999999999,0.62964247021537034,-0.11795862284002716,-0.0030603897137851917,0.14318665639268549,0.0069690334573341752,-0.0059076149930491735,-0.20000000000000001
5.5075000000000003,0.62934973186474241,-0.11623410898277441,-0.0027202685839459871,0.12893461141597518,0.0069690334573341752,-0.0059076149930491735,-0.20000000000000001
5.5099999999999998,0.62906128995033617,-0.1145212603440055,-0.0024156012123033839,0.11482111259233249,0.040307583363171133,-0.0081465775464100408,-0.20000000000000001
5.5125000000000002,0.62878680442570967,-0.10506831250921829,-0.00222386677470395,0.038580145807095595,0.040307583363171133,-0.0081465775464100408,-0.20000000000000001
5.5149999999999997,0.62853594548760094,-0.095618845303542713,-0.002222666008934746,-0.037619446114221161,0.067151031019599683,-0.0076279435427043648,-0.20000000000000001
5.5175000000000001,0.62831651319359028,-0.079925478953574838,-0.0024746456808413513,-0.16398226903828172,0.067151031019599683,-0.0076279435427043648,-0.20000000000000001
5.5200000000000005,0.62813633037584016,-0.064217374728579774,-0.0030427235361669544,-0.2905205001962099,0.064132492730606033,-0.014102953009202047,-0.20000000000000001
5.5225,0.62799457091125233,-0.049184956821021218,-0.003920462080087608,-0.41173278006967928,0.064132492730606033,-0.014102953009202047,-0.20000000000000001
5.5250000000000004,0.62789043625442831,-0.034115746843540268,-0.0051017530890975242,-0.53338382984367094,0.040831709284081301,-0.01517664167995195,-0.20000000000000001
5.5274999999999999,0.62781726130178861,-0.024415700181548858,-0.0065334763228210337,-0.61209637830528074,0.040831709284081301,-0.01517664167995195,-0.20000000000000001
5.5300000000000002,0.6277684031612174,-0.014661163703988891,-0.008162777275573907,-0.69145970386866062,-0.0012757502975475896,-0.018595352107671367,-0.20000000000000001
5.5324999999999998,0.62773177255936996,-0.0146329460323763,-0.0098931283473555343,-0.69294465367876867,-0.0012757502975475896,-0.018595352107671367,-0.20000000000000001
5.5350000000000001,0.62769529033723559,-0.014542435617468636,-0.011628118640806618,-0.69517138400076761,-0.023693731996956052,-0.015998977399736804,-0.20000000000000001
5.5375000000000005,0.62765259985046584,-0.019599713236035946,-0.013317300280704219,-0.65629543001436685,-0.023693731996956052,-0.015998977399736804,-0.20000000000000001
5.54,0.62759734154762359,-0.024597254434260682,-0.014910186184733186,-0.61812800653709865,-0.062602864694116134,-0.017236796566163486,-0.20000000000000001
5.5425000000000004,0.6275183587455655,-0.038580204037231655,-0.016317730220250043,-0.50801048977748442,-0.062602864694116134,-0.017236796566163486,-0.20000000000000001
5.5449999999999999,0.62740448023806783,-0.052515501666570673,-0.017450705170725674,-0.3984528307334263,-0.11615543760755863,-0.012901561836513989,-0.20000000000000001
5.5475000000000003,0.62724025900974334,-0.078856683438450037,-0.018185450866609273,-0.18939935469493593,-0.11615543760755863,-0.012901561836513989,-0.20000000000000001
5.5499999999999998,0.62701021230581944,-0.10517928826836898,-0.018397881382666417,0.019438823636099473,-0.09761053312492475,-0.01047150908083269,-0.20000000000000001
5.5525000000000002,0.62671974698783461,-0.12719468743153356,-0.018131493108790375,0.19369181312728745,-0.09761053312492475,-0.01047150908083269,-0.20000000000000001
5.5549999999999997,0.62637422323812197,-0.14922883885001939,-0.017429240484293139,0.36816297150090616,-0.021223484632204005,-0.0055232060424021574,-0.20000000000000001
5.5575000000000001,0.62599576016390346,-0.15354747738214017,-0.016468517651947668,0.40048463562681724,-0.021223484632204005,-0.0055232060424021574,-0.20000000000000001
5.5600000000000005,0.62560645534818271,-0.15790272234890818,-0.015426456116726692,0.43323976174791295,-0.037463377221338995,-0.005125720961739428,-0.20000000000000001
5.5625,0.62520149615212572,-0.16607177675899101,-0.014264041883552294,0.49677598718492455,-0.037463377221338995,-0.005125720961739428,-0.20000000000000001
5.5650000000000004,0.62477605835692629,-0.17428656215493848,-0.012942125886547952,0.56085259723205261,0.025737580960255524,-0.0029987209830350694,-0.20000000000000001
5.5674999999999999,0.62434838136291848,-0.16786294341748831,-0.011606733648583317,0.50755571174619685,0.025737580960255524,-0.0029987209830350694,-0.20000000000000001
5.5700000000000003,0.62393670601276752,-0.16148447981107683,-0.01040389793380557,0.45479813707378214,0.018532648229932815,-0.0021540828361840294,-0.20000000000000001
5.5724999999999998,0.62353883184968306,-0.15682134733540612,-0.0093155273281720734,0.41597577717023276,0.018532648229932815,-0.0021540828361840294,-0.20000000000000001
5.5750000000000002,0.62315256821731091,-0.15219548817172168,-0.0083236489762332014,0.37759753923711725,0.063553523418629021,-0.0031935133935936224,-0.20000000000000001
5.5774999999999997,0.62279090721369723,-0.13713798250624135,-0.0075322637760050111,0.25556645792273669,0.063553523418629021,-0.0031935133935936224,-0.20000000000000001
5.5800000000000001,0.62246685943588376,-0.12210311826413738,-0.0070455910943417778,0.13380608783533243,0.078662191677387291,-0.0059292416384781749,-0.20000000000000001
5.5825000000000005,0.62218477170414299,-0.10356793532769586,-0.0068983733771405611,-0.016021528709210336,0.078662191677387291,-0.0059292416384781749,-0.20000000000000001
5.585,0.62194902094059967,-0.085031335590442722,-0.0071257128684862336,-0.16586609362234911,0.039374311789621308,-0.0095649337714072691,-0.20000000000000001
5.5875000000000004,0.62174821188298623,-0.075612869506633512,-0.0076361671326352458,-0.24253357636163669,0.039374311789621308,-0.0095649337714072691,-0.20000000000000001
5.5899999999999999,0.62157097463949196,-0.066172747532326284,-0.0083385959797471765,-0.31945934250042568,0.022426690416488537,-0.013423207895936302,-0.20000000000000001
5.5925000000000002,0.62141244780922456,-0.060643605958584361,-0.0091941994019719888,-0.36508428750957267,0.022426690416488537,-0.013423207895936302,-0.20000000000000001
5.5949999999999998,0.62126778384664927,-0.055081778145604894,-0.01016434201758646,-0.41109877886834056,-0.03499609732010215,-0.013351002174043863,-0.20000000000000001
5.5975000000000001,0.62112038659062985,-0.062830209900304967,-0.01111607052879645,-0.35035284352691937,-0.03499609732010215,-0.013351002174043863,-0.20000000000000001
5.6000000000000005,0.62095365958327631,-0.070546496317010071,-0.011916423026028248,-0.28998708538012874,-0.019323319195568255,-0.014131089377334122,-0.20000000000000001
5.6025,0.62077222944771704,-0.074593437921218336,-0.012602836235378457,-0.25919293594801673,-0.019323319195568255,-0.014131089377334122,-0.20000000000000001
5.6050000000000004,0.62058071209983034,-0.078616730085117936,-0.013212621150384535,-0.22867894517629889,-0.060653160303364054,-0.012960518173417705,-0.20000000000000001
5.6074999999999999,0.62036715693949451,-0.092224673866361767,-0.013650011373402045,-0.12126527098869047,-0.060653160303364054,-0.012960518173417705,-0.20000000000000001
5.6100000000000003,0.62011959817597295,-0.10582128286831478,-0.013819058559906583,-0.013984869890640933,-0.060891946306840382,-0.009821847188518756,-0.20000000000000001
5.6124999999999998,0.61983798224838693,-0.11947208058633128,-0.013719391432434747,0.093725876199289168,-0.060891946306840382,-0.009821847188518756,-0.20000000000000001
5.6150000000000002,0.61952223046932875,-0.13313164212393164,-0.013350343316062644,0.20153965413294231,-0.025989851806141231,-0.0072937438878103895,-0.20000000000000001
5.6174999999999997,0.61918244761244134,-0.13869804784991324,-0.012792939923620298,0.24442333798960317,-0.025989851806141231,-0.0072937438878103895,-0.20000000000000001
5.6200000000000001,0.6188287215773477,-0.14428683830651218,-0.012128005917545606,0.28757189092049878,-0.012064775358380431,-0.0079611944592691622,-0.20000000000000001
5.6225000000000005,0.6184650370174174,-0.14666529596355005,-0.011387311932907309,0.30503651520707659,-0.012064775358380431,-0.0079611944592691622,-0.20000000000000001
5.625,0.6180953720084662,-0.14907146282734055,-0.010602549434546148,0.32282985585368695,-0.014513053674831709,-0.0040051953077910821,-0.20000000000000001
5.6275000000000004,0.61771894396231219,-0.15207603548003992,-0.0097671599798044954,0.3455417443685998,-0.014513053674831709,-0.0040051953077910821,-0.20000000000000001
5.6299999999999999,0.61733496567105917,-0.15511200269589659,-0.0088745303820003639,0.36862606074221677,0.02703116852085884,-0.0062254979167195553,-0.20000000000000001
5.6325000000000003,0.61695542678149817,-0.14852420305989911,-0.008020644555520812,0.31454331900317167,0.02703116852085884,-0.0062254979167195553,-0.20000000000000001
5.6349999999999998,0.61659232118324825,-0.14196457221328782,-0.007301534086563935,0.26079624278985142,-0.0064817555284455665,-0.0040127608000530618,-0.20000000000000001
5.6375000000000002,0.61623584688929978,-0.1432188695107105,-0.0066382238214658836,0.26989953660803473,-0.0064817555284455665,-0.0040127608000530618,-0.20000000000000001
5.6399999999999997,0.61587620646065111,-0.14449761898618604,-0.0059517944975750591,0.27929314292074292,0.058695311529078212,-0.0068622260916178157,-0.20000000000000001
5.6425000000000001,0.61553227611637951,-0.13064997643836426,-0.0053936129177498231,0.16729172787185331,0.058695311529078212,-0.0068622260916178157,-0.20000000000000001
5.6450000000000005,0.61522294413066003,-0.11681727097563462,-0.005115187407861062,0.055468458398810691,0.030128211384301704,-0.0085529507389347295,-0.20000000000000001
5.6475,0.6149398848709664,-0.10963053052315136,-0.0050495530975412043,-0.0029563255894246299,0.030128211384301704,-0.0085529507389347295,-0.20000000000000001
5.6500000000000004,0.61467479169987316,-0.10244352409831542,-0.0051299716749778727,-0.061384273983381907,0.017541404626882889,-0.0075956750137332139,-0.20000000000000001
5.6524999999999999,0.61442401450694228,-0.098177044671022798,-0.0053271549302543863,-0.096376424691350923,0.017541404626882889,-0.0075956750137332139,-0.20000000000000001
5.6550000000000002,0.61418391371863457,-0.093901874189887574,-0.0056119398988132684,-0.13147190245846405,0.04302599161900518,-0.0083947228699310164,-0.20000000000000001
5.6574999999999998,0.61396191998089189,-0.083690536051510389,-0.0060441054426376602,-0.21429127348827573,0.04302599161900518,-0.0083947228699310164,-0.20000000000000001
5.6600000000000001,0.61376547701764728,-0.073460022878069728,-0.0066835867102144671,-0.29733918221883998,0.00048842227603732773,-0.012599229495278308,-0.20000000000000001
5.6625000000000005,0.61358228234562795,-0.073091205815781171,-0.0074317981380920906,-0.30128353171183231,0.00048842227603732773,-0.012599229495278308,-0.20000000000000001
5.665,0.61340004367978673,-0.072695156896800867,-0.0081902739765195021,-0.30555143905497351,-0.0038727820993966567,-0.011497320588383831,-0.20000000000000001
5.6675000000000004,0.6132175624318611,-0.073285259620866058,-0.0089496517066455263,-0.30200516216519779,-0.0038727820993966567,-0.011497320588383831,-0.20000000000000001
5.6699999999999999,0.61303364015705919,-0.073848029448101538,-0.0097005702840410688,-0.29878351041490853,-0.024324441908418856,-0.014879628578116706,-0.20000000000000001
5.6725000000000003,0.61284240289740666,-0.079137544975146995,-0.010396114654484328,-0.25770212707368517,-0.024324441908418856,-0.014879628578116706,-0.20000000000000001
5.6749999999999998,0.6126379720438756,-0.084403524567033095,-0.010989313175813165,-0.21689947554762037,0.0035654007062806132,-0.013973790077262639,-0.20000000000000001
5.6775000000000002,0.61242850444647123,-0.083167205492151147,-0.011545883203069811,-0.22839634369258882,0.0035654007062806132,-0.013973790077262639,-0.20000000000000001
5.6799999999999997,0.61222215318540818,-0.081910281879135391,-0.012131498999552466,-0.24013815911983252,-0.0027174292702874464,-0.014864646875549326,-0.20000000000000001
5.6825000000000001,0.61201714585592593,-0.082091959166667547,-0.01273212953438096,-0.24040929595135119,-0.0027174292702874464,-0.014864646875549326,-0.20000000000000001
5.6850000000000005,0.6118117115115328,-0.082251888168027754,-0.013333760728827538,-0.24093875524418837,-0.023054420353715903,-0.011182860955075282,-0.20000000000000001
5.6875,0.61159999675857857,-0.087116523388250766,-0.013889591711745565,-0.20376616288316907,-0.023054420353715903,-0.011182860955075282,-0.20000000000000001
5.6900000000000004,0.61137614443549371,-0.091962507925183734,-0.014352775458971229,-0.16681428930894598,-0.022122904502413457,-0.0072977107509706544,-0.20000000000000001
5.6924999999999999,0.61114046753891282,-0.096576731629223603,-0.014725986946290263,-0.13178185384699631,-0.022122904502413457,-0.0072977107509706544,-0.20000000000000001
5.6950000000000003,0.61089327083115241,-0.10117888966555952,-0.015011803692814889,-0.09689218949824116,-0.078084698400312222,-0.013464783572318626,-0.20000000000000001
5.6974999999999998,0.61061832481450373,-0.11877749268927359,-0.015079983149452914,0.042343578284127492,-0.078084698400312222,-0.013464783572318626,-0.20000000000000001
5.7000000000000002,0.61029938002348771,-0.13638010780981213,-0.014800046645558198,0.18162632463442277,-0.069333159828474211,-0.0081038768972154628,-0.20000000000000001
5.7024999999999997,0.60993895216523364,-0.15196599139607364,-0.014192100759960923,0.30477512669545131,-0.069333159828474211,-0.0081038768972154628,-0.20000000000000001
5.7050000000000001,0.60953952620690999,-0.16758050435739205,-0.013275890883051134,0.42826007527241461,-0.021467231812101695,-0.00099529072179191662,-0.20000000000000001
5.7075000000000005,0.60911492182131233,-0.17210977459904025,-0.012162087425899519,0.46286292624507813,-0.021467231812101695,-0.00099529072179191662,-0.20000000000000001
5.71,0.60867894218672436,-0.17668122459281538,-0.010961159645527095,0.49796574397457305,-0.0073554492357102257,-0.0023717927777182099,-0.20000000000000001
5.7125000000000004,0.60823557791014571,-0.17801777062379098,-0.0097047394305831008,0.50726042610236399,-0.0073554492357102257,-0.0023717927777182099,-0.20000000000000001
5.7149999999999999,0.6077888151181261,-0.17940017918547044,-0.0084244033964483971,0.51710009796346357,0.020173585813053185,0.0025135103600893299,-0.20000000000000001
5.7175000000000002,0.60734653680167805,-0.17442988885799568,-0.0071830179230769151,0.47609664270813568,0.020173585813053185,0.0025135103600893299,-0.20000000000000001
5.7199999999999998,0.60691663009801922,-0.16950229259760513,-0.0060434963640960829,0.43560181037060247,0.038813062009828127,-0.00077306626940195635,-0.20000000000000001
5.7225000000000001,0.60650440879397804,-0.16028069123148511,-0.0050481201301982841,0.36076998018886075,0.038813062009828127,-0.00077306626940195635,-0.20000000000000001
5.7250000000000005,0.60611519969706174,-0.1510914247963214,-0.0042393254575114449,0.28632337894349497,0.048355173715051769,-0.0046181921873173328,-0.20000000000000001
5.7275,0.60575170294662806,-0.13970957095863812,-0.0036385174020758301,0.19436587585668705,0.048355173715051769,-0.0046181921873173328,-0.20000000000000001
5.7300000000000004,0.60541663729250039,-0.12834517716817379,-0.003267322886108575,0.10261621373703717,0.0045568895015502299,-0.01345239832862502,-0.20000000000000001
5.7324999999999999,0.6050972425540242,-0.12717208691102608,-0.0030231278808370014,0.092757286985233306,0.0045568895015502299,-0.01345239832862502,-0.20000000000000001
5.7350000000000003,0.60478076986296703,-0.12600739140939515,-0.0028034533819022728,0.082998052692994206,0.041017760111851251,-0.0080745775754024543,-0.20000000000000001
5.7374999999999998,0.6044777941055286,-0.11637387743401975,-0.00269315649061754,0.005247342468929328,0.041017760111851251,-0.0080745775754024543,-0.20000000000000001
5.7400000000000002,0.60419890008191257,-0.10674083644586745,-0.0027772119861967388,-0.072497743726567809,0.051912545916811492,-0.012024955775219552,-0.20000000000000001
5.7424999999999997,0.60394726115736785,-0.094568480399357863,-0.0030811363858918666,-0.17066346299189372,0.051912545916811492,-0.012024955775219552,-0.20000000000000001
5.7450000000000001,0.60372607046656501,-0.082380781005160747,-0.0036306814649006065,-0.2690117778145914,0.055171726465068308,-0.014131070817116119,-0.20000000000000001
5.7475000000000005,0.60353632440421667,-0.069411271389283422,-0.0044340410452135062,-0.37373304993348366,0.055171726465068308,-0.014131070817116119,-0.20000000000000001
5.75,0.60337904196223724,-0.056408340127747279,-0.0054996787686808655,-0.47885278581013585,0.021291478574060368,-0.01331009248199906,-0.20000000000000001
5.7525000000000004,0.60324447388062608,-0.051238648887579785,-0.0067496635105067917,-0.52122406370576235,0.021291478574060368,-0.01331009248199906,-0.20000000000000001
5.7549999999999999,0.60312288764510513,-0.046022241950814897,-0.0081062629388810106,-0.56415200283302036,0.021012997204116986,-0.01419742857525378,-0.20000000000000001
5.7575000000000003,0.60301432380340658,-0.04082011131045158,-0.009570275038989778,-0.60716169808491205,0.021012997204116986,-0.01419742857525378,-0.20000000000000001
5.7599999999999998,0.60291883223640086,-0.035563799948255384,-0.011142610213084603,-0.65081797874815417,-0.042196425713619444,-0.017052329631703191,-0.20000000000000001
5.7625000000000002,0.60281818987665148,-0.044940690887712534,-0.012677459607380112,-0.57717267830639962,-0.042196425713619444,-0.017052329631703191,-0.20000000000000001
5.7649999999999997,0.60269417302369377,-0.054264489538263669,-0.014028996562705173,-0.50415496545578853,-0.063218062606956546,-0.011696529881629367,-0.20000000000000001
5.7675000000000001,0.60254079978787012,-0.06842710801054204,-0.01514965018254133,-0.39245012276819652,-0.063218062606956546,-0.011696529881629367,-0.20000000000000001
5.7700000000000005,0.60235206813884257,-0.08255294086542167,-0.015991607358300741,-0.28117750865737245,-0.085285477140245314,-0.01233975721012423,-0.20000000000000001
5.7725,0.60212164741237895,-0.10178037669083009,-0.01650431924078688,-0.12903012586315449,-0.085285477140245314,-0.01233975721012423,-0.20000000000000001
5.7750000000000004,0.60184317652984798,-0.12099548411459622,-0.016636877983872374,0.02297326170897851,-0.023555909936626006,-0.0068698562100391021,-0.20000000000000001
5.7774999999999999,0.60153459798017617,-0.12586798844732011,-0.016533427320754614,0.059794751486369396,-0.023555909936626006,-0.0068698562100391021,-0.20000000000000001
5.7800000000000002,0.60121383201565259,-0.13074597941162616,-0.01633785016502971,0.096681118537647825,-0.037760504550895801,-0.0053614911170499664,-0.20000000000000001
5.7824999999999998,0.60087673477821002,-0.13893379219989332,-0.016016798707592008,0.16018341500893829,-0.037760504550895801,-0.0053614911170499664,-0.20000000000000001
5.7850000000000001,0.60051915070029216,-0.1471364307460645,-0.01553678739088449,0.22386055884389433,-0.028574770094226782,-0.0015494786925110415,-0.20000000000000001
5.7875000000000005,0.60014370362832636,-0.15322501343205247,-0.014918721567471824,0.27063685708702068,-0.028574770094226782,-0.0015494786925110415,-0.20000000000000001
5.79,0.59975300491781813,-0.15933845603885599,-0.014183358215531496,0.31770704357499324,-0.057823578417366191,-0.0042091623201798737,-0.20000000000000001
5.7925000000000004,0.59933849033275188,-0.1722789385983117,-0.01326165989006013,0.41971901972289466,-0.057823578417366191,-0.0042091623201798737,-0.20000000000000001
5.7949999999999999,0.59889157768098211,-0.18525847287245439,-0.01208437986533264,0.52219090332612428,-0.022495936360608017,-0.0030772143267228606,-0.20000000000000001
5.7975000000000003,0.59842242121874956,-0.19007489994828997,-0.010732660187501707,0.55928211424442498,-0.022495936360608017,-0.0030772143267228606,-0.20000000000000001
5.7999999999999998,0.59794116079135851,-0.19494219852287073,-0.0092874664822400182,0.59697674577718807,-0.016173361534965364,0.00069670438821309028,-0.20000000000000001
5.8025000000000002,0.597449502086008,-0.19839397303657341,-0.0077619944048289971,0.62351029738217068,-0.016173361534965364,0.00069670438821309028,-0.20000000000000001
5.8049999999999997,0.59694914391761111,-0.20190216223084537,-0.0061693564200110745,0.6507141938977471,0.02487104539588356,0.00032769806981998721,-0.20000000000000001
5.8075000000000001,0.5964518685771778,-0.19592745513560872,-0.0046036278487961721,0.60198007487974792,0.02487104539588356,0.00032769806981998721,-0.20000000000000001
5.8100000000000005,0.59596946167540732,-0.19000671132801331,-0.0031589201974028848,0.55388902119640204,0.067364199887164578,0.0012785870791389904,-0.20000000000000001
5.8125,0.59551414120433188,-0.17425698946946078,-0.0019328606500271372,0.4270458930247244,0.067364199887164578,0.0012785870791389904,-0.20000000000000001
5.8150000000000004,0.59509814476487843,-0.15854562070400466,-0.0010233101690559866,0.30065943556667385,0.079698517698165827,-0.00099148583522801485,-0.20000000000000001
5.8174999999999999,0.59472497464254526,-0.13999387919965048,-0.00045808131828948282,0.15156408013675193,0.079698517698165827,-0.00099148583522801485,-0.20000000000000001
5.8200000000000003,0.59439816395437173,-0.12145583370104548,-0.00026535415642812716,0.0026314555497249925,0.079761470263897696,-0.0039258202726617621,-0.20000000000000001
5.8224999999999998,0.59411771356907039,-0.10290339101408988,-0.00044506861247794354,-0.14641589005821262,0.079761470263897696,-0.0039258202726617621,-0.20000000000000001
5.8250000000000002,0.5938836580277902,-0.084337716689710462,-0.00099756462959216252,-0.29562044560579365,0.048117682832909951,-0.01399212130778469,-0.20000000000000001
5.8274999999999997,0.59368685209859162,-0.07310190558718907,-0.0018495832359408564,-0.3860553361514818,0.048117682832909951,-0.01399212130778469,-0.20000000000000001
5.8300000000000001,0.59351817746232238,-0.061831339891097278,-0.0029281858809889461,-0.47690371980242097,0.036489920304553364,-0.01469826283015672,-0.20000000000000001
5.8325000000000005,0.59337435231113134,-0.053221129222304764,-0.0042073897405517559,-0.54655051371329388,0.036489920304553364,-0.01469826283015672,-0.20000000000000001
5.835,0.59325211261380317,-0.044561960098056783,-0.0056614246857244806,-0.61678081826850217,0.0082687688927878047,-0.014942724860551222,-0.20000000000000001
5.8375000000000004,0.59314338840832015,-0.042408035723775467,-0.0072259825359692375,-0.63497703925893434,0.0082687688927878047,-0.014942724860551222,-0.20000000000000001
5.8399999999999999,0.59304011993225014,-0.040197110271981272,-0.0088368756694736893,-0.65385226160102328,0.0014477645415789998,-0.013847132619004702,-0.20000000000000001
5.8425000000000002,0.59294046995427552,-0.039513028904400893,-0.010479909582475974,-0.66069208728819051,0.0014477645415789998,-0.013847132619004702,-0.20000000000000001
5.8449999999999998,0.59284260424472113,-0.038769594119827805,-0.012140925127890454,-0.66823880013140757,-0.075875128868194058,-0.018353779446665698,-0.20000000000000001
5.8475000000000001,0.59272420951019666,-0.055936828580508739,-0.013641295495455679,-0.53216759961225957,-0.075875128868194058,-0.018353779446665698,-0.20000000000000001
5.8500000000000005,0.59256296174311351,-0.073054097461561066,-0.014802252212488284,-0.39668329252797196,-0.071013879612240233,-0.013638241400477674,-0.20000000000000001
5.8525,0.59236038228302079,-0.089004228040613406,-0.015636418299598567,-0.27071106678158813,-0.071013879612240233,-0.013638241400477674,-0.20000000000000001
5.8550000000000004,0.59211796189817578,-0.1049288053368827,-0.01615605719255829,-0.1450384198409316,-0.08904141822782613,-0.0073416579878024281,-0.20000000000000001
5.8574999999999999,0.59183051339055304,-0.12502895600121966,-0.016319691054042022,0.014119135938108818,-0.08904141822782613,-0.0073416579878024281,-0.20000000000000001
5.8600000000000003,0.59149281599094139,-0.14513045846530315,-0.016085448356186326,0.17329247067754439,-0.079286824876176443,-0.0039962266688102792,-0.20000000000000001
5.8624999999999998,0.59110768070369701,-0.16298163049574338,-0.015475822932718087,0.31445302874277814,-0.079286824876176443,-0.0039962266688102792,-0.20000000000000001
5.8650000000000002,0.59067788299423485,-0.18086261198487158,-0.014512892331937149,0.45596262376114405,-0.021877855406213169,0.0001319032601926895,-0.20000000000000001
5.8674999999999997,0.59022000890561321,-0.18544385640004982,-0.013329526906967421,0.49081499982385712,-0.021877855406213169,0.0001319032601926895,-0.20000000000000001
5.8700000000000001,0.58975062642211074,-0.19006985227809325,-0.012058375386384311,0.52619775322939855,-0.0047080023092169986,-0.0036691240162301411,-0.20000000000000001
5.8725000000000005,0.58927460799896125,-0.19075283242633256,-0.010738127367195569,0.53009513307482026,-0.0047080023092169986,-0.0036691240162301411,-0.20000000000000001
5.875,0.58879682238220055,-0.19148367007576961,-0.0094074256194427979,0.53456148472306841,0.013794024680500132,-0.0039789635040579918,-0.20000000000000001
5.8775000000000004,0.58832252518626071,-0.18796185606404461,-0.008108017002873549,0.5050579680815116,0.013794024680500132,-0.0039789635040579918,-0.20000000000000001
5.8799999999999999,0.58785697533069481,-0.18448537109021657,-0.0068816859069280485,0.47609434320986743,0.020490789579273635,-0.0036654656469053779,-0.20000000000000001
5.8825000000000003,0.5874020085261239,-0.17949488908931691,-0.0057427490109399678,0.43513634999867129,0.020490789579273635,-0.0036654656469053779,-0.20000000000000001
5.8849999999999998,0.58695946830824253,-0.17454350236234067,-0.0047056163140237793,0.39464380559369372,0.072367559349776817,-0.0020734066592200148,-0.20000000000000001
5.8875000000000002,0.58654433550105645,-0.15756759423874428,-0.0038902467999157491,0.25770967544409884,0.072367559349776817,-0.0020734066592200148,-0.20000000000000001
5.8899999999999997,0.58617161114184113,-0.14061471827367875,-0.0034168390789044438,0.12105016912299985,0.078726333142001212,-0.0035045045891583279,-0.20000000000000001
5.8925000000000001,0.58584310058924238,-0.12219442318781976,-0.0032997284479239887,-0.0273533313443651,0.078726333142001212,-0.0035045045891583279,-0.20000000000000001
5.8950000000000005,0.58556064106768446,-0.10377167892575898,-0.00355363006250969,-0.17578601502308044,0.033159735037773301,-0.011699608174444041,-0.20000000000000001
5.8975,0.5853110147676418,-0.095926247283387903,-0.0040724718674425963,-0.23932447031680437,0.033159735037773301,-0.011699608174444041,-0.20000000000000001
5.9000000000000004,0.58508102777303883,-0.088059284814179573,-0.0047504658910315183,-0.30311911022134985,0.034768707005656242,-0.01039669542875379,-0.20000000000000001
5.9024999999999999,0.58487120855149499,-0.079791058530038719,-0.0055920924458897122,-0.3702420853284758,0.034768707005656242,-0.01039669542875379,-0.20000000000000001
5.9050000000000002,0.58468210013055499,-0.071489651058725096,-0.0066020057390468873,-0.43776038480447688,0.02239805808098359,-0.0146654781175437,-0.20000000000000001
5.9074999999999998,0.58451019852749697,-0.066024756774571119,-0.0077524147860938211,-0.48264876056399092,0.02239805808098359,-0.0146654781175437,-0.20000000000000001
5.9100000000000001,0.58435201236175915,-0.060516641813978173,-0.0090156787866874869,-0.52805226531859017,-0.044636917286099968,-0.015097466279299698,-0.20000000000000001
5.9125000000000005,0.58418817847200633,-0.070542997857797773,-0.010236722793006421,-0.44887131310121231,-0.044636917286099968,-0.015097466279299698,-0.20000000000000001
5.915,0.58399933175475549,-0.080528093704001255,-0.011260441788818963,-0.37017811258304234,-0.015920858227319916,-0.0097724523827937976,-0.20000000000000001
5.9175000000000004,0.58379390896447336,-0.083804713510485088,-0.012154951161057054,-0.34549371629770814,-0.015920858227319916,-0.0097724523827937976,-0.20000000000000001
5.9199999999999999,0.58358033438417878,-0.087049894206395931,-0.012988220988075998,-0.32118209459277802,-0.05243559468693524,-0.014001271147216617,-0.20000000000000001
5.9225000000000003,0.58334807636277153,-0.098752261941999098,-0.013675958560356447,-0.22905815582328118,-0.05243559468693524,-0.014001271147216617,-0.20000000000000001
5.9249999999999998,0.58308659082753966,-0.1104333254248594,-0.014133720826943474,-0.13718510251725907,-0.060457668918281138,-0.0094828622094627352,-0.20000000000000001
5.9275000000000002,0.58279359005737275,-0.12396598274790559,-0.014343294008427026,-0.030488814572808012,-0.060457668918281138,-0.0094828622094627352,-0.20000000000000001
5.9299999999999997,0.58246676329204194,-0.13749578579117219,-0.01428619284794861,0.076173929715779326,-0.064185810380803301,-0.0066429715497834168,-0.20000000000000001
5.9325000000000001,0.58210502219139815,-0.15189917327973854,-0.013953656749084676,0.18987936527300048,-0.064185810380803301,-0.0066429715497834168,-0.20000000000000001
5.9350000000000005,0.58170725260029299,-0.16632035009988783,-0.01333662183231047,0.3037938240464671,-0.064013472415691705,-0.0029241279483520708,-0.20000000000000001
5.9375,0.5812734468392281,-0.18072987067353072,-0.012434811436312664,0.41772051357244755,-0.064013472415691705,-0.0029241279483520708,-0.20000000000000001
5.9400000000000004,0.58080357081206235,-0.19517831112274264,-0.011247637462096701,0.5321053629479402,0.0035311163426710169,-0.0020567037954183492,-0.20000000000000001
5.9424999999999999,0.58031713813515273,-0.19397572402821783,-0.0099314075404469317,0.52097252596789079,0.0035311163426710169,-0.0020567037954183492,-0.20000000000000001
5.9450000000000003,0.57983365312812019,-0.19282001755183512,-0.0086423099384543532,0.51039761050387722,0.047558743059900002,-0.0030051628476163664,-0.20000000000000001
5.9474999999999998,0.57936579217496309,-0.18147561396357906,-0.0074817060842233326,0.41816756412540013,0.047558743059900002,-0.0030051628476163664,-0.20000000000000001
5.9500000000000002,0.57892624406946436,-0.17016839709506151,-0.0065511020024655968,0.32638167216095754,0.07348641910116932,-0.0057726003312094046,-0.20000000000000001
5.9524999999999997,0.57852245961593918,-0.15286295740355699,-0.0059100154938289294,0.18653285036248757,0.07348641910116932,-0.0057726003312094046,-0.20000000000000001
5.9550000000000001,0.57816191547553752,-0.13557408447334993,-0.0056182728173897216,0.046881944882191662,-0.0023984533359344942,-0.0080521032423871829,-0.20000000000000001
5.9575000000000005,0.57782253599426103,-0.13593022407974134,-0.0054984702254443508,0.048968718321832291,-0.0023984533359344942,-0.0080521032423871829,-0.20000000000000001
5.96,0.57748226065869745,-0.13629079980481718,-0.0053733853422486691,0.051108156618259154,0.026643240935817443,-0.0073523756911653085,-0.20000000000000001
5.9625000000000004,0.57714951676979054,-0.12990468777345054,-0.0053106592136720311,-0.00092277552425355097,0.026643240935817443,-0.0073523756911653085,-0.20000000000000001
5.9649999999999999,0.57683273728921414,-0.1235184926866761,-0.0053780000452405829,-0.052954695684169328,-0.0063268093250980709,-0.0072201492652472837,-0.20000000000000001
5.9675000000000002,0.57652234821390402,-0.12479203892901755,-0.0054985368692701602,-0.04348341133182905,-0.0063268093250980709,-0.0072201492652472837,-0.20000000000000001
5.9699999999999998,0.57620878037988932,-0.12606164239801748,-0.0055954560936085137,-0.034058921660316634,0.010886400060545936,-0.0049472210482497756,-0.20000000000000001
5.9725000000000001,0.57589704417951404,-0.12332663414874881,-0.0057090327891534667,-0.056810560141571785,0.010886400060545936,-0.0049472210482497756,-0.20000000000000001
5.9750000000000005,0.57559215148393084,-0.1205864958217671,-0.0058795596945460391,-0.079623163011707049,0.0086598772632268568,-0.0086096095037515429,-0.20000000000000001
5.9775,0.57529347073950865,-0.1183567600363413,-0.0061020237612047327,-0.098364009111787179,0.0086598772632268568,-0.0086096095037515429,-0.20000000000000001
5.9800000000000004,0.57500037508702428,-0.11611813964021379,-0.0063714677123223431,-0.1172104301140713,-0.0058315680798901245,-0.011513786268201286,-0.20000000000000001
5.9824999999999999,0.57470867818863791,-0.117237669271717,-0.0066543624648170282,-0.10912566585395198,-0.0058315680798901245,-0.011513786268201286,-0.20000000000000001
5.9850000000000003,0.57441419498441271,-0.11834730549227697,-0.006917193887592289,-0.10115832767130314,-0.012007020086139549,-0.0089387070822907391,-0.20000000000000001
5.9874999999999998,0.57411515496711296,-0.12088332379499267,-0.0071458335188934862,-0.081769801022637936,-0.012007020086139549,-0.0089387070822907391,-0.20000000000000001
5.9900000000000002,0.57380978455465004,-0.12341191432262384,-0.0073261163079916137,-0.062469381367028148,-0.00027130206935236853,-0.006979846672998502,-0.20000000000000001
5.9924999999999997,0.57350151002171978,-0.1232067494429963,-0.007485623213975807,-0.065147573752240007,-0.00027130206935236853,-0.006979846672998502,-0.20000000000000001
5.9950000000000001,0.57319375572128473,-0.12299568742759966,-0.0076519125275286695,-0.067895793202522509,0.026417435742329826,-0.007965438445932475,-0.20000000000000001
5.9975000000000005,0.57289429124246205,-0.1165744868350935,-0.0078874437189378546,-0.12054593540605135,0.026417435742329826,-0.007965438445932475,-0.20000000000000001
6,0.57261089229748063,-0.11014247338775505,-0.008254749506539847,-0.17332484626103004,0.026417435742329826,-0.007965438445932475,-0.20000000000000001
